wellness_id,athlete_id,log_date,sleep_hours,sleep_quality_1_5,soreness_overall_1_10,knee_pain_0_10,ankle_pain_0_10,energy_1_5,stress_1_5,motivation_1_5,bodyweight_lb,resting_hr,notes
1,1,2026-01-01,8.2,5,2,1,1,5,3,5,189.6,52,
2,1,2026-01-02,7.5,2,2,0,0,5,3,5,188.9,57,
3,1,2026-01-03,6.6,2,1,0,0,5,4,5,190.1,52,
4,1,2026-01-04,6.6,2,1,2,4,5,2,5,190.5,52,
5,1,2026-01-05,6.9,1,1,2,4,4,5,4,189.1,51,
6,1,2026-01-06,6.9,3,1,0,0,5,2,5,185.3,54,
7,1,2026-01-07,5.6,1,2,2,2,5,4,5,187.9,55,
8,1,2026-01-08,7.0,4,3,0,1,5,2,4,187.1,52,
9,1,2026-01-09,6.5,2,2,1,1,5,5,5,188.3,50,
10,1,2026-01-10,8.1,3,2,0,0,5,3,5,191.5,53,
11,1,2026-01-11,7.3,3,1,2,1,5,4,5,187.3,49,
12,1,2026-01-12,7.8,3,1,2,2,5,3,5,185.1,51,
13,1,2026-01-13,7.3,3,1,0,0,5,4,5,188.8,52,
14,1,2026-01-14,5.4,1,1,2,1,5,3,5,187.2,52,
15,1,2026-01-15,5.6,2,1,0,0,5,3,5,188.5,57,
16,1,2026-01-16,6.7,2,1,1,0,5,3,5,185.7,53,
17,1,2026-01-17,6.3,1,1,2,2,5,2,4,189.7,51,
18,1,2026-01-18,6.3,3,1,2,0,5,3,4,189.6,54,
19,1,2026-01-19,6.1,1,2,0,0,5,2,5,190.2,53,
20,1,2026-01-20,7.9,3,2,2,0,5,4,5,186.7,54,
21,1,2026-01-21,5.4,1,1,0,0,5,2,5,188.2,51,
22,1,2026-01-22,6.5,1,2,4,2,5,4,5,186.2,58,
23,1,2026-01-23,6.6,2,2,1,1,5,2,5,186.3,53,
24,1,2026-01-24,6.3,1,2,1,1,5,2,5,188.6,51,
25,1,2026-01-25,8.1,4,2,3,2,5,3,5,189.1,53,
26,1,2026-01-26,6.6,2,1,0,0,5,4,5,189.9,49,
27,1,2026-01-27,6.5,3,2,1,0,5,5,5,188.4,55,
28,1,2026-01-28,5.3,1,2,1,2,5,3,5,189.4,57,
29,1,2026-01-29,7.6,3,1,0,1,5,4,5,188.0,51,
30,1,2026-01-30,6.5,2,1,2,3,5,3,4,189.8,49,
31,1,2026-01-31,7.0,2,2,4,1,5,4,5,187.8,51,
32,1,2026-02-01,7.1,2,3,1,1,5,3,5,188.3,52,
33,1,2026-02-02,5.8,1,3,1,1,5,2,5,188.3,56,
34,1,2026-02-03,5.6,1,4,1,2,5,2,4,186.5,51,
35,1,2026-02-04,6.5,3,4,0,0,5,2,5,184.5,51,
36,1,2026-02-05,6.0,1,3,1,1,5,3,5,190.3,50,
37,1,2026-02-06,6.3,1,3,0,0,5,3,4,189.5,54,
38,1,2026-02-07,6.9,3,3,2,0,5,2,5,190.5,55,
39,1,2026-02-08,7.4,3,3,2,0,5,1,5,186.3,56,
40,1,2026-02-09,5.4,1,4,2,2,5,3,4,191.0,55,
41,1,2026-02-10,6.3,3,3,0,2,5,2,5,186.9,55,
42,1,2026-02-11,5.7,2,3,0,0,5,2,4,187.0,56,
43,1,2026-02-12,6.8,4,3,2,1,5,2,5,187.2,53,
44,1,2026-02-13,5.9,1,2,3,1,5,1,5,186.5,54,
45,1,2026-02-14,7.4,3,2,1,1,5,3,5,188.2,50,
46,1,2026-02-15,6.9,3,3,1,0,5,4,5,188.6,58,
47,1,2026-02-16,7.4,4,2,3,1,5,3,5,188.0,55,
48,1,2026-02-17,6.8,2,2,2,1,5,3,5,185.1,50,
49,1,2026-02-18,7.8,3,3,1,2,5,4,5,190.4,58,
50,1,2026-02-19,6.6,2,3,2,1,5,3,5,185.8,55,
51,1,2026-02-20,6.7,1,4,0,2,5,3,5,189.2,52,
52,1,2026-02-21,7.5,3,3,1,0,5,3,5,189.0,56,
53,1,2026-02-22,7.3,1,4,1,0,5,4,5,187.6,53,
54,1,2026-02-23,6.4,3,4,2,0,5,2,5,188.9,54,
55,1,2026-02-24,6.3,2,5,1,1,5,3,5,189.9,61,
56,1,2026-02-25,6.5,1,5,3,1,5,3,5,186.3,54,
57,1,2026-02-26,6.2,2,4,2,1,5,2,5,187.5,55,
58,1,2026-02-27,7.8,3,3,0,0,5,3,4,188.0,53,
59,1,2026-02-28,6.9,3,3,1,2,5,2,5,187.0,56,
60,1,2026-03-01,6.1,1,2,1,1,5,2,5,189.0,53,
61,1,2026-03-02,7.8,3,2,0,0,5,4,5,186.3,52,
62,1,2026-03-03,7.3,2,1,1,0,5,4,5,188.5,51,
63,1,2026-03-04,7.2,4,2,2,3,5,4,5,189.0,53,
64,1,2026-03-05,7.9,3,2,0,0,5,2,5,185.8,57,
65,1,2026-03-06,8.3,3,2,1,0,5,3,4,187.8,52,
66,1,2026-03-07,6.4,3,2,2,2,5,3,5,188.8,51,
67,1,2026-03-08,7.4,3,1,1,1,5,3,5,188.9,51,
68,1,2026-03-09,7.6,3,1,2,0,5,5,5,190.5,54,
69,1,2026-03-10,8.5,3,1,2,2,5,3,5,188.0,53,
70,1,2026-03-11,6.2,1,1,3,2,5,4,5,187.2,53,
71,1,2026-03-12,8.0,2,1,2,2,5,4,4,188.4,53,
72,1,2026-03-13,7.1,2,1,1,0,5,2,5,190.2,49,
73,1,2026-03-14,8.5,4,1,0,0,5,4,5,188.3,51,
74,1,2026-03-15,7.5,3,1,1,1,5,2,4,185.3,54,
75,1,2026-03-16,7.9,3,2,3,0,5,3,5,187.8,54,
76,1,2026-03-17,6.8,2,2,1,1,5,3,5,187.9,50,
77,1,2026-03-18,7.2,1,2,0,0,5,4,5,186.7,55,
78,1,2026-03-19,6.8,2,2,2,0,5,3,5,187.1,54,
79,1,2026-03-20,7.3,3,2,1,0,5,3,5,189.8,54,
80,1,2026-03-21,7.4,1,2,3,1,5,4,4,189.3,50,
81,1,2026-03-22,8.0,5,2,1,0,5,2,5,186.5,55,
82,1,2026-03-23,8.0,2,2,4,0,5,1,5,184.0,51,
83,1,2026-03-24,8.0,3,3,1,0,5,3,5,188.4,53,
84,1,2026-03-25,6.2,1,3,2,0,5,2,5,186.0,54,
85,1,2026-03-26,7.1,3,3,1,1,5,4,5,189.6,54,
86,1,2026-03-27,6.6,2,3,2,1,5,4,5,188.0,57,
87,1,2026-03-28,6.6,1,4,2,0,5,5,4,187.9,56,
88,1,2026-03-29,7.5,3,5,1,0,5,2,5,186.6,55,
89,1,2026-03-30,6.6,1,5,1,0,5,4,5,186.6,52,
90,1,2026-03-31,7.3,2,4,1,2,5,2,5,190.0,56,
91,1,2026-04-01,6.7,1,4,3,1,5,2,4,188.3,53,
92,1,2026-04-02,6.9,3,3,0,2,5,2,5,186.4,54,
93,1,2026-04-03,7.5,2,4,0,3,5,2,4,187.0,55,
94,1,2026-04-04,7.7,2,4,2,2,4,3,2,188.7,50,
95,1,2026-04-05,8.2,4,4,3,0,5,3,4,189.3,54,
96,1,2026-04-06,7.0,2,4,1,0,5,3,5,188.1,57,
97,1,2026-04-07,6.8,1,5,0,3,5,1,4,187.1,53,
98,1,2026-04-08,7.3,4,5,1,0,5,3,4,188.2,58,
99,1,2026-04-09,6.5,1,4,0,0,5,3,5,187.5,55,
100,1,2026-04-10,6.9,2,5,0,2,5,3,5,185.3,58,
101,2,2026-01-01,6.9,3,4,0,0,5,3,5,171.0,75,
102,2,2026-01-02,5.5,2,3,4,1,5,2,5,171.5,72,
103,2,2026-01-03,5.0,1,4,3,0,5,3,5,169.5,77,
104,2,2026-01-04,6.1,1,5,3,1,5,3,5,169.4,75,
105,2,2026-01-05,6.5,1,4,1,0,3,3,3,169.7,73,
106,2,2026-01-06,7.2,3,4,1,0,4,4,3,167.6,77,
107,2,2026-01-07,6.1,1,4,0,0,5,4,5,170.7,74,
108,2,2026-01-08,5.6,1,5,3,0,4,2,2,172.7,73,
109,2,2026-01-09,6.2,1,5,0,2,5,4,5,170.7,76,
110,2,2026-01-10,7.7,4,4,1,0,5,3,4,168.8,75,
111,2,2026-01-11,7.5,3,3,2,1,5,3,4,169.3,76,
112,2,2026-01-12,6.5,2,4,0,0,5,2,5,172.1,75,
113,2,2026-01-13,5.5,1,3,1,1,5,3,5,171.2,75,
114,2,2026-01-14,6.7,2,3,1,2,3,2,2,167.3,76,
115,2,2026-01-15,5.9,3,3,1,0,5,3,5,169.0,73,
116,2,2026-01-16,6.4,2,3,0,0,5,4,5,169.6,77,
117,2,2026-01-17,5.8,1,3,1,0,5,4,4,168.7,74,
118,2,2026-01-18,8.2,4,3,2,1,5,2,4,168.7,74,
119,2,2026-01-19,5.0,1,2,0,1,5,1,3,168.2,74,
120,2,2026-01-20,6.6,2,2,1,2,5,2,5,170.6,75,
121,2,2026-01-21,6.3,1,3,0,0,5,1,5,170.5,74,
122,2,2026-01-22,6.2,2,3,0,1,5,4,5,169.5,75,
123,2,2026-01-23,5.2,1,2,2,1,5,2,5,171.8,74,
124,2,2026-01-24,6.2,2,1,2,1,5,3,4,167.4,72,
125,2,2026-01-25,6.3,3,2,2,1,5,3,5,171.5,74,
126,2,2026-01-26,6.1,3,3,1,3,5,3,5,169.2,72,
127,2,2026-01-27,6.4,2,4,1,1,5,2,5,168.5,74,
128,2,2026-01-28,5.8,1,5,2,1,5,4,5,170.5,75,
129,2,2026-01-29,6.1,2,6,2,0,5,4,5,168.3,77,
130,2,2026-01-30,5.9,1,6,1,1,5,4,5,170.1,77,
131,2,2026-01-31,6.8,2,5,1,1,5,4,4,167.9,75,
132,2,2026-02-01,6.7,1,6,1,0,5,3,4,171.6,75,
133,2,2026-02-02,7.2,4,6,3,0,5,3,4,169.9,77,
134,2,2026-02-03,6.1,1,5,0,0,4,4,4,169.7,76,
135,2,2026-02-04,6.8,3,5,2,0,5,2,5,167.1,75,
136,2,2026-02-05,5.6,1,4,0,2,5,3,5,169.4,75,
137,2,2026-02-06,7.0,2,5,1,0,4,4,5,167.8,74,
138,2,2026-02-07,6.7,1,6,0,0,4,4,3,169.2,75,
139,2,2026-02-08,6.1,1,7,1,1,4,3,4,169.4,77,
140,2,2026-02-09,6.9,2,8,2,2,4,2,5,167.6,77,
141,2,2026-02-10,6.1,1,8,1,1,5,3,5,166.7,78,
142,2,2026-02-11,6.0,1,8,3,1,5,1,5,169.1,75,
143,2,2026-02-12,6.1,1,7,2,0,4,4,4,171.0,77,
144,2,2026-02-13,7.0,2,7,1,0,4,1,3,169.3,78,
145,2,2026-02-14,5.5,2,6,4,2,5,4,5,169.8,75,
146,2,2026-02-15,6.8,3,5,0,0,5,4,5,170.7,77,
147,2,2026-02-16,7.2,1,5,1,0,5,3,5,170.0,77,
148,2,2026-02-17,6.4,2,5,1,0,5,3,4,170.8,73,
149,2,2026-02-18,7.0,3,5,2,2,5,2,5,166.8,74,
150,2,2026-02-19,6.5,2,6,1,0,5,2,5,168.4,77,
151,2,2026-02-20,7.2,3,6,2,0,5,4,5,170.5,74,
152,2,2026-02-21,6.7,1,6,0,0,5,2,5,166.1,75,
153,2,2026-02-22,6.6,2,6,2,0,4,3,5,166.1,75,
154,2,2026-02-23,5.9,1,6,0,0,5,3,5,165.8,78,
155,2,2026-02-24,5.6,1,6,0,1,5,4,4,166.9,76,
156,2,2026-02-25,7.3,2,5,1,0,5,3,5,168.2,75,
157,2,2026-02-26,5.9,2,5,0,3,5,5,5,165.8,81,
158,2,2026-02-27,7.0,4,6,1,2,5,4,5,169.5,76,
159,2,2026-02-28,6.5,2,7,1,1,4,2,5,169.8,77,
160,2,2026-03-01,7.4,4,8,2,1,5,2,5,169.4,79,
161,2,2026-03-02,6.6,2,7,5,0,4,4,4,165.8,79,
162,2,2026-03-03,7.6,2,7,3,0,5,1,4,167.4,74,
163,2,2026-03-04,6.9,2,6,2,0,5,3,5,167.3,75,
164,2,2026-03-05,7.1,3,7,2,3,5,2,5,167.4,78,
165,2,2026-03-06,5.0,1,7,3,0,5,4,5,168.8,75,
166,2,2026-03-07,8.3,4,8,2,1,5,4,5,170.0,75,
167,2,2026-03-08,6.5,2,7,3,0,5,2,4,169.1,78,
168,2,2026-03-09,6.1,1,7,3,0,4,4,5,168.3,76,
169,2,2026-03-10,6.3,2,6,1,2,5,3,3,170.4,74,
170,2,2026-03-11,7.3,3,6,0,1,5,2,5,170.3,77,
171,2,2026-03-12,7.1,1,5,2,0,5,3,5,169.3,73,
172,2,2026-03-13,6.4,1,5,1,0,5,3,3,169.5,70,
173,2,2026-03-14,6.6,2,5,1,0,5,5,4,167.3,74,
174,2,2026-03-15,6.7,1,4,0,0,4,4,3,165.1,75,
175,2,2026-03-16,7.0,1,4,3,1,5,3,5,169.2,74,
176,2,2026-03-17,6.8,2,5,0,4,5,2,5,167.7,74,
177,2,2026-03-18,7.2,3,4,0,3,5,4,5,168.9,75,
178,2,2026-03-19,7.5,3,4,0,0,5,2,5,165.8,74,
179,2,2026-03-20,7.7,3,3,3,0,5,1,5,169.9,74,
180,2,2026-03-21,7.1,1,4,1,4,5,3,4,167.1,74,
181,2,2026-03-22,6.7,2,5,2,1,5,3,4,169.8,75,
182,2,2026-03-23,5.2,1,6,0,0,5,4,5,169.1,74,
183,2,2026-03-24,5.8,1,6,2,0,5,3,5,169.1,70,
184,2,2026-03-25,7.7,2,6,3,1,5,1,5,166.3,77,
185,2,2026-03-26,6.3,1,6,1,1,4,4,5,167.3,72,
186,2,2026-03-27,7.5,3,5,2,1,5,3,5,165.9,75,
187,2,2026-03-28,5.8,1,5,1,1,5,3,4,167.9,77,
188,2,2026-03-29,7.1,3,5,2,0,5,4,3,167.0,73,
189,2,2026-03-30,5.6,1,5,0,0,5,2,4,170.8,77,
190,2,2026-03-31,7.3,2,4,2,2,5,5,5,168.1,72,
191,2,2026-04-01,5.7,1,4,1,1,5,3,4,168.5,78,
192,2,2026-04-02,6.5,1,3,4,3,5,4,5,167.1,71,
193,2,2026-04-03,6.6,2,4,1,1,5,1,5,167.6,75,
194,2,2026-04-04,6.4,2,4,0,2,5,5,5,167.6,75,
195,2,2026-04-05,6.8,3,5,0,3,5,2,4,167.9,76,
196,2,2026-04-06,6.2,1,6,0,1,5,2,4,165.6,78,
197,2,2026-04-07,5.9,2,6,0,0,5,2,5,168.2,75,
198,2,2026-04-08,5.5,1,6,2,0,5,2,4,165.9,76,
199,2,2026-04-09,7.4,2,6,1,1,5,5,5,169.9,79,
200,2,2026-04-10,6.7,2,6,0,1,4,3,3,170.1,78,
201,3,2026-01-01,7.1,2,4,0,0,5,2,4,165.5,65,
202,3,2026-01-02,8.8,4,3,0,1,5,4,5,166.4,62,
203,3,2026-01-03,8.6,3,4,2,0,5,3,5,166.7,64,
204,3,2026-01-04,7.1,3,3,0,0,5,3,5,163.6,61,
205,3,2026-01-05,9.1,4,3,2,0,5,4,4,164.5,61,
206,3,2026-01-06,8.8,3,3,1,0,5,3,5,162.0,63,
207,3,2026-01-07,8.5,3,2,0,1,5,4,5,166.5,59,
208,3,2026-01-08,8.0,3,2,0,0,5,2,5,165.7,62,
209,3,2026-01-09,8.1,3,2,0,0,5,3,5,165.4,65,
210,3,2026-01-10,8.0,5,1,1,2,5,2,4,165.6,61,
211,3,2026-01-11,8.9,3,1,1,2,5,2,3,162.9,59,
212,3,2026-01-12,8.9,2,1,0,2,5,3,5,163.3,60,
213,3,2026-01-13,8.0,2,2,1,0,5,2,5,166.8,62,
214,3,2026-01-14,8.1,4,2,2,1,5,3,5,162.9,62,
215,3,2026-01-15,7.2,3,1,2,0,5,4,5,166.4,62,
216,3,2026-01-16,8.5,4,1,1,0,5,3,5,165.0,62,
217,3,2026-01-17,8.2,4,1,0,1,5,4,5,164.4,65,
218,3,2026-01-18,7.4,2,2,1,1,5,4,5,161.5,63,
219,3,2026-01-19,7.5,2,3,2,0,5,3,5,165.3,64,
220,3,2026-01-20,8.1,4,3,2,1,5,4,5,164.4,66,
221,3,2026-01-21,8.2,3,4,1,1,5,3,5,162.1,66,
222,3,2026-01-22,7.6,3,4,0,1,5,2,4,162.6,62,
223,3,2026-01-23,7.6,2,5,3,0,4,1,4,165.1,68,
224,3,2026-01-24,9.5,5,4,1,0,5,2,5,162.0,64,
225,3,2026-01-25,8.9,4,5,3,1,5,2,5,161.9,66,
226,3,2026-01-26,8.1,3,5,1,4,5,2,5,165.9,63,
227,3,2026-01-27,8.2,4,4,1,0,5,3,5,164.1,63,
228,3,2026-01-28,7.5,3,5,0,2,5,4,5,166.6,68,
229,3,2026-01-29,9.1,4,5,2,0,5,1,5,167.5,63,
230,3,2026-01-30,5.8,1,5,1,1,5,2,5,167.1,65,
231,3,2026-01-31,8.9,5,5,3,0,5,2,5,164.0,64,
232,3,2026-02-01,7.9,2,6,2,0,4,3,3,164.7,65,
233,3,2026-02-02,9.1,5,7,3,0,5,4,5,162.4,66,
234,3,2026-02-03,9.5,5,8,3,4,5,2,5,163.7,65,
235,3,2026-02-04,7.8,2,8,2,1,5,3,5,162.2,66,
236,3,2026-02-05,8.7,3,9,1,2,4,4,4,161.1,67,
237,3,2026-02-06,8.8,4,8,3,1,5,4,5,164.3,64,
238,3,2026-02-07,8.9,3,7,3,1,5,4,5,162.2,65,
239,3,2026-02-08,9.4,4,7,3,0,5,3,4,166.5,67,
240,3,2026-02-09,7.9,4,8,3,2,5,2,5,162.0,67,
241,3,2026-02-10,7.3,2,7,3,1,5,2,5,165.0,67,
242,3,2026-02-11,9.0,5,7,1,0,5,3,5,165.9,67,
243,3,2026-02-12,7.8,2,7,1,0,5,4,5,165.4,69,
244,3,2026-02-13,8.3,5,6,2,0,5,3,3,165.0,65,
245,3,2026-02-14,8.6,5,6,1,5,5,1,5,163.9,67,
246,3,2026-02-15,9.3,5,5,0,1,5,3,5,163.9,66,
247,3,2026-02-16,7.4,3,5,0,0,5,5,4,164.6,66,
248,3,2026-02-17,6.9,2,5,0,0,5,4,5,162.1,62,
249,3,2026-02-18,7.8,2,4,0,4,5,3,5,162.3,62,
250,3,2026-02-19,7.0,3,4,0,1,5,4,5,165.0,64,
251,3,2026-02-20,8.3,4,5,3,2,5,4,4,163.2,68,
252,3,2026-02-21,7.9,3,6,1,1,5,3,4,164.9,62,
253,3,2026-02-22,7.3,2,5,1,0,5,3,5,165.3,63,
254,3,2026-02-23,9.1,5,6,2,1,5,5,5,163.7,64,
255,3,2026-02-24,7.2,3,6,3,0,5,4,5,162.9,63,
256,3,2026-02-25,8.0,4,6,2,0,5,2,5,161.3,59,
257,3,2026-02-26,7.6,3,6,0,1,5,4,5,163.9,69,
258,3,2026-02-27,6.9,2,6,0,2,5,3,5,162.1,65,
259,3,2026-02-28,8.6,4,7,3,2,5,1,5,163.0,70,
260,3,2026-03-01,9.5,4,7,1,0,5,2,5,163.7,67,
261,3,2026-03-02,7.9,2,7,1,0,3,2,2,162.0,65,
262,3,2026-03-03,7.5,2,7,1,2,3,1,2,163.2,67,
263,3,2026-03-04,7.9,4,8,1,2,5,4,5,164.7,65,
264,3,2026-03-05,8.7,3,9,4,2,4,5,5,162.3,68,
265,3,2026-03-06,7.0,3,9,4,2,5,4,4,165.3,67,
266,3,2026-03-07,7.5,3,8,3,1,5,2,5,163.5,66,
267,3,2026-03-08,7.9,3,8,3,1,4,4,4,163.4,67,
268,3,2026-03-09,7.4,4,8,2,1,5,4,5,162.5,68,
269,3,2026-03-10,8.3,3,7,1,0,5,2,4,161.9,68,
270,3,2026-03-11,7.0,3,6,1,1,5,4,5,162.4,66,
271,3,2026-03-12,7.6,2,7,2,0,5,4,5,162.4,64,
272,3,2026-03-13,7.0,2,7,2,2,5,3,5,164.0,65,
273,3,2026-03-14,9.2,3,6,1,0,5,3,5,161.7,65,
274,3,2026-03-15,9.3,4,6,1,2,5,3,5,163.6,67,
275,3,2026-03-16,7.2,2,6,2,0,5,3,4,162.7,65,
276,3,2026-03-17,7.6,3,7,2,0,5,3,4,161.9,69,
277,3,2026-03-18,8.4,4,8,1,1,5,3,5,165.0,68,
278,3,2026-03-19,8.7,4,8,3,3,5,2,5,163.5,65,
279,3,2026-03-20,8.3,3,9,1,6,5,3,5,165.9,69,
280,3,2026-03-21,7.6,2,9,1,2,4,4,5,161.8,67,
281,3,2026-03-22,8.4,4,8,3,1,5,1,5,163.4,70,
282,3,2026-03-23,7.1,2,9,1,1,3,3,3,164.7,68,
283,3,2026-03-24,7.5,3,9,2,3,5,2,4,163.6,65,
284,3,2026-03-25,8.2,3,9,3,1,5,3,4,164.6,68,
285,3,2026-03-26,7.7,3,9,2,1,5,2,5,163.7,68,
286,3,2026-03-27,8.2,4,9,3,1,5,4,5,163.5,70,
287,3,2026-03-28,7.6,4,9,5,3,5,4,5,163.5,68,
288,3,2026-03-29,8.5,3,8,1,1,4,3,4,162.1,66,
289,3,2026-03-30,7.9,2,8,1,2,5,4,5,165.2,62,
290,3,2026-03-31,7.2,1,8,3,2,3,1,4,161.7,66,
291,3,2026-04-01,7.1,2,7,3,0,4,3,4,162.1,67,
292,3,2026-04-02,6.6,3,6,1,0,5,3,4,161.7,66,
293,3,2026-04-03,8.7,4,6,1,1,5,2,4,164.6,68,
294,3,2026-04-04,7.1,2,6,3,2,5,2,5,162.6,63,
295,3,2026-04-05,7.3,4,6,0,0,5,3,5,160.8,64,
296,3,2026-04-06,7.3,2,6,3,0,5,3,5,160.8,66,
297,3,2026-04-07,8.7,5,5,3,2,5,2,5,160.6,66,
298,3,2026-04-08,7.7,2,5,1,0,5,5,5,163.0,67,
299,3,2026-04-09,8.0,2,4,1,1,5,3,5,164.4,66,
300,3,2026-04-10,8.5,3,4,0,1,5,3,3,162.2,63,
301,4,2026-01-01,7.2,2,3,1,0,5,2,5,167.7,56,
302,4,2026-01-02,6.8,2,2,2,3,5,4,5,164.5,53,
303,4,2026-01-03,7.5,2,3,1,3,5,3,5,161.4,55,
304,4,2026-01-04,5.3,1,3,0,1,5,2,5,162.1,52,
305,4,2026-01-05,7.5,2,3,1,1,5,2,5,167.1,55,
306,4,2026-01-06,6.2,2,3,0,1,5,2,5,164.8,52,
307,4,2026-01-07,6.7,1,4,0,0,5,5,4,164.6,56,
308,4,2026-01-08,6.9,2,5,0,1,4,3,4,162.6,57,
309,4,2026-01-09,6.1,1,5,3,2,5,2,4,163.5,57,
310,4,2026-01-10,5.8,1,6,1,2,5,3,5,166.5,54,
311,4,2026-01-11,7.8,3,5,2,0,5,4,5,165.7,56,
312,4,2026-01-12,6.9,3,6,1,0,5,1,4,167.6,57,
313,4,2026-01-13,6.9,3,7,3,2,5,3,5,163.3,58,
314,4,2026-01-14,7.9,3,7,1,0,4,4,3,165.8,57,
315,4,2026-01-15,7.1,3,7,4,1,5,3,4,164.5,56,
316,4,2026-01-16,6.0,2,7,4,1,5,3,5,164.7,57,
317,4,2026-01-17,6.6,1,7,2,1,4,3,5,165.6,59,
318,4,2026-01-18,6.8,2,7,1,1,4,2,5,164.4,57,
319,4,2026-01-19,7.1,2,7,2,1,4,5,4,165.0,56,
320,4,2026-01-20,7.0,3,6,1,0,5,3,4,162.8,54,
321,4,2026-01-21,6.7,2,6,1,0,5,3,5,166.4,57,
322,4,2026-01-22,6.8,1,5,0,0,4,2,4,164.1,54,
323,4,2026-01-23,6.7,2,5,0,1,4,1,4,165.2,57,
324,4,2026-01-24,7.8,2,5,0,3,4,3,5,163.1,61,
325,4,2026-01-25,7.6,5,5,1,0,5,3,5,165.4,55,
326,4,2026-01-26,6.1,1,6,1,2,4,4,3,165.5,54,
327,4,2026-01-27,6.7,1,5,1,1,5,5,5,164.7,56,
328,4,2026-01-28,5.7,1,5,1,1,5,2,5,163.2,56,
329,4,2026-01-29,6.4,1,4,3,0,5,2,4,163.5,54,
330,4,2026-01-30,7.0,2,5,0,1,5,3,4,163.3,56,
331,4,2026-01-31,6.5,1,5,4,1,4,2,3,161.8,53,
332,4,2026-02-01,7.2,2,4,2,0,5,2,5,166.2,54,
333,4,2026-02-02,6.4,1,4,0,2,5,3,5,163.3,58,
334,4,2026-02-03,6.4,3,4,1,1,5,4,5,167.0,56,
335,4,2026-02-04,6.9,3,4,2,0,5,2,5,162.1,58,
336,4,2026-02-05,7.4,3,3,0,1,5,3,3,162.1,53,
337,4,2026-02-06,6.3,2,3,1,1,5,3,5,162.9,54,
338,4,2026-02-07,6.9,2,2,0,1,5,2,5,161.5,52,
339,4,2026-02-08,6.4,3,1,1,1,5,3,4,163.7,53,
340,4,2026-02-09,6.9,1,2,2,2,5,1,4,165.3,55,
341,4,2026-02-10,7.1,3,2,3,0,5,2,5,163.5,56,
342,4,2026-02-11,5.8,2,2,0,1,5,3,5,164.1,52,
343,4,2026-02-12,7.9,2,3,2,1,5,3,5,162.2,54,
344,4,2026-02-13,7.6,3,3,2,0,5,3,5,163.0,61,
345,4,2026-02-14,7.3,3,2,1,1,5,3,5,162.0,54,
346,4,2026-02-15,6.5,3,1,0,1,5,4,5,164.1,53,
347,4,2026-02-16,6.0,1,1,2,0,5,3,5,161.0,57,
348,4,2026-02-17,7.7,3,1,2,0,5,2,5,163.6,48,
349,4,2026-02-18,5.7,1,2,1,1,5,2,4,166.7,55,
350,4,2026-02-19,5.6,1,3,1,3,5,3,5,163.5,54,
351,4,2026-02-20,6.0,2,3,1,1,5,4,5,161.7,52,
352,4,2026-02-21,7.2,2,2,0,0,5,5,4,163.2,55,
353,4,2026-02-22,6.2,2,3,0,0,5,3,5,165.3,52,
354,4,2026-02-23,7.5,2,3,0,0,5,2,5,164.0,51,
355,4,2026-02-24,6.1,1,4,1,0,5,1,5,162.9,55,
356,4,2026-02-25,7.3,3,5,1,1,5,2,5,165.0,55,
357,4,2026-02-26,8.2,3,6,1,0,5,5,5,161.7,56,
358,4,2026-02-27,6.6,1,6,1,1,5,2,5,159.8,57,
359,4,2026-02-28,8.0,4,6,0,3,5,3,4,161.8,58,
360,4,2026-03-01,7.6,3,5,1,0,5,3,5,161.5,54,
361,4,2026-03-02,7.8,4,4,0,1,5,2,5,161.3,58,
362,4,2026-03-03,6.5,2,4,1,3,4,4,3,163.8,55,
363,4,2026-03-04,7.0,2,4,2,2,5,3,5,165.2,50,
364,4,2026-03-05,6.4,1,4,0,2,5,2,5,163.6,50,
365,4,2026-03-06,7.1,3,3,0,0,5,2,4,163.3,53,
366,4,2026-03-07,6.4,2,3,1,0,5,1,5,165.5,52,
367,4,2026-03-08,6.3,2,2,0,0,5,3,5,162.4,53,
368,4,2026-03-09,6.8,2,1,2,2,5,4,5,163.6,51,
369,4,2026-03-10,6.6,2,1,1,0,5,2,5,159.2,51,
370,4,2026-03-11,6.0,1,1,1,0,5,4,5,164.3,53,
371,4,2026-03-12,7.3,4,1,2,0,5,3,5,160.7,48,
372,4,2026-03-13,7.4,3,2,0,0,5,3,5,163.8,52,
373,4,2026-03-14,7.2,1,2,1,0,5,1,5,166.7,54,
374,4,2026-03-15,7.1,3,2,1,1,5,2,5,162.8,52,
375,4,2026-03-16,7.9,4,3,2,0,5,2,5,163.7,56,
376,4,2026-03-17,6.2,1,2,0,2,5,3,5,163.5,57,
377,4,2026-03-18,7.6,3,2,2,0,5,3,5,164.2,54,
378,4,2026-03-19,6.5,1,2,1,0,5,1,5,164.1,53,
379,4,2026-03-20,7.0,2,3,0,0,5,4,4,160.8,53,
380,4,2026-03-21,7.6,3,3,0,0,5,3,5,162.4,52,
381,4,2026-03-22,6.6,2,4,2,1,5,3,5,161.5,56,
382,4,2026-03-23,6.9,3,5,1,0,5,5,5,163.5,53,
383,4,2026-03-24,6.5,3,5,0,1,5,2,4,161.9,54,
384,4,2026-03-25,6.7,2,5,1,1,5,3,5,162.0,57,
385,4,2026-03-26,6.4,2,5,1,0,5,1,5,162.0,55,
386,4,2026-03-27,7.1,2,4,0,1,5,3,5,161.0,57,
387,4,2026-03-28,6.2,2,4,0,0,5,3,5,163.6,54,
388,4,2026-03-29,7.3,2,3,0,0,5,4,5,165.5,56,
389,4,2026-03-30,6.5,1,3,1,2,5,2,5,162.9,56,
390,4,2026-03-31,6.5,2,2,3,0,5,4,5,164.0,53,
391,4,2026-04-01,7.2,3,2,1,0,5,2,5,162.3,50,
392,4,2026-04-02,5.2,1,2,1,0,5,3,5,165.9,53,
393,4,2026-04-03,6.0,1,2,2,1,5,1,5,162.5,51,
394,4,2026-04-04,7.3,2,2,2,1,5,1,5,160.5,52,
395,4,2026-04-05,7.4,3,1,1,0,5,3,5,163.5,53,
396,4,2026-04-06,7.7,4,1,3,1,5,3,5,163.8,51,
397,4,2026-04-07,6.3,2,2,2,0,5,5,4,163.9,54,
398,4,2026-04-08,6.2,3,2,2,0,5,1,5,162.5,54,
399,4,2026-04-09,5.9,2,3,2,0,5,2,5,161.5,54,
400,4,2026-04-10,7.0,3,4,2,0,5,2,4,162.4,52,
401,5,2026-01-01,7.5,4,4,1,0,5,4,5,136.5,57,
402,5,2026-01-02,7.6,2,5,1,2,5,3,5,136.9,59,
403,5,2026-01-03,7.3,2,4,0,0,5,2,4,138.6,56,
404,5,2026-01-04,7.0,3,5,2,0,5,3,5,137.0,61,
405,5,2026-01-05,6.4,2,5,1,1,5,2,4,135.8,59,
406,5,2026-01-06,6.2,2,5,0,2,3,3,2,137.0,61,
407,5,2026-01-07,6.6,3,6,2,1,5,2,5,137.5,58,
408,5,2026-01-08,5.6,1,6,1,0,5,2,4,135.6,63,
409,5,2026-01-09,5.8,1,5,0,2,5,4,5,133.0,61,
410,5,2026-01-10,6.5,1,4,1,2,5,4,4,136.5,61,
411,5,2026-01-11,7.4,2,3,1,1,5,4,3,137.4,56,
412,5,2026-01-12,6.2,2,2,1,1,5,3,5,137.9,61,
413,5,2026-01-13,6.5,1,2,2,0,5,2,5,136.7,56,
414,5,2026-01-14,7.4,4,2,1,1,5,4,5,138.4,59,
415,5,2026-01-15,5.9,1,3,0,2,5,4,5,137.8,58,
416,5,2026-01-16,6.3,1,3,2,0,5,4,5,137.0,57,
417,5,2026-01-17,6.3,1,3,0,0,5,3,5,136.8,58,
418,5,2026-01-18,6.6,1,3,2,2,5,3,4,139.6,59,
419,5,2026-01-19,6.8,2,3,0,1,5,4,4,137.3,56,
420,5,2026-01-20,7.2,3,2,0,2,5,3,5,137.0,55,
421,5,2026-01-21,7.3,2,2,2,2,5,4,4,135.1,57,
422,5,2026-01-22,6.9,2,3,1,1,5,2,5,134.8,59,
423,5,2026-01-23,7.2,3,2,1,0,5,1,5,135.1,57,
424,5,2026-01-24,7.8,1,2,1,1,5,2,2,137.1,57,
425,5,2026-01-25,5.8,1,1,4,2,5,3,5,134.7,57,
426,5,2026-01-26,6.0,1,1,1,1,5,2,4,139.0,56,
427,5,2026-01-27,7.2,2,1,0,1,5,3,5,137.8,58,
428,5,2026-01-28,6.6,1,1,1,1,5,3,4,137.6,55,
429,5,2026-01-29,5.5,1,1,1,0,5,5,5,136.3,58,
430,5,2026-01-30,6.5,2,1,0,0,5,2,4,136.9,59,
431,5,2026-01-31,6.9,2,1,0,2,5,3,5,135.0,57,
432,5,2026-02-01,6.5,3,1,2,1,5,2,4,134.4,54,
433,5,2026-02-02,5.0,1,1,2,1,5,3,5,137.9,59,
434,5,2026-02-03,6.1,1,1,1,2,5,4,5,135.2,57,
435,5,2026-02-04,7.2,2,1,2,2,5,3,5,138.0,56,
436,5,2026-02-05,7.2,2,2,1,0,5,4,5,135.7,54,
437,5,2026-02-06,6.9,2,2,1,0,3,5,3,136.1,57,
438,5,2026-02-07,7.0,2,3,3,1,5,4,5,137.0,56,
439,5,2026-02-08,6.7,2,3,1,0,5,2,5,137.9,55,
440,5,2026-02-09,6.8,3,4,1,0,5,2,5,139.6,61,
441,5,2026-02-10,5.8,2,5,2,1,5,2,4,136.0,60,
442,5,2026-02-11,6.1,1,5,2,2,5,3,5,137.8,58,
443,5,2026-02-12,6.2,1,4,0,1,5,3,5,137.8,57,
444,5,2026-02-13,7.5,2,3,2,1,5,1,5,136.1,58,
445,5,2026-02-14,6.6,2,2,2,0,5,3,5,137.3,57,
446,5,2026-02-15,6.5,3,3,0,0,5,3,5,135.4,58,
447,5,2026-02-16,7.3,3,4,3,0,5,4,5,135.2,58,
448,5,2026-02-17,8.3,3,5,1,0,5,4,5,137.2,63,
449,5,2026-02-18,8.3,3,5,1,1,5,4,4,136.7,62,
450,5,2026-02-19,5.5,1,6,3,1,5,3,5,136.3,56,
451,5,2026-02-20,7.4,2,5,0,0,5,3,5,137.1,60,
452,5,2026-02-21,6.8,2,6,1,2,5,5,5,138.4,60,
453,5,2026-02-22,8.2,5,5,4,1,5,5,5,133.7,58,
454,5,2026-02-23,6.4,1,4,1,0,5,4,4,134.9,58,
455,5,2026-02-24,7.4,3,4,2,2,5,4,4,138.0,59,
456,5,2026-02-25,6.7,2,5,1,1,5,2,4,135.5,57,
457,5,2026-02-26,6.3,2,4,2,1,4,3,4,135.7,59,
458,5,2026-02-27,6.5,2,4,2,0,5,4,5,135.3,60,
459,5,2026-02-28,7.2,3,4,0,0,5,4,5,135.5,59,
460,5,2026-03-01,7.1,1,4,1,1,5,3,4,136.3,54,
461,5,2026-03-02,6.7,2,4,0,0,5,3,5,138.1,62,
462,5,2026-03-03,6.1,2,3,1,0,5,3,5,136.2,57,
463,5,2026-03-04,6.6,2,4,3,1,4,2,3,137.4,57,
464,5,2026-03-05,5.8,2,4,2,0,5,3,5,137.3,63,
465,5,2026-03-06,5.5,2,4,1,0,5,4,5,134.7,59,
466,5,2026-03-07,6.7,3,3,1,1,5,3,3,137.8,58,
467,5,2026-03-08,7.3,2,3,1,0,5,4,5,134.6,54,
468,5,2026-03-09,7.2,4,3,3,0,5,4,5,134.3,56,
469,5,2026-03-10,6.4,1,3,0,0,5,5,5,135.0,60,
470,5,2026-03-11,6.4,1,4,1,0,5,4,5,133.7,60,
471,5,2026-03-12,7.6,5,4,2,1,5,2,4,136.7,59,
472,5,2026-03-13,7.1,1,5,2,0,5,2,5,138.0,60,
473,5,2026-03-14,6.0,1,5,2,0,5,2,3,135.5,58,
474,5,2026-03-15,6.8,1,6,0,1,5,3,5,134.4,60,
475,5,2026-03-16,6.3,1,5,2,0,4,3,5,137.1,57,
476,5,2026-03-17,6.6,2,5,3,0,5,3,4,134.8,59,
477,5,2026-03-18,6.9,3,5,1,1,5,5,5,136.2,57,
478,5,2026-03-19,6.0,2,6,0,0,5,4,4,136.0,60,
479,5,2026-03-20,6.6,2,6,2,0,5,4,4,134.1,58,
480,5,2026-03-21,7.6,3,6,0,0,5,3,4,137.6,59,
481,5,2026-03-22,6.7,3,5,1,0,5,3,5,137.6,59,
482,5,2026-03-23,6.3,2,5,1,2,5,2,5,136.5,57,
483,5,2026-03-24,7.2,2,4,1,1,5,3,4,136.9,61,
484,5,2026-03-25,7.9,4,4,1,0,5,5,4,137.1,55,
485,5,2026-03-26,7.0,2,5,1,2,5,2,4,133.8,58,
486,5,2026-03-27,6.2,3,6,1,0,5,2,5,134.3,62,
487,5,2026-03-28,6.5,2,6,2,1,5,4,5,138.6,62,
488,5,2026-03-29,7.0,2,6,1,0,5,2,5,133.4,61,
489,5,2026-03-30,7.0,3,6,1,0,5,4,5,134.4,60,
490,5,2026-03-31,8.1,3,7,3,0,5,4,5,133.2,62,
491,5,2026-04-01,6.6,1,7,1,0,5,2,5,134.4,62,
492,5,2026-04-02,5.6,1,7,3,0,5,3,5,135.0,61,
493,5,2026-04-03,6.4,2,8,2,1,3,3,3,136.8,63,
494,5,2026-04-04,7.2,2,8,1,2,5,4,3,137.6,60,
495,5,2026-04-05,7.4,3,7,3,0,5,1,5,137.0,61,
496,5,2026-04-06,7.0,3,7,5,1,4,3,4,134.2,63,
497,5,2026-04-07,7.2,1,6,0,1,5,4,5,135.7,58,
498,5,2026-04-08,7.5,3,6,1,1,5,3,4,136.1,56,
499,5,2026-04-09,5.8,3,7,3,1,5,5,5,134.4,62,
500,5,2026-04-10,7.2,2,6,2,1,4,2,5,135.2,61,
501,6,2026-01-01,7.5,3,4,0,2,5,2,5,183.4,60,
502,6,2026-01-02,6.2,2,4,1,0,5,3,5,181.4,61,
503,6,2026-01-03,9.0,4,4,1,1,5,2,5,181.6,62,
504,6,2026-01-04,8.2,3,4,1,2,5,3,5,183.1,62,
505,6,2026-01-05,7.9,2,5,1,1,4,3,4,182.1,65,
506,6,2026-01-06,9.5,5,4,1,3,5,5,4,181.3,62,
507,6,2026-01-07,8.4,3,4,1,0,5,3,5,183.5,66,
508,6,2026-01-08,7.0,2,4,0,0,5,4,5,183.8,61,
509,6,2026-01-09,7.8,2,5,1,0,5,2,3,178.9,60,
510,6,2026-01-10,8.1,3,6,1,1,5,3,5,182.3,62,
511,6,2026-01-11,7.5,2,6,0,1,3,3,3,183.9,64,
512,6,2026-01-12,8.2,4,5,0,0,5,3,5,181.6,62,
513,6,2026-01-13,7.9,3,5,1,1,5,4,5,179.3,61,
514,6,2026-01-14,7.2,3,5,1,1,5,1,5,182.5,61,
515,6,2026-01-15,7.6,1,5,1,0,5,2,5,181.0,63,
516,6,2026-01-16,8.6,4,6,0,3,5,3,4,181.5,61,
517,6,2026-01-17,9.1,3,7,2,0,5,3,5,180.1,59,
518,6,2026-01-18,7.8,3,6,1,0,5,2,5,179.2,69,
519,6,2026-01-19,7.6,3,6,2,0,5,5,5,179.8,62,
520,6,2026-01-20,8.6,3,6,1,2,5,3,5,179.6,63,
521,6,2026-01-21,8.1,4,5,1,0,5,3,5,183.2,63,
522,6,2026-01-22,7.4,1,5,1,0,5,1,5,180.3,63,
523,6,2026-01-23,7.0,2,5,3,1,5,2,5,184.5,64,
524,6,2026-01-24,8.6,3,4,2,0,5,4,4,179.3,65,
525,6,2026-01-25,7.0,2,3,1,1,5,3,4,184.6,62,
526,6,2026-01-26,7.1,2,3,0,0,5,4,5,180.9,58,
527,6,2026-01-27,7.4,2,4,3,0,5,3,5,180.9,63,
528,6,2026-01-28,8.3,4,4,1,0,5,4,5,179.3,61,
529,6,2026-01-29,7.7,2,4,1,2,5,3,4,182.9,59,
530,6,2026-01-30,7.1,2,3,2,1,5,2,5,181.1,55,
531,6,2026-01-31,9.3,4,2,6,0,5,2,5,181.3,59,
532,6,2026-02-01,8.5,4,1,0,2,5,4,4,181.7,57,
533,6,2026-02-02,7.4,3,2,2,3,5,4,5,180.5,57,
534,6,2026-02-03,7.5,3,2,2,1,5,1,4,181.4,60,
535,6,2026-02-04,7.3,3,2,1,1,5,4,5,179.5,57,
536,6,2026-02-05,8.0,4,2,1,1,5,3,5,179.5,60,
537,6,2026-02-06,8.0,2,1,2,0,5,4,5,184.0,57,
538,6,2026-02-07,7.8,3,2,0,3,5,4,4,181.6,58,
539,6,2026-02-08,7.9,4,1,4,0,5,3,5,181.4,60,
540,6,2026-02-09,7.1,3,1,2,0,5,3,5,184.9,59,
541,6,2026-02-10,7.6,3,1,0,0,5,3,4,180.2,61,
542,6,2026-02-11,8.7,4,2,1,0,5,4,5,182.5,62,
543,6,2026-02-12,9.4,4,2,2,0,5,3,5,181.8,62,
544,6,2026-02-13,7.5,2,3,1,1,5,5,5,179.7,61,
545,6,2026-02-14,8.7,4,2,2,1,5,4,5,179.4,62,
546,6,2026-02-15,7.4,4,2,0,1,5,4,5,180.9,60,
547,6,2026-02-16,7.6,2,3,0,0,5,3,5,181.2,59,
548,6,2026-02-17,7.6,3,3,0,0,5,4,5,183.4,66,
549,6,2026-02-18,8.3,4,3,2,1,5,1,5,180.6,61,
550,6,2026-02-19,8.5,5,2,2,1,5,5,4,182.7,63,
551,6,2026-02-20,7.3,2,1,1,1,5,3,5,179.7,62,
552,6,2026-02-21,8.6,4,1,0,1,5,3,5,181.8,59,
553,6,2026-02-22,8.2,3,1,0,3,5,4,5,179.9,63,
554,6,2026-02-23,7.5,2,1,2,0,5,3,4,181.0,56,
555,6,2026-02-24,7.9,4,2,3,2,5,2,4,180.4,64,
556,6,2026-02-25,8.1,3,1,1,0,5,4,5,182.5,60,
557,6,2026-02-26,7.1,2,2,0,1,5,4,5,179.2,64,
558,6,2026-02-27,7.2,2,2,0,0,5,2,5,178.9,58,
559,6,2026-02-28,8.2,4,2,0,0,5,2,5,180.0,60,
560,6,2026-03-01,7.5,3,2,0,0,5,2,4,180.7,58,
561,6,2026-03-02,7.7,4,2,3,0,5,2,5,181.8,59,
562,6,2026-03-03,7.8,2,2,1,1,5,2,5,179.5,61,
563,6,2026-03-04,7.7,2,1,2,0,5,2,5,179.4,58,
564,6,2026-03-05,8.7,3,1,1,1,5,4,5,180.1,57,
565,6,2026-03-06,8.1,3,1,2,0,5,2,5,181.4,60,
566,6,2026-03-07,9.2,5,1,2,2,5,3,5,182.0,61,
567,6,2026-03-08,7.7,3,1,1,1,5,4,4,181.2,60,
568,6,2026-03-09,8.0,4,1,0,0,5,4,5,181.0,58,
569,6,2026-03-10,7.4,3,1,0,0,5,2,5,179.9,59,
570,6,2026-03-11,8.6,2,2,1,1,5,4,5,179.9,62,
571,6,2026-03-12,7.5,2,1,0,2,5,4,5,180.9,60,
572,6,2026-03-13,8.2,4,1,2,0,5,3,5,180.9,58,
573,6,2026-03-14,8.8,4,1,1,1,5,2,5,181.3,58,
574,6,2026-03-15,7.9,3,1,1,1,5,3,3,179.2,58,
575,6,2026-03-16,7.7,3,2,1,0,5,4,4,178.4,61,
576,6,2026-03-17,6.8,2,2,0,0,5,5,4,179.6,60,
577,6,2026-03-18,8.2,4,2,1,1,5,3,5,179.8,62,
578,6,2026-03-19,7.3,3,2,1,1,5,2,5,181.5,59,
579,6,2026-03-20,8.1,3,1,1,0,5,4,5,180.0,56,
580,6,2026-03-21,7.1,2,1,0,0,5,3,5,180.7,56,
581,6,2026-03-22,8.5,3,2,0,1,5,1,5,180.5,60,
582,6,2026-03-23,7.9,2,2,0,1,5,4,4,179.1,59,
583,6,2026-03-24,6.3,2,3,0,1,5,2,5,182.5,63,
584,6,2026-03-25,9.1,5,2,0,0,5,2,5,181.0,58,
585,6,2026-03-26,7.9,3,1,1,4,5,2,4,179.5,60,
586,6,2026-03-27,7.9,3,2,0,1,5,2,5,182.9,61,
587,6,2026-03-28,8.5,5,2,0,0,5,4,5,179.5,63,
588,6,2026-03-29,7.3,2,2,2,1,5,3,5,180.2,61,
589,6,2026-03-30,8.2,3,3,0,0,5,5,5,180.0,59,
590,6,2026-03-31,7.8,3,3,1,0,5,4,4,179.8,63,
591,6,2026-04-01,8.2,3,3,1,1,5,4,5,179.5,58,
592,6,2026-04-02,7.9,3,3,0,0,5,3,3,177.5,61,
593,6,2026-04-03,7.9,3,3,2,0,5,2,5,180.6,62,
594,6,2026-04-04,7.4,3,4,2,1,5,3,5,180.0,63,
595,6,2026-04-05,9.2,4,4,0,0,5,3,5,178.7,64,
596,6,2026-04-06,7.8,3,3,1,0,5,3,5,179.6,58,
597,6,2026-04-07,9.0,4,3,3,1,5,5,4,179.6,60,
598,6,2026-04-08,6.6,2,2,0,2,5,3,5,181.4,57,
599,6,2026-04-09,8.0,3,2,2,0,5,4,5,179.0,57,
600,6,2026-04-10,7.1,2,2,1,0,5,3,4,178.5,56,
601,7,2026-01-01,7.0,3,5,1,1,5,4,4,208.5,58,
602,7,2026-01-02,5.5,1,6,0,1,5,2,4,205.7,63,
603,7,2026-01-03,7.4,2,6,2,0,5,4,5,207.5,59,
604,7,2026-01-04,7.3,3,7,3,0,5,3,4,204.3,60,
605,7,2026-01-05,6.4,1,6,3,1,5,1,5,205.7,59,
606,7,2026-01-06,6.7,2,5,0,0,5,3,5,208.2,58,
607,7,2026-01-07,6.8,2,5,0,2,5,4,5,208.1,57,
608,7,2026-01-08,6.2,1,5,1,0,5,4,5,203.7,55,
609,7,2026-01-09,6.6,1,5,2,0,5,3,5,205.8,61,
610,7,2026-01-10,5.8,1,5,3,2,5,3,3,206.3,61,
611,7,2026-01-11,6.5,2,5,2,0,5,3,4,205.6,60,
612,7,2026-01-12,5.9,2,4,2,2,5,2,4,204.7,56,
613,7,2026-01-13,7.2,2,3,0,0,5,4,5,206.3,55,
614,7,2026-01-14,6.5,2,2,2,0,5,4,5,207.4,59,
615,7,2026-01-15,5.3,1,2,1,1,5,3,5,206.6,56,
616,7,2026-01-16,6.2,1,2,2,0,5,3,4,204.6,57,
617,7,2026-01-17,6.8,3,2,1,3,5,3,5,206.9,53,
618,7,2026-01-18,6.0,2,1,1,0,5,3,5,205.9,54,
619,7,2026-01-19,5.8,1,1,0,0,5,3,5,206.7,56,
620,7,2026-01-20,6.7,2,1,1,1,5,3,5,207.5,53,
621,7,2026-01-21,5.9,1,2,4,0,5,4,5,210.4,54,
622,7,2026-01-22,5.1,1,2,0,0,5,5,5,205.6,56,
623,7,2026-01-23,7.4,3,3,4,0,5,3,5,208.2,58,
624,7,2026-01-24,7.7,4,4,1,0,5,2,5,203.4,55,
625,7,2026-01-25,7.0,2,3,0,0,5,3,4,205.6,59,
626,7,2026-01-26,7.2,3,3,1,0,5,3,5,205.1,55,
627,7,2026-01-27,6.5,2,2,1,0,5,3,5,206.8,56,
628,7,2026-01-28,7.6,3,2,0,1,5,2,5,208.3,53,
629,7,2026-01-29,6.0,3,1,0,0,5,2,5,207.5,52,
630,7,2026-01-30,7.7,1,1,2,2,5,3,5,206.2,54,
631,7,2026-01-31,7.8,3,1,1,0,5,4,4,206.2,51,
632,7,2026-02-01,7.7,3,2,1,0,5,2,4,206.7,59,
633,7,2026-02-02,8.6,4,2,1,0,5,3,5,204.5,55,
634,7,2026-02-03,6.3,1,3,1,0,5,3,4,206.7,61,
635,7,2026-02-04,7.0,2,3,3,1,5,4,5,206.2,56,
636,7,2026-02-05,7.3,3,3,1,1,5,3,5,207.4,58,
637,7,2026-02-06,7.4,3,3,1,0,5,3,5,204.1,55,
638,7,2026-02-07,7.1,2,4,2,2,5,4,5,206.9,57,
639,7,2026-02-08,7.7,3,4,1,1,5,3,5,206.9,57,
640,7,2026-02-09,6.8,2,4,2,0,5,3,5,205.5,56,
641,7,2026-02-10,7.5,4,4,1,1,5,2,5,207.6,58,
642,7,2026-02-11,6.4,2,3,0,1,5,1,5,208.1,54,
643,7,2026-02-12,7.0,3,3,1,1,5,4,5,204.4,60,
644,7,2026-02-13,7.1,1,2,1,0,5,4,5,208.1,54,
645,7,2026-02-14,8.0,4,2,1,2,5,4,5,208.0,59,
646,7,2026-02-15,7.7,3,3,4,1,5,4,4,210.4,56,
647,7,2026-02-16,6.1,1,2,2,2,5,2,5,206.6,54,
648,7,2026-02-17,6.8,2,3,0,1,5,4,4,207.9,55,
649,7,2026-02-18,8.0,3,4,2,1,5,1,5,204.9,63,
650,7,2026-02-19,5.5,1,5,2,0,5,4,5,205.6,59,
651,7,2026-02-20,6.3,1,5,4,1,5,4,5,207.2,56,
652,7,2026-02-21,7.1,3,5,3,0,5,1,5,205.0,60,
653,7,2026-02-22,6.9,1,4,1,0,5,3,5,204.6,60,
654,7,2026-02-23,6.8,1,4,1,0,5,3,5,207.2,55,
655,7,2026-02-24,6.8,3,4,0,0,5,5,5,204.4,54,
656,7,2026-02-25,7.0,1,4,3,1,4,3,5,207.4,56,
657,7,2026-02-26,8.1,4,4,1,2,5,5,4,206.1,58,
658,7,2026-02-27,7.1,3,5,1,0,5,3,5,204.5,61,
659,7,2026-02-28,7.2,3,5,1,1,4,3,4,205.1,57,
660,7,2026-03-01,7.0,3,6,0,0,5,3,5,206.0,58,
661,7,2026-03-02,6.1,1,5,3,0,5,2,5,207.8,59,
662,7,2026-03-03,6.4,1,5,2,1,5,5,5,206.6,61,
663,7,2026-03-04,6.7,1,6,1,1,5,4,3,207.0,61,
664,7,2026-03-05,6.4,2,6,2,1,3,3,4,204.8,62,
665,7,2026-03-06,8.1,3,7,1,1,5,2,4,205.6,60,
666,7,2026-03-07,5.8,1,7,1,0,5,2,5,204.9,59,
667,7,2026-03-08,6.7,2,7,3,0,5,4,5,206.0,57,
668,7,2026-03-09,6.3,2,8,2,1,5,3,4,206.8,60,
669,7,2026-03-10,6.4,2,8,4,4,3,5,4,208.0,61,
670,7,2026-03-11,6.5,1,8,3,1,5,2,5,203.9,59,
671,7,2026-03-12,7.7,2,7,3,2,5,2,5,205.8,58,
672,7,2026-03-13,6.7,1,6,2,0,4,3,4,205.2,55,
673,7,2026-03-14,7.4,4,5,1,0,5,3,4,203.3,60,
674,7,2026-03-15,5.6,1,5,0,2,5,3,5,207.7,59,
675,7,2026-03-16,5.8,1,6,0,2,4,5,5,206.2,65,
676,7,2026-03-17,6.5,2,5,0,0,5,4,4,206.6,54,
677,7,2026-03-18,6.6,1,5,0,1,5,2,5,204.5,56,
678,7,2026-03-19,6.8,1,5,0,1,5,3,4,206.0,55,
679,7,2026-03-20,6.8,1,4,1,0,5,3,5,206.6,58,
680,7,2026-03-21,6.9,1,3,2,1,5,3,5,206.5,54,
681,7,2026-03-22,6.3,1,2,2,0,4,2,4,205.9,58,
682,7,2026-03-23,8.2,4,2,0,0,5,3,5,207.0,54,
683,7,2026-03-24,5.9,2,2,1,0,5,3,5,207.0,57,
684,7,2026-03-25,6.4,3,3,1,4,5,4,4,205.6,52,
685,7,2026-03-26,6.7,2,3,2,0,5,2,4,205.9,58,
686,7,2026-03-27,6.8,2,4,1,0,5,4,5,205.3,54,
687,7,2026-03-28,7.2,4,4,0,2,5,2,5,205.4,56,
688,7,2026-03-29,6.3,1,4,1,2,5,2,5,203.5,55,
689,7,2026-03-30,5.3,1,4,1,1,5,2,4,203.8,55,
690,7,2026-03-31,7.3,4,4,1,1,5,1,4,206.7,57,
691,7,2026-04-01,7.7,3,4,1,0,5,4,4,206.1,55,
692,7,2026-04-02,6.4,2,4,0,0,5,3,4,207.1,56,
693,7,2026-04-03,6.0,1,5,2,1,5,4,4,206.4,54,
694,7,2026-04-04,6.9,2,6,1,1,5,3,5,204.1,60,
695,7,2026-04-05,6.5,2,7,3,1,4,4,4,206.0,62,
696,7,2026-04-06,7.1,2,8,2,1,5,4,5,209.0,62,
697,7,2026-04-07,6.3,1,9,4,1,4,3,5,204.9,64,
698,7,2026-04-08,5.6,2,9,3,1,3,3,2,206.2,62,
699,7,2026-04-09,6.8,2,9,2,1,4,4,3,204.4,62,
700,7,2026-04-10,6.2,2,9,2,2,4,4,5,206.3,60,
701,8,2026-01-01,7.0,3,3,0,1,5,1,4,143.7,62,
702,8,2026-01-02,6.6,3,2,2,0,5,4,3,142.1,64,
703,8,2026-01-03,6.1,1,2,2,1,5,4,5,144.6,63,
704,8,2026-01-04,7.7,3,3,2,0,5,3,5,145.0,66,
705,8,2026-01-05,6.4,3,4,3,1,5,2,5,145.8,65,
706,8,2026-01-06,7.0,3,3,1,0,5,4,5,143.7,64,
707,8,2026-01-07,6.7,2,2,1,2,5,3,5,146.4,64,
708,8,2026-01-08,7.6,2,2,0,0,5,4,5,140.9,63,
709,8,2026-01-09,7.9,4,1,1,1,5,1,5,145.3,64,
710,8,2026-01-10,7.2,2,1,0,2,5,4,5,144.4,63,
711,8,2026-01-11,7.5,2,1,3,2,5,2,4,142.8,62,
712,8,2026-01-12,7.8,2,1,0,1,5,4,5,142.7,60,
713,8,2026-01-13,5.1,1,1,2,1,5,3,5,144.2,65,
714,8,2026-01-14,6.3,2,2,2,2,5,1,4,143.1,64,
715,8,2026-01-15,7.8,4,3,1,0,5,5,4,142.7,64,
716,8,2026-01-16,7.7,3,3,2,1,5,3,5,145.3,62,
717,8,2026-01-17,6.8,2,4,2,0,5,4,4,141.6,65,
718,8,2026-01-18,6.1,2,4,1,1,3,4,2,144.2,66,
719,8,2026-01-19,7.4,3,5,1,1,5,3,4,143.0,68,
720,8,2026-01-20,7.0,2,6,2,2,5,5,5,142.5,66,
721,8,2026-01-21,7.4,3,6,1,3,5,2,4,142.5,65,
722,8,2026-01-22,8.7,5,7,4,0,5,2,5,140.3,70,
723,8,2026-01-23,7.1,3,7,1,1,5,3,5,145.0,64,
724,8,2026-01-24,8.2,3,7,4,0,5,2,5,142.8,65,
725,8,2026-01-25,7.4,2,6,3,1,5,3,3,143.7,63,
726,8,2026-01-26,7.3,3,6,5,0,5,2,5,146.6,67,
727,8,2026-01-27,5.9,2,6,2,1,5,4,5,142.5,65,
728,8,2026-01-28,6.5,2,5,3,0,5,3,4,142.8,71,
729,8,2026-01-29,6.1,1,6,0,0,3,3,3,142.0,65,
730,8,2026-01-30,7.0,2,7,1,2,5,3,5,141.1,66,
731,8,2026-01-31,7.2,2,6,0,0,5,2,5,146.2,66,
732,8,2026-02-01,7.0,2,5,0,4,5,3,4,137.9,62,
733,8,2026-02-02,5.8,1,5,0,2,5,5,5,142.8,65,
734,8,2026-02-03,6.3,2,5,1,0,4,1,3,143.2,68,
735,8,2026-02-04,6.8,3,5,2,0,5,2,5,143.0,65,
736,8,2026-02-05,7.1,3,6,2,1,5,4,4,141.0,67,
737,8,2026-02-06,6.9,3,7,1,1,5,3,5,141.5,67,
738,8,2026-02-07,7.4,2,6,1,0,5,3,5,143.5,68,
739,8,2026-02-08,8.7,4,6,0,0,4,3,4,144.6,66,
740,8,2026-02-09,7.9,3,5,0,0,5,3,4,144.8,63,
741,8,2026-02-10,6.2,2,5,2,1,5,3,5,146.9,68,
742,8,2026-02-11,7.8,3,5,0,2,5,4,5,144.9,66,
743,8,2026-02-12,7.0,4,6,1,1,4,2,5,142.6,66,
744,8,2026-02-13,6.4,2,6,0,2,5,4,5,143.2,69,
745,8,2026-02-14,7.0,2,6,2,1,5,3,5,142.5,66,
746,8,2026-02-15,7.2,1,7,1,1,5,2,5,144.9,66,
747,8,2026-02-16,6.6,3,8,4,2,4,4,3,141.3,66,
748,8,2026-02-17,7.2,3,8,2,1,5,5,4,141.8,66,
749,8,2026-02-18,6.9,3,7,1,1,5,2,5,144.4,70,
750,8,2026-02-19,8.1,4,6,0,0,5,5,5,143.3,68,
751,8,2026-02-20,5.7,1,6,0,0,5,4,4,142.8,67,
752,8,2026-02-21,8.5,4,7,1,2,5,2,5,143.1,69,
753,8,2026-02-22,7.4,3,6,0,0,5,3,5,139.6,66,
754,8,2026-02-23,6.1,1,5,0,0,5,4,5,140.4,64,
755,8,2026-02-24,7.9,4,5,1,0,5,4,5,141.1,68,
756,8,2026-02-25,6.3,2,5,1,1,5,2,4,143.0,63,
757,8,2026-02-26,6.8,1,4,3,0,4,2,4,144.7,67,
758,8,2026-02-27,7.2,2,4,2,2,5,2,5,141.4,64,
759,8,2026-02-28,6.7,2,5,2,0,5,2,5,140.6,62,
760,8,2026-03-01,7.8,4,6,3,0,5,3,5,144.0,67,
761,8,2026-03-02,6.2,1,5,2,1,5,4,5,141.8,64,
762,8,2026-03-03,7.1,3,5,1,1,5,4,5,141.7,64,
763,8,2026-03-04,7.8,2,4,1,0,4,2,5,144.9,64,
764,8,2026-03-05,8.2,3,3,2,0,5,2,4,141.6,59,
765,8,2026-03-06,6.6,1,4,3,1,5,3,5,146.2,64,
766,8,2026-03-07,7.2,2,4,1,1,5,3,5,140.9,63,
767,8,2026-03-08,7.0,2,5,0,0,5,3,4,141.7,67,
768,8,2026-03-09,7.3,3,4,1,2,5,2,5,142.0,64,
769,8,2026-03-10,7.1,2,5,3,0,5,4,4,143.4,63,
770,8,2026-03-11,6.1,1,5,2,0,5,1,5,139.6,66,
771,8,2026-03-12,6.8,3,4,5,0,5,4,3,144.8,62,
772,8,2026-03-13,8.8,5,3,1,0,5,2,3,143.6,61,
773,8,2026-03-14,7.0,3,3,1,0,5,3,5,140.9,60,
774,8,2026-03-15,6.9,2,3,2,0,5,4,5,142.0,64,
775,8,2026-03-16,7.8,3,3,2,1,5,2,4,143.3,66,
776,8,2026-03-17,7.0,2,4,3,0,5,2,5,142.8,65,
777,8,2026-03-18,8.1,3,5,0,0,5,2,5,139.9,69,
778,8,2026-03-19,6.1,1,5,1,1,5,3,4,140.8,67,
779,8,2026-03-20,7.6,2,4,1,1,5,5,5,141.2,66,
780,8,2026-03-21,7.8,4,4,1,1,5,1,5,144.3,63,
781,8,2026-03-22,6.6,2,4,1,1,5,3,4,139.9,66,
782,8,2026-03-23,8.0,4,4,0,0,5,3,5,142.8,63,
783,8,2026-03-24,7.7,4,5,0,1,5,5,5,143.8,64,
784,8,2026-03-25,6.8,1,5,1,1,5,4,5,146.1,68,
785,8,2026-03-26,7.8,4,5,0,1,5,4,5,139.4,64,
786,8,2026-03-27,7.3,3,5,1,1,5,3,5,142.9,63,
787,8,2026-03-28,7.2,3,5,2,1,5,1,4,141.7,68,
788,8,2026-03-29,6.2,3,5,1,1,5,4,4,141.9,68,
789,8,2026-03-30,5.7,1,5,0,0,5,1,5,142.6,68,
790,8,2026-03-31,8.1,3,6,1,0,4,4,4,140.4,64,
791,8,2026-04-01,7.5,4,6,2,1,5,4,5,143.7,68,
792,8,2026-04-02,7.2,2,7,2,1,5,4,5,141.7,67,
793,8,2026-04-03,6.5,1,7,2,1,4,4,4,143.4,68,
794,8,2026-04-04,8.6,3,7,4,0,5,2,5,139.7,63,
795,8,2026-04-05,7.1,3,7,3,1,5,2,5,143.0,69,
796,8,2026-04-06,8.1,3,6,3,3,5,1,5,140.1,66,
797,8,2026-04-07,7.3,3,6,1,2,5,3,5,141.6,66,
798,8,2026-04-08,7.6,5,5,1,1,5,2,5,141.4,64,
799,8,2026-04-09,7.4,4,6,3,1,5,1,5,140.4,68,
800,8,2026-04-10,5.8,2,5,0,1,5,2,5,141.4,65,
801,9,2026-01-01,7.3,3,2,2,1,5,2,3,149.9,45,
802,9,2026-01-02,5.7,1,2,3,0,5,1,5,151.0,49,
803,9,2026-01-03,8.2,3,2,2,0,5,3,5,151.1,49,
804,9,2026-01-04,7.7,3,3,4,1,5,4,4,149.1,50,
805,9,2026-01-05,8.3,3,3,4,0,5,2,5,148.8,46,
806,9,2026-01-06,7.7,3,4,1,0,5,2,5,151.5,51,
807,9,2026-01-07,6.9,1,5,0,1,4,3,4,148.7,53,
808,9,2026-01-08,6.6,1,5,4,0,4,3,4,150.1,53,
809,9,2026-01-09,7.6,2,5,3,0,5,3,5,150.2,48,
810,9,2026-01-10,8.4,5,4,4,0,5,3,5,150.2,47,
811,9,2026-01-11,7.5,3,4,0,0,5,2,5,150.0,47,
812,9,2026-01-12,7.3,4,4,1,1,5,4,5,148.2,49,
813,9,2026-01-13,6.6,2,4,1,1,5,3,4,150.9,47,
814,9,2026-01-14,7.9,3,4,2,3,5,4,5,148.0,47,
815,9,2026-01-15,8.1,2,4,0,1,5,2,5,151.0,50,
816,9,2026-01-16,8.0,2,4,0,0,5,4,5,148.2,50,
817,9,2026-01-17,7.2,1,4,0,1,5,3,4,147.8,48,
818,9,2026-01-18,8.4,2,4,0,1,5,3,5,149.4,46,
819,9,2026-01-19,7.9,3,5,3,2,5,3,5,150.5,50,
820,9,2026-01-20,7.6,3,5,1,1,4,2,4,150.7,49,
821,9,2026-01-21,7.8,3,5,2,1,5,3,5,148.7,49,
822,9,2026-01-22,7.2,3,4,2,0,5,3,5,149.1,51,
823,9,2026-01-23,7.3,4,5,2,0,5,2,4,152.3,47,
824,9,2026-01-24,8.4,4,5,0,2,5,2,5,150.8,49,
825,9,2026-01-25,8.6,4,4,2,1,5,3,5,150.7,49,
826,9,2026-01-26,7.0,4,5,2,2,5,2,5,147.1,49,
827,9,2026-01-27,7.6,3,5,3,0,5,2,5,149.8,53,
828,9,2026-01-28,7.8,4,5,1,1,5,3,5,148.9,48,
829,9,2026-01-29,7.9,3,5,0,1,5,2,5,149.8,51,
830,9,2026-01-30,6.5,2,6,0,1,5,2,5,151.4,52,
831,9,2026-01-31,8.4,3,6,1,0,5,3,4,150.3,51,
832,9,2026-02-01,7.8,4,5,2,1,5,1,4,149.6,51,
833,9,2026-02-02,7.8,2,6,0,2,5,4,4,148.5,53,
834,9,2026-02-03,7.1,3,7,1,0,5,5,5,151.8,52,
835,9,2026-02-04,8.2,3,8,3,1,4,3,4,147.8,53,
836,9,2026-02-05,6.4,2,8,4,3,5,1,5,148.7,54,
837,9,2026-02-06,7.0,3,8,2,3,4,4,3,150.0,55,
838,9,2026-02-07,5.0,1,7,3,0,5,4,5,150.4,52,
839,9,2026-02-08,6.9,1,8,2,1,4,4,4,148.7,53,
840,9,2026-02-09,7.7,3,8,1,1,5,3,5,148.7,52,
841,9,2026-02-10,6.2,2,9,3,2,3,1,2,149.8,54,
842,9,2026-02-11,8.0,4,8,4,1,5,3,4,148.5,52,
843,9,2026-02-12,7.1,3,8,4,1,5,2,5,150.6,54,
844,9,2026-02-13,7.5,3,9,3,1,5,3,5,147.8,51,
845,9,2026-02-14,8.2,5,8,1,2,5,4,5,149.0,51,
846,9,2026-02-15,7.9,4,7,4,0,5,4,5,148.8,49,
847,9,2026-02-16,7.2,2,7,2,1,4,2,4,148.3,47,
848,9,2026-02-17,8.2,4,7,2,0,5,5,5,145.9,54,
849,9,2026-02-18,7.9,3,7,1,0,3,3,3,149.2,50,
850,9,2026-02-19,8.0,3,8,2,3,5,3,5,150.4,52,
851,9,2026-02-20,6.9,3,8,3,1,5,4,5,150.1,56,
852,9,2026-02-21,7.3,3,9,1,1,5,3,5,147.6,52,
853,9,2026-02-22,8.5,4,10,1,1,4,3,5,150.0,51,
854,9,2026-02-23,7.9,4,10,2,2,5,3,4,148.2,51,
855,9,2026-02-24,7.1,2,10,4,1,5,4,5,150.9,56,
856,9,2026-02-25,7.6,2,10,2,3,3,4,3,147.1,51,
857,9,2026-02-26,7.4,2,10,4,4,4,2,2,146.0,49,
858,9,2026-02-27,7.7,3,10,3,4,5,3,4,150.3,52,
859,9,2026-02-28,7.9,3,9,3,4,5,4,4,144.6,52,
860,9,2026-03-01,7.7,2,8,2,2,4,2,4,148.1,51,
861,9,2026-03-02,7.8,2,8,2,1,5,1,5,147.2,53,
862,9,2026-03-03,8.1,4,7,2,2,5,3,5,148.7,52,
863,9,2026-03-04,7.9,3,6,1,0,5,3,3,147.6,51,
864,9,2026-03-05,8.2,5,7,1,0,5,2,5,147.9,54,
865,9,2026-03-06,7.4,2,7,1,0,5,2,4,147.8,51,
866,9,2026-03-07,7.3,2,7,6,0,5,1,5,149.7,50,
867,9,2026-03-08,7.5,2,7,3,0,5,4,3,150.5,52,
868,9,2026-03-09,7.4,2,8,2,1,5,3,5,148.1,53,
869,9,2026-03-10,7.0,2,7,2,0,5,3,5,149.3,51,
870,9,2026-03-11,7.9,3,6,0,0,5,4,4,147.3,50,
871,9,2026-03-12,7.7,4,6,1,1,5,3,5,149.5,49,
872,9,2026-03-13,7.0,2,6,2,0,5,3,4,150.0,48,
873,9,2026-03-14,8.3,4,6,1,0,5,3,4,147.3,50,
874,9,2026-03-15,7.6,3,6,2,1,5,4,5,148.6,48,
875,9,2026-03-16,8.7,5,6,1,1,5,2,5,146.9,52,
876,9,2026-03-17,7.9,4,5,0,0,5,3,5,146.7,53,
877,9,2026-03-18,7.0,3,6,0,1,5,3,4,146.4,50,
878,9,2026-03-19,8.5,4,5,2,0,5,5,4,146.8,47,
879,9,2026-03-20,8.3,3,5,2,1,5,4,4,147.9,51,
880,9,2026-03-21,8.5,4,5,2,0,5,3,4,147.6,47,
881,9,2026-03-22,8.3,5,6,2,0,5,3,5,145.7,49,
882,9,2026-03-23,7.7,2,6,1,0,4,3,5,147.0,50,
883,9,2026-03-24,8.1,4,5,1,1,5,3,5,148.8,50,
884,9,2026-03-25,6.7,2,4,4,0,5,5,5,147.6,48,
885,9,2026-03-26,7.4,2,4,1,1,5,4,4,147.2,48,
886,9,2026-03-27,7.3,3,4,1,1,5,3,5,148.0,49,
887,9,2026-03-28,8.2,4,3,0,1,5,3,4,149.0,51,
888,9,2026-03-29,7.4,2,3,1,0,5,3,5,146.4,45,
889,9,2026-03-30,7.9,4,3,2,3,5,3,4,145.6,47,
890,9,2026-03-31,8.1,4,3,0,1,5,2,5,148.8,47,
891,9,2026-04-01,6.2,2,3,3,0,5,3,5,149.4,48,
892,9,2026-04-02,7.4,2,3,3,1,4,4,5,148.6,46,
893,9,2026-04-03,7.4,3,4,2,0,5,3,4,148.4,49,
894,9,2026-04-04,6.7,2,4,2,1,5,4,4,148.0,48,
895,9,2026-04-05,7.9,3,3,3,2,5,4,5,148.2,48,
896,9,2026-04-06,6.3,1,2,2,2,5,3,5,149.6,45,
897,9,2026-04-07,7.5,2,2,1,1,5,3,5,145.8,46,
898,9,2026-04-08,7.7,3,3,0,1,5,4,5,148.0,48,
899,9,2026-04-09,6.6,2,2,0,1,5,5,5,149.1,47,
900,9,2026-04-10,7.4,2,3,1,0,5,3,5,147.5,48,
901,10,2026-01-01,6.6,1,5,1,1,5,2,3,167.0,57,
902,10,2026-01-02,7.0,2,5,1,0,5,3,5,167.6,58,
903,10,2026-01-03,7.9,4,5,1,0,5,3,5,168.9,57,
904,10,2026-01-04,8.1,3,4,1,1,5,3,4,168.2,58,
905,10,2026-01-05,8.1,4,4,2,0,5,4,5,169.8,60,
906,10,2026-01-06,7.4,2,4,3,1,4,3,4,166.8,56,
907,10,2026-01-07,7.6,3,3,0,0,5,2,5,169.9,56,
908,10,2026-01-08,7.2,2,3,1,0,5,2,5,167.9,57,
909,10,2026-01-09,7.0,3,2,0,1,5,3,5,168.9,59,
910,10,2026-01-10,8.0,4,2,3,1,5,4,5,165.5,56,
911,10,2026-01-11,6.8,2,2,0,1,5,3,5,169.3,55,
912,10,2026-01-12,6.9,3,2,1,1,5,3,4,169.4,58,
913,10,2026-01-13,7.0,4,2,1,1,5,3,4,166.9,57,
914,10,2026-01-14,7.8,3,3,2,0,5,5,5,168.0,56,
915,10,2026-01-15,7.8,2,4,2,2,5,4,5,169.4,55,
916,10,2026-01-16,7.1,3,5,1,0,5,3,5,168.3,60,
917,10,2026-01-17,7.3,1,5,2,0,5,3,4,170.0,59,
918,10,2026-01-18,7.1,2,6,1,1,5,3,5,169.7,59,
919,10,2026-01-19,6.9,1,6,1,1,5,4,5,168.3,61,
920,10,2026-01-20,8.4,4,6,0,1,5,4,5,168.0,62,
921,10,2026-01-21,7.4,2,7,1,0,5,5,5,167.9,60,
922,10,2026-01-22,7.4,2,8,1,1,5,5,5,167.7,60,
923,10,2026-01-23,6.6,1,9,2,1,4,1,4,166.0,62,
924,10,2026-01-24,7.8,4,8,2,2,5,3,4,168.8,62,
925,10,2026-01-25,8.1,4,9,3,1,4,3,3,170.9,64,
926,10,2026-01-26,7.8,4,8,2,3,5,2,5,167.3,60,
927,10,2026-01-27,7.9,4,8,3,1,5,1,5,168.6,58,
928,10,2026-01-28,6.7,2,7,2,1,5,1,4,167.4,57,
929,10,2026-01-29,8.5,4,7,3,0,5,3,5,165.6,59,
930,10,2026-01-30,7.3,3,7,2,0,3,2,3,168.7,63,
931,10,2026-01-31,7.8,3,8,1,3,5,2,5,169.7,58,
932,10,2026-02-01,7.6,2,7,1,1,5,4,5,166.8,61,
933,10,2026-02-02,6.4,1,7,3,0,5,3,3,168.7,64,
934,10,2026-02-03,7.4,2,7,3,1,5,3,5,169.3,60,
935,10,2026-02-04,6.3,2,8,4,1,5,2,5,167.8,63,
936,10,2026-02-05,8.2,2,8,2,1,5,3,5,166.1,58,
937,10,2026-02-06,7.6,3,8,4,4,3,3,3,168.1,63,
938,10,2026-02-07,7.7,3,8,1,2,4,4,3,168.2,61,
939,10,2026-02-08,7.1,2,9,3,1,4,2,3,169.2,62,
940,10,2026-02-09,6.0,2,9,2,1,4,2,3,168.6,66,
941,10,2026-02-10,5.7,2,8,1,2,5,2,4,168.7,63,
942,10,2026-02-11,7.4,2,7,2,1,5,3,5,169.5,60,
943,10,2026-02-12,7.2,2,7,1,1,5,4,5,167.5,62,
944,10,2026-02-13,7.6,3,7,4,0,5,3,5,166.5,61,
945,10,2026-02-14,7.5,3,8,4,1,5,3,5,170.6,60,
946,10,2026-02-15,7.3,2,7,2,0,4,4,3,169.8,59,
947,10,2026-02-16,8.8,3,7,4,1,5,3,5,167.7,59,
948,10,2026-02-17,7.4,2,7,1,1,5,3,5,168.8,59,
949,10,2026-02-18,7.2,2,8,2,2,5,3,5,168.3,63,
950,10,2026-02-19,7.7,3,8,3,2,5,3,5,165.3,62,
951,10,2026-02-20,7.6,3,7,2,0,5,1,4,166.1,61,
952,10,2026-02-21,7.2,3,7,1,2,5,3,5,167.5,58,
953,10,2026-02-22,8.0,4,7,3,1,5,2,5,165.7,58,
954,10,2026-02-23,7.8,2,7,1,0,5,4,5,169.2,59,
955,10,2026-02-24,7.2,1,6,0,0,5,3,5,168.7,58,
956,10,2026-02-25,8.0,2,6,1,0,5,4,5,169.0,58,
957,10,2026-02-26,7.5,2,7,1,0,5,2,5,170.3,56,
958,10,2026-02-27,6.5,2,8,2,3,5,4,3,166.7,61,
959,10,2026-02-28,6.4,1,8,3,1,5,5,3,167.6,67,
960,10,2026-03-01,8.0,3,8,2,3,5,4,5,166.4,61,
961,10,2026-03-02,6.3,2,7,3,0,5,4,5,165.2,59,
962,10,2026-03-03,7.6,4,6,0,0,5,2,5,169.5,58,
963,10,2026-03-04,7.4,3,6,0,2,5,3,5,171.3,58,
964,10,2026-03-05,8.5,3,6,2,1,5,3,5,166.6,58,
965,10,2026-03-06,6.7,1,6,0,3,4,2,5,168.4,60,
966,10,2026-03-07,6.3,1,5,0,0,5,2,3,168.2,60,
967,10,2026-03-08,8.8,4,5,1,1,5,2,4,166.9,55,
968,10,2026-03-09,7.4,4,5,0,1,5,3,5,167.9,57,
969,10,2026-03-10,7.0,3,4,1,0,5,3,5,168.2,60,
970,10,2026-03-11,6.0,3,4,1,2,5,4,5,165.6,57,
971,10,2026-03-12,7.0,2,3,2,1,5,1,5,167.9,58,
972,10,2026-03-13,8.0,3,3,1,1,5,3,5,169.0,60,
973,10,2026-03-14,8.7,4,2,1,3,5,3,5,166.1,52,
974,10,2026-03-15,6.2,2,3,3,0,5,4,5,167.7,61,
975,10,2026-03-16,6.9,3,2,0,2,5,3,5,165.1,56,
976,10,2026-03-17,7.5,2,2,2,0,5,2,5,165.9,59,
977,10,2026-03-18,7.0,3,2,0,0,5,1,5,166.9,59,
978,10,2026-03-19,6.9,2,2,1,0,5,4,5,169.2,56,
979,10,2026-03-20,7.3,1,1,2,0,5,2,5,169.8,58,
980,10,2026-03-21,7.7,3,1,2,0,5,2,5,167.3,57,
981,10,2026-03-22,8.0,3,1,0,1,5,3,5,164.7,55,
982,10,2026-03-23,7.5,2,1,0,0,5,4,5,167.3,56,
983,10,2026-03-24,7.4,1,1,0,0,5,4,5,168.6,55,
984,10,2026-03-25,9.2,3,1,2,4,5,3,5,166.9,55,
985,10,2026-03-26,7.1,3,1,1,1,5,2,5,170.1,56,
986,10,2026-03-27,5.9,1,1,0,0,5,5,5,166.8,55,
987,10,2026-03-28,8.7,4,1,1,0,5,1,5,168.0,58,
988,10,2026-03-29,7.8,3,2,1,1,5,2,4,167.3,55,
989,10,2026-03-30,6.2,2,2,1,0,5,1,5,165.3,56,
990,10,2026-03-31,6.3,2,2,5,0,5,3,5,167.3,57,
991,10,2026-04-01,8.1,4,3,2,0,5,2,5,167.5,56,
992,10,2026-04-02,8.5,5,2,0,1,5,2,5,164.7,53,
993,10,2026-04-03,8.8,4,3,1,0,5,4,5,167.1,54,
994,10,2026-04-04,7.3,3,3,0,1,5,3,5,168.0,59,
995,10,2026-04-05,7.0,2,4,2,3,5,4,5,166.8,60,
996,10,2026-04-06,6.9,2,4,2,1,5,2,4,166.5,58,
997,10,2026-04-07,7.2,3,4,1,1,5,3,5,167.1,57,
998,10,2026-04-08,6.9,3,4,1,0,5,3,5,166.7,55,
999,10,2026-04-09,6.4,1,4,0,0,4,2,3,167.5,57,
1000,10,2026-04-10,7.2,3,5,1,1,5,3,4,169.3,60,
1001,11,2026-01-01,5.6,2,2,0,1,5,2,5,174.1,62,
1002,11,2026-01-02,6.9,2,1,5,2,5,2,4,173.4,61,
1003,11,2026-01-03,6.9,2,1,1,3,5,3,5,173.4,62,
1004,11,2026-01-04,7.4,3,1,0,0,5,2,4,175.0,61,
1005,11,2026-01-05,7.2,2,1,1,0,5,2,5,173.6,61,
1006,11,2026-01-06,6.7,2,1,2,2,5,2,5,171.9,62,
1007,11,2026-01-07,6.7,1,2,1,0,5,4,5,172.3,62,
1008,11,2026-01-08,6.6,2,3,1,0,4,4,4,175.9,66,
1009,11,2026-01-09,6.5,2,4,0,0,5,5,5,177.7,63,
1010,11,2026-01-10,6.8,2,5,2,1,5,3,5,175.5,63,
1011,11,2026-01-11,7.6,3,5,3,0,5,2,5,174.8,64,
1012,11,2026-01-12,8.2,5,5,1,1,5,4,5,177.0,64,
1013,11,2026-01-13,7.4,3,4,1,0,5,2,4,177.2,64,
1014,11,2026-01-14,6.9,3,3,1,2,5,3,5,173.4,62,
1015,11,2026-01-15,7.7,1,2,2,0,5,3,5,174.9,60,
1016,11,2026-01-16,5.9,1,3,1,4,5,2,5,176.7,65,
1017,11,2026-01-17,7.3,3,3,1,0,5,3,4,174.0,64,
1018,11,2026-01-18,8.1,4,3,0,0,5,2,5,175.8,63,
1019,11,2026-01-19,7.5,3,3,0,0,5,4,5,172.0,65,
1020,11,2026-01-20,7.4,3,2,0,0,5,2,5,172.5,62,
1021,11,2026-01-21,5.7,2,2,0,1,4,1,3,171.7,66,
1022,11,2026-01-22,7.1,1,2,1,0,5,2,5,176.6,61,
1023,11,2026-01-23,5.9,2,1,1,1,5,3,5,175.7,64,
1024,11,2026-01-24,7.3,2,1,1,1,5,4,5,174.8,60,
1025,11,2026-01-25,6.5,2,1,1,1,5,2,4,174.5,63,
1026,11,2026-01-26,7.9,3,1,3,3,5,4,4,175.0,58,
1027,11,2026-01-27,7.4,2,1,1,0,5,2,5,173.8,62,
1028,11,2026-01-28,6.2,1,2,2,1,5,3,5,172.3,58,
1029,11,2026-01-29,6.2,2,3,0,0,5,5,5,171.8,69,
1030,11,2026-01-30,7.3,3,3,2,3,5,3,5,169.1,63,
1031,11,2026-01-31,7.8,3,4,0,0,5,3,5,174.2,65,
1032,11,2026-02-01,7.3,2,4,1,1,4,2,5,174.1,63,
1033,11,2026-02-02,7.5,3,3,0,0,5,3,4,172.2,62,
1034,11,2026-02-03,6.3,3,3,0,1,5,3,5,173.3,63,
1035,11,2026-02-04,8.3,3,4,4,2,5,1,4,175.3,66,
1036,11,2026-02-05,6.4,1,4,1,3,5,3,5,175.9,65,
1037,11,2026-02-06,7.1,2,4,1,0,5,4,4,175.1,65,
1038,11,2026-02-07,7.0,2,4,1,0,4,2,4,173.1,63,
1039,11,2026-02-08,8.2,3,3,0,1,5,2,5,176.5,63,
1040,11,2026-02-09,6.9,3,3,0,0,5,4,5,173.9,63,
1041,11,2026-02-10,6.4,2,3,0,0,5,1,5,174.1,66,
1042,11,2026-02-11,7.1,3,2,1,2,5,3,5,174.2,63,
1043,11,2026-02-12,6.8,3,3,1,1,5,5,5,174.1,63,
1044,11,2026-02-13,7.9,3,3,1,0,5,2,5,172.5,63,
1045,11,2026-02-14,6.0,1,3,0,1,4,5,4,175.6,65,
1046,11,2026-02-15,7.2,2,3,5,2,5,3,5,174.0,65,
1047,11,2026-02-16,6.4,1,4,3,3,5,3,5,171.9,66,
1048,11,2026-02-17,6.7,1,4,0,0,5,4,5,176.4,61,
1049,11,2026-02-18,7.2,3,4,1,1,5,4,4,174.0,64,
1050,11,2026-02-19,5.6,1,5,1,1,5,3,5,173.0,69,
1051,11,2026-02-20,6.0,2,5,1,1,5,3,5,173.8,66,
1052,11,2026-02-21,7.1,1,4,0,3,5,4,5,171.6,65,
1053,11,2026-02-22,7.6,1,4,1,0,5,4,5,173.5,65,
1054,11,2026-02-23,7.3,2,3,2,0,5,2,5,173.2,67,
1055,11,2026-02-24,6.5,1,3,1,0,5,2,5,172.9,66,
1056,11,2026-02-25,6.7,2,4,4,0,5,1,5,171.1,62,
1057,11,2026-02-26,6.8,3,5,1,2,5,3,4,175.4,66,
1058,11,2026-02-27,7.4,2,5,1,1,4,5,5,172.4,64,
1059,11,2026-02-28,7.6,3,5,1,1,5,1,5,174.4,62,
1060,11,2026-03-01,8.0,3,5,2,0,5,3,5,172.9,67,
1061,11,2026-03-02,6.1,2,5,0,0,5,2,5,172.7,66,
1062,11,2026-03-03,7.7,4,6,4,0,5,3,5,174.3,67,
1063,11,2026-03-04,7.3,3,6,2,1,5,2,5,170.9,64,
1064,11,2026-03-05,7.2,1,7,2,1,4,3,4,174.3,65,
1065,11,2026-03-06,6.1,2,7,2,0,4,2,4,176.2,65,
1066,11,2026-03-07,8.5,4,6,1,1,5,4,5,174.0,67,
1067,11,2026-03-08,7.5,1,6,1,0,5,3,5,171.5,66,
1068,11,2026-03-09,6.5,2,6,1,1,5,2,5,175.2,65,
1069,11,2026-03-10,6.8,2,6,0,0,5,3,4,174.5,65,
1070,11,2026-03-11,6.7,3,5,2,1,5,2,5,170.5,66,
1071,11,2026-03-12,6.1,2,6,0,2,5,1,5,171.7,71,
1072,11,2026-03-13,8.0,2,6,0,0,5,4,5,175.2,66,
1073,11,2026-03-14,6.5,2,7,6,1,4,3,4,172.9,67,
1074,11,2026-03-15,8.3,4,7,1,0,5,3,5,173.8,66,
1075,11,2026-03-16,8.0,1,7,8,0,4,2,5,175.7,66,
1076,11,2026-03-17,5.6,1,7,1,1,5,3,4,170.6,68,
1077,11,2026-03-18,7.3,3,8,2,1,5,3,5,171.9,68,
1078,11,2026-03-19,5.9,2,7,1,0,5,3,4,174.6,70,
1079,11,2026-03-20,6.8,3,7,2,0,5,5,5,173.5,69,
1080,11,2026-03-21,7.3,3,7,4,2,5,4,5,172.0,68,
1081,11,2026-03-22,8.0,3,6,0,0,5,3,4,171.7,65,
1082,11,2026-03-23,6.4,1,6,1,0,5,4,4,173.9,69,
1083,11,2026-03-24,6.6,2,7,1,2,5,4,4,171.7,66,
1084,11,2026-03-25,7.0,3,7,1,1,5,3,5,172.9,67,
1085,11,2026-03-26,7.5,3,8,2,2,5,3,5,173.8,66,
1086,11,2026-03-27,7.5,2,7,5,1,5,3,5,172.7,65,
1087,11,2026-03-28,7.2,2,7,3,3,4,2,4,173.5,67,
1088,11,2026-03-29,7.8,2,8,2,2,5,5,5,170.6,70,
1089,11,2026-03-30,8.0,3,8,3,2,5,3,5,172.5,69,
1090,11,2026-03-31,7.6,3,8,2,3,5,4,4,175.1,67,
1091,11,2026-04-01,7.4,3,7,2,1,5,3,5,173.0,66,
1092,11,2026-04-02,7.8,4,8,1,2,5,4,5,172.9,70,
1093,11,2026-04-03,6.3,2,7,2,0,3,3,4,170.9,67,
1094,11,2026-04-04,7.1,4,7,4,1,5,4,3,174.9,69,
1095,11,2026-04-05,6.5,2,6,2,1,5,3,5,171.6,64,
1096,11,2026-04-06,7.2,3,5,1,2,5,3,5,172.9,67,
1097,11,2026-04-07,6.8,2,6,0,2,5,3,5,170.6,66,
1098,11,2026-04-08,6.2,3,6,1,0,5,3,5,173.6,63,
1099,11,2026-04-09,6.4,2,5,0,1,5,3,5,171.0,64,
1100,11,2026-04-10,6.9,1,5,0,3,4,4,5,172.7,64,
1101,12,2026-01-01,7.0,2,2,1,0,5,2,5,149.4,62,
1102,12,2026-01-02,6.2,2,2,1,1,5,1,4,148.8,59,
1103,12,2026-01-03,6.2,2,2,1,0,5,2,5,148.8,60,
1104,12,2026-01-04,6.7,2,2,0,0,5,3,5,146.2,59,
1105,12,2026-01-05,6.8,1,2,0,1,5,3,5,148.1,59,
1106,12,2026-01-06,6.4,1,1,2,1,5,2,5,148.5,56,
1107,12,2026-01-07,6.0,1,1,2,1,5,2,5,146.6,59,
1108,12,2026-01-08,5.9,1,2,6,3,5,3,5,147.3,58,
1109,12,2026-01-09,5.5,1,1,3,2,5,4,5,147.1,57,
1110,12,2026-01-10,6.6,1,1,1,2,5,4,5,147.3,56,
1111,12,2026-01-11,6.6,1,1,3,3,5,4,4,149.7,59,
1112,12,2026-01-12,6.8,2,1,1,3,5,1,5,145.0,57,
1113,12,2026-01-13,7.1,1,1,0,0,5,3,5,150.1,59,
1114,12,2026-01-14,7.3,3,1,1,0,5,4,4,144.8,57,
1115,12,2026-01-15,5.3,1,1,1,0,5,4,4,148.3,63,
1116,12,2026-01-16,6.6,2,1,1,1,5,1,5,148.9,62,
1117,12,2026-01-17,7.6,2,1,0,0,5,2,5,150.8,58,
1118,12,2026-01-18,6.8,2,1,0,3,5,4,5,148.6,60,
1119,12,2026-01-19,6.6,2,1,0,1,5,2,5,149.8,60,
1120,12,2026-01-20,7.7,3,1,1,0,5,3,5,144.5,59,
1121,12,2026-01-21,6.4,2,2,1,0,4,3,5,146.0,61,
1122,12,2026-01-22,6.0,1,3,0,2,5,1,4,148.6,60,
1123,12,2026-01-23,6.6,3,3,0,1,5,2,3,147.2,56,
1124,12,2026-01-24,6.4,1,2,1,1,5,2,4,148.0,60,
1125,12,2026-01-25,6.6,3,3,0,3,5,4,4,147.9,58,
1126,12,2026-01-26,6.7,2,3,2,0,5,3,3,147.7,61,
1127,12,2026-01-27,6.0,2,4,1,1,5,4,5,148.3,62,
1128,12,2026-01-28,7.1,2,3,1,0,4,3,4,148.0,64,
1129,12,2026-01-29,7.3,2,2,1,1,5,4,5,147.0,59,
1130,12,2026-01-30,8.0,3,3,2,0,5,3,4,149.0,57,
1131,12,2026-01-31,6.8,4,3,3,0,5,4,4,147.0,59,
1132,12,2026-02-01,6.6,2,3,1,2,5,4,5,150.4,58,
1133,12,2026-02-02,6.2,2,4,2,0,5,3,4,146.5,59,
1134,12,2026-02-03,6.5,2,4,1,1,5,3,4,150.3,62,
1135,12,2026-02-04,7.7,3,4,2,0,5,4,5,150.3,64,
1136,12,2026-02-05,7.0,2,4,2,1,5,1,5,147.4,62,
1137,12,2026-02-06,6.6,3,3,3,0,5,3,4,149.9,60,
1138,12,2026-02-07,6.7,2,4,1,0,5,5,5,149.9,63,
1139,12,2026-02-08,6.5,1,3,0,1,5,4,5,147.3,59,
1140,12,2026-02-09,5.7,1,4,2,1,5,2,5,147.1,62,
1141,12,2026-02-10,7.9,2,3,2,2,5,4,5,147.0,60,
1142,12,2026-02-11,6.0,1,3,2,1,5,5,5,148.3,60,
1143,12,2026-02-12,6.6,1,4,0,1,5,4,5,149.5,61,
1144,12,2026-02-13,6.2,1,5,1,0,5,2,3,149.3,65,
1145,12,2026-02-14,6.9,2,5,3,2,5,3,4,144.9,59,
1146,12,2026-02-15,7.6,3,6,3,2,5,3,5,146.8,63,
1147,12,2026-02-16,6.5,2,6,0,1,4,4,5,145.4,59,
1148,12,2026-02-17,6.4,1,5,2,2,4,4,4,145.6,63,
1149,12,2026-02-18,7.5,4,4,1,0,5,3,5,146.3,59,
1150,12,2026-02-19,7.7,4,5,1,0,5,4,4,147.9,62,
1151,12,2026-02-20,7.7,3,5,0,1,5,3,5,149.1,61,
1152,12,2026-02-21,7.6,3,5,1,0,5,3,4,146.6,67,
1153,12,2026-02-22,5.9,1,5,0,0,5,4,5,146.4,59,
1154,12,2026-02-23,7.1,2,6,1,0,5,2,5,146.3,64,
1155,12,2026-02-24,7.9,3,7,1,0,5,2,4,146.2,61,
1156,12,2026-02-25,7.1,2,7,1,0,5,5,5,149.6,63,
1157,12,2026-02-26,6.3,3,7,2,0,4,2,3,145.9,63,
1158,12,2026-02-27,6.5,1,8,2,1,4,1,5,146.9,63,
1159,12,2026-02-28,7.2,2,8,3,1,5,3,4,144.8,63,
1160,12,2026-03-01,6.8,2,7,2,2,5,2,5,145.6,62,
1161,12,2026-03-02,6.4,1,8,1,3,4,3,5,147.3,61,
1162,12,2026-03-03,7.0,1,8,1,1,5,2,5,144.2,66,
1163,12,2026-03-04,6.6,2,8,4,1,5,3,5,148.1,60,
1164,12,2026-03-05,6.9,2,8,1,2,5,4,5,147.3,65,
1165,12,2026-03-06,7.2,2,7,2,1,3,3,3,146.3,63,
1166,12,2026-03-07,6.0,3,7,2,1,5,2,5,145.5,62,
1167,12,2026-03-08,7.7,3,8,2,3,5,2,5,147.4,64,
1168,12,2026-03-09,7.8,4,7,2,0,5,3,5,149.4,59,
1169,12,2026-03-10,7.1,2,7,1,0,5,1,5,146.9,62,
1170,12,2026-03-11,6.6,1,7,3,0,5,5,5,147.5,63,
1171,12,2026-03-12,6.9,2,7,4,0,5,3,5,146.9,62,
1172,12,2026-03-13,6.7,2,8,5,1,5,3,5,143.3,63,
1173,12,2026-03-14,6.9,2,7,1,2,5,1,5,146.8,64,
1174,12,2026-03-15,6.8,3,7,1,1,5,3,4,145.4,62,
1175,12,2026-03-16,7.0,2,7,1,2,5,3,4,148.7,67,
1176,12,2026-03-17,7.9,4,7,2,0,4,3,5,144.6,65,
1177,12,2026-03-18,7.0,3,6,2,0,5,3,5,144.1,66,
1178,12,2026-03-19,5.5,1,7,1,3,4,3,3,145.9,66,
1179,12,2026-03-20,6.8,2,6,0,2,5,4,5,144.9,63,
1180,12,2026-03-21,6.9,2,7,1,0,4,2,4,147.5,63,
1181,12,2026-03-22,7.6,4,6,1,0,5,3,5,145.0,60,
1182,12,2026-03-23,6.8,2,5,2,3,5,3,5,147.8,58,
1183,12,2026-03-24,5.7,1,4,0,0,5,5,4,147.0,65,
1184,12,2026-03-25,7.2,2,5,2,1,4,4,4,149.6,63,
1185,12,2026-03-26,6.9,3,5,1,2,5,2,5,147.0,60,
1186,12,2026-03-27,5.9,1,5,1,1,5,3,5,146.9,60,
1187,12,2026-03-28,8.0,3,5,1,0,5,2,5,145.6,62,
1188,12,2026-03-29,6.0,1,5,2,0,5,4,4,144.0,63,
1189,12,2026-03-30,6.9,2,6,1,2,5,1,4,146.6,62,
1190,12,2026-03-31,6.5,2,7,2,0,5,4,5,146.2,62,
1191,12,2026-04-01,7.3,2,8,2,2,3,1,3,144.5,65,
1192,12,2026-04-02,6.7,2,8,1,2,4,1,4,148.2,61,
1193,12,2026-04-03,6.0,2,8,2,1,2,2,2,147.1,63,
1194,12,2026-04-04,7.9,4,8,2,1,5,2,5,145.0,61,
1195,12,2026-04-05,5.9,2,8,3,2,4,4,5,144.8,68,
1196,12,2026-04-06,6.8,3,8,3,2,4,4,5,146.4,64,
1197,12,2026-04-07,6.4,2,8,1,2,5,3,4,147.4,63,
1198,12,2026-04-08,6.8,2,8,2,3,5,4,5,145.0,63,
1199,12,2026-04-09,6.3,2,8,1,1,4,1,2,147.2,60,
1200,12,2026-04-10,5.9,1,9,2,1,4,4,4,147.2,61,
1201,13,2026-01-01,7.1,2,2,1,1,5,3,4,146.0,63,
1202,13,2026-01-02,8.4,3,3,2,2,5,4,5,146.0,61,
1203,13,2026-01-03,9.1,5,4,4,2,5,3,5,146.4,56,
1204,13,2026-01-04,6.6,1,5,2,1,5,2,5,145.2,59,
1205,13,2026-01-05,7.3,3,6,1,1,5,2,5,144.9,61,
1206,13,2026-01-06,6.8,2,6,2,2,5,3,5,143.7,59,
1207,13,2026-01-07,7.8,4,5,2,2,5,2,4,145.1,58,
1208,13,2026-01-08,7.8,3,6,1,0,4,3,4,144.1,61,
1209,13,2026-01-09,7.1,2,7,1,1,5,2,4,146.1,64,
1210,13,2026-01-10,7.9,3,7,2,0,4,3,2,147.2,61,
1211,13,2026-01-11,6.7,3,6,1,2,5,2,5,149.8,65,
1212,13,2026-01-12,8.4,4,6,0,0,5,2,5,146.1,63,
1213,13,2026-01-13,7.0,2,6,2,1,5,4,5,145.6,63,
1214,13,2026-01-14,7.4,2,6,2,1,5,2,4,147.5,66,
1215,13,2026-01-15,8.6,4,7,1,0,5,2,5,146.5,60,
1216,13,2026-01-16,6.9,3,6,1,3,3,2,4,146.8,62,
1217,13,2026-01-17,7.1,2,5,2,0,5,3,5,144.7,64,
1218,13,2026-01-18,7.6,1,6,0,0,5,4,5,145.5,63,
1219,13,2026-01-19,8.2,4,6,2,0,5,4,5,144.4,59,
1220,13,2026-01-20,7.3,3,6,0,1,5,4,5,145.6,59,
1221,13,2026-01-21,7.9,3,6,1,1,5,3,4,143.6,60,
1222,13,2026-01-22,7.8,2,6,1,3,4,2,4,145.1,61,
1223,13,2026-01-23,8.7,4,5,2,1,5,2,5,146.4,61,
1224,13,2026-01-24,8.1,5,5,1,1,5,3,4,144.9,60,
1225,13,2026-01-25,7.1,2,6,0,1,5,3,5,145.8,61,
1226,13,2026-01-26,7.6,2,6,0,4,5,4,5,146.2,64,
1227,13,2026-01-27,6.6,1,6,0,1,5,4,4,147.3,62,
1228,13,2026-01-28,6.8,3,7,2,0,5,4,5,145.4,65,
1229,13,2026-01-29,6.8,2,7,2,3,4,4,5,143.3,65,
1230,13,2026-01-30,7.0,2,6,2,0,5,2,5,142.1,60,
1231,13,2026-01-31,7.3,2,5,2,1,5,3,4,146.1,63,
1232,13,2026-02-01,8.0,3,4,2,0,5,1,5,144.9,57,
1233,13,2026-02-02,6.8,1,3,1,1,5,4,5,147.0,60,
1234,13,2026-02-03,7.6,3,3,3,0,5,4,5,146.4,62,
1235,13,2026-02-04,7.7,4,4,0,1,5,2,5,145.2,60,
1236,13,2026-02-05,8.3,3,5,1,2,5,4,5,148.9,58,
1237,13,2026-02-06,7.2,2,6,2,0,5,5,4,146.6,62,
1238,13,2026-02-07,9.1,4,6,3,0,5,3,5,143.7,63,
1239,13,2026-02-08,7.5,1,7,2,2,5,2,5,146.3,63,
1240,13,2026-02-09,7.8,4,6,1,1,5,3,5,147.6,65,
1241,13,2026-02-10,7.4,3,7,2,2,5,1,5,145.1,60,
1242,13,2026-02-11,8.8,4,6,3,1,5,4,4,144.1,60,
1243,13,2026-02-12,8.3,3,7,2,2,5,4,5,144.4,62,
1244,13,2026-02-13,7.8,3,6,2,0,4,3,5,144.0,61,
1245,13,2026-02-14,8.2,4,6,0,0,4,3,5,145.6,60,
1246,13,2026-02-15,7.3,3,5,0,1,5,2,5,143.6,58,
1247,13,2026-02-16,7.8,3,6,0,0,5,3,5,144.8,61,
1248,13,2026-02-17,6.7,1,5,1,1,4,2,5,145.4,63,
1249,13,2026-02-18,6.6,3,5,1,2,5,2,5,143.9,57,
1250,13,2026-02-19,8.4,4,5,0,1,5,4,4,144.0,65,
1251,13,2026-02-20,6.7,1,5,1,0,5,1,4,143.2,61,
1252,13,2026-02-21,7.0,2,4,1,1,5,5,5,145.6,62,
1253,13,2026-02-22,7.9,2,4,1,0,5,4,4,143.4,59,
1254,13,2026-02-23,6.9,2,3,0,2,5,3,4,147.0,61,
1255,13,2026-02-24,7.9,4,3,0,0,5,5,4,145.0,58,
1256,13,2026-02-25,7.0,3,3,0,3,5,2,5,145.8,56,
1257,13,2026-02-26,7.9,4,4,2,2,5,2,5,146.4,59,
1258,13,2026-02-27,7.2,2,4,0,0,5,1,4,146.6,59,
1259,13,2026-02-28,7.7,1,4,1,1,4,4,3,144.4,57,
1260,13,2026-03-01,8.0,3,3,1,0,5,3,5,147.3,62,
1261,13,2026-03-02,7.4,4,4,2,0,5,3,5,144.0,60,
1262,13,2026-03-03,8.8,4,5,1,1,4,2,3,146.1,62,
1263,13,2026-03-04,7.1,1,5,1,1,4,3,2,147.3,57,
1264,13,2026-03-05,5.7,1,6,2,0,5,2,5,143.6,60,
1265,13,2026-03-06,7.9,3,5,0,0,5,3,4,145.0,59,
1266,13,2026-03-07,8.2,3,4,0,3,5,3,5,146.8,57,
1267,13,2026-03-08,8.4,4,4,2,0,5,2,3,145.3,62,
1268,13,2026-03-09,5.9,1,3,1,2,5,3,5,143.8,60,
1269,13,2026-03-10,7.3,2,4,3,2,4,3,5,146.0,56,
1270,13,2026-03-11,6.4,1,4,1,1,5,3,4,143.8,59,
1271,13,2026-03-12,6.9,2,5,1,1,5,2,5,145.9,61,
1272,13,2026-03-13,7.1,3,4,0,2,5,3,4,146.2,60,
1273,13,2026-03-14,5.7,3,4,2,3,5,5,4,148.4,61,
1274,13,2026-03-15,8.2,3,3,4,1,5,4,5,144.7,56,
1275,13,2026-03-16,7.7,3,2,3,1,5,1,5,144.5,56,
1276,13,2026-03-17,6.8,1,2,3,1,5,1,5,143.9,57,
1277,13,2026-03-18,7.6,3,3,1,1,5,3,4,144.5,60,
1278,13,2026-03-19,8.1,3,3,2,0,5,3,5,140.8,59,
1279,13,2026-03-20,7.6,2,3,2,3,5,4,5,144.7,59,
1280,13,2026-03-21,7.5,3,3,1,0,5,3,5,143.2,59,
1281,13,2026-03-22,5.9,1,2,1,1,5,3,5,145.2,60,
1282,13,2026-03-23,6.4,1,2,3,1,5,4,5,144.1,62,
1283,13,2026-03-24,8.9,4,2,0,1,5,2,5,143.1,56,
1284,13,2026-03-25,7.1,2,1,2,1,5,3,5,144.8,58,
1285,13,2026-03-26,7.4,2,1,0,2,5,4,5,145.5,60,
1286,13,2026-03-27,7.5,3,1,2,0,5,3,5,144.4,57,
1287,13,2026-03-28,8.4,4,1,0,0,5,3,5,144.7,55,
1288,13,2026-03-29,7.6,2,1,3,0,5,3,4,144.2,60,
1289,13,2026-03-30,6.7,1,1,2,0,5,3,4,143.8,58,
1290,13,2026-03-31,5.9,2,1,1,1,5,5,5,146.8,57,
1291,13,2026-04-01,6.0,1,2,3,0,5,4,5,141.4,57,
1292,13,2026-04-02,6.6,1,2,1,0,5,4,5,145.6,55,
1293,13,2026-04-03,7.0,2,2,1,1,5,2,4,144.8,61,
1294,13,2026-04-04,7.8,3,1,1,1,5,2,5,142.0,59,
1295,13,2026-04-05,8.0,3,1,0,1,5,3,5,144.2,58,
1296,13,2026-04-06,6.2,2,1,0,1,5,4,4,142.4,56,
1297,13,2026-04-07,7.3,2,1,1,1,5,4,5,144.1,54,
1298,13,2026-04-08,7.6,2,2,0,0,5,2,5,140.0,56,
1299,13,2026-04-09,8.3,3,1,1,3,5,2,5,144.3,55,
1300,13,2026-04-10,7.8,4,1,0,2,5,4,3,142.6,57,
1301,14,2026-01-01,8.4,3,4,2,1,5,2,3,178.4,56,
1302,14,2026-01-02,6.8,4,4,0,0,5,3,5,177.9,55,
1303,14,2026-01-03,6.5,2,4,1,1,5,4,5,178.5,57,
1304,14,2026-01-04,7.3,3,4,3,0,5,3,5,180.2,53,
1305,14,2026-01-05,7.6,1,5,1,2,5,2,5,178.3,56,
1306,14,2026-01-06,8.3,3,6,0,2,5,3,5,177.3,57,
1307,14,2026-01-07,7.3,2,6,1,1,5,2,4,178.8,58,
1308,14,2026-01-08,7.0,2,7,1,0,5,1,4,178.4,57,
1309,14,2026-01-09,7.5,2,7,2,1,5,3,4,178.4,55,
1310,14,2026-01-10,7.9,3,7,1,0,5,3,4,176.1,60,
1311,14,2026-01-11,8.2,4,6,3,2,5,3,5,179.5,57,
1312,14,2026-01-12,7.0,1,6,2,0,5,2,4,178.1,58,
1313,14,2026-01-13,7.0,2,6,3,3,5,4,5,177.7,56,
1314,14,2026-01-14,7.6,4,6,0,1,5,3,5,177.5,62,
1315,14,2026-01-15,7.4,2,6,1,4,5,2,5,178.9,53,
1316,14,2026-01-16,8.2,3,6,0,2,5,4,5,180.3,55,
1317,14,2026-01-17,8.3,3,5,1,0,5,5,5,177.3,58,
1318,14,2026-01-18,6.5,2,5,0,0,5,4,5,179.9,55,
1319,14,2026-01-19,8.5,4,6,1,0,5,3,3,178.1,56,
1320,14,2026-01-20,5.4,2,6,0,2,5,2,5,178.4,60,
1321,14,2026-01-21,7.7,4,7,2,2,5,3,4,175.7,59,
1322,14,2026-01-22,6.7,3,7,1,1,5,4,4,181.1,56,
1323,14,2026-01-23,5.9,3,7,1,0,4,4,4,177.9,61,
1324,14,2026-01-24,6.7,1,8,2,1,4,5,4,176.7,57,
1325,14,2026-01-25,7.1,3,8,3,1,5,2,4,180.1,57,
1326,14,2026-01-26,7.3,3,7,2,0,5,2,5,176.7,60,
1327,14,2026-01-27,6.9,2,6,0,1,5,3,4,179.9,56,
1328,14,2026-01-28,7.0,3,5,0,3,4,3,4,177.9,53,
1329,14,2026-01-29,6.8,3,5,0,0,5,2,4,175.7,55,
1330,14,2026-01-30,7.0,2,5,1,2,5,3,4,177.2,57,
1331,14,2026-01-31,7.5,2,5,1,2,5,2,5,179.9,55,
1332,14,2026-02-01,7.6,3,6,1,1,5,4,5,178.4,59,
1333,14,2026-02-02,6.3,1,6,2,1,5,3,4,177.9,55,
1334,14,2026-02-03,7.5,3,7,1,0,4,4,4,177.9,57,
1335,14,2026-02-04,7.9,2,8,2,1,5,3,4,179.1,59,
1336,14,2026-02-05,5.6,1,8,3,1,5,4,4,177.1,62,
1337,14,2026-02-06,6.8,1,8,2,2,3,4,3,177.0,56,
1338,14,2026-02-07,6.6,2,9,2,2,5,3,5,178.1,59,
1339,14,2026-02-08,7.7,2,9,2,2,5,4,5,175.8,59,
1340,14,2026-02-09,6.5,1,9,2,2,3,5,4,176.6,56,
1341,14,2026-02-10,6.6,2,8,4,4,5,2,4,179.0,61,
1342,14,2026-02-11,6.0,1,7,2,0,3,4,5,177.6,56,
1343,14,2026-02-12,7.1,2,7,3,1,4,3,3,175.1,57,
1344,14,2026-02-13,6.2,2,6,2,3,4,4,4,178.5,57,
1345,14,2026-02-14,6.9,1,5,1,0,5,1,5,179.7,58,
1346,14,2026-02-15,7.4,4,6,1,1,5,2,5,176.1,58,
1347,14,2026-02-16,7.3,2,5,1,0,5,2,5,176.7,59,
1348,14,2026-02-17,6.3,2,5,0,1,5,4,5,180.0,56,
1349,14,2026-02-18,6.4,2,4,1,0,5,3,5,177.4,54,
1350,14,2026-02-19,6.8,3,3,1,0,5,3,5,178.8,54,
1351,14,2026-02-20,7.4,2,2,1,1,4,5,4,176.4,54,
1352,14,2026-02-21,7.6,3,2,3,0,5,4,5,179.4,53,
1353,14,2026-02-22,8.4,5,2,0,2,5,2,5,176.2,51,
1354,14,2026-02-23,7.6,3,3,0,2,5,3,5,176.8,53,
1355,14,2026-02-24,7.6,2,4,0,0,5,3,4,179.4,57,
1356,14,2026-02-25,7.5,3,4,1,0,5,5,5,174.9,56,
1357,14,2026-02-26,7.0,2,4,3,0,5,4,5,179.2,56,
1358,14,2026-02-27,5.9,1,4,2,0,5,4,4,175.8,54,
1359,14,2026-02-28,7.7,3,5,0,3,5,4,5,177.8,57,
1360,14,2026-03-01,5.8,1,6,1,3,4,2,5,176.9,58,
1361,14,2026-03-02,6.9,3,6,1,1,5,2,5,175.9,58,
1362,14,2026-03-03,5.7,2,5,2,0,5,1,5,177.0,60,
1363,14,2026-03-04,7.8,3,4,0,0,5,2,5,178.3,56,
1364,14,2026-03-05,7.8,3,3,0,0,5,4,4,179.7,53,
1365,14,2026-03-06,7.5,4,3,0,0,5,3,5,177.5,55,
1366,14,2026-03-07,8.2,3,4,1,2,5,3,5,176.2,57,
1367,14,2026-03-08,8.1,3,4,1,1,5,3,5,176.8,53,
1368,14,2026-03-09,6.7,2,4,2,0,4,4,3,179.1,54,
1369,14,2026-03-10,7.1,3,3,3,0,5,3,4,178.0,58,
1370,14,2026-03-11,6.2,2,2,0,1,5,2,4,176.7,54,
1371,14,2026-03-12,7.4,3,2,0,0,5,4,5,176.2,53,
1372,14,2026-03-13,6.9,2,2,0,2,5,4,4,174.1,52,
1373,14,2026-03-14,7.3,3,1,2,2,5,3,5,178.9,54,
1374,14,2026-03-15,7.7,3,1,0,0,5,4,5,178.2,49,
1375,14,2026-03-16,6.5,2,1,1,1,5,2,5,176.3,52,
1376,14,2026-03-17,7.1,3,2,1,0,5,5,5,175.6,55,
1377,14,2026-03-18,7.8,3,1,1,1,5,3,5,176.4,52,
1378,14,2026-03-19,5.0,1,2,1,2,5,5,5,175.8,54,
1379,14,2026-03-20,7.6,2,2,0,1,5,5,5,176.5,54,
1380,14,2026-03-21,7.5,2,2,2,1,5,3,5,177.1,53,
1381,14,2026-03-22,5.8,1,2,0,3,5,2,5,175.9,54,
1382,14,2026-03-23,7.6,3,2,0,1,5,3,5,175.5,53,
1383,14,2026-03-24,6.7,2,2,2,1,5,3,4,181.4,50,
1384,14,2026-03-25,7.2,3,1,0,0,5,3,5,175.3,54,
1385,14,2026-03-26,5.7,1,1,1,2,5,3,5,177.1,53,
1386,14,2026-03-27,7.8,3,2,2,1,5,3,5,176.5,55,
1387,14,2026-03-28,7.1,2,2,2,0,5,3,5,177.3,56,
1388,14,2026-03-29,6.7,2,2,0,2,5,4,5,176.1,53,
1389,14,2026-03-30,6.7,3,1,0,1,5,2,4,177.1,52,
1390,14,2026-03-31,6.3,1,1,1,2,5,5,5,175.8,51,
1391,14,2026-04-01,7.2,4,2,0,0,5,3,5,175.1,52,
1392,14,2026-04-02,5.7,2,3,3,0,5,3,5,178.1,54,
1393,14,2026-04-03,8.5,4,3,2,1,5,2,5,175.1,52,
1394,14,2026-04-04,7.7,3,3,2,0,5,3,5,176.0,53,
1395,14,2026-04-05,8.3,3,3,1,0,5,2,5,177.3,55,
1396,14,2026-04-06,7.3,3,3,0,2,5,3,5,180.6,55,
1397,14,2026-04-07,6.7,1,4,3,0,5,2,5,178.1,54,
1398,14,2026-04-08,7.4,2,4,0,0,5,2,5,174.8,56,
1399,14,2026-04-09,6.7,2,3,0,0,5,3,5,174.5,53,
1400,14,2026-04-10,6.4,1,4,1,1,5,5,4,178.1,57,
1401,15,2026-01-01,8.0,3,3,2,0,5,4,5,143.1,45,
1402,15,2026-01-02,8.4,4,3,2,2,5,2,5,142.0,45,
1403,15,2026-01-03,7.5,3,3,0,0,5,4,5,140.4,45,
1404,15,2026-01-04,8.6,4,4,2,1,5,5,5,142.6,45,
1405,15,2026-01-05,7.7,4,3,0,1,5,4,5,141.9,45,
1406,15,2026-01-06,9.3,5,3,2,2,5,3,5,140.8,45,
1407,15,2026-01-07,8.0,4,4,1,1,5,2,4,139.6,45,
1408,15,2026-01-08,8.5,4,4,2,1,5,4,5,143.5,45,
1409,15,2026-01-09,8.2,5,4,2,0,5,3,5,142.4,45,
1410,15,2026-01-10,8.5,3,4,0,0,5,2,5,141.6,45,
1411,15,2026-01-11,8.4,4,4,0,1,5,3,5,140.3,45,
1412,15,2026-01-12,8.0,2,5,3,0,5,3,4,142.8,45,
1413,15,2026-01-13,8.3,4,5,0,0,5,1,4,141.4,45,
1414,15,2026-01-14,8.4,3,4,2,2,5,4,5,143.9,45,
1415,15,2026-01-15,7.8,4,3,1,5,5,5,4,142.8,45,
1416,15,2026-01-16,8.5,3,3,0,0,4,1,4,141.3,45,
1417,15,2026-01-17,6.6,2,2,0,4,5,3,5,141.4,45,
1418,15,2026-01-18,8.6,3,3,2,0,5,1,3,141.7,45,
1419,15,2026-01-19,8.0,4,2,2,0,5,2,5,143.6,45,
1420,15,2026-01-20,7.6,3,2,1,0,5,3,4,143.2,45,
1421,15,2026-01-21,8.7,4,1,2,0,5,3,5,142.0,45,
1422,15,2026-01-22,6.4,2,1,0,1,5,3,4,142.1,45,
1423,15,2026-01-23,7.3,1,2,1,0,5,4,5,141.8,45,
1424,15,2026-01-24,9.0,5,2,2,2,5,4,5,143.1,45,
1425,15,2026-01-25,7.7,4,3,0,0,5,5,5,143.1,45,
1426,15,2026-01-26,8.6,4,3,2,0,5,2,5,142.5,45,
1427,15,2026-01-27,7.9,3,2,2,0,5,4,5,142.4,45,
1428,15,2026-01-28,8.8,4,2,1,1,5,5,5,142.4,45,
1429,15,2026-01-29,7.8,3,3,1,0,5,3,4,141.1,45,
1430,15,2026-01-30,8.8,5,3,0,0,5,3,5,142.1,45,
1431,15,2026-01-31,9.4,4,4,3,1,5,3,5,141.1,45,
1432,15,2026-02-01,8.3,3,3,1,3,5,4,5,141.0,45,
1433,15,2026-02-02,8.3,3,4,2,2,5,2,5,143.0,45,
1434,15,2026-02-03,7.7,3,4,1,2,5,3,3,140.2,45,
1435,15,2026-02-04,9.3,5,5,0,1,5,4,5,141.0,45,
1436,15,2026-02-05,7.9,2,5,0,3,5,2,5,144.4,45,
1437,15,2026-02-06,7.7,3,4,0,0,5,4,5,141.7,45,
1438,15,2026-02-07,8.1,4,5,0,0,5,3,5,140.4,45,
1439,15,2026-02-08,9.2,5,5,0,0,5,4,5,144.8,45,
1440,15,2026-02-09,7.7,4,5,1,0,5,3,5,140.4,45,
1441,15,2026-02-10,6.7,2,5,2,1,5,1,5,143.0,45,
1442,15,2026-02-11,7.5,2,4,2,0,5,1,4,138.2,45,
1443,15,2026-02-12,8.2,4,4,0,1,5,3,5,144.2,45,
1444,15,2026-02-13,7.9,2,3,3,0,5,2,4,142.0,45,
1445,15,2026-02-14,8.9,4,4,2,1,5,4,5,142.8,46,
1446,15,2026-02-15,7.2,3,4,1,0,5,3,5,141.6,45,
1447,15,2026-02-16,7.4,3,4,2,1,5,5,5,139.3,45,
1448,15,2026-02-17,7.6,3,4,0,2,5,1,5,143.3,45,
1449,15,2026-02-18,6.2,2,5,2,2,4,3,4,142.6,45,
1450,15,2026-02-19,6.8,3,5,3,0,5,2,5,141.6,45,
1451,15,2026-02-20,8.6,3,5,2,0,5,5,5,143.0,45,
1452,15,2026-02-21,9.1,5,6,1,0,5,3,4,140.4,45,
1453,15,2026-02-22,7.7,3,6,0,1,5,3,5,140.9,45,
1454,15,2026-02-23,7.8,2,6,0,0,5,3,4,143.2,45,
1455,15,2026-02-24,8.2,4,6,1,0,5,3,5,140.1,45,
1456,15,2026-02-25,7.8,3,5,2,2,5,4,4,142.6,45,
1457,15,2026-02-26,7.5,3,5,1,1,5,2,5,140.1,45,
1458,15,2026-02-27,8.5,3,5,3,3,5,5,5,142.3,45,
1459,15,2026-02-28,8.4,3,4,0,1,5,3,4,141.9,45,
1460,15,2026-03-01,8.2,3,3,2,0,5,3,5,140.3,45,
1461,15,2026-03-02,8.0,4,4,0,1,5,3,5,142.0,45,
1462,15,2026-03-03,7.8,4,4,0,1,5,3,5,140.7,45,
1463,15,2026-03-04,8.5,3,5,0,0,5,3,5,142.6,45,
1464,15,2026-03-05,7.2,3,5,0,1,5,2,5,142.2,45,
1465,15,2026-03-06,7.2,3,4,1,0,5,4,5,142.4,45,
1466,15,2026-03-07,9.0,5,5,3,0,5,2,5,138.9,45,
1467,15,2026-03-08,8.2,3,5,0,1,5,2,4,142.6,45,
1468,15,2026-03-09,8.0,3,5,1,0,5,2,5,142.7,45,
1469,15,2026-03-10,7.5,4,5,0,1,5,5,5,142.6,45,
1470,15,2026-03-11,8.2,4,5,3,1,5,3,3,140.8,45,
1471,15,2026-03-12,8.1,3,6,0,1,5,5,5,141.3,45,
1472,15,2026-03-13,7.2,3,6,0,0,5,2,5,140.3,45,
1473,15,2026-03-14,9.5,4,7,1,1,5,4,5,140.9,45,
1474,15,2026-03-15,8.3,4,8,5,1,5,4,5,142.8,45,
1475,15,2026-03-16,7.3,2,8,1,1,5,4,3,138.8,45,
1476,15,2026-03-17,8.5,3,8,1,2,5,3,5,143.1,47,
1477,15,2026-03-18,8.8,4,8,2,4,5,4,5,141.3,45,
1478,15,2026-03-19,7.7,5,7,1,0,5,4,5,142.9,45,
1479,15,2026-03-20,9.0,4,7,1,0,5,4,4,141.7,45,
1480,15,2026-03-21,8.6,3,6,2,0,5,2,5,142.3,45,
1481,15,2026-03-22,7.3,3,7,2,0,5,4,5,139.4,45,
1482,15,2026-03-23,8.6,4,8,2,3,5,3,4,140.1,45,
1483,15,2026-03-24,7.3,1,9,2,1,4,2,4,144.4,45,
1484,15,2026-03-25,6.9,3,9,3,1,5,3,5,141.0,49,
1485,15,2026-03-26,7.8,3,8,3,1,5,3,5,142.1,45,
1486,15,2026-03-27,7.9,4,9,2,1,5,3,5,139.7,46,
1487,15,2026-03-28,8.3,4,10,3,1,3,3,2,139.0,48,
1488,15,2026-03-29,8.1,4,10,2,2,5,3,5,139.7,46,
1489,15,2026-03-30,8.1,4,9,1,1,4,4,4,140.2,46,
1490,15,2026-03-31,7.3,2,10,2,2,4,3,4,139.4,46,
1491,15,2026-04-01,8.9,4,9,2,2,5,2,4,140.3,46,
1492,15,2026-04-02,7.2,2,9,2,1,5,2,5,142.4,45,
1493,15,2026-04-03,8.9,5,9,1,3,5,3,5,138.8,47,
1494,15,2026-04-04,7.3,3,9,2,4,4,4,4,142.3,50,
1495,15,2026-04-05,8.3,4,9,3,2,4,4,5,137.7,45,
1496,15,2026-04-06,7.7,4,9,1,1,4,4,3,141.6,45,
1497,15,2026-04-07,8.5,4,10,2,1,5,4,5,140.1,45,
1498,15,2026-04-08,8.6,4,9,2,1,5,3,5,140.1,45,
1499,15,2026-04-09,7.8,3,9,4,1,4,4,4,142.7,45,
1500,15,2026-04-10,7.3,2,10,3,2,4,3,3,140.0,46,
1501,16,2026-01-01,6.4,1,3,0,0,5,2,5,200.7,59,
1502,16,2026-01-02,5.9,1,3,3,2,5,2,5,196.8,59,
1503,16,2026-01-03,6.2,2,2,1,0,5,3,5,198.9,60,
1504,16,2026-01-04,8.7,4,1,0,0,5,2,5,196.7,59,
1505,16,2026-01-05,5.4,1,2,2,0,5,2,5,198.4,64,
1506,16,2026-01-06,6.9,2,3,1,1,5,5,5,198.9,61,
1507,16,2026-01-07,6.5,1,2,2,1,5,2,5,198.2,61,
1508,16,2026-01-08,6.5,1,2,0,0,5,2,5,197.3,63,
1509,16,2026-01-09,6.3,2,1,0,1,5,1,5,199.5,59,
1510,16,2026-01-10,7.9,4,1,1,0,5,4,4,197.9,58,
1511,16,2026-01-11,6.7,2,1,0,0,5,5,4,200.3,62,
1512,16,2026-01-12,5.9,1,1,3,0,5,3,5,198.7,61,
1513,16,2026-01-13,7.0,4,1,1,0,5,4,5,198.3,58,
1514,16,2026-01-14,6.3,1,1,1,2,5,4,5,196.4,61,
1515,16,2026-01-15,7.3,2,2,3,0,5,3,4,195.5,61,
1516,16,2026-01-16,6.8,3,1,1,0,5,4,5,196.3,58,
1517,16,2026-01-17,8.4,2,2,2,1,5,4,5,198.5,60,
1518,16,2026-01-18,7.3,1,3,1,1,4,4,5,199.2,62,
1519,16,2026-01-19,6.6,3,3,0,0,5,3,4,198.7,62,
1520,16,2026-01-20,7.7,3,2,0,0,5,4,5,196.8,57,
1521,16,2026-01-21,5.9,1,1,3,0,5,2,5,197.3,62,
1522,16,2026-01-22,7.3,3,2,1,1,5,3,4,198.7,59,
1523,16,2026-01-23,5.8,1,2,2,1,5,1,5,201.1,61,
1524,16,2026-01-24,7.7,2,1,1,2,5,4,5,199.1,60,
1525,16,2026-01-25,6.3,2,2,5,0,5,2,5,200.0,60,
1526,16,2026-01-26,7.0,1,2,1,1,5,3,5,197.5,62,
1527,16,2026-01-27,7.5,3,3,0,3,5,5,5,196.7,61,
1528,16,2026-01-28,6.8,3,3,1,0,5,3,5,197.9,61,
1529,16,2026-01-29,7.0,2,2,4,1,5,2,5,197.2,64,
1530,16,2026-01-30,7.2,3,2,1,1,5,2,3,199.3,58,
1531,16,2026-01-31,6.9,4,1,0,0,5,3,5,196.8,61,
1532,16,2026-02-01,7.3,3,1,1,2,5,3,5,195.8,62,
1533,16,2026-02-02,5.9,2,1,1,1,5,4,5,198.5,60,
1534,16,2026-02-03,7.8,3,2,1,2,5,3,4,200.2,62,
1535,16,2026-02-04,6.0,1,2,0,2,5,4,5,200.7,59,
1536,16,2026-02-05,6.4,1,1,2,1,5,4,4,197.2,61,
1537,16,2026-02-06,7.1,3,2,0,0,5,4,5,196.2,58,
1538,16,2026-02-07,6.9,2,2,1,0,5,4,4,196.6,63,
1539,16,2026-02-08,6.3,2,2,1,1,5,4,5,196.6,58,
1540,16,2026-02-09,6.7,1,2,2,1,5,3,5,198.2,61,
1541,16,2026-02-10,7.2,2,1,0,0,5,2,5,196.5,61,
1542,16,2026-02-11,6.4,1,2,0,2,5,2,5,198.6,63,
1543,16,2026-02-12,5.6,1,2,2,0,5,3,5,196.2,59,
1544,16,2026-02-13,6.6,2,1,0,0,5,2,4,196.0,61,
1545,16,2026-02-14,6.1,2,1,2,1,5,3,5,198.9,58,
1546,16,2026-02-15,7.1,4,1,2,1,5,3,5,197.3,59,
1547,16,2026-02-16,6.9,3,1,2,0,5,3,5,195.9,59,
1548,16,2026-02-17,5.1,1,1,1,0,5,2,4,197.1,62,
1549,16,2026-02-18,6.5,3,2,1,1,5,2,5,195.5,61,
1550,16,2026-02-19,6.8,2,2,2,0,4,2,4,195.5,62,
1551,16,2026-02-20,6.4,1,1,0,0,5,4,5,194.7,62,
1552,16,2026-02-21,7.2,2,1,0,1,5,2,5,198.4,59,
1553,16,2026-02-22,6.1,2,1,0,1,5,3,5,198.5,62,
1554,16,2026-02-23,5.8,2,1,3,0,5,3,4,198.5,57,
1555,16,2026-02-24,6.8,4,1,0,0,5,1,5,196.9,60,
1556,16,2026-02-25,7.2,2,1,1,2,5,3,4,197.2,59,
1557,16,2026-02-26,7.1,2,1,3,2,5,3,5,197.5,58,
1558,16,2026-02-27,6.1,1,1,2,0,5,2,5,196.7,61,
1559,16,2026-02-28,7.8,3,1,1,0,5,4,5,195.9,60,
1560,16,2026-03-01,6.7,2,1,1,2,5,2,4,195.3,61,
1561,16,2026-03-02,5.8,1,2,0,1,5,4,5,197.8,59,
1562,16,2026-03-03,6.7,2,1,2,0,5,2,4,197.6,65,
1563,16,2026-03-04,7.0,2,1,2,0,5,3,5,198.3,61,
1564,16,2026-03-05,6.0,2,1,0,2,5,2,5,196.7,61,
1565,16,2026-03-06,5.9,1,1,0,3,5,4,5,197.4,61,
1566,16,2026-03-07,6.2,2,2,0,0,5,3,4,197.9,63,
1567,16,2026-03-08,6.3,3,2,1,1,5,2,4,197.5,60,
1568,16,2026-03-09,7.2,3,2,4,2,5,4,5,196.4,62,
1569,16,2026-03-10,7.2,3,1,1,1,5,4,5,197.8,61,
1570,16,2026-03-11,5.9,2,1,0,1,5,3,5,197.4,60,
1571,16,2026-03-12,7.0,2,2,0,0,5,3,5,201.4,59,
1572,16,2026-03-13,5.9,1,1,3,0,5,4,5,198.2,63,
1573,16,2026-03-14,6.3,2,1,2,1,5,4,5,196.6,61,
1574,16,2026-03-15,6.6,3,1,1,0,5,2,5,198.1,65,
1575,16,2026-03-16,6.9,1,1,2,0,5,4,5,196.0,61,
1576,16,2026-03-17,7.1,3,2,3,1,5,2,4,197.6,62,
1577,16,2026-03-18,6.8,2,1,2,0,5,3,5,195.3,58,
1578,16,2026-03-19,6.9,3,1,1,0,5,3,5,199.2,59,
1579,16,2026-03-20,7.0,3,2,2,1,5,3,5,199.5,62,
1580,16,2026-03-21,6.0,1,1,2,2,5,5,5,195.2,63,
1581,16,2026-03-22,7.6,1,1,2,0,5,3,4,198.2,59,
1582,16,2026-03-23,6.4,2,2,0,2,5,4,5,194.4,65,
1583,16,2026-03-24,7.8,4,1,0,0,5,4,4,196.6,59,
1584,16,2026-03-25,6.7,3,1,2,0,5,4,4,197.1,59,
1585,16,2026-03-26,7.0,1,1,0,3,5,1,5,198.1,56,
1586,16,2026-03-27,7.0,3,2,1,1,5,3,4,197.3,59,
1587,16,2026-03-28,7.1,2,3,2,0,5,3,5,196.0,61,
1588,16,2026-03-29,7.3,3,2,0,1,5,2,5,197.2,61,
1589,16,2026-03-30,6.4,2,1,1,1,5,2,5,192.7,62,
1590,16,2026-03-31,6.7,2,1,1,1,5,4,4,194.9,65,
1591,16,2026-04-01,5.9,2,1,0,0,5,3,4,196.3,64,
1592,16,2026-04-02,6.8,2,1,0,1,5,3,3,196.7,61,
1593,16,2026-04-03,6.6,2,2,4,0,5,3,5,196.5,58,
1594,16,2026-04-04,6.9,2,1,1,1,5,3,5,195.8,62,
1595,16,2026-04-05,6.7,2,2,0,2,5,5,4,199.3,63,
1596,16,2026-04-06,6.5,1,3,1,1,5,3,3,196.1,65,
1597,16,2026-04-07,7.2,3,4,0,0,5,1,5,197.6,61,
1598,16,2026-04-08,5.7,1,4,2,1,4,2,4,197.2,62,
1599,16,2026-04-09,7.2,3,3,2,0,5,3,5,195.8,64,
1600,16,2026-04-10,5.9,1,2,0,0,5,4,5,195.0,58,
1601,17,2026-01-01,7.9,4,4,1,3,5,3,5,181.9,47,
1602,17,2026-01-02,7.1,2,3,0,3,5,2,5,181.8,49,
1603,17,2026-01-03,7.7,4,3,0,0,5,3,4,182.7,45,
1604,17,2026-01-04,6.2,2,3,3,1,5,3,5,181.8,47,
1605,17,2026-01-05,6.7,3,2,0,0,5,3,5,181.9,45,
1606,17,2026-01-06,6.2,3,1,0,2,5,3,5,184.3,48,
1607,17,2026-01-07,7.5,3,1,2,1,5,3,5,182.9,45,
1608,17,2026-01-08,7.1,2,1,3,0,5,3,5,181.7,45,
1609,17,2026-01-09,6.5,2,1,1,0,5,3,3,181.8,46,
1610,17,2026-01-10,7.1,3,1,1,1,5,4,5,183.9,45,
1611,17,2026-01-11,7.0,2,2,3,1,5,3,5,181.2,48,
1612,17,2026-01-12,7.5,5,3,2,1,5,3,4,184.0,47,
1613,17,2026-01-13,7.9,4,2,3,1,5,2,5,181.2,45,
1614,17,2026-01-14,7.5,3,2,1,1,5,2,5,182.5,45,
1615,17,2026-01-15,8.0,2,2,1,0,5,3,5,180.8,45,
1616,17,2026-01-16,7.0,3,2,1,0,5,4,5,182.9,45,
1617,17,2026-01-17,7.4,4,2,1,0,5,3,5,181.7,45,
1618,17,2026-01-18,7.1,3,3,2,0,5,3,5,181.1,47,
1619,17,2026-01-19,6.3,2,4,2,2,5,3,5,183.0,48,
1620,17,2026-01-20,6.5,3,4,3,0,5,3,5,183.4,47,
1621,17,2026-01-21,6.6,1,4,1,1,5,4,4,181.4,50,
1622,17,2026-01-22,5.5,1,3,2,2,5,4,5,184.6,47,
1623,17,2026-01-23,6.0,1,4,0,0,4,2,5,181.6,49,
1624,17,2026-01-24,8.9,4,4,1,0,5,3,5,181.6,48,
1625,17,2026-01-25,7.9,2,3,1,1,5,4,4,179.3,45,
1626,17,2026-01-26,6.2,1,2,0,0,4,3,5,181.4,45,
1627,17,2026-01-27,7.1,1,2,1,1,5,1,5,180.2,45,
1628,17,2026-01-28,7.0,2,1,1,1,5,2,5,178.8,45,
1629,17,2026-01-29,7.0,2,2,0,1,5,4,5,183.8,47,
1630,17,2026-01-30,6.5,2,2,1,1,5,5,5,180.7,49,
1631,17,2026-01-31,7.2,2,2,2,1,5,2,5,182.7,47,
1632,17,2026-02-01,6.8,2,3,2,2,5,1,5,181.4,49,
1633,17,2026-02-02,7.0,2,3,3,0,5,3,5,182.8,49,
1634,17,2026-02-03,6.0,1,4,0,1,5,2,5,182.9,47,
1635,17,2026-02-04,6.1,3,3,0,2,5,1,5,182.8,46,
1636,17,2026-02-05,6.6,3,4,2,1,5,3,4,181.0,49,
1637,17,2026-02-06,6.1,1,4,1,0,5,3,5,182.1,46,
1638,17,2026-02-07,7.1,2,4,1,3,4,5,3,180.5,47,
1639,17,2026-02-08,7.0,3,4,0,0,5,4,5,182.1,45,
1640,17,2026-02-09,6.4,3,4,0,1,5,3,4,182.7,47,
1641,17,2026-02-10,6.0,2,5,3,0,5,4,5,183.8,49,
1642,17,2026-02-11,7.3,4,5,2,0,5,3,5,181.5,47,
1643,17,2026-02-12,6.7,4,5,1,0,5,2,5,183.8,52,
1644,17,2026-02-13,5.4,1,4,2,0,5,2,5,178.5,45,
1645,17,2026-02-14,7.3,3,5,1,0,5,2,5,180.1,46,
1646,17,2026-02-15,7.7,3,4,4,0,5,5,4,182.1,45,
1647,17,2026-02-16,7.6,3,4,4,0,5,3,4,182.4,48,
1648,17,2026-02-17,6.9,3,4,2,0,5,3,5,183.1,45,
1649,17,2026-02-18,7.5,3,5,1,0,5,2,4,183.1,50,
1650,17,2026-02-19,6.1,2,5,1,0,4,4,4,181.4,47,
1651,17,2026-02-20,7.4,4,6,2,2,5,3,5,184.5,49,
1652,17,2026-02-21,7.1,3,5,2,0,5,2,3,181.1,52,
1653,17,2026-02-22,7.4,3,5,1,0,5,3,5,182.9,45,
1654,17,2026-02-23,7.3,3,6,2,0,5,4,4,183.8,45,
1655,17,2026-02-24,7.7,3,7,2,0,5,2,5,182.1,47,
1656,17,2026-02-25,6.9,3,6,4,1,5,3,5,181.0,46,
1657,17,2026-02-26,7.4,3,5,1,1,5,2,4,183.4,46,
1658,17,2026-02-27,7.0,2,6,4,0,4,2,4,179.9,48,
1659,17,2026-02-28,8.5,2,5,1,0,5,5,5,180.9,47,
1660,17,2026-03-01,7.4,2,5,0,0,5,3,4,180.9,49,
1661,17,2026-03-02,7.3,3,6,2,2,5,4,5,180.9,52,
1662,17,2026-03-03,7.0,3,5,2,1,5,4,5,178.8,48,
1663,17,2026-03-04,6.6,1,4,2,1,4,2,4,179.4,45,
1664,17,2026-03-05,7.7,4,5,1,0,5,2,4,182.2,48,
1665,17,2026-03-06,6.6,2,6,0,1,5,2,5,178.3,53,
1666,17,2026-03-07,7.2,4,7,1,0,5,3,5,181.2,48,
1667,17,2026-03-08,6.6,4,6,1,0,5,3,5,180.7,50,
1668,17,2026-03-09,5.3,2,5,1,0,5,1,5,177.5,47,
1669,17,2026-03-10,6.5,2,5,1,2,5,3,3,179.6,46,
1670,17,2026-03-11,5.4,1,5,4,0,5,3,5,179.7,51,
1671,17,2026-03-12,8.1,3,5,2,1,5,3,5,181.1,52,
1672,17,2026-03-13,5.9,1,5,0,1,5,2,5,180.9,50,
1673,17,2026-03-14,6.7,2,5,0,1,4,3,4,179.9,45,
1674,17,2026-03-15,7.0,1,5,0,0,5,5,5,178.2,51,
1675,17,2026-03-16,7.2,3,4,1,0,5,2,5,180.6,45,
1676,17,2026-03-17,7.7,3,4,2,2,5,4,5,180.8,51,
1677,17,2026-03-18,7.1,3,4,1,2,5,4,5,180.7,47,
1678,17,2026-03-19,6.8,2,3,1,2,5,1,4,179.9,49,
1679,17,2026-03-20,7.3,4,4,0,0,5,2,5,178.3,49,
1680,17,2026-03-21,9.1,5,3,2,3,5,3,5,180.2,45,
1681,17,2026-03-22,7.6,2,4,2,0,5,4,4,179.6,47,
1682,17,2026-03-23,7.0,2,4,1,2,5,3,5,179.9,45,
1683,17,2026-03-24,7.6,3,4,0,1,5,3,4,179.9,50,
1684,17,2026-03-25,6.8,1,4,0,1,5,3,5,180.1,48,
1685,17,2026-03-26,6.5,1,3,0,2,5,2,5,176.4,47,
1686,17,2026-03-27,7.1,3,4,3,0,5,2,5,181.6,46,
1687,17,2026-03-28,6.0,1,4,0,0,4,3,3,179.4,49,
1688,17,2026-03-29,6.9,3,3,0,0,5,3,5,180.9,49,
1689,17,2026-03-30,7.3,3,3,0,1,5,3,5,179.0,46,
1690,17,2026-03-31,5.9,1,3,1,0,5,2,5,180.5,45,
1691,17,2026-04-01,7.0,2,3,0,0,5,3,5,180.6,45,
1692,17,2026-04-02,7.5,2,3,1,0,5,4,5,182.9,47,
1693,17,2026-04-03,6.7,2,3,0,0,5,2,3,180.2,47,
1694,17,2026-04-04,6.8,2,3,1,3,5,3,5,183.4,48,
1695,17,2026-04-05,7.7,4,4,0,0,5,3,4,178.2,47,
1696,17,2026-04-06,6.4,2,4,1,1,5,3,5,180.4,45,
1697,17,2026-04-07,5.7,1,4,1,0,5,3,5,182.0,49,
1698,17,2026-04-08,6.6,2,3,1,3,5,4,5,181.6,45,
1699,17,2026-04-09,7.1,3,3,2,1,5,1,5,180.1,49,
1700,17,2026-04-10,6.7,2,3,2,0,5,2,4,179.1,45,
1701,18,2026-01-01,7.6,2,2,1,2,5,4,4,189.2,66,
1702,18,2026-01-02,6.6,2,2,0,0,5,3,5,188.9,63,
1703,18,2026-01-03,9.2,4,1,1,1,5,4,5,188.0,66,
1704,18,2026-01-04,7.7,2,2,0,0,5,3,5,188.5,70,
1705,18,2026-01-05,8.1,3,1,0,0,5,2,5,187.3,63,
1706,18,2026-01-06,7.3,3,1,3,1,5,3,4,189.3,62,
1707,18,2026-01-07,7.2,2,1,0,1,5,3,5,186.0,69,
1708,18,2026-01-08,7.5,2,1,0,2,5,3,5,188.1,60,
1709,18,2026-01-09,7.0,3,2,0,2,5,3,4,191.0,66,
1710,18,2026-01-10,7.4,2,2,2,2,5,3,5,188.4,63,
1711,18,2026-01-11,8.3,2,1,4,0,5,2,4,189.9,60,
1712,18,2026-01-12,9.0,4,1,1,0,5,3,4,190.1,64,
1713,18,2026-01-13,7.9,3,1,1,0,5,3,5,187.0,64,
1714,18,2026-01-14,6.8,2,1,2,2,5,4,5,190.3,64,
1715,18,2026-01-15,6.9,3,1,1,0,5,1,5,188.4,61,
1716,18,2026-01-16,7.7,4,1,1,2,5,3,5,190.1,62,
1717,18,2026-01-17,9.2,4,2,2,1,5,3,5,188.1,68,
1718,18,2026-01-18,7.9,3,3,2,1,5,1,4,189.1,68,
1719,18,2026-01-19,7.5,2,2,1,2,5,4,5,187.0,64,
1720,18,2026-01-20,8.2,3,3,0,1,5,4,5,189.1,65,
1721,18,2026-01-21,9.5,5,3,0,1,5,3,5,185.5,68,
1722,18,2026-01-22,7.1,3,4,0,1,5,2,4,191.7,71,
1723,18,2026-01-23,8.5,4,3,0,2,5,3,5,184.6,64,
1724,18,2026-01-24,7.6,5,3,2,1,5,5,5,191.2,67,
1725,18,2026-01-25,8.2,4,3,1,1,5,2,5,188.5,63,
1726,18,2026-01-26,8.7,5,3,0,0,5,3,4,189.7,67,
1727,18,2026-01-27,7.2,2,3,1,2,5,4,5,188.1,69,
1728,18,2026-01-28,7.0,2,4,0,1,5,3,5,188.9,66,
1729,18,2026-01-29,7.8,2,4,3,0,5,3,5,189.0,70,
1730,18,2026-01-30,7.9,3,4,2,1,5,3,5,187.5,70,
1731,18,2026-01-31,9.1,3,5,2,1,5,2,3,184.7,68,
1732,18,2026-02-01,8.3,3,5,1,1,5,2,5,188.1,66,
1733,18,2026-02-02,7.5,3,5,2,0,5,2,5,187.3,66,
1734,18,2026-02-03,7.9,2,4,4,0,5,3,5,186.8,67,
1735,18,2026-02-04,7.5,3,3,3,0,5,3,3,188.4,65,
1736,18,2026-02-05,6.4,1,2,2,0,5,4,4,184.6,65,
1737,18,2026-02-06,8.4,4,2,2,1,5,4,5,188.1,65,
1738,18,2026-02-07,7.9,5,3,2,0,5,3,3,187.2,64,
1739,18,2026-02-08,7.4,2,4,0,0,5,3,4,185.5,68,
1740,18,2026-02-09,8.2,3,3,1,1,5,3,5,187.4,67,
1741,18,2026-02-10,8.1,3,3,1,2,5,2,5,187.4,64,
1742,18,2026-02-11,7.1,3,3,0,0,5,4,4,188.5,70,
1743,18,2026-02-12,8.8,3,3,1,1,5,4,5,190.6,65,
1744,18,2026-02-13,6.8,2,3,0,0,5,4,5,189.3,61,
1745,18,2026-02-14,8.1,3,2,0,0,5,2,5,192.7,63,
1746,18,2026-02-15,8.4,3,1,0,0,5,2,5,187.2,63,
1747,18,2026-02-16,8.0,4,1,4,0,5,3,5,185.1,66,
1748,18,2026-02-17,6.9,2,1,2,0,5,4,4,188.1,62,
1749,18,2026-02-18,6.5,2,1,0,2,5,4,5,186.7,63,
1750,18,2026-02-19,7.4,2,1,2,0,5,3,4,188.2,62,
1751,18,2026-02-20,7.3,2,2,2,1,5,2,5,186.8,69,
1752,18,2026-02-21,7.4,2,2,0,3,5,2,5,187.8,64,
1753,18,2026-02-22,7.1,2,3,1,0,5,5,5,186.0,68,
1754,18,2026-02-23,7.5,1,3,3,0,5,4,5,187.6,64,
1755,18,2026-02-24,7.5,4,3,0,0,5,3,5,187.8,67,
1756,18,2026-02-25,7.9,3,3,1,0,5,5,4,188.7,67,
1757,18,2026-02-26,7.1,4,3,1,1,5,4,5,187.8,68,
1758,18,2026-02-27,6.8,3,3,1,0,5,2,5,187.3,66,
1759,18,2026-02-28,8.0,3,3,1,0,5,3,5,188.6,63,
1760,18,2026-03-01,7.5,4,3,0,3,5,3,3,189.9,65,
1761,18,2026-03-02,8.6,4,3,2,0,5,4,5,185.5,67,
1762,18,2026-03-03,7.5,2,4,1,1,5,4,4,185.8,68,
1763,18,2026-03-04,8.0,3,3,2,0,5,2,4,186.6,65,
1764,18,2026-03-05,7.0,2,2,0,0,5,3,5,188.6,64,
1765,18,2026-03-06,7.7,3,1,1,1,5,3,5,187.2,64,
1766,18,2026-03-07,7.3,3,1,1,0,5,2,5,187.5,66,
1767,18,2026-03-08,6.4,1,1,1,1,5,3,5,189.6,64,
1768,18,2026-03-09,7.8,3,2,1,1,5,1,5,186.9,62,
1769,18,2026-03-10,7.8,3,2,2,0,5,2,5,188.0,67,
1770,18,2026-03-11,6.7,3,2,0,0,5,4,5,187.5,62,
1771,18,2026-03-12,7.6,2,2,0,1,5,4,5,187.4,62,
1772,18,2026-03-13,7.5,2,1,2,1,5,5,5,186.2,63,
1773,18,2026-03-14,7.9,2,1,4,0,5,3,5,187.4,64,
1774,18,2026-03-15,8.2,5,1,2,0,5,3,5,187.8,64,
1775,18,2026-03-16,7.4,3,2,0,0,5,3,5,189.9,64,
1776,18,2026-03-17,8.9,5,2,2,3,5,3,5,188.4,67,
1777,18,2026-03-18,7.5,3,1,0,2,5,3,5,187.5,64,
1778,18,2026-03-19,8.5,4,2,1,1,5,3,5,187.8,66,
1779,18,2026-03-20,7.2,2,2,2,1,5,2,5,190.3,64,
1780,18,2026-03-21,8.8,4,2,2,0,5,5,5,187.3,66,
1781,18,2026-03-22,7.6,3,3,1,1,5,3,5,186.3,66,
1782,18,2026-03-23,7.7,2,3,3,2,5,2,3,185.7,68,
1783,18,2026-03-24,8.7,2,3,2,1,5,3,5,187.3,65,
1784,18,2026-03-25,7.6,3,2,0,1,5,4,4,187.2,65,
1785,18,2026-03-26,8.2,3,2,0,0,5,5,4,186.5,67,
1786,18,2026-03-27,7.4,3,3,0,0,5,4,4,187.0,66,
1787,18,2026-03-28,8.1,3,4,0,0,5,4,4,188.2,66,
1788,18,2026-03-29,9.0,4,4,2,2,5,2,4,187.1,63,
1789,18,2026-03-30,7.9,3,5,3,0,5,3,5,186.2,67,
1790,18,2026-03-31,7.4,2,5,2,3,5,3,4,186.3,70,
1791,18,2026-04-01,8.5,3,5,5,0,5,3,5,186.5,68,
1792,18,2026-04-02,8.0,3,4,3,1,5,3,5,186.5,66,
1793,18,2026-04-03,7.3,3,3,0,2,5,5,5,184.8,65,
1794,18,2026-04-04,7.8,5,4,1,1,5,3,4,187.6,68,
1795,18,2026-04-05,7.9,3,4,1,0,5,3,4,189.1,68,
1796,18,2026-04-06,8.7,4,3,3,0,5,1,5,185.5,68,
1797,18,2026-04-07,7.5,4,3,2,0,5,3,4,184.6,67,
1798,18,2026-04-08,7.4,3,2,1,0,5,2,5,187.8,63,
1799,18,2026-04-09,9.4,4,2,2,1,5,1,5,184.3,66,
1800,18,2026-04-10,7.3,2,3,1,2,5,4,5,187.0,65,
1801,19,2026-01-01,7.5,3,2,0,1,5,4,5,156.8,63,
1802,19,2026-01-02,7.2,2,2,4,0,5,3,5,157.8,61,
1803,19,2026-01-03,6.7,1,2,1,2,5,2,5,155.5,61,
1804,19,2026-01-04,6.9,1,1,1,3,5,4,5,156.7,64,
1805,19,2026-01-05,6.5,1,1,1,2,5,1,5,159.6,61,
1806,19,2026-01-06,6.6,2,1,0,2,5,4,5,157.4,58,
1807,19,2026-01-07,6.9,2,1,0,0,5,3,5,156.2,59,
1808,19,2026-01-08,6.2,1,1,1,1,5,3,5,158.2,59,
1809,19,2026-01-09,6.2,2,1,0,0,5,3,5,159.4,59,
1810,19,2026-01-10,6.5,2,2,2,0,5,4,5,158.4,61,
1811,19,2026-01-11,7.1,2,2,2,0,5,3,5,157.6,61,
1812,19,2026-01-12,6.8,2,2,1,1,5,4,5,154.7,65,
1813,19,2026-01-13,7.2,3,2,0,4,5,2,5,158.4,61,
1814,19,2026-01-14,7.3,3,1,0,2,5,2,5,154.0,64,
1815,19,2026-01-15,7.4,3,1,1,1,5,3,5,159.0,61,
1816,19,2026-01-16,6.4,1,1,3,1,5,3,5,155.0,63,
1817,19,2026-01-17,6.5,2,1,0,0,5,3,4,154.8,64,
1818,19,2026-01-18,6.2,1,1,0,2,5,4,4,157.4,62,
1819,19,2026-01-19,6.0,2,1,2,1,5,2,4,153.1,60,
1820,19,2026-01-20,7.2,2,1,2,0,5,3,4,157.5,62,
1821,19,2026-01-21,6.0,3,1,1,0,5,4,5,155.7,62,
1822,19,2026-01-22,7.1,2,2,2,1,5,1,3,154.6,64,
1823,19,2026-01-23,6.0,2,3,2,2,5,4,5,155.5,65,
1824,19,2026-01-24,6.3,2,3,4,0,5,2,5,155.5,63,
1825,19,2026-01-25,6.5,2,3,0,3,5,3,5,156.0,63,
1826,19,2026-01-26,5.7,1,2,0,1,5,3,5,155.0,62,
1827,19,2026-01-27,5.2,1,3,1,0,5,5,5,157.3,64,
1828,19,2026-01-28,6.6,1,3,3,0,5,3,5,154.5,64,
1829,19,2026-01-29,6.3,2,4,0,1,4,3,5,156.2,64,
1830,19,2026-01-30,5.2,1,4,3,0,5,4,5,157.6,65,
1831,19,2026-01-31,5.7,1,4,1,1,5,1,5,154.3,64,
1832,19,2026-02-01,6.8,2,5,4,0,5,3,5,153.9,60,
1833,19,2026-02-02,5.8,1,4,1,1,5,5,5,155.1,62,
1834,19,2026-02-03,7.4,2,5,1,0,5,3,5,156.5,61,
1835,19,2026-02-04,6.0,1,4,2,0,5,2,5,155.6,64,
1836,19,2026-02-05,7.0,2,3,0,2,5,2,5,156.4,63,
1837,19,2026-02-06,6.0,1,4,1,0,5,3,5,156.0,64,
1838,19,2026-02-07,7.6,3,4,1,1,5,4,4,155.0,62,
1839,19,2026-02-08,5.8,1,5,2,1,5,3,4,155.8,64,
1840,19,2026-02-09,5.8,1,5,2,0,5,3,5,157.1,64,
1841,19,2026-02-10,5.3,1,4,1,3,5,5,5,156.3,69,
1842,19,2026-02-11,6.1,3,5,0,3,5,3,5,157.4,65,
1843,19,2026-02-12,6.4,2,6,1,2,5,5,5,153.4,60,
1844,19,2026-02-13,6.4,2,5,0,1,5,3,5,154.3,65,
1845,19,2026-02-14,6.5,2,6,0,0,5,3,5,155.1,65,
1846,19,2026-02-15,6.0,2,6,3,0,5,3,5,158.4,64,
1847,19,2026-02-16,6.8,1,6,2,1,5,2,5,156.8,68,
1848,19,2026-02-17,5.4,1,6,1,1,5,3,5,155.6,63,
1849,19,2026-02-18,6.3,1,5,0,0,4,5,4,155.5,65,
1850,19,2026-02-19,6.7,1,4,0,0,5,3,4,156.5,61,
1851,19,2026-02-20,5.9,1,4,1,0,5,4,5,152.5,65,
1852,19,2026-02-21,6.2,2,3,0,1,5,2,4,157.8,62,
1853,19,2026-02-22,6.9,3,3,2,0,5,2,5,154.9,64,
1854,19,2026-02-23,5.0,1,3,2,1,5,3,5,155.9,66,
1855,19,2026-02-24,5.8,1,2,0,1,5,3,5,155.1,59,
1856,19,2026-02-25,7.0,1,3,3,0,5,3,5,155.7,62,
1857,19,2026-02-26,5.6,2,4,0,2,5,3,5,154.3,61,
1858,19,2026-02-27,6.6,2,5,2,2,5,3,5,154.0,63,
1859,19,2026-02-28,5.6,2,6,1,2,5,3,5,154.9,64,
1860,19,2026-03-01,6.6,2,7,1,0,4,3,3,158.5,67,
1861,19,2026-03-02,6.8,2,7,3,1,5,4,5,153.5,64,
1862,19,2026-03-03,5.8,2,7,1,1,4,2,4,157.1,67,
1863,19,2026-03-04,6.9,1,6,1,2,5,3,5,155.8,68,
1864,19,2026-03-05,5.2,1,6,2,0,5,1,4,156.5,61,
1865,19,2026-03-06,7.0,3,7,3,1,5,3,5,154.7,64,
1866,19,2026-03-07,7.6,4,7,1,0,5,2,5,157.7,66,
1867,19,2026-03-08,6.7,2,8,5,2,5,1,5,155.1,61,
1868,19,2026-03-09,5.6,1,8,4,1,5,3,5,155.0,73,
1869,19,2026-03-10,7.7,3,8,2,1,5,4,5,153.3,69,
1870,19,2026-03-11,6.0,2,7,2,0,5,4,4,156.1,65,
1871,19,2026-03-12,6.6,1,8,1,1,4,4,4,156.2,62,
1872,19,2026-03-13,5.3,1,9,2,1,5,2,5,154.4,66,
1873,19,2026-03-14,6.1,1,8,2,1,3,2,4,156.3,66,
1874,19,2026-03-15,6.3,2,8,1,1,5,2,4,156.8,69,
1875,19,2026-03-16,6.8,2,8,2,2,5,2,5,156.8,66,
1876,19,2026-03-17,7.9,5,9,1,1,5,3,4,155.9,66,
1877,19,2026-03-18,5.2,1,9,3,2,5,2,5,155.8,67,
1878,19,2026-03-19,6.0,1,9,3,4,3,1,4,155.5,71,
1879,19,2026-03-20,6.9,1,9,3,2,4,4,4,154.6,67,
1880,19,2026-03-21,6.6,2,8,2,1,4,3,4,152.6,68,
1881,19,2026-03-22,6.1,2,8,3,1,4,3,4,157.1,68,
1882,19,2026-03-23,7.0,2,7,3,1,4,3,2,155.9,65,
1883,19,2026-03-24,5.1,1,6,3,1,5,3,5,155.4,65,
1884,19,2026-03-25,6.5,1,6,1,2,5,1,5,155.6,66,
1885,19,2026-03-26,6.9,2,6,2,0,4,3,4,153.6,63,
1886,19,2026-03-27,5.1,1,6,1,0,5,3,5,153.1,68,
1887,19,2026-03-28,6.7,2,6,3,1,5,1,4,155.3,61,
1888,19,2026-03-29,6.0,1,6,2,3,5,4,5,153.9,65,
1889,19,2026-03-30,5.9,1,6,2,1,5,2,5,153.2,67,
1890,19,2026-03-31,5.2,1,6,0,0,5,2,4,155.3,65,
1891,19,2026-04-01,6.2,1,5,1,2,5,3,4,154.3,64,
1892,19,2026-04-02,6.9,1,4,3,0,5,3,5,151.8,65,
1893,19,2026-04-03,7.0,3,4,1,1,5,3,5,154.2,58,
1894,19,2026-04-04,6.6,1,4,2,1,5,4,4,153.5,62,
1895,19,2026-04-05,7.5,2,5,0,2,5,4,5,153.9,67,
1896,19,2026-04-06,5.8,1,5,1,1,5,2,5,153.7,63,
1897,19,2026-04-07,6.8,4,5,1,1,5,4,5,156.4,67,
1898,19,2026-04-08,6.4,1,4,0,0,5,4,5,154.1,64,
1899,19,2026-04-09,5.0,1,4,2,1,5,3,5,153.8,65,
1900,19,2026-04-10,6.4,2,4,2,0,4,3,4,153.2,63,
1901,20,2026-01-01,6.4,1,3,1,0,5,1,4,196.7,63,
1902,20,2026-01-02,7.5,2,4,0,2,5,4,4,195.9,66,
1903,20,2026-01-03,7.4,3,4,1,1,5,3,5,197.4,65,
1904,20,2026-01-04,6.3,2,5,0,1,5,1,5,197.5,72,
1905,20,2026-01-05,6.7,1,6,2,1,5,4,5,194.8,71,
1906,20,2026-01-06,8.3,2,5,0,0,5,4,5,197.5,68,
1907,20,2026-01-07,6.8,3,5,1,0,5,3,5,197.6,66,
1908,20,2026-01-08,6.8,2,5,3,0,5,2,4,195.7,70,
1909,20,2026-01-09,7.8,3,5,2,1,5,3,4,196.3,66,
1910,20,2026-01-10,8.2,4,5,0,0,5,4,5,196.6,65,
1911,20,2026-01-11,6.5,2,6,4,1,4,2,3,195.3,68,
1912,20,2026-01-12,7.3,3,6,0,0,5,2,4,195.1,68,
1913,20,2026-01-13,7.5,2,6,1,1,5,2,5,197.6,65,
1914,20,2026-01-14,6.6,1,6,0,2,5,3,5,198.4,67,
1915,20,2026-01-15,6.8,3,5,2,0,5,3,5,197.1,67,
1916,20,2026-01-16,6.1,1,6,2,0,5,4,5,192.9,69,
1917,20,2026-01-17,6.5,2,6,2,3,5,3,5,196.3,70,
1918,20,2026-01-18,6.5,1,7,1,0,4,4,4,194.5,66,
1919,20,2026-01-19,6.6,2,6,0,0,5,1,5,194.8,72,
1920,20,2026-01-20,7.5,3,6,0,0,5,3,4,196.8,68,
1921,20,2026-01-21,6.0,1,6,1,1,4,4,3,195.9,72,
1922,20,2026-01-22,7.2,2,6,0,1,5,4,5,196.5,66,
1923,20,2026-01-23,7.5,4,6,5,3,5,4,4,195.1,68,
1924,20,2026-01-24,6.4,2,6,0,1,5,5,4,199.3,67,
1925,20,2026-01-25,7.0,3,5,2,0,5,3,4,196.9,69,
1926,20,2026-01-26,7.2,3,5,2,0,5,3,5,195.2,68,
1927,20,2026-01-27,7.1,3,5,0,2,5,5,5,194.9,67,
1928,20,2026-01-28,7.3,2,5,2,0,5,2,5,194.2,69,
1929,20,2026-01-29,7.0,2,5,1,0,5,5,5,199.9,70,
1930,20,2026-01-30,7.0,2,5,0,0,5,3,4,198.2,66,
1931,20,2026-01-31,6.9,1,5,1,2,4,3,4,193.9,66,
1932,20,2026-02-01,6.5,1,6,1,1,4,2,4,194.7,69,
1933,20,2026-02-02,7.1,2,7,2,0,5,4,5,195.3,71,
1934,20,2026-02-03,6.2,2,7,2,1,4,3,3,193.4,68,
1935,20,2026-02-04,7.0,2,7,1,0,5,4,5,197.7,69,
1936,20,2026-02-05,7.9,3,7,2,1,5,5,4,193.7,67,
1937,20,2026-02-06,7.1,1,6,1,0,3,4,2,196.3,72,
1938,20,2026-02-07,7.5,3,6,3,0,5,3,5,194.2,67,
1939,20,2026-02-08,6.9,1,6,0,0,5,3,5,195.2,65,
1940,20,2026-02-09,7.3,4,5,2,0,5,1,5,197.2,68,
1941,20,2026-02-10,7.9,4,5,1,2,4,3,2,197.6,66,
1942,20,2026-02-11,6.2,1,6,2,1,4,1,4,195.3,68,
1943,20,2026-02-12,7.8,3,6,1,1,5,4,4,195.1,67,
1944,20,2026-02-13,7.2,2,5,1,1,5,4,5,195.3,66,
1945,20,2026-02-14,7.5,2,5,0,1,5,3,5,194.8,65,
1946,20,2026-02-15,6.6,1,6,2,0,4,4,4,198.2,69,
1947,20,2026-02-16,6.8,2,6,2,0,5,4,5,195.5,71,
1948,20,2026-02-17,7.1,1,6,2,0,5,4,5,195.7,67,
1949,20,2026-02-18,6.5,1,7,3,0,4,4,3,197.1,67,
1950,20,2026-02-19,7.7,3,7,1,3,4,3,4,198.0,69,
1951,20,2026-02-20,7.0,3,8,2,1,5,4,5,196.5,72,
1952,20,2026-02-21,7.4,2,7,3,1,5,2,5,196.1,70,
1953,20,2026-02-22,7.0,1,6,2,1,4,2,3,195.7,72,
1954,20,2026-02-23,8.5,4,6,1,0,4,4,3,196.4,66,
1955,20,2026-02-24,6.9,1,7,1,1,3,2,2,197.1,72,
1956,20,2026-02-25,7.8,2,8,3,2,5,3,4,195.1,70,
1957,20,2026-02-26,7.3,4,9,2,2,5,1,5,196.1,70,
1958,20,2026-02-27,7.3,3,9,1,1,4,3,5,196.1,71,
1959,20,2026-02-28,7.8,3,8,3,1,5,3,4,193.0,71,
1960,20,2026-03-01,7.0,4,9,3,2,5,3,5,195.4,71,
1961,20,2026-03-02,6.4,2,9,2,3,4,4,3,194.9,69,
1962,20,2026-03-03,7.0,1,9,1,1,5,1,5,195.8,69,
1963,20,2026-03-04,5.8,1,9,3,4,3,4,3,196.9,70,
1964,20,2026-03-05,6.4,2,9,1,2,5,5,5,195.8,71,
1965,20,2026-03-06,6.3,3,8,1,1,5,2,5,194.9,74,
1966,20,2026-03-07,6.9,3,8,2,1,5,4,3,193.3,69,
1967,20,2026-03-08,6.5,3,8,3,2,5,1,4,196.3,70,
1968,20,2026-03-09,7.2,3,7,3,1,5,3,5,197.9,66,
1969,20,2026-03-10,8.2,4,7,3,1,5,1,5,196.4,67,
1970,20,2026-03-11,6.3,1,7,1,3,5,3,4,195.4,68,
1971,20,2026-03-12,6.0,2,7,2,1,5,3,5,192.0,70,
1972,20,2026-03-13,6.3,1,8,1,1,4,4,4,193.4,70,
1973,20,2026-03-14,8.3,3,8,1,6,5,2,5,193.7,71,
1974,20,2026-03-15,8.0,2,7,4,0,5,4,5,194.3,69,
1975,20,2026-03-16,7.8,3,7,4,1,3,4,2,193.5,68,
1976,20,2026-03-17,6.1,1,8,1,2,5,5,4,193.2,69,
1977,20,2026-03-18,6.5,2,8,2,2,5,2,5,194.9,73,
1978,20,2026-03-19,7.1,3,7,1,3,5,2,4,193.3,69,
1979,20,2026-03-20,6.1,1,7,3,0,4,4,4,197.2,71,
1980,20,2026-03-21,6.7,3,8,2,1,5,2,5,192.8,71,
1981,20,2026-03-22,7.7,3,8,2,1,4,3,4,197.0,69,
1982,20,2026-03-23,7.3,3,9,1,1,5,2,5,197.4,72,
1983,20,2026-03-24,7.9,4,10,1,2,4,4,4,195.9,72,
1984,20,2026-03-25,7.3,3,10,4,3,5,3,3,194.3,73,
1985,20,2026-03-26,7.0,1,9,2,1,4,3,5,196.9,70,
1986,20,2026-03-27,8.0,2,10,3,1,4,4,4,194.6,70,
1987,20,2026-03-28,6.8,2,10,1,2,4,2,4,195.2,72,
1988,20,2026-03-29,7.7,2,10,3,1,3,3,3,193.2,67,
1989,20,2026-03-30,6.3,1,9,2,1,5,3,5,196.1,73,
1990,20,2026-03-31,7.6,2,8,2,1,5,5,4,194.8,66,
1991,20,2026-04-01,6.7,2,7,4,0,5,4,5,194.9,69,
1992,20,2026-04-02,6.8,3,7,6,4,5,3,4,193.6,71,
1993,20,2026-04-03,8.8,3,7,1,0,5,2,5,196.6,68,
1994,20,2026-04-04,7.0,3,6,1,1,4,1,2,197.9,70,
1995,20,2026-04-05,7.3,3,5,0,0,5,3,5,194.3,69,
1996,20,2026-04-06,6.2,1,4,1,0,5,3,5,197.0,63,
1997,20,2026-04-07,7.1,1,3,0,0,5,5,4,194.3,70,
1998,20,2026-04-08,6.5,1,3,1,1,5,3,5,195.4,66,
1999,20,2026-04-09,7.2,2,3,1,0,5,4,5,194.3,64,
2000,20,2026-04-10,7.6,2,2,0,1,5,4,5,195.0,65,
2001,21,2026-01-01,5.9,1,1,0,0,5,3,5,149.5,64,
2002,21,2026-01-02,6.6,2,2,2,0,4,2,5,148.8,60,
2003,21,2026-01-03,8.4,4,3,0,1,5,3,5,149.9,62,
2004,21,2026-01-04,5.7,1,2,0,0,5,3,5,151.0,65,
2005,21,2026-01-05,6.8,3,2,1,0,5,3,5,150.0,62,
2006,21,2026-01-06,6.7,3,1,0,0,5,3,3,150.6,61,
2007,21,2026-01-07,6.1,1,1,1,0,5,3,5,150.5,64,
2008,21,2026-01-08,7.3,2,2,3,1,5,2,5,150.8,64,
2009,21,2026-01-09,7.8,4,1,1,1,5,3,5,150.5,65,
2010,21,2026-01-10,7.5,2,1,0,0,5,2,3,151.3,62,
2011,21,2026-01-11,8.2,2,1,0,0,5,5,5,153.1,63,
2012,21,2026-01-12,7.1,2,2,5,0,5,2,5,151.8,64,
2013,21,2026-01-13,5.9,3,1,1,0,5,3,4,148.1,61,
2014,21,2026-01-14,5.5,1,2,1,0,5,2,4,151.2,66,
2015,21,2026-01-15,6.7,2,1,2,0,5,5,5,150.3,63,
2016,21,2026-01-16,5.8,1,1,2,1,5,4,5,149.5,65,
2017,21,2026-01-17,7.1,2,2,1,1,5,2,5,151.9,64,
2018,21,2026-01-18,6.6,4,1,0,0,5,4,5,151.5,65,
2019,21,2026-01-19,6.4,2,1,2,2,5,5,5,149.2,63,
2020,21,2026-01-20,6.7,2,2,0,0,5,2,5,149.4,63,
2021,21,2026-01-21,6.7,1,2,0,0,5,3,4,148.8,63,
2022,21,2026-01-22,7.2,2,1,1,0,5,5,4,151.5,64,
2023,21,2026-01-23,6.1,1,1,0,1,5,1,5,150.7,61,
2024,21,2026-01-24,7.2,3,1,1,0,5,2,5,150.5,62,
2025,21,2026-01-25,7.9,4,1,2,1,5,1,5,151.0,60,
2026,21,2026-01-26,7.2,2,1,2,1,5,1,4,149.2,60,
2027,21,2026-01-27,6.4,2,2,1,1,5,3,5,150.6,66,
2028,21,2026-01-28,5.9,2,2,2,2,5,4,5,149.4,63,
2029,21,2026-01-29,6.6,2,2,0,0,5,3,5,148.8,62,
2030,21,2026-01-30,7.3,4,2,3,0,5,5,4,150.0,59,
2031,21,2026-01-31,6.4,3,3,0,1,5,2,5,150.8,68,
2032,21,2026-02-01,7.1,2,3,0,0,5,3,4,149.7,64,
2033,21,2026-02-02,6.7,3,2,2,0,5,3,5,149.2,60,
2034,21,2026-02-03,7.1,2,2,2,0,5,2,5,152.6,65,
2035,21,2026-02-04,7.4,2,2,1,0,5,2,4,149.5,63,
2036,21,2026-02-05,5.8,1,2,2,0,5,2,5,149.5,64,
2037,21,2026-02-06,6.0,1,1,0,1,5,2,4,149.9,64,
2038,21,2026-02-07,8.2,3,1,3,1,5,2,5,150.0,63,
2039,21,2026-02-08,6.7,3,1,1,0,5,2,5,149.1,64,
2040,21,2026-02-09,6.3,1,1,0,1,5,3,5,150.0,63,
2041,21,2026-02-10,7.4,3,1,3,0,5,3,5,151.8,60,
2042,21,2026-02-11,7.9,2,1,2,1,5,5,5,148.6,63,
2043,21,2026-02-12,6.8,3,1,1,1,5,4,5,148.9,63,
2044,21,2026-02-13,7.8,4,1,1,1,5,3,5,149.2,61,
2045,21,2026-02-14,6.9,2,2,1,0,5,3,5,150.2,67,
2046,21,2026-02-15,6.6,2,1,1,0,5,3,4,150.6,63,
2047,21,2026-02-16,6.8,3,1,3,0,5,2,5,149.3,62,
2048,21,2026-02-17,7.1,2,1,0,1,5,3,5,151.5,64,
2049,21,2026-02-18,6.2,2,1,3,0,5,3,5,151.6,62,
2050,21,2026-02-19,6.6,1,1,0,0,5,2,5,149.5,61,
2051,21,2026-02-20,6.7,2,1,1,0,5,3,5,148.3,65,
2052,21,2026-02-21,7.5,3,1,1,4,5,3,5,149.9,61,
2053,21,2026-02-22,6.6,3,2,2,0,5,2,5,151.3,60,
2054,21,2026-02-23,5.8,1,3,2,2,5,4,5,152.4,65,
2055,21,2026-02-24,6.7,2,3,2,1,5,1,4,149.7,63,
2056,21,2026-02-25,7.4,1,3,5,2,5,2,5,152.0,63,
2057,21,2026-02-26,7.1,1,4,0,2,5,3,4,151.8,64,
2058,21,2026-02-27,7.3,3,5,0,1,5,5,5,150.2,67,
2059,21,2026-02-28,7.7,3,5,0,0,5,4,5,151.1,65,
2060,21,2026-03-01,5.5,1,5,1,1,5,3,5,147.7,67,
2061,21,2026-03-02,6.9,2,6,1,1,5,3,5,150.6,64,
2062,21,2026-03-03,5.7,1,5,1,2,5,3,5,149.5,67,
2063,21,2026-03-04,6.6,2,6,0,0,4,4,3,149.2,70,
2064,21,2026-03-05,7.1,3,6,2,0,4,3,4,152.1,65,
2065,21,2026-03-06,8.4,4,5,2,2,5,5,5,148.7,67,
2066,21,2026-03-07,6.1,2,5,1,2,4,2,4,152.2,65,
2067,21,2026-03-08,7.1,3,5,0,1,5,3,4,152.4,63,
2068,21,2026-03-09,6.3,2,6,1,2,4,2,3,146.2,66,
2069,21,2026-03-10,5.7,1,6,1,1,5,1,5,147.6,66,
2070,21,2026-03-11,6.5,1,6,0,0,3,2,4,148.5,68,
2071,21,2026-03-12,7.5,3,6,0,1,5,2,4,150.6,68,
2072,21,2026-03-13,6.3,2,5,1,0,5,2,4,148.5,66,
2073,21,2026-03-14,6.8,2,5,2,1,5,2,3,149.5,71,
2074,21,2026-03-15,7.8,4,4,1,2,5,3,5,151.7,64,
2075,21,2026-03-16,7.3,3,4,0,0,5,2,5,147.0,65,
2076,21,2026-03-17,5.9,1,4,2,0,5,3,5,149.0,68,
2077,21,2026-03-18,5.5,2,4,2,0,5,5,5,148.7,66,
2078,21,2026-03-19,6.8,2,3,1,1,5,5,3,148.9,60,
2079,21,2026-03-20,6.7,3,4,1,2,5,2,5,147.4,66,
2080,21,2026-03-21,6.4,1,3,0,0,5,3,5,146.1,67,
2081,21,2026-03-22,6.8,1,2,1,1,5,4,4,149.6,62,
2082,21,2026-03-23,5.7,1,1,2,1,5,3,5,151.0,62,
2083,21,2026-03-24,5.7,2,1,1,1,5,5,5,146.9,62,
2084,21,2026-03-25,6.5,1,1,2,1,5,4,5,148.0,65,
2085,21,2026-03-26,6.8,2,1,2,0,5,3,5,149.7,60,
2086,21,2026-03-27,6.8,2,2,2,0,5,4,5,147.4,60,
2087,21,2026-03-28,6.0,1,2,0,0,5,2,5,150.0,62,
2088,21,2026-03-29,5.5,1,2,1,0,5,2,5,149.0,65,
2089,21,2026-03-30,7.7,3,2,0,2,5,2,4,149.8,62,
2090,21,2026-03-31,5.4,1,1,0,1,5,2,5,149.5,65,
2091,21,2026-04-01,6.1,2,1,0,0,5,3,4,147.0,67,
2092,21,2026-04-02,6.3,1,1,0,1,5,4,5,145.7,64,
2093,21,2026-04-03,7.0,3,2,1,2,5,4,5,149.7,67,
2094,21,2026-04-04,6.9,1,3,1,1,5,3,5,148.5,65,
2095,21,2026-04-05,5.2,1,3,0,1,5,3,5,148.9,67,
2096,21,2026-04-06,7.2,2,4,0,1,5,3,5,147.0,63,
2097,21,2026-04-07,6.4,3,5,1,1,5,2,5,146.7,70,
2098,21,2026-04-08,6.8,2,5,3,0,5,4,5,147.1,65,
2099,21,2026-04-09,5.7,1,5,3,0,4,3,4,147.5,69,
2100,21,2026-04-10,6.1,3,5,0,0,5,3,3,149.6,64,
2101,22,2026-01-01,7.9,3,4,1,2,5,3,5,204.5,57,
2102,22,2026-01-02,6.4,1,4,3,0,5,2,5,207.0,56,
2103,22,2026-01-03,7.0,4,3,0,1,5,3,5,203.1,57,
2104,22,2026-01-04,6.3,1,3,1,2,5,3,5,205.9,57,
2105,22,2026-01-05,7.3,3,3,1,0,5,3,3,207.2,60,
2106,22,2026-01-06,5.5,1,4,0,0,5,3,5,204.9,60,
2107,22,2026-01-07,7.9,3,4,0,1,5,4,5,206.2,61,
2108,22,2026-01-08,7.1,3,5,2,3,5,3,5,204.8,60,
2109,22,2026-01-09,6.8,2,5,1,1,5,3,5,205.4,53,
2110,22,2026-01-10,7.5,2,6,1,1,3,2,3,205.7,57,
2111,22,2026-01-11,9.5,5,6,1,1,5,2,5,201.4,59,
2112,22,2026-01-12,6.1,1,6,0,0,3,2,3,204.9,56,
2113,22,2026-01-13,7.2,2,6,2,2,4,3,5,206.9,60,
2114,22,2026-01-14,7.6,2,5,1,2,5,3,5,202.5,56,
2115,22,2026-01-15,7.6,3,5,1,1,5,2,5,204.9,60,
2116,22,2026-01-16,5.6,1,5,1,1,5,1,4,206.6,58,
2117,22,2026-01-17,7.3,2,5,2,1,4,3,5,203.1,60,
2118,22,2026-01-18,7.7,3,4,4,0,5,3,4,204.8,58,
2119,22,2026-01-19,6.7,2,3,2,0,5,2,4,206.5,54,
2120,22,2026-01-20,7.1,3,2,5,0,5,3,5,203.1,57,
2121,22,2026-01-21,5.9,2,2,1,2,5,3,5,203.7,59,
2122,22,2026-01-22,7.1,3,2,2,0,5,2,5,205.2,57,
2123,22,2026-01-23,7.5,3,2,1,2,5,3,5,204.2,55,
2124,22,2026-01-24,6.7,1,1,2,3,5,2,5,205.4,58,
2125,22,2026-01-25,8.5,4,2,2,0,5,4,5,202.7,55,
2126,22,2026-01-26,6.6,2,2,2,1,5,4,4,205.3,53,
2127,22,2026-01-27,6.9,2,1,3,0,5,4,5,201.3,55,
2128,22,2026-01-28,7.2,2,1,3,1,5,3,4,204.9,58,
2129,22,2026-01-29,5.0,1,2,0,2,5,3,5,207.6,57,
2130,22,2026-01-30,7.5,2,2,2,1,5,4,5,205.0,56,
2131,22,2026-01-31,7.7,2,2,3,0,5,5,5,202.5,51,
2132,22,2026-02-01,7.7,2,2,3,0,5,3,4,204.7,54,
2133,22,2026-02-02,6.0,2,3,2,2,5,3,5,202.6,60,
2134,22,2026-02-03,7.3,3,3,1,1,5,3,5,203.0,58,
2135,22,2026-02-04,7.5,2,4,1,0,5,3,5,204.3,58,
2136,22,2026-02-05,5.5,1,3,1,0,5,5,5,202.8,60,
2137,22,2026-02-06,6.5,1,3,2,0,5,4,4,204.9,55,
2138,22,2026-02-07,6.6,2,4,1,0,4,3,3,200.8,57,
2139,22,2026-02-08,7.2,3,5,1,2,5,4,5,204.0,59,
2140,22,2026-02-09,7.7,2,4,1,0,5,3,3,205.1,56,
2141,22,2026-02-10,6.7,2,4,1,0,5,3,5,205.7,53,
2142,22,2026-02-11,7.3,3,5,1,0,5,2,5,203.3,56,
2143,22,2026-02-12,6.5,2,4,2,1,5,4,5,205.3,55,
2144,22,2026-02-13,7.0,2,4,4,0,5,4,5,205.4,58,
2145,22,2026-02-14,8.4,3,3,1,0,5,2,4,205.1,55,
2146,22,2026-02-15,6.6,1,3,1,1,4,3,4,201.5,58,
2147,22,2026-02-16,6.4,2,3,1,0,5,3,5,205.4,55,
2148,22,2026-02-17,6.4,1,2,2,0,5,3,4,205.6,58,
2149,22,2026-02-18,7.1,2,2,0,1,5,3,5,202.3,51,
2150,22,2026-02-19,7.2,2,2,1,0,5,4,5,203.0,55,
2151,22,2026-02-20,7.6,2,2,1,4,5,4,4,203.8,53,
2152,22,2026-02-21,6.2,1,2,1,1,5,2,5,202.0,56,
2153,22,2026-02-22,7.6,4,3,1,0,5,4,4,206.4,56,
2154,22,2026-02-23,7.4,3,3,0,1,5,4,5,203.4,55,
2155,22,2026-02-24,6.8,1,2,0,1,4,2,5,204.9,56,
2156,22,2026-02-25,8.2,3,2,0,1,5,3,4,203.0,57,
2157,22,2026-02-26,7.4,4,2,0,3,5,2,5,205.4,53,
2158,22,2026-02-27,6.2,1,1,0,2,5,5,5,200.7,57,
2159,22,2026-02-28,7.0,2,1,0,0,5,1,4,202.3,56,
2160,22,2026-03-01,7.3,3,1,2,1,5,1,4,202.2,57,
2161,22,2026-03-02,6.5,1,1,4,1,5,4,5,202.8,55,
2162,22,2026-03-03,8.1,3,1,0,0,5,4,5,204.4,51,
2163,22,2026-03-04,6.8,2,2,0,0,5,3,4,203.5,60,
2164,22,2026-03-05,7.9,4,3,1,0,5,4,5,203.4,54,
2165,22,2026-03-06,6.4,2,3,3,0,5,3,5,203.6,55,
2166,22,2026-03-07,6.6,3,2,0,1,5,1,5,205.3,53,
2167,22,2026-03-08,7.1,3,2,1,1,5,2,5,204.5,56,
2168,22,2026-03-09,6.6,2,1,1,1,5,2,3,206.2,53,
2169,22,2026-03-10,6.4,2,2,2,1,5,4,5,200.8,54,
2170,22,2026-03-11,7.4,4,2,1,0,5,2,5,205.6,57,
2171,22,2026-03-12,6.8,1,2,3,0,5,3,4,203.4,53,
2172,22,2026-03-13,6.3,1,2,1,0,5,2,5,202.8,56,
2173,22,2026-03-14,8.4,3,2,1,0,5,2,5,203.5,54,
2174,22,2026-03-15,6.6,2,1,2,2,5,3,4,203.4,55,
2175,22,2026-03-16,6.0,2,1,1,2,5,4,5,204.0,54,
2176,22,2026-03-17,7.7,3,1,0,1,5,2,5,201.8,55,
2177,22,2026-03-18,6.9,2,2,1,0,5,2,5,200.6,53,
2178,22,2026-03-19,6.9,3,3,0,0,5,3,5,202.4,61,
2179,22,2026-03-20,7.1,2,4,1,0,5,3,4,202.8,56,
2180,22,2026-03-21,8.1,4,4,1,1,5,2,5,203.9,55,
2181,22,2026-03-22,6.9,2,4,0,2,5,5,5,204.6,57,
2182,22,2026-03-23,7.4,4,5,1,0,5,1,5,199.7,60,
2183,22,2026-03-24,8.1,5,5,2,1,5,3,5,201.4,59,
2184,22,2026-03-25,6.2,1,5,1,0,5,4,5,205.5,55,
2185,22,2026-03-26,6.5,2,6,0,1,5,3,5,205.3,60,
2186,22,2026-03-27,6.3,2,6,3,2,5,2,5,201.4,58,
2187,22,2026-03-28,8.0,3,6,0,1,5,4,5,201.1,60,
2188,22,2026-03-29,6.4,1,7,2,2,5,3,5,205.9,57,
2189,22,2026-03-30,7.7,3,7,3,1,5,1,5,203.8,61,
2190,22,2026-03-31,7.5,4,8,3,1,5,2,5,203.4,60,
2191,22,2026-04-01,6.9,2,9,3,2,4,4,5,201.4,64,
2192,22,2026-04-02,7.0,2,9,3,1,4,2,4,203.2,62,
2193,22,2026-04-03,6.5,3,9,3,2,5,3,4,202.6,56,
2194,22,2026-04-04,6.4,3,9,2,3,5,3,5,203.7,59,
2195,22,2026-04-05,6.7,2,10,3,2,5,5,5,200.3,62,
2196,22,2026-04-06,7.9,3,10,1,1,5,3,5,202.4,59,
2197,22,2026-04-07,7.2,2,10,1,1,4,3,4,201.7,61,
2198,22,2026-04-08,7.5,2,10,1,1,4,1,4,201.8,65,
2199,22,2026-04-09,7.2,2,10,3,3,4,2,3,203.1,61,
2200,22,2026-04-10,6.3,2,10,1,1,4,2,4,201.7,60,
2201,23,2026-01-01,6.3,1,2,1,0,5,4,5,182.1,53,
2202,23,2026-01-02,6.5,2,3,1,3,5,3,5,183.0,57,
2203,23,2026-01-03,7.9,3,3,2,1,5,4,5,180.6,54,
2204,23,2026-01-04,8.1,4,4,1,1,5,3,4,185.7,50,
2205,23,2026-01-05,7.3,3,3,1,1,5,4,3,183.4,55,
2206,23,2026-01-06,7.3,2,3,2,0,5,3,5,182.0,58,
2207,23,2026-01-07,6.6,1,4,1,0,5,4,5,183.4,55,
2208,23,2026-01-08,7.7,3,4,0,0,5,3,2,184.9,53,
2209,23,2026-01-09,7.2,2,5,0,0,5,4,5,182.6,55,
2210,23,2026-01-10,6.5,1,4,1,1,5,3,5,182.1,57,
2211,23,2026-01-11,8.4,3,4,0,1,5,2,5,180.3,53,
2212,23,2026-01-12,7.5,2,5,1,3,5,5,5,183.0,53,
2213,23,2026-01-13,6.8,2,5,1,0,5,4,5,181.7,56,
2214,23,2026-01-14,7.2,1,5,0,1,4,4,3,183.7,54,
2215,23,2026-01-15,6.9,3,5,0,0,5,2,5,181.4,53,
2216,23,2026-01-16,6.3,1,6,2,1,5,3,5,181.9,57,
2217,23,2026-01-17,8.5,4,6,2,1,5,2,5,182.8,58,
2218,23,2026-01-18,7.2,1,6,1,0,5,3,5,183.7,57,
2219,23,2026-01-19,7.3,2,5,1,2,5,3,5,183.3,53,
2220,23,2026-01-20,8.0,3,4,1,2,5,5,5,182.6,58,
2221,23,2026-01-21,6.8,1,4,1,0,4,2,4,182.8,56,
2222,23,2026-01-22,7.4,2,3,6,1,5,2,5,180.9,53,
2223,23,2026-01-23,5.7,1,2,1,1,5,3,4,181.2,53,
2224,23,2026-01-24,7.8,3,2,0,1,5,4,4,180.4,48,
2225,23,2026-01-25,7.3,2,2,3,0,5,2,5,185.6,51,
2226,23,2026-01-26,7.1,2,2,0,0,5,5,5,181.6,56,
2227,23,2026-01-27,8.3,3,2,3,1,5,3,5,183.8,53,
2228,23,2026-01-28,7.8,4,3,0,1,5,3,4,183.5,51,
2229,23,2026-01-29,7.8,3,4,0,0,5,5,3,182.2,56,
2230,23,2026-01-30,7.7,3,5,1,0,5,2,5,182.4,55,
2231,23,2026-01-31,9.2,5,4,3,0,5,5,5,181.4,56,
2232,23,2026-02-01,7.6,4,5,1,2,5,3,5,180.6,57,
2233,23,2026-02-02,7.1,3,5,1,1,5,4,4,183.7,58,
2234,23,2026-02-03,7.0,2,5,0,1,5,4,4,182.5,53,
2235,23,2026-02-04,7.3,3,6,2,1,5,2,5,184.2,54,
2236,23,2026-02-05,6.8,3,6,0,0,5,2,5,181.5,54,
2237,23,2026-02-06,7.7,4,7,4,0,5,2,5,179.9,54,
2238,23,2026-02-07,8.2,4,7,1,1,5,2,5,181.8,52,
2239,23,2026-02-08,6.5,2,7,1,2,5,3,4,181.9,57,
2240,23,2026-02-09,7.6,2,6,0,1,5,3,5,183.4,58,
2241,23,2026-02-10,8.4,4,6,2,1,5,4,4,181.1,55,
2242,23,2026-02-11,7.6,3,7,6,0,5,4,5,182.8,58,
2243,23,2026-02-12,7.0,2,7,1,0,5,2,4,183.1,59,
2244,23,2026-02-13,6.7,2,8,4,2,4,4,4,179.1,58,
2245,23,2026-02-14,7.4,4,7,1,0,5,2,5,183.1,55,
2246,23,2026-02-15,8.7,4,6,2,0,5,3,5,182.2,57,
2247,23,2026-02-16,7.4,4,6,0,0,5,3,4,183.2,56,
2248,23,2026-02-17,6.6,2,6,1,0,5,4,5,180.7,61,
2249,23,2026-02-18,7.6,3,5,2,0,5,5,5,182.4,58,
2250,23,2026-02-19,6.7,1,6,2,0,4,2,3,183.3,55,
2251,23,2026-02-20,7.1,2,5,1,2,5,3,5,186.0,53,
2252,23,2026-02-21,6.8,3,5,1,1,5,5,4,183.3,57,
2253,23,2026-02-22,8.7,5,5,2,1,5,4,5,182.3,58,
2254,23,2026-02-23,7.2,2,5,0,0,5,3,5,182.5,53,
2255,23,2026-02-24,5.4,1,5,3,1,5,3,5,183.2,58,
2256,23,2026-02-25,7.1,2,4,2,2,5,3,5,183.6,55,
2257,23,2026-02-26,7.5,2,4,0,1,5,4,5,181.0,56,
2258,23,2026-02-27,7.9,2,5,2,0,5,3,4,184.0,54,
2259,23,2026-02-28,7.5,3,6,2,1,5,4,5,180.5,58,
2260,23,2026-03-01,7.6,3,5,0,0,5,4,5,180.9,57,
2261,23,2026-03-02,7.1,2,4,1,0,5,2,4,181.2,53,
2262,23,2026-03-03,7.5,3,4,0,0,5,2,5,181.6,55,
2263,23,2026-03-04,7.5,3,4,1,0,5,4,5,182.6,53,
2264,23,2026-03-05,6.1,2,5,2,0,4,4,4,181.0,57,
2265,23,2026-03-06,7.1,3,4,0,1,5,3,5,179.6,52,
2266,23,2026-03-07,7.8,4,5,1,0,5,2,5,179.4,54,
2267,23,2026-03-08,7.7,3,5,3,0,5,3,5,183.7,57,
2268,23,2026-03-09,6.3,1,6,2,0,3,2,2,182.6,57,
2269,23,2026-03-10,7.6,2,6,2,0,5,1,5,180.2,53,
2270,23,2026-03-11,6.4,3,5,1,1,4,3,3,182.9,57,
2271,23,2026-03-12,5.8,2,5,1,1,5,4,5,181.5,59,
2272,23,2026-03-13,6.2,3,4,0,1,5,1,5,181.5,55,
2273,23,2026-03-14,7.1,2,3,2,0,5,4,5,181.7,55,
2274,23,2026-03-15,7.6,4,4,1,1,5,2,5,182.2,53,
2275,23,2026-03-16,7.3,2,4,0,0,5,5,4,181.7,56,
2276,23,2026-03-17,8.8,4,3,0,1,5,3,4,182.5,52,
2277,23,2026-03-18,6.4,1,2,1,2,5,4,4,181.1,56,
2278,23,2026-03-19,7.3,3,2,0,2,5,1,5,180.5,56,
2279,23,2026-03-20,7.3,3,2,4,1,5,5,5,183.7,54,
2280,23,2026-03-21,7.3,1,3,1,0,5,2,5,181.9,56,
2281,23,2026-03-22,7.5,4,3,1,1,5,3,5,181.4,53,
2282,23,2026-03-23,7.6,3,3,1,2,5,3,4,183.3,53,
2283,23,2026-03-24,7.6,3,3,4,1,5,3,4,179.5,53,
2284,23,2026-03-25,6.9,2,3,1,1,5,2,5,180.4,58,
2285,23,2026-03-26,7.3,2,2,0,0,5,1,5,182.3,54,
2286,23,2026-03-27,5.2,1,3,2,0,5,2,4,186.4,54,
2287,23,2026-03-28,6.4,1,3,0,0,5,2,5,179.7,55,
2288,23,2026-03-29,7.3,2,2,2,0,5,4,4,183.0,50,
2289,23,2026-03-30,6.6,2,2,1,0,5,4,4,182.4,54,
2290,23,2026-03-31,7.3,3,3,0,1,5,2,5,180.2,54,
2291,23,2026-04-01,7.9,2,3,1,0,4,4,4,182.0,55,
2292,23,2026-04-02,7.3,2,2,1,1,5,2,5,180.2,56,
2293,23,2026-04-03,7.5,4,1,2,1,5,1,4,180.2,53,
2294,23,2026-04-04,8.4,5,1,1,0,5,1,5,180.5,54,
2295,23,2026-04-05,7.6,2,1,1,2,5,3,5,180.2,49,
2296,23,2026-04-06,7.3,3,1,1,1,5,3,5,180.0,56,
2297,23,2026-04-07,6.9,3,1,1,2,5,3,5,181.2,49,
2298,23,2026-04-08,7.1,2,1,4,1,5,4,4,182.1,53,
2299,23,2026-04-09,7.0,2,1,1,0,5,2,5,181.0,51,
2300,23,2026-04-10,7.7,3,1,1,2,5,3,5,180.2,50,
2301,24,2026-01-01,8.2,4,4,0,2,5,3,5,206.5,52,
2302,24,2026-01-02,6.5,1,3,2,0,5,5,5,206.7,54,
2303,24,2026-01-03,8.6,3,4,0,1,5,2,5,209.8,54,
2304,24,2026-01-04,8.8,4,4,1,0,5,2,5,208.4,53,
2305,24,2026-01-05,7.8,4,4,0,0,5,5,5,208.8,52,
2306,24,2026-01-06,7.6,2,4,1,1,5,4,4,208.8,49,
2307,24,2026-01-07,6.4,1,5,1,0,5,3,5,207.6,55,
2308,24,2026-01-08,6.5,3,5,3,0,5,3,5,209.7,58,
2309,24,2026-01-09,7.9,3,5,2,0,5,1,5,212.3,50,
2310,24,2026-01-10,7.6,4,6,0,0,5,2,4,212.1,54,
2311,24,2026-01-11,7.6,3,6,2,1,5,1,5,209.3,54,
2312,24,2026-01-12,7.0,2,7,3,1,4,4,3,207.6,56,
2313,24,2026-01-13,7.4,2,7,3,1,4,3,4,206.0,54,
2314,24,2026-01-14,7.7,4,6,1,2,5,3,5,207.3,56,
2315,24,2026-01-15,7.9,3,6,0,2,5,4,5,209.1,56,
2316,24,2026-01-16,7.4,2,7,3,1,5,4,5,207.6,54,
2317,24,2026-01-17,7.9,4,7,1,0,5,5,5,210.1,56,
2318,24,2026-01-18,7.3,3,6,0,1,5,3,3,209.9,53,
2319,24,2026-01-19,8.3,4,6,2,0,5,2,5,209.9,51,
2320,24,2026-01-20,6.7,3,5,2,0,5,3,4,208.3,53,
2321,24,2026-01-21,8.7,5,6,2,0,5,4,5,208.3,55,
2322,24,2026-01-22,7.5,3,6,0,1,5,2,4,210.0,55,
2323,24,2026-01-23,7.7,3,5,1,1,5,3,5,206.1,52,
2324,24,2026-01-24,8.4,4,5,1,0,5,2,3,210.6,55,
2325,24,2026-01-25,8.6,4,5,3,0,5,2,4,208.6,53,
2326,24,2026-01-26,7.1,2,5,0,0,5,1,3,208.4,54,
2327,24,2026-01-27,6.5,3,5,1,0,4,3,4,207.3,54,
2328,24,2026-01-28,7.5,3,5,0,0,5,5,5,209.3,55,
2329,24,2026-01-29,8.0,2,5,3,2,5,3,5,209.7,54,
2330,24,2026-01-30,6.3,1,5,1,2,5,2,5,208.1,55,
2331,24,2026-01-31,7.8,3,5,0,1,5,4,5,209.2,52,
2332,24,2026-02-01,7.1,4,5,1,0,5,2,5,210.7,54,
2333,24,2026-02-02,6.7,2,5,1,0,5,2,5,210.2,55,
2334,24,2026-02-03,7.7,3,6,0,0,5,4,5,209.3,56,
2335,24,2026-02-04,7.7,3,6,2,1,5,4,5,208.7,52,
2336,24,2026-02-05,7.8,4,6,1,0,5,3,5,209.0,53,
2337,24,2026-02-06,8.2,3,6,1,1,5,3,5,206.6,49,
2338,24,2026-02-07,7.2,2,6,3,1,4,4,4,207.4,55,
2339,24,2026-02-08,7.9,3,6,0,1,5,2,3,209.6,52,
2340,24,2026-02-09,7.3,2,6,3,1,5,3,5,209.1,52,
2341,24,2026-02-10,8.3,2,6,0,0,5,5,5,207.4,55,
2342,24,2026-02-11,7.2,2,7,3,0,5,4,4,209.1,56,
2343,24,2026-02-12,8.2,2,8,1,2,4,4,3,208.7,57,
2344,24,2026-02-13,7.4,2,7,2,2,5,5,5,207.7,56,
2345,24,2026-02-14,7.5,2,6,1,0,5,1,4,211.4,53,
2346,24,2026-02-15,8.2,2,7,5,2,5,3,4,208.3,54,
2347,24,2026-02-16,6.9,3,7,2,1,5,2,5,209.8,58,
2348,24,2026-02-17,7.4,3,8,2,1,5,2,5,208.3,55,
2349,24,2026-02-18,7.1,2,8,1,3,3,2,3,205.2,51,
2350,24,2026-02-19,5.8,2,8,2,1,5,1,5,206.0,57,
2351,24,2026-02-20,8.9,5,9,3,1,5,1,5,206.0,57,
2352,24,2026-02-21,7.6,3,9,4,3,5,4,4,205.6,59,
2353,24,2026-02-22,7.3,3,9,4,1,5,3,4,207.4,54,
2354,24,2026-02-23,7.2,2,10,2,2,4,3,4,207.8,59,
2355,24,2026-02-24,7.2,3,10,5,2,3,4,3,206.3,59,
2356,24,2026-02-25,6.1,3,10,2,3,5,3,5,212.0,58,
2357,24,2026-02-26,6.9,1,10,4,2,5,4,5,205.9,58,
2358,24,2026-02-27,6.8,2,10,3,3,5,3,5,205.4,55,
2359,24,2026-02-28,7.5,2,10,2,3,5,1,5,207.7,60,
2360,24,2026-03-01,8.3,4,10,3,2,5,3,5,210.5,56,
2361,24,2026-03-02,7.2,2,10,4,1,4,4,5,205.7,55,
2362,24,2026-03-03,7.2,2,10,4,3,5,3,5,208.1,60,
2363,24,2026-03-04,8.5,4,10,1,2,5,3,5,207.1,55,
2364,24,2026-03-05,7.7,3,9,2,3,4,3,3,205.8,57,
2365,24,2026-03-06,6.9,3,9,2,3,5,3,5,208.2,58,
2366,24,2026-03-07,9.2,4,9,3,1,5,4,4,204.7,55,
2367,24,2026-03-08,7.5,3,10,1,1,5,4,5,208.5,51,
2368,24,2026-03-09,6.7,3,10,1,3,4,3,5,205.2,58,
2369,24,2026-03-10,6.7,1,10,1,1,4,3,4,207.5,57,
2370,24,2026-03-11,7.6,3,10,2,4,5,5,5,207.1,55,
2371,24,2026-03-12,7.0,2,9,3,2,5,2,5,203.6,57,
2372,24,2026-03-13,7.8,4,8,2,2,5,5,5,207.9,58,
2373,24,2026-03-14,6.5,2,9,4,1,4,5,5,207.3,59,
2374,24,2026-03-15,6.6,1,10,1,2,4,2,5,205.1,55,
2375,24,2026-03-16,8.2,3,10,2,3,5,3,5,206.6,58,
2376,24,2026-03-17,6.4,4,9,2,1,5,2,5,209.4,60,
2377,24,2026-03-18,6.1,1,9,3,1,5,3,4,208.3,60,
2378,24,2026-03-19,8.5,4,8,3,1,5,4,5,206.3,55,
2379,24,2026-03-20,6.3,2,8,1,1,5,5,5,206.0,55,
2380,24,2026-03-21,7.0,2,8,3,3,5,2,5,208.7,54,
2381,24,2026-03-22,8.1,3,7,2,0,5,4,5,209.9,58,
2382,24,2026-03-23,6.8,3,8,1,3,5,2,5,212.1,54,
2383,24,2026-03-24,8.3,3,7,3,2,5,4,5,209.1,53,
2384,24,2026-03-25,8.1,4,7,2,1,5,4,5,207.2,53,
2385,24,2026-03-26,7.9,3,7,2,0,5,3,4,206.0,55,
2386,24,2026-03-27,6.3,1,6,2,0,5,1,5,210.4,53,
2387,24,2026-03-28,6.7,3,6,1,1,5,5,5,209.9,55,
2388,24,2026-03-29,8.1,3,7,2,2,5,2,4,205.2,52,
2389,24,2026-03-30,6.6,3,7,4,2,5,2,4,205.1,56,
2390,24,2026-03-31,7.6,4,7,2,1,5,2,4,206.1,55,
2391,24,2026-04-01,7.9,3,8,4,1,5,2,5,208.7,56,
2392,24,2026-04-02,8.4,3,8,1,1,4,1,5,208.0,57,
2393,24,2026-04-03,7.6,2,7,1,0,5,2,4,208.2,55,
2394,24,2026-04-04,8.6,3,7,2,1,4,4,4,207.9,55,
2395,24,2026-04-05,8.2,3,6,2,0,5,4,5,206.3,53,
2396,24,2026-04-06,7.4,3,7,2,1,5,5,5,203.9,55,
2397,24,2026-04-07,6.9,2,7,2,2,5,4,5,206.9,58,
2398,24,2026-04-08,6.5,2,6,1,0,5,3,5,208.0,56,
2399,24,2026-04-09,7.7,4,6,0,1,5,5,5,206.2,51,
2400,24,2026-04-10,6.6,1,5,1,0,5,2,5,206.4,56,
2401,25,2026-01-01,7.0,3,2,1,1,5,3,5,114.0,50,
2402,25,2026-01-02,7.4,3,2,0,0,5,2,5,119.4,52,
2403,25,2026-01-03,7.0,2,2,0,0,5,3,5,120.0,51,
2404,25,2026-01-04,8.4,3,3,0,1,5,2,5,116.6,52,
2405,25,2026-01-05,9.1,3,2,0,0,5,3,5,119.2,53,
2406,25,2026-01-06,7.0,2,2,2,1,5,3,4,116.9,49,
2407,25,2026-01-07,5.1,1,3,3,2,5,2,5,114.8,53,
2408,25,2026-01-08,7.5,3,3,1,1,5,2,4,116.8,54,
2409,25,2026-01-09,7.9,3,2,1,0,5,5,5,117.8,50,
2410,25,2026-01-10,7.9,2,3,4,0,5,1,5,119.2,51,
2411,25,2026-01-11,8.9,4,3,0,3,5,3,5,116.2,56,
2412,25,2026-01-12,7.4,3,3,1,1,5,2,5,115.7,57,
2413,25,2026-01-13,8.6,3,3,0,2,5,2,5,114.6,52,
2414,25,2026-01-14,6.8,1,3,0,1,5,3,5,115.3,56,
2415,25,2026-01-15,7.8,3,2,0,1,5,1,5,117.0,51,
2416,25,2026-01-16,8.7,4,1,4,0,5,3,5,114.2,55,
2417,25,2026-01-17,7.7,3,1,1,0,5,2,5,118.5,51,
2418,25,2026-01-18,8.5,4,1,4,1,5,2,3,115.7,48,
2419,25,2026-01-19,8.2,3,1,1,1,5,3,5,115.4,53,
2420,25,2026-01-20,7.2,2,1,2,1,5,3,4,119.0,50,
2421,25,2026-01-21,8.0,4,2,1,0,5,3,4,115.9,55,
2422,25,2026-01-22,7.4,2,2,0,2,5,2,5,114.2,50,
2423,25,2026-01-23,8.0,3,2,1,0,5,2,5,117.2,50,
2424,25,2026-01-24,6.1,1,2,0,0,5,2,5,118.2,54,
2425,25,2026-01-25,7.1,3,2,3,0,5,4,5,115.8,52,
2426,25,2026-01-26,6.6,2,2,1,1,5,4,5,119.7,53,
2427,25,2026-01-27,6.7,2,3,2,0,4,3,3,118.6,54,
2428,25,2026-01-28,6.8,1,3,2,2,5,3,5,120.6,53,
2429,25,2026-01-29,8.3,4,4,0,2,5,3,5,119.6,51,
2430,25,2026-01-30,6.5,3,4,3,2,5,3,5,113.8,55,
2431,25,2026-01-31,7.8,2,4,1,2,5,4,5,116.2,51,
2432,25,2026-02-01,7.5,2,4,0,1,5,2,5,117.2,53,
2433,25,2026-02-02,6.7,2,5,0,1,5,2,5,117.0,55,
2434,25,2026-02-03,9.2,4,5,2,1,5,5,4,115.7,51,
2435,25,2026-02-04,8.2,3,6,2,0,5,1,5,116.7,55,
2436,25,2026-02-05,6.8,3,6,2,0,5,3,5,118.3,58,
2437,25,2026-02-06,7.5,4,7,1,0,5,3,5,118.4,56,
2438,25,2026-02-07,7.4,3,7,2,0,4,2,5,118.7,59,
2439,25,2026-02-08,7.3,1,6,2,0,5,4,5,118.4,57,
2440,25,2026-02-09,6.4,2,6,2,3,5,3,5,117.4,52,
2441,25,2026-02-10,6.6,1,6,0,3,4,3,4,114.6,53,
2442,25,2026-02-11,7.0,2,6,2,1,5,4,5,118.2,56,
2443,25,2026-02-12,7.0,3,6,2,0,5,5,5,114.6,63,
2444,25,2026-02-13,8.2,4,6,0,1,5,2,5,116.0,54,
2445,25,2026-02-14,8.3,4,6,3,1,5,3,5,115.9,58,
2446,25,2026-02-15,7.2,2,6,1,1,5,2,4,116.4,53,
2447,25,2026-02-16,8.5,5,6,5,1,5,1,4,118.8,55,
2448,25,2026-02-17,6.6,3,5,1,1,5,4,5,116.1,56,
2449,25,2026-02-18,7.3,2,6,1,0,5,2,5,115.3,58,
2450,25,2026-02-19,7.8,3,6,2,0,5,3,4,118.4,56,
2451,25,2026-02-20,7.0,2,6,0,0,4,2,4,116.1,55,
2452,25,2026-02-21,6.7,3,6,1,1,5,4,5,117.3,54,
2453,25,2026-02-22,6.8,1,7,1,3,4,4,4,115.5,61,
2454,25,2026-02-23,8.1,4,6,1,0,5,3,5,117.2,56,
2455,25,2026-02-24,7.9,3,6,1,2,5,1,5,115.3,57,
2456,25,2026-02-25,8.1,4,6,2,2,5,1,4,116.6,53,
2457,25,2026-02-26,7.4,3,5,1,0,5,2,4,117.6,55,
2458,25,2026-02-27,6.1,2,5,0,1,5,4,5,115.2,55,
2459,25,2026-02-28,8.0,2,4,1,1,5,4,5,116.1,50,
2460,25,2026-03-01,7.4,2,4,2,0,5,3,5,116.5,55,
2461,25,2026-03-02,7.7,4,5,1,2,5,4,4,115.9,58,
2462,25,2026-03-03,6.7,2,5,1,2,5,2,5,117.5,54,
2463,25,2026-03-04,7.2,3,5,0,0,5,3,5,119.2,51,
2464,25,2026-03-05,7.8,3,4,3,0,5,3,4,116.5,54,
2465,25,2026-03-06,8.1,1,3,1,2,5,3,5,117.4,51,
2466,25,2026-03-07,7.7,2,3,1,1,5,3,5,118.2,54,
2467,25,2026-03-08,7.8,2,2,0,1,5,2,5,113.0,50,
2468,25,2026-03-09,7.7,3,2,0,2,5,2,5,115.1,51,
2469,25,2026-03-10,8.6,3,2,0,1,5,3,4,113.4,47,
2470,25,2026-03-11,6.4,3,2,1,1,5,1,4,115.4,51,
2471,25,2026-03-12,7.4,2,1,0,1,5,3,5,118.7,52,
2472,25,2026-03-13,7.4,3,1,0,2,5,3,5,115.0,52,
2473,25,2026-03-14,8.9,3,1,1,1,5,2,5,116.4,49,
2474,25,2026-03-15,7.3,2,1,1,0,5,3,4,119.9,54,
2475,25,2026-03-16,8.2,5,1,0,1,5,2,5,115.4,48,
2476,25,2026-03-17,6.5,2,1,3,1,5,3,5,115.0,55,
2477,25,2026-03-18,8.1,4,1,1,0,5,3,5,117.5,52,
2478,25,2026-03-19,6.2,1,1,0,1,5,5,5,116.3,50,
2479,25,2026-03-20,7.5,3,1,1,0,5,4,4,112.7,53,
2480,25,2026-03-21,7.2,3,1,1,0,5,1,5,114.8,50,
2481,25,2026-03-22,8.3,3,1,1,1,5,2,4,113.0,52,
2482,25,2026-03-23,7.5,3,1,1,0,5,4,4,116.6,55,
2483,25,2026-03-24,8.1,4,2,3,0,5,4,5,115.4,52,
2484,25,2026-03-25,7.2,2,1,2,0,5,1,4,116.6,52,
2485,25,2026-03-26,7.5,2,1,2,1,5,3,5,118.4,52,
2486,25,2026-03-27,8.5,4,1,0,0,5,4,5,115.8,53,
2487,25,2026-03-28,8.2,2,2,3,1,5,3,5,114.7,55,
2488,25,2026-03-29,9.4,5,3,2,0,5,2,5,116.7,56,
2489,25,2026-03-30,7.4,3,2,1,2,5,3,4,114.5,53,
2490,25,2026-03-31,6.5,3,3,1,1,5,3,5,117.6,52,
2491,25,2026-04-01,6.5,1,3,1,1,5,3,5,112.6,53,
2492,25,2026-04-02,6.9,3,3,0,0,5,2,4,113.6,55,
2493,25,2026-04-03,7.5,4,2,0,1,5,3,5,118.4,52,
2494,25,2026-04-04,7.0,2,3,2,1,5,3,5,115.4,57,
2495,25,2026-04-05,6.7,2,3,1,1,5,1,5,117.3,54,
2496,25,2026-04-06,5.6,1,3,0,1,5,5,5,117.6,56,
2497,25,2026-04-07,6.9,2,4,1,1,4,2,3,117.6,57,
2498,25,2026-04-08,8.1,4,3,0,0,5,4,5,115.0,51,
2499,25,2026-04-09,7.6,3,3,1,0,5,2,5,115.0,51,
2500,25,2026-04-10,6.8,2,4,0,1,5,3,5,116.2,57,
2501,26,2026-01-01,7.3,2,4,0,2,5,1,5,168.5,58,
2502,26,2026-01-02,7.7,3,4,0,0,5,3,5,166.5,55,
2503,26,2026-01-03,6.8,3,5,2,0,5,3,5,169.1,51,
2504,26,2026-01-04,7.6,4,6,2,1,5,3,5,170.7,60,
2505,26,2026-01-05,8.2,4,6,4,1,5,2,5,168.0,57,
2506,26,2026-01-06,6.9,3,6,1,0,5,3,5,169.8,54,
2507,26,2026-01-07,6.0,1,7,3,1,5,2,5,167.5,59,
2508,26,2026-01-08,6.7,2,7,1,0,5,3,5,172.0,56,
2509,26,2026-01-09,6.7,2,6,2,0,4,2,5,168.3,57,
2510,26,2026-01-10,7.3,3,7,3,0,5,4,4,167.8,56,
2511,26,2026-01-11,7.5,3,6,1,2,5,4,5,166.9,56,
2512,26,2026-01-12,7.9,3,7,1,0,5,1,5,168.9,56,
2513,26,2026-01-13,6.8,1,7,4,0,4,2,4,166.9,56,
2514,26,2026-01-14,6.9,3,8,1,1,5,1,5,167.2,58,
2515,26,2026-01-15,6.6,3,8,1,3,5,4,5,166.6,58,
2516,26,2026-01-16,7.6,1,7,3,1,5,4,5,168.3,57,
2517,26,2026-01-17,5.8,2,8,3,1,3,3,4,168.1,59,
2518,26,2026-01-18,7.7,3,8,3,1,3,4,4,165.9,56,
2519,26,2026-01-19,7.1,1,7,2,1,5,3,5,166.8,58,
2520,26,2026-01-20,5.8,1,8,2,2,5,3,5,165.0,59,
2521,26,2026-01-21,7.6,2,8,3,4,4,3,4,168.6,57,
2522,26,2026-01-22,5.6,2,7,2,2,5,2,4,166.4,59,
2523,26,2026-01-23,6.2,2,8,1,1,5,2,5,166.1,56,
2524,26,2026-01-24,7.8,3,8,2,2,4,3,4,168.8,57,
2525,26,2026-01-25,7.4,3,8,2,1,5,3,4,167.3,59,
2526,26,2026-01-26,5.9,1,7,2,0,5,4,4,166.9,58,
2527,26,2026-01-27,6.6,1,7,3,0,5,4,5,168.9,55,
2528,26,2026-01-28,6.8,2,6,1,0,5,2,5,165.8,58,
2529,26,2026-01-29,6.2,2,5,1,2,5,4,5,166.6,53,
2530,26,2026-01-30,5.9,1,6,0,1,3,3,3,166.3,56,
2531,26,2026-01-31,7.4,3,6,0,0,5,3,4,169.8,56,
2532,26,2026-02-01,7.1,3,6,1,0,5,4,4,168.0,55,
2533,26,2026-02-02,6.0,1,7,3,1,4,4,4,169.4,58,
2534,26,2026-02-03,6.3,2,7,2,1,4,5,5,168.2,55,
2535,26,2026-02-04,6.6,1,8,3,4,4,1,5,166.3,58,
2536,26,2026-02-05,6.9,3,8,1,1,5,3,4,171.8,58,
2537,26,2026-02-06,6.7,2,7,1,1,5,4,5,168.1,53,
2538,26,2026-02-07,6.8,2,7,1,2,4,1,4,170.2,54,
2539,26,2026-02-08,7.0,1,7,2,0,4,2,3,168.6,56,
2540,26,2026-02-09,7.4,2,7,3,0,4,3,5,167.5,56,
2541,26,2026-02-10,8.1,3,8,2,1,5,3,4,165.2,60,
2542,26,2026-02-11,6.7,2,8,4,5,5,3,3,168.6,59,
2543,26,2026-02-12,6.1,2,9,1,3,4,4,5,167.5,59,
2544,26,2026-02-13,6.4,3,9,1,2,5,2,5,164.8,60,
2545,26,2026-02-14,7.1,3,8,2,2,5,5,4,167.6,58,
2546,26,2026-02-15,7.5,3,8,4,3,5,3,5,165.9,56,
2547,26,2026-02-16,7.2,3,8,2,1,3,2,2,167.4,57,
2548,26,2026-02-17,7.3,3,9,2,2,5,5,5,167.7,58,
2549,26,2026-02-18,6.9,4,9,1,2,5,3,5,168.2,61,
2550,26,2026-02-19,6.9,3,9,1,4,5,3,5,165.6,57,
2551,26,2026-02-20,7.0,1,8,2,3,4,3,5,168.7,56,
2552,26,2026-02-21,7.0,1,8,2,1,3,2,2,166.6,55,
2553,26,2026-02-22,7.5,3,8,5,1,5,2,5,168.2,54,
2554,26,2026-02-23,6.4,1,8,3,1,4,3,3,166.6,59,
2555,26,2026-02-24,6.6,3,8,2,2,5,1,5,167.6,61,
2556,26,2026-02-25,7.7,4,8,2,1,4,3,4,170.7,60,
2557,26,2026-02-26,6.7,2,7,2,0,5,3,5,168.0,58,
2558,26,2026-02-27,6.0,2,7,4,1,5,4,4,164.6,58,
2559,26,2026-02-28,7.2,1,7,1,2,5,3,5,168.7,56,
2560,26,2026-03-01,7.0,2,8,6,1,4,2,4,167.5,60,
2561,26,2026-03-02,7.6,4,7,2,0,5,3,4,168.5,56,
2562,26,2026-03-03,6.8,2,8,5,4,5,4,5,162.3,59,
2563,26,2026-03-04,7.3,4,7,1,0,5,3,5,168.5,56,
2564,26,2026-03-05,7.8,4,8,3,1,5,1,5,166.8,58,
2565,26,2026-03-06,6.5,2,7,1,2,5,3,5,165.5,52,
2566,26,2026-03-07,7.2,2,6,0,2,5,1,5,164.3,55,
2567,26,2026-03-08,7.9,3,7,3,1,5,3,4,168.6,55,
2568,26,2026-03-09,6.1,1,7,2,0,4,3,4,165.0,56,
2569,26,2026-03-10,6.8,2,6,1,0,5,2,5,167.1,56,
2570,26,2026-03-11,5.8,2,6,1,0,4,3,3,165.9,54,
2571,26,2026-03-12,7.4,3,6,1,1,5,4,4,165.8,52,
2572,26,2026-03-13,7.2,3,7,2,1,5,4,5,167.6,57,
2573,26,2026-03-14,8.1,3,7,2,0,5,3,5,167.6,58,
2574,26,2026-03-15,6.7,2,7,1,0,4,4,3,167.0,55,
2575,26,2026-03-16,6.8,2,7,1,0,4,5,4,166.7,56,
2576,26,2026-03-17,6.6,2,6,2,2,5,2,4,167.8,59,
2577,26,2026-03-18,8.0,2,6,1,1,5,3,5,167.5,54,
2578,26,2026-03-19,6.9,2,7,3,1,5,3,4,166.7,56,
2579,26,2026-03-20,7.4,3,7,2,0,5,3,5,168.2,56,
2580,26,2026-03-21,8.0,4,8,2,3,5,2,4,169.5,55,
2581,26,2026-03-22,7.0,2,7,3,0,5,1,5,168.1,55,
2582,26,2026-03-23,7.0,2,8,1,1,4,1,3,167.0,57,
2583,26,2026-03-24,6.4,3,8,3,2,5,3,3,165.7,59,
2584,26,2026-03-25,6.4,1,8,2,2,3,4,1,168.3,59,
2585,26,2026-03-26,7.5,3,7,2,3,5,3,4,169.0,54,
2586,26,2026-03-27,5.4,1,7,3,1,5,3,5,166.4,57,
2587,26,2026-03-28,7.1,4,6,2,0,4,4,4,164.6,57,
2588,26,2026-03-29,6.7,2,7,4,0,5,2,5,164.7,55,
2589,26,2026-03-30,6.3,2,7,3,2,4,4,3,169.2,56,
2590,26,2026-03-31,8.6,5,8,1,2,5,3,5,165.4,56,
2591,26,2026-04-01,6.1,1,9,4,2,5,4,4,166.9,58,
2592,26,2026-04-02,6.9,1,9,1,1,3,3,2,168.5,61,
2593,26,2026-04-03,7.5,3,9,1,2,4,3,4,169.5,55,
2594,26,2026-04-04,7.9,4,10,1,1,4,4,3,166.4,57,
2595,26,2026-04-05,6.9,3,9,2,2,4,5,4,166.4,57,
2596,26,2026-04-06,7.9,4,9,1,4,4,3,3,165.5,59,
2597,26,2026-04-07,6.7,2,8,2,1,5,3,4,164.8,59,
2598,26,2026-04-08,5.9,1,8,2,4,5,4,4,165.3,54,
2599,26,2026-04-09,5.7,1,9,1,1,4,2,4,164.8,62,
2600,26,2026-04-10,8.2,4,10,2,2,5,5,5,164.4,57,
2601,27,2026-01-01,7.2,1,2,0,2,5,3,5,170.3,48,
2602,27,2026-01-02,7.5,3,3,1,0,5,2,5,168.5,54,
2603,27,2026-01-03,7.8,4,2,0,1,5,2,5,171.4,50,
2604,27,2026-01-04,6.3,3,3,3,0,5,4,5,170.3,59,
2605,27,2026-01-05,6.6,1,4,3,0,5,3,4,171.5,56,
2606,27,2026-01-06,7.3,3,4,0,0,5,3,5,171.4,56,
2607,27,2026-01-07,7.8,3,3,0,0,5,4,5,171.1,52,
2608,27,2026-01-08,7.2,2,4,0,1,5,3,5,171.3,53,
2609,27,2026-01-09,8.1,3,5,3,2,5,3,5,170.6,56,
2610,27,2026-01-10,7.4,3,5,2,0,5,3,5,169.8,54,
2611,27,2026-01-11,7.1,3,4,1,2,5,3,3,172.1,55,
2612,27,2026-01-12,7.5,3,5,0,0,5,3,5,171.1,58,
2613,27,2026-01-13,6.2,1,6,1,3,5,3,5,168.3,57,
2614,27,2026-01-14,7.4,3,7,2,1,5,4,5,171.1,56,
2615,27,2026-01-15,7.0,2,6,1,0,5,3,5,173.2,57,
2616,27,2026-01-16,8.4,4,7,1,1,5,4,5,172.2,59,
2617,27,2026-01-17,8.1,3,6,2,2,5,3,5,170.4,58,
2618,27,2026-01-18,6.8,2,5,1,2,5,3,4,168.4,57,
2619,27,2026-01-19,7.6,4,4,2,1,5,3,5,171.6,51,
2620,27,2026-01-20,7.8,3,4,2,0,5,3,5,168.5,52,
2621,27,2026-01-21,7.3,3,5,0,1,5,3,5,170.7,55,
2622,27,2026-01-22,8.1,3,5,1,1,5,2,5,168.0,56,
2623,27,2026-01-23,6.7,2,5,1,1,5,2,5,170.1,56,
2624,27,2026-01-24,6.6,2,4,1,1,5,5,5,170.6,58,
2625,27,2026-01-25,6.3,1,3,0,0,5,4,5,169.8,54,
2626,27,2026-01-26,7.5,3,3,0,0,5,3,5,170.4,53,
2627,27,2026-01-27,7.7,3,3,1,1,5,3,5,168.5,52,
2628,27,2026-01-28,7.8,3,3,2,1,5,3,5,170.0,54,
2629,27,2026-01-29,6.4,2,3,0,1,5,5,5,169.0,56,
2630,27,2026-01-30,5.4,1,3,1,0,5,4,4,171.7,52,
2631,27,2026-01-31,8.0,3,2,0,1,5,1,4,167.0,51,
2632,27,2026-02-01,7.9,3,1,0,0,5,2,4,170.7,52,
2633,27,2026-02-02,7.0,2,1,2,0,5,3,5,170.0,51,
2634,27,2026-02-03,8.1,3,2,2,1,5,2,5,171.8,49,
2635,27,2026-02-04,7.0,2,3,1,0,5,3,5,168.6,52,
2636,27,2026-02-05,7.6,3,3,0,1,5,4,5,168.5,57,
2637,27,2026-02-06,8.2,4,3,2,1,5,5,5,167.6,52,
2638,27,2026-02-07,6.8,3,3,0,1,5,1,4,171.0,58,
2639,27,2026-02-08,7.2,2,3,1,2,5,3,5,168.4,56,
2640,27,2026-02-09,7.0,3,4,2,0,5,2,5,169.5,55,
2641,27,2026-02-10,7.4,2,4,1,0,5,1,5,169.2,52,
2642,27,2026-02-11,5.3,1,4,2,2,5,3,5,169.4,52,
2643,27,2026-02-12,6.7,1,4,1,0,5,2,4,171.5,54,
2644,27,2026-02-13,6.2,2,4,1,0,5,4,5,170.7,53,
2645,27,2026-02-14,7.7,2,5,1,0,5,2,5,170.4,58,
2646,27,2026-02-15,7.4,2,6,4,1,5,3,4,169.5,54,
2647,27,2026-02-16,7.5,2,6,3,1,4,2,4,168.8,56,
2648,27,2026-02-17,7.4,3,7,1,1,5,3,5,170.0,60,
2649,27,2026-02-18,6.7,2,7,2,0,5,3,4,167.7,54,
2650,27,2026-02-19,6.1,1,7,5,1,4,4,5,170.3,56,
2651,27,2026-02-20,7.3,2,6,1,1,5,3,4,166.3,56,
2652,27,2026-02-21,7.0,2,5,2,0,5,5,5,167.8,55,
2653,27,2026-02-22,7.7,2,4,0,0,5,2,5,168.2,55,
2654,27,2026-02-23,7.1,3,4,0,2,5,2,5,169.5,52,
2655,27,2026-02-24,7.1,2,5,1,0,5,3,5,167.2,57,
2656,27,2026-02-25,6.8,3,5,2,1,5,2,5,167.5,57,
2657,27,2026-02-26,6.3,2,4,1,2,5,1,5,171.6,58,
2658,27,2026-02-27,7.2,3,4,0,0,5,4,5,168.7,52,
2659,27,2026-02-28,8.9,5,4,2,1,5,4,5,170.2,51,
2660,27,2026-03-01,6.3,2,3,0,1,5,4,5,170.4,53,
2661,27,2026-03-02,8.1,3,2,0,1,5,2,5,169.6,54,
2662,27,2026-03-03,6.8,2,2,0,1,5,3,5,169.2,51,
2663,27,2026-03-04,7.1,2,3,0,1,5,3,5,168.4,56,
2664,27,2026-03-05,7.4,3,3,0,1,5,3,5,169.6,54,
2665,27,2026-03-06,8.3,4,2,3,1,5,4,5,166.8,52,
2666,27,2026-03-07,7.7,2,1,1,1,5,1,4,167.7,50,
2667,27,2026-03-08,6.3,2,2,0,0,5,4,5,167.1,54,
2668,27,2026-03-09,8.0,3,1,0,0,5,3,5,165.4,50,
2669,27,2026-03-10,6.5,3,2,1,3,5,2,5,167.6,55,
2670,27,2026-03-11,6.7,1,2,0,1,5,2,5,169.2,52,
2671,27,2026-03-12,6.8,3,2,0,1,5,3,4,166.0,54,
2672,27,2026-03-13,6.3,2,3,1,1,5,1,5,167.5,55,
2673,27,2026-03-14,8.3,4,3,3,0,5,3,5,166.7,54,
2674,27,2026-03-15,6.7,1,3,4,2,4,5,2,170.5,54,
2675,27,2026-03-16,6.7,1,4,1,0,5,4,5,170.7,54,
2676,27,2026-03-17,6.5,2,4,2,1,5,3,5,170.2,55,
2677,27,2026-03-18,7.6,3,4,2,1,5,1,5,167.2,55,
2678,27,2026-03-19,7.8,3,4,1,2,5,4,5,167.3,56,
2679,27,2026-03-20,6.6,3,5,2,2,5,2,5,170.0,54,
2680,27,2026-03-21,7.7,2,4,0,0,5,4,5,167.2,55,
2681,27,2026-03-22,8.2,3,5,0,0,5,3,5,165.6,58,
2682,27,2026-03-23,8.2,2,6,1,2,5,2,5,168.0,55,
2683,27,2026-03-24,8.0,4,6,3,1,5,3,5,169.5,55,
2684,27,2026-03-25,6.4,2,5,1,1,5,3,5,166.4,54,
2685,27,2026-03-26,6.2,2,6,1,1,5,1,5,166.3,55,
2686,27,2026-03-27,5.8,1,6,0,0,5,2,5,167.0,58,
2687,27,2026-03-28,7.9,3,5,0,0,5,4,4,168.0,58,
2688,27,2026-03-29,7.9,3,6,1,0,5,3,5,168.0,55,
2689,27,2026-03-30,6.0,2,6,3,1,5,2,4,169.5,59,
2690,27,2026-03-31,7.4,2,6,1,0,4,4,4,166.4,56,
2691,27,2026-04-01,6.7,1,6,1,1,4,3,4,169.0,58,
2692,27,2026-04-02,6.5,3,6,3,2,5,3,5,166.5,56,
2693,27,2026-04-03,7.4,3,5,4,0,5,3,5,168.8,51,
2694,27,2026-04-04,7.5,3,5,0,0,5,3,5,167.0,53,
2695,27,2026-04-05,7.9,3,5,0,2,4,3,3,168.5,54,
2696,27,2026-04-06,7.4,3,6,1,1,5,4,5,166.9,56,
2697,27,2026-04-07,7.7,2,6,1,0,5,5,5,169.7,56,
2698,27,2026-04-08,6.6,3,7,2,2,5,2,4,169.2,57,
2699,27,2026-04-09,6.2,1,7,4,0,4,3,4,170.6,58,
2700,27,2026-04-10,7.3,3,6,2,0,5,4,5,169.5,57,
2701,28,2026-01-01,6.6,2,1,1,0,5,3,4,164.9,59,
2702,28,2026-01-02,6.1,1,1,4,1,5,3,4,163.0,60,
2703,28,2026-01-03,5.4,1,1,1,2,5,2,4,162.9,58,
2704,28,2026-01-04,7.5,3,2,2,1,5,4,5,162.6,63,
2705,28,2026-01-05,6.9,3,2,1,1,5,4,5,163.0,63,
2706,28,2026-01-06,7.2,2,2,2,1,5,5,5,165.2,58,
2707,28,2026-01-07,5.8,1,1,5,0,5,2,5,162.8,60,
2708,28,2026-01-08,7.2,1,2,0,0,5,3,4,162.7,58,
2709,28,2026-01-09,7.4,3,2,0,2,5,2,4,164.8,64,
2710,28,2026-01-10,6.5,1,3,1,1,5,3,3,161.5,61,
2711,28,2026-01-11,6.9,1,2,0,0,5,3,5,163.0,61,
2712,28,2026-01-12,5.8,1,1,0,0,5,3,5,163.5,64,
2713,28,2026-01-13,7.2,2,1,1,1,5,4,5,163.1,63,
2714,28,2026-01-14,6.0,2,2,0,0,5,3,5,165.3,61,
2715,28,2026-01-15,7.3,2,2,3,0,5,4,5,162.9,59,
2716,28,2026-01-16,6.3,2,3,1,0,5,4,4,163.7,65,
2717,28,2026-01-17,6.5,1,3,2,0,5,4,5,164.0,63,
2718,28,2026-01-18,6.4,2,3,1,1,5,1,5,164.5,60,
2719,28,2026-01-19,6.1,2,3,1,0,5,2,4,163.1,64,
2720,28,2026-01-20,8.5,4,3,0,1,5,1,3,162.4,60,
2721,28,2026-01-21,6.5,1,3,0,0,5,4,5,162.3,64,
2722,28,2026-01-22,6.5,1,2,1,0,5,2,5,162.1,59,
2723,28,2026-01-23,6.6,1,2,0,1,5,3,4,162.3,65,
2724,28,2026-01-24,7.5,1,2,0,1,5,3,5,160.7,61,
2725,28,2026-01-25,7.4,3,2,3,1,5,2,5,162.2,59,
2726,28,2026-01-26,5.9,2,2,1,1,5,3,3,163.2,58,
2727,28,2026-01-27,7.5,3,2,3,2,5,4,4,164.7,61,
2728,28,2026-01-28,8.3,4,3,2,2,5,1,5,162.9,59,
2729,28,2026-01-29,6.2,1,2,3,0,5,3,5,163.2,66,
2730,28,2026-01-30,6.5,3,2,1,1,5,4,4,161.8,59,
2731,28,2026-01-31,7.2,2,1,3,0,5,4,5,162.0,60,
2732,28,2026-02-01,8.3,3,1,0,0,5,3,3,164.4,55,
2733,28,2026-02-02,7.8,2,1,4,0,5,3,5,161.7,56,
2734,28,2026-02-03,7.0,2,2,0,1,5,3,5,162.2,59,
2735,28,2026-02-04,6.7,2,2,1,0,5,2,5,164.2,61,
2736,28,2026-02-05,8.5,5,3,0,2,5,2,4,160.4,59,
2737,28,2026-02-06,6.3,1,2,1,0,5,3,5,161.9,63,
2738,28,2026-02-07,8.2,3,3,0,0,5,3,5,162.6,60,
2739,28,2026-02-08,7.9,4,3,3,2,5,3,5,163.2,60,
2740,28,2026-02-09,6.5,2,4,1,3,5,2,4,162.2,65,
2741,28,2026-02-10,6.9,2,4,0,1,5,2,5,164.8,63,
2742,28,2026-02-11,6.5,2,4,1,1,5,2,5,167.0,63,
2743,28,2026-02-12,6.9,3,5,0,0,5,2,5,164.1,63,
2744,28,2026-02-13,7.6,2,4,0,0,5,3,4,164.9,62,
2745,28,2026-02-14,6.7,1,5,2,1,5,2,5,162.6,64,
2746,28,2026-02-15,7.2,3,6,1,2,5,2,5,163.6,65,
2747,28,2026-02-16,6.7,1,7,2,0,5,3,5,162.5,64,
2748,28,2026-02-17,8.2,4,6,2,0,5,2,4,159.3,60,
2749,28,2026-02-18,6.1,2,6,1,0,5,3,5,160.9,61,
2750,28,2026-02-19,6.0,1,6,2,2,4,3,4,162.4,63,
2751,28,2026-02-20,7.1,4,6,0,1,5,4,4,162.8,60,
2752,28,2026-02-21,7.4,4,7,2,0,5,3,5,162.8,62,
2753,28,2026-02-22,8.4,2,7,3,0,5,3,4,164.4,66,
2754,28,2026-02-23,6.0,2,7,2,2,5,3,4,162.4,64,
2755,28,2026-02-24,6.0,1,6,1,1,5,2,5,162.3,63,
2756,28,2026-02-25,6.9,2,7,4,0,5,3,5,162.5,66,
2757,28,2026-02-26,7.1,3,7,1,0,5,3,5,164.2,65,
2758,28,2026-02-27,6.4,3,8,4,3,5,3,5,163.1,68,
2759,28,2026-02-28,6.5,2,8,1,1,5,4,4,163.9,66,
2760,28,2026-03-01,7.7,3,7,3,2,5,1,5,163.7,66,
2761,28,2026-03-02,7.2,2,7,1,2,5,4,5,159.0,64,
2762,28,2026-03-03,7.0,3,7,3,0,5,4,5,161.1,63,
2763,28,2026-03-04,6.8,3,7,3,2,5,4,4,161.5,64,
2764,28,2026-03-05,6.9,2,8,1,2,3,4,3,162.4,67,
2765,28,2026-03-06,7.7,3,7,2,1,4,4,4,162.4,65,
2766,28,2026-03-07,7.3,2,7,1,2,5,4,4,163.2,63,
2767,28,2026-03-08,6.6,1,8,3,2,4,4,3,162.8,62,
2768,28,2026-03-09,7.5,3,8,1,2,4,2,4,162.8,66,
2769,28,2026-03-10,7.6,3,8,3,2,5,4,5,162.5,66,
2770,28,2026-03-11,7.2,2,7,2,1,4,3,5,162.6,64,
2771,28,2026-03-12,8.2,2,6,0,4,5,3,3,161.9,66,
2772,28,2026-03-13,7.7,3,6,0,0,5,2,4,163.9,64,
2773,28,2026-03-14,6.3,1,6,2,1,4,1,4,164.5,60,
2774,28,2026-03-15,7.1,1,6,1,1,5,4,5,165.0,65,
2775,28,2026-03-16,6.9,3,6,0,1,5,3,4,162.2,61,
2776,28,2026-03-17,6.0,1,7,1,0,5,3,4,162.7,66,
2777,28,2026-03-18,7.0,2,6,3,2,4,2,4,161.0,61,
2778,28,2026-03-19,7.2,3,5,2,1,5,4,5,162.6,63,
2779,28,2026-03-20,7.6,3,5,0,0,5,3,5,162.9,61,
2780,28,2026-03-21,7.4,2,6,1,2,3,1,3,162.3,62,
2781,28,2026-03-22,6.7,3,5,1,2,5,3,3,162.7,67,
2782,28,2026-03-23,6.7,1,5,0,0,5,4,5,163.5,63,
2783,28,2026-03-24,6.8,2,6,1,1,5,3,5,161.3,63,
2784,28,2026-03-25,7.5,2,5,0,0,5,3,4,159.8,63,
2785,28,2026-03-26,7.5,2,6,1,0,4,3,3,163.5,64,
2786,28,2026-03-27,7.8,2,7,1,0,5,5,5,161.9,63,
2787,28,2026-03-28,7.1,2,8,4,2,5,3,5,159.3,63,
2788,28,2026-03-29,7.7,3,7,3,0,5,1,4,161.8,68,
2789,28,2026-03-30,6.0,1,7,4,1,5,3,5,158.9,64,
2790,28,2026-03-31,5.9,1,6,1,4,4,1,4,161.7,66,
2791,28,2026-04-01,7.7,3,5,1,0,5,3,5,161.0,63,
2792,28,2026-04-02,6.7,3,4,4,0,5,1,5,162.0,66,
2793,28,2026-04-03,6.1,1,4,0,1,5,4,4,160.5,63,
2794,28,2026-04-04,7.1,2,4,2,0,4,3,3,160.1,62,
2795,28,2026-04-05,7.5,3,4,4,0,5,1,4,161.2,60,
2796,28,2026-04-06,5.6,1,5,2,1,5,3,4,162.2,63,
2797,28,2026-04-07,6.9,2,5,1,0,5,4,5,161.0,59,
2798,28,2026-04-08,6.3,2,5,1,1,5,3,5,160.8,64,
2799,28,2026-04-09,7.3,3,5,2,1,5,3,5,160.7,62,
2800,28,2026-04-10,7.2,2,6,1,0,5,3,5,160.5,62,
2801,29,2026-01-01,7.3,3,5,2,1,5,2,5,194.7,58,
2802,29,2026-01-02,7.5,3,5,1,0,5,3,3,195.0,56,
2803,29,2026-01-03,7.3,3,5,1,1,5,5,5,194.1,58,
2804,29,2026-01-04,7.2,2,5,3,2,5,4,4,196.8,59,
2805,29,2026-01-05,6.7,2,4,1,0,5,3,4,193.3,54,
2806,29,2026-01-06,7.5,2,4,0,1,5,3,4,196.3,58,
2807,29,2026-01-07,7.0,2,3,2,2,5,5,5,196.0,58,
2808,29,2026-01-08,6.7,3,3,1,2,5,3,5,197.0,58,
2809,29,2026-01-09,7.1,2,4,0,0,5,1,5,196.0,57,
2810,29,2026-01-10,7.0,3,4,0,1,5,3,5,194.6,57,
2811,29,2026-01-11,8.7,4,5,1,0,5,4,4,194.3,57,
2812,29,2026-01-12,7.0,2,4,2,0,4,3,5,196.9,58,
2813,29,2026-01-13,7.1,4,5,0,2,5,2,4,195.2,60,
2814,29,2026-01-14,7.2,1,5,2,1,5,2,5,196.3,59,
2815,29,2026-01-15,7.6,3,4,1,1,5,1,5,194.0,54,
2816,29,2026-01-16,7.3,2,3,0,0,5,3,4,194.8,59,
2817,29,2026-01-17,8.2,3,3,2,1,5,2,5,196.7,54,
2818,29,2026-01-18,7.1,3,3,2,1,5,4,5,191.8,56,
2819,29,2026-01-19,5.7,1,2,2,0,5,5,4,194.3,57,
2820,29,2026-01-20,6.8,2,3,0,1,5,2,5,195.6,60,
2821,29,2026-01-21,6.8,3,4,0,1,5,3,5,193.4,54,
2822,29,2026-01-22,7.1,3,4,3,2,5,3,4,194.3,54,
2823,29,2026-01-23,7.8,4,3,3,1,5,4,4,196.0,57,
2824,29,2026-01-24,6.9,2,3,1,1,5,5,5,196.5,57,
2825,29,2026-01-25,6.7,1,4,1,0,5,4,5,196.6,56,
2826,29,2026-01-26,7.0,2,5,2,0,5,2,5,194.4,56,
2827,29,2026-01-27,7.6,2,5,0,0,4,4,4,192.5,53,
2828,29,2026-01-28,7.2,2,5,2,1,5,3,5,192.7,59,
2829,29,2026-01-29,6.3,1,6,0,2,5,3,5,192.7,59,
2830,29,2026-01-30,7.8,4,7,1,1,5,1,5,193.9,57,
2831,29,2026-01-31,7.3,2,6,1,0,5,4,4,193.8,58,
2832,29,2026-02-01,7.0,3,7,1,2,5,2,4,193.4,58,
2833,29,2026-02-02,8.2,3,6,2,2,5,2,5,194.5,53,
2834,29,2026-02-03,7.4,3,5,0,1,5,3,5,196.9,59,
2835,29,2026-02-04,7.1,2,4,2,2,5,3,5,195.3,55,
2836,29,2026-02-05,6.5,2,4,0,0,5,3,5,194.4,61,
2837,29,2026-02-06,7.1,1,5,1,0,5,2,4,195.8,59,
2838,29,2026-02-07,7.4,3,5,0,1,5,3,4,195.2,57,
2839,29,2026-02-08,6.9,2,4,1,1,5,4,5,194.1,57,
2840,29,2026-02-09,7.0,2,3,0,1,5,3,4,194.1,55,
2841,29,2026-02-10,7.9,3,2,1,0,5,3,4,195.0,56,
2842,29,2026-02-11,7.1,2,2,0,0,5,1,5,193.8,57,
2843,29,2026-02-12,6.8,2,2,1,2,5,4,5,193.9,57,
2844,29,2026-02-13,7.1,2,1,2,1,5,5,5,194.4,55,
2845,29,2026-02-14,7.7,3,1,0,1,5,3,5,194.8,51,
2846,29,2026-02-15,7.5,3,2,0,1,5,4,5,194.6,54,
2847,29,2026-02-16,7.1,2,3,1,3,5,2,4,196.4,58,
2848,29,2026-02-17,7.6,3,3,1,3,5,3,5,193.9,54,
2849,29,2026-02-18,7.7,3,3,1,1,5,4,5,193.6,53,
2850,29,2026-02-19,7.9,4,3,2,0,5,3,5,192.9,52,
2851,29,2026-02-20,7.1,3,4,1,2,5,4,5,193.7,56,
2852,29,2026-02-21,7.5,2,5,0,2,5,4,5,197.7,54,
2853,29,2026-02-22,6.9,3,6,1,0,5,3,5,192.6,64,
2854,29,2026-02-23,7.7,2,6,2,1,3,1,3,194.0,59,
2855,29,2026-02-24,8.5,3,6,3,1,5,2,4,195.6,56,
2856,29,2026-02-25,7.1,4,5,0,0,5,3,5,193.5,56,
2857,29,2026-02-26,6.7,1,5,1,1,5,2,5,194.0,59,
2858,29,2026-02-27,7.5,3,4,3,2,5,4,5,195.8,56,
2859,29,2026-02-28,7.2,2,3,4,1,4,3,4,196.0,56,
2860,29,2026-03-01,7.1,3,4,0,0,5,3,4,195.0,55,
2861,29,2026-03-02,8.7,3,3,4,1,5,2,5,195.1,58,
2862,29,2026-03-03,5.7,1,3,2,0,5,2,5,195.2,58,
2863,29,2026-03-04,7.5,2,3,2,0,5,1,5,196.0,56,
2864,29,2026-03-05,6.5,3,4,1,2,5,4,5,194.3,55,
2865,29,2026-03-06,5.8,1,4,1,1,5,1,5,193.8,57,
2866,29,2026-03-07,7.4,3,4,1,0,4,3,5,192.1,59,
2867,29,2026-03-08,7.8,3,5,1,2,5,2,5,195.1,60,
2868,29,2026-03-09,7.0,3,6,3,1,5,2,5,192.7,57,
2869,29,2026-03-10,8.2,3,7,4,0,4,2,4,197.1,60,
2870,29,2026-03-11,7.9,4,7,2,0,5,2,5,193.1,59,
2871,29,2026-03-12,5.4,1,7,3,3,5,4,5,193.0,61,
2872,29,2026-03-13,8.8,3,7,3,0,5,1,4,192.9,61,
2873,29,2026-03-14,7.5,4,6,1,0,5,2,5,192.8,57,
2874,29,2026-03-15,6.7,3,6,1,1,4,2,3,193.6,60,
2875,29,2026-03-16,8.5,2,5,3,3,5,3,4,191.3,60,
2876,29,2026-03-17,6.7,1,4,3,0,5,4,5,193.2,58,
2877,29,2026-03-18,7.8,3,4,2,1,5,2,5,192.1,54,
2878,29,2026-03-19,5.7,1,3,0,1,5,5,5,192.3,54,
2879,29,2026-03-20,7.4,4,4,2,0,5,4,4,193.7,53,
2880,29,2026-03-21,7.7,3,4,1,0,5,3,5,191.6,54,
2881,29,2026-03-22,6.9,2,3,1,2,5,2,4,194.3,59,
2882,29,2026-03-23,6.8,3,4,0,2,5,4,5,194.5,57,
2883,29,2026-03-24,7.5,4,4,0,2,5,3,4,193.1,51,
2884,29,2026-03-25,6.7,1,3,3,0,5,3,5,192.9,55,
2885,29,2026-03-26,7.1,2,4,0,1,5,1,5,193.1,53,
2886,29,2026-03-27,6.2,1,3,1,1,5,2,4,194.4,57,
2887,29,2026-03-28,8.1,3,3,1,1,5,3,4,194.0,54,
2888,29,2026-03-29,7.5,2,3,2,0,5,4,4,192.9,55,
2889,29,2026-03-30,7.2,3,2,1,0,5,3,5,191.9,59,
2890,29,2026-03-31,6.5,1,3,4,2,5,4,5,190.9,59,
2891,29,2026-04-01,8.0,3,3,0,0,5,3,4,191.8,56,
2892,29,2026-04-02,6.7,2,4,2,1,5,2,4,194.6,56,
2893,29,2026-04-03,6.6,1,5,2,1,5,4,4,194.3,54,
2894,29,2026-04-04,8.2,2,5,1,0,5,4,5,190.9,55,
2895,29,2026-04-05,6.8,2,5,2,1,5,3,4,194.9,58,
2896,29,2026-04-06,8.0,3,5,2,0,5,2,5,194.9,58,
2897,29,2026-04-07,7.1,3,4,3,0,4,2,4,192.3,55,
2898,29,2026-04-08,8.1,2,4,0,1,5,3,5,194.9,60,
2899,29,2026-04-09,7.2,2,4,1,0,5,3,4,191.5,58,
2900,29,2026-04-10,8.1,4,4,3,3,5,2,5,193.0,58,
2901,30,2026-01-01,6.5,3,3,2,0,5,3,5,186.6,65,
2902,30,2026-01-02,6.6,2,2,1,1,5,3,5,188.3,63,
2903,30,2026-01-03,6.8,2,2,2,0,5,3,4,187.5,58,
2904,30,2026-01-04,7.5,2,2,0,0,5,2,5,184.7,62,
2905,30,2026-01-05,6.8,1,1,3,0,5,2,4,183.6,61,
2906,30,2026-01-06,5.9,1,1,2,3,5,5,5,184.3,63,
2907,30,2026-01-07,8.0,4,2,3,0,5,4,5,185.8,60,
2908,30,2026-01-08,6.7,3,1,0,1,5,3,5,185.1,60,
2909,30,2026-01-09,5.3,1,1,1,1,5,2,5,186.4,62,
2910,30,2026-01-10,7.2,2,1,2,1,5,4,5,186.8,61,
2911,30,2026-01-11,7.8,3,2,1,2,5,1,4,187.4,62,
2912,30,2026-01-12,5.9,2,2,2,0,5,5,5,186.5,63,
2913,30,2026-01-13,6.9,3,2,2,0,5,3,4,185.6,61,
2914,30,2026-01-14,5.3,1,1,0,2,5,2,4,186.8,61,
2915,30,2026-01-15,6.6,2,1,3,0,5,3,5,184.3,59,
2916,30,2026-01-16,6.7,2,2,0,1,5,5,4,186.7,60,
2917,30,2026-01-17,6.1,1,1,3,1,5,5,4,186.3,59,
2918,30,2026-01-18,6.8,2,1,1,2,5,4,5,185.6,66,
2919,30,2026-01-19,6.6,1,1,2,0,5,5,4,189.8,61,
2920,30,2026-01-20,7.2,2,1,3,2,5,2,5,185.5,60,
2921,30,2026-01-21,6.7,2,1,0,2,5,3,5,185.9,60,
2922,30,2026-01-22,5.9,1,1,1,0,4,2,4,185.7,59,
2923,30,2026-01-23,7.0,2,1,0,0,5,3,4,187.0,61,
2924,30,2026-01-24,6.9,1,1,2,0,5,5,5,185.7,61,
2925,30,2026-01-25,7.6,4,1,1,2,5,4,5,184.8,60,
2926,30,2026-01-26,7.3,3,1,0,1,5,3,4,184.8,57,
2927,30,2026-01-27,6.1,2,1,2,1,5,1,5,185.6,61,
2928,30,2026-01-28,7.0,3,1,1,2,5,3,4,185.7,63,
2929,30,2026-01-29,8.2,3,1,1,0,5,3,4,183.8,58,
2930,30,2026-01-30,7.3,2,1,0,2,5,4,5,185.6,60,
2931,30,2026-01-31,6.4,2,1,1,1,5,3,5,186.0,62,
2932,30,2026-02-01,7.0,3,1,0,1,5,3,5,184.5,58,
2933,30,2026-02-02,7.8,3,1,2,0,5,3,5,187.8,53,
2934,30,2026-02-03,7.4,3,1,2,0,5,2,5,186.0,61,
2935,30,2026-02-04,6.4,2,2,0,1,5,2,5,183.6,61,
2936,30,2026-02-05,6.8,3,2,1,1,5,4,5,184.6,63,
2937,30,2026-02-06,5.9,1,2,2,0,5,1,5,187.8,63,
2938,30,2026-02-07,8.5,3,3,1,1,5,2,5,184.9,66,
2939,30,2026-02-08,6.5,1,4,2,0,5,4,4,185.2,63,
2940,30,2026-02-09,6.1,1,4,1,0,5,2,5,186.7,64,
2941,30,2026-02-10,7.1,3,3,0,0,5,3,5,183.9,58,
2942,30,2026-02-11,6.4,1,3,2,0,5,4,5,184.9,59,
2943,30,2026-02-12,6.8,2,3,2,1,5,3,4,185.4,62,
2944,30,2026-02-13,5.3,1,2,2,2,5,3,5,185.7,62,
2945,30,2026-02-14,7.2,3,1,0,1,5,4,4,186.5,57,
2946,30,2026-02-15,6.9,3,1,1,1,5,2,5,185.6,59,
2947,30,2026-02-16,6.5,3,1,2,0,5,4,5,184.8,59,
2948,30,2026-02-17,8.0,4,1,2,0,5,3,5,184.6,61,
2949,30,2026-02-18,6.8,1,1,0,3,5,3,5,184.1,58,
2950,30,2026-02-19,5.8,1,1,1,0,5,3,5,184.3,63,
2951,30,2026-02-20,6.2,1,2,0,1,5,3,5,186.5,64,
2952,30,2026-02-21,6.5,3,1,0,0,5,2,5,187.0,60,
2953,30,2026-02-22,7.1,3,1,2,1,5,3,5,186.7,61,
2954,30,2026-02-23,7.1,2,2,2,1,5,2,5,185.7,57,
2955,30,2026-02-24,7.3,3,1,1,1,5,2,5,183.2,59,
2956,30,2026-02-25,6.4,2,1,2,1,5,3,5,185.7,60,
2957,30,2026-02-26,5.7,2,2,1,3,5,1,5,184.8,61,
2958,30,2026-02-27,6.4,1,3,3,0,5,5,4,185.6,60,
2959,30,2026-02-28,6.6,2,2,0,0,5,4,5,184.9,62,
2960,30,2026-03-01,6.3,1,2,0,1,5,1,5,185.8,66,
2961,30,2026-03-02,6.6,1,3,1,1,5,1,5,185.5,58,
2962,30,2026-03-03,6.2,2,4,1,0,5,1,5,183.5,63,
2963,30,2026-03-04,7.2,3,5,6,1,5,3,5,185.5,60,
2964,30,2026-03-05,5.6,1,5,1,0,5,3,5,186.2,64,
2965,30,2026-03-06,6.4,2,6,3,1,5,3,5,185.4,64,
2966,30,2026-03-07,6.6,1,7,1,2,5,3,5,184.0,63,
2967,30,2026-03-08,6.7,2,7,1,2,4,2,4,185.6,66,
2968,30,2026-03-09,6.0,2,8,3,3,5,2,5,184.7,64,
2969,30,2026-03-10,6.1,1,9,2,2,4,4,5,184.2,65,
2970,30,2026-03-11,6.0,3,9,4,3,5,2,5,185.5,67,
2971,30,2026-03-12,6.6,3,9,3,5,4,1,4,184.3,68,
2972,30,2026-03-13,6.6,2,10,2,3,5,4,5,186.3,70,
2973,30,2026-03-14,7.3,3,10,1,2,5,3,5,185.4,66,
2974,30,2026-03-15,6.8,1,9,2,3,4,3,3,185.5,67,
2975,30,2026-03-16,6.6,2,10,1,3,5,2,5,186.0,65,
2976,30,2026-03-17,7.0,3,10,1,1,4,3,3,187.9,68,
2977,30,2026-03-18,6.4,1,10,2,1,4,2,4,183.9,70,
2978,30,2026-03-19,7.7,3,9,2,2,5,1,4,188.0,68,
2979,30,2026-03-20,6.4,2,9,2,2,4,2,3,186.0,66,
2980,30,2026-03-21,6.6,3,9,1,3,5,2,5,184.7,65,
2981,30,2026-03-22,7.4,1,10,1,1,5,3,5,181.5,67,
2982,30,2026-03-23,5.0,1,9,2,5,4,3,5,184.1,66,
2983,30,2026-03-24,7.4,2,10,4,2,4,3,5,184.8,67,
2984,30,2026-03-25,6.6,4,10,2,2,5,3,5,184.8,69,
2985,30,2026-03-26,7.6,3,10,3,2,5,2,5,184.8,69,
2986,30,2026-03-27,5.7,1,10,2,3,3,2,4,182.0,68,
2987,30,2026-03-28,7.4,3,10,4,2,4,4,3,187.0,71,
2988,30,2026-03-29,7.1,3,10,1,1,4,1,4,183.5,68,
2989,30,2026-03-30,6.5,3,10,4,2,3,2,3,184.3,70,
2990,30,2026-03-31,6.1,1,10,2,1,3,2,1,184.9,65,
2991,30,2026-04-01,5.9,2,10,3,5,3,5,4,183.3,68,
2992,30,2026-04-02,6.1,2,10,3,2,4,3,3,186.2,66,
2993,30,2026-04-03,6.6,1,9,2,3,5,4,5,181.8,64,
2994,30,2026-04-04,7.7,2,9,3,3,4,2,4,183.6,66,
2995,30,2026-04-05,6.7,1,8,1,1,4,2,1,183.2,68,
2996,30,2026-04-06,5.0,1,9,2,3,4,3,4,183.4,66,
2997,30,2026-04-07,6.1,1,8,2,1,5,3,5,182.6,63,
2998,30,2026-04-08,8.1,2,8,3,1,5,3,5,184.2,64,
2999,30,2026-04-09,7.5,1,8,2,1,3,3,2,183.1,61,
3000,30,2026-04-10,7.7,2,8,2,2,4,2,5,182.8,67,
3001,31,2026-01-01,7.8,3,4,1,1,5,2,5,159.4,59,
3002,31,2026-01-02,8.3,4,5,2,0,4,4,4,158.3,63,
3003,31,2026-01-03,7.2,3,4,1,1,5,3,5,159.2,61,
3004,31,2026-01-04,9.5,5,4,3,0,5,2,5,157.7,56,
3005,31,2026-01-05,8.3,4,5,0,0,5,2,5,160.5,57,
3006,31,2026-01-06,7.8,3,5,1,1,5,3,5,159.5,56,
3007,31,2026-01-07,7.2,2,4,1,1,5,2,4,160.0,59,
3008,31,2026-01-08,7.6,3,3,0,0,5,3,4,159.5,56,
3009,31,2026-01-09,6.5,1,4,0,0,5,4,5,159.4,60,
3010,31,2026-01-10,8.6,3,3,1,0,5,4,5,161.4,57,
3011,31,2026-01-11,9.2,4,2,1,0,5,1,3,162.5,58,
3012,31,2026-01-12,8.4,4,1,0,1,5,1,4,158.7,54,
3013,31,2026-01-13,7.7,3,2,0,1,5,3,5,160.0,55,
3014,31,2026-01-14,7.3,1,1,1,1,5,5,5,159.1,55,
3015,31,2026-01-15,6.8,4,1,0,2,5,2,5,159.6,56,
3016,31,2026-01-16,7.8,3,1,1,0,5,4,4,161.5,57,
3017,31,2026-01-17,7.5,3,2,1,0,5,3,5,157.3,55,
3018,31,2026-01-18,8.2,4,2,1,0,5,3,5,159.0,58,
3019,31,2026-01-19,8.0,3,2,1,1,5,2,5,159.9,57,
3020,31,2026-01-20,7.9,3,1,0,4,5,2,5,158.8,56,
3021,31,2026-01-21,7.6,2,1,2,0,5,4,5,159.3,56,
3022,31,2026-01-22,6.7,2,2,2,0,5,2,4,159.2,59,
3023,31,2026-01-23,7.3,3,1,0,2,5,4,4,159.5,59,
3024,31,2026-01-24,7.3,3,1,4,0,5,1,5,158.7,55,
3025,31,2026-01-25,8.5,4,1,1,0,5,3,5,160.8,56,
3026,31,2026-01-26,7.0,1,1,2,0,5,2,5,158.5,59,
3027,31,2026-01-27,6.5,2,1,0,0,5,3,4,159.0,53,
3028,31,2026-01-28,8.5,3,1,0,3,5,4,5,160.6,59,
3029,31,2026-01-29,6.9,4,1,1,1,5,2,5,159.4,57,
3030,31,2026-01-30,8.1,3,1,1,1,5,2,5,161.2,57,
3031,31,2026-01-31,8.6,3,1,0,1,5,3,3,158.9,56,
3032,31,2026-02-01,8.3,3,2,2,2,5,2,4,160.8,55,
3033,31,2026-02-02,8.0,3,1,1,0,5,4,5,157.3,58,
3034,31,2026-02-03,6.7,2,1,1,1,5,5,5,158.2,53,
3035,31,2026-02-04,7.7,4,1,1,0,5,2,5,156.6,60,
3036,31,2026-02-05,7.7,2,1,0,0,5,5,4,158.8,52,
3037,31,2026-02-06,7.9,2,1,2,0,5,3,4,158.1,57,
3038,31,2026-02-07,9.5,5,1,2,1,5,2,5,159.9,54,
3039,31,2026-02-08,8.1,3,1,2,0,5,3,5,158.3,55,
3040,31,2026-02-09,7.2,2,2,1,0,5,2,5,159.9,57,
3041,31,2026-02-10,7.1,2,2,0,0,5,3,4,157.5,56,
3042,31,2026-02-11,8.3,3,2,3,0,5,4,5,158.8,56,
3043,31,2026-02-12,7.7,2,1,2,0,5,3,5,158.6,58,
3044,31,2026-02-13,7.5,4,1,1,0,5,3,5,160.3,58,
3045,31,2026-02-14,6.6,2,2,0,1,5,2,4,159.6,57,
3046,31,2026-02-15,6.5,2,1,2,0,5,3,5,161.1,56,
3047,31,2026-02-16,7.5,2,2,1,0,5,4,5,160.7,54,
3048,31,2026-02-17,8.6,4,3,1,4,5,5,4,158.0,60,
3049,31,2026-02-18,7.0,1,3,3,1,5,4,5,158.7,57,
3050,31,2026-02-19,8.1,5,3,1,0,5,2,5,160.6,58,
3051,31,2026-02-20,7.8,3,4,1,3,4,3,5,157.9,56,
3052,31,2026-02-21,8.5,4,4,0,0,5,2,4,160.2,61,
3053,31,2026-02-22,8.0,1,4,3,1,5,3,5,160.4,59,
3054,31,2026-02-23,7.0,2,4,0,1,5,3,5,156.2,58,
3055,31,2026-02-24,8.2,3,3,0,3,5,3,5,158.6,57,
3056,31,2026-02-25,7.3,2,2,0,1,5,3,5,157.8,54,
3057,31,2026-02-26,6.7,1,1,1,0,5,5,5,159.2,55,
3058,31,2026-02-27,7.6,3,2,0,0,5,3,5,160.4,56,
3059,31,2026-02-28,9.2,4,3,0,0,5,4,5,157.8,58,
3060,31,2026-03-01,8.1,4,2,2,1,5,3,5,157.3,56,
3061,31,2026-03-02,8.2,4,2,1,1,5,2,5,156.8,59,
3062,31,2026-03-03,8.3,4,2,1,0,5,2,5,159.5,58,
3063,31,2026-03-04,7.9,4,1,0,3,5,3,5,157.5,58,
3064,31,2026-03-05,7.2,2,1,2,0,5,5,4,160.1,56,
3065,31,2026-03-06,8.2,3,1,1,1,5,3,5,155.7,56,
3066,31,2026-03-07,7.7,4,1,3,0,5,4,5,158.8,54,
3067,31,2026-03-08,7.2,4,1,0,1,5,2,4,160.7,58,
3068,31,2026-03-09,8.0,2,2,3,0,5,3,5,159.8,59,
3069,31,2026-03-10,8.1,3,2,0,0,5,4,5,158.2,60,
3070,31,2026-03-11,7.5,3,2,1,1,5,2,5,161.4,59,
3071,31,2026-03-12,7.7,4,1,1,0,5,4,5,155.2,61,
3072,31,2026-03-13,7.8,4,2,1,0,5,3,5,157.0,54,
3073,31,2026-03-14,8.1,4,1,1,1,5,4,4,157.0,58,
3074,31,2026-03-15,8.6,4,1,4,0,5,3,5,159.0,57,
3075,31,2026-03-16,8.3,2,1,0,0,5,3,5,158.4,59,
3076,31,2026-03-17,6.9,1,1,1,1,5,3,5,156.3,56,
3077,31,2026-03-18,8.0,3,1,4,1,5,3,5,157.1,57,
3078,31,2026-03-19,7.5,4,1,1,2,5,1,4,156.8,57,
3079,31,2026-03-20,7.4,3,1,0,2,5,4,5,159.7,57,
3080,31,2026-03-21,7.9,4,2,0,1,5,1,5,157.1,58,
3081,31,2026-03-22,7.4,2,2,0,0,5,2,5,158.5,57,
3082,31,2026-03-23,7.3,3,2,0,1,5,1,4,158.6,58,
3083,31,2026-03-24,6.2,3,2,2,2,5,2,5,159.0,56,
3084,31,2026-03-25,7.3,3,2,0,0,5,3,5,155.0,56,
3085,31,2026-03-26,9.0,4,3,0,0,5,2,5,158.0,59,
3086,31,2026-03-27,7.9,2,2,1,2,5,3,5,156.1,57,
3087,31,2026-03-28,6.9,2,2,1,1,5,3,5,159.2,61,
3088,31,2026-03-29,8.1,3,3,2,0,5,4,5,159.5,55,
3089,31,2026-03-30,8.5,3,3,4,2,5,4,4,158.6,58,
3090,31,2026-03-31,7.0,1,4,1,4,5,4,5,155.8,59,
3091,31,2026-04-01,7.8,3,4,0,0,5,3,5,158.7,57,
3092,31,2026-04-02,6.8,2,3,0,0,5,4,5,156.7,61,
3093,31,2026-04-03,7.3,3,3,1,0,5,3,4,159.9,60,
3094,31,2026-04-04,6.8,1,3,1,0,5,3,5,159.3,62,
3095,31,2026-04-05,7.4,3,4,2,4,5,2,5,157.2,56,
3096,31,2026-04-06,7.5,4,5,1,0,5,2,5,158.9,61,
3097,31,2026-04-07,7.2,2,5,4,0,5,2,4,157.0,61,
3098,31,2026-04-08,8.0,2,6,0,2,3,4,1,159.7,64,
3099,31,2026-04-09,8.5,2,7,2,1,5,4,5,158.7,62,
3100,31,2026-04-10,8.7,4,8,2,2,5,4,5,158.0,62,
3101,32,2026-01-01,8.7,4,4,0,1,5,4,5,143.1,62,
3102,32,2026-01-02,7.2,2,4,3,0,5,4,5,142.8,64,
3103,32,2026-01-03,9.0,4,4,3,3,5,3,5,139.6,64,
3104,32,2026-01-04,9.3,5,4,0,0,5,2,4,142.2,66,
3105,32,2026-01-05,9.1,5,3,0,0,5,2,4,142.1,66,
3106,32,2026-01-06,8.4,3,3,1,1,5,3,4,141.9,62,
3107,32,2026-01-07,8.2,5,2,0,0,5,3,4,145.0,62,
3108,32,2026-01-08,7.9,4,3,0,0,5,4,4,144.3,65,
3109,32,2026-01-09,7.7,2,3,1,1,5,2,5,144.1,65,
3110,32,2026-01-10,8.8,4,2,0,0,5,2,4,144.0,63,
3111,32,2026-01-11,8.9,4,3,0,1,5,2,5,141.2,63,
3112,32,2026-01-12,8.4,3,2,2,0,5,3,5,143.6,66,
3113,32,2026-01-13,8.0,3,3,0,1,5,3,5,142.2,63,
3114,32,2026-01-14,7.0,2,3,3,0,5,2,4,141.1,64,
3115,32,2026-01-15,8.8,4,3,0,2,5,5,5,142.1,64,
3116,32,2026-01-16,7.2,1,3,2,0,5,3,4,140.3,64,
3117,32,2026-01-17,9.2,3,3,3,2,5,3,5,142.1,65,
3118,32,2026-01-18,7.6,2,3,2,1,5,3,5,142.3,66,
3119,32,2026-01-19,8.2,3,3,0,1,5,2,5,142.5,62,
3120,32,2026-01-20,8.0,2,4,0,1,5,4,5,143.9,62,
3121,32,2026-01-21,7.5,4,5,1,0,5,3,5,144.1,67,
3122,32,2026-01-22,9.0,5,5,1,1,5,4,5,142.2,67,
3123,32,2026-01-23,9.5,5,5,0,2,5,4,5,140.7,67,
3124,32,2026-01-24,8.8,5,5,3,0,5,4,5,142.4,70,
3125,32,2026-01-25,8.6,3,4,2,1,5,5,5,145.4,64,
3126,32,2026-01-26,9.1,3,4,1,1,5,3,5,140.9,67,
3127,32,2026-01-27,7.0,2,5,1,1,5,2,5,140.9,68,
3128,32,2026-01-28,8.9,3,5,1,0,5,4,5,142.3,63,
3129,32,2026-01-29,8.2,4,4,0,1,5,3,5,140.2,64,
3130,32,2026-01-30,7.3,2,5,1,1,5,5,4,141.5,67,
3131,32,2026-01-31,7.5,3,5,1,0,5,2,5,141.1,66,
3132,32,2026-02-01,7.3,4,6,0,1,5,3,5,139.1,67,
3133,32,2026-02-02,8.7,5,5,1,1,5,3,4,139.9,67,
3134,32,2026-02-03,8.6,4,4,2,0,5,5,4,142.4,67,
3135,32,2026-02-04,8.8,4,4,4,0,5,2,4,139.5,61,
3136,32,2026-02-05,8.1,2,3,1,1,5,3,5,140.3,65,
3137,32,2026-02-06,8.2,4,3,0,0,5,4,4,140.9,64,
3138,32,2026-02-07,8.0,3,3,0,0,5,3,5,140.6,63,
3139,32,2026-02-08,8.4,3,3,2,0,5,3,4,143.9,61,
3140,32,2026-02-09,9.5,4,3,1,2,5,4,5,141.7,64,
3141,32,2026-02-10,7.3,2,4,1,0,5,2,5,143.3,68,
3142,32,2026-02-11,8.9,3,5,2,1,5,2,4,143.2,66,
3143,32,2026-02-12,9.2,5,5,1,3,5,5,5,140.9,68,
3144,32,2026-02-13,7.7,3,5,2,0,5,3,5,142.8,65,
3145,32,2026-02-14,8.6,3,4,2,1,4,4,3,140.3,66,
3146,32,2026-02-15,9.0,5,4,2,1,5,4,5,140.3,65,
3147,32,2026-02-16,9.1,4,4,3,2,5,2,5,142.0,64,
3148,32,2026-02-17,8.7,5,5,1,1,5,3,5,142.5,66,
3149,32,2026-02-18,8.5,4,4,1,1,5,1,5,143.5,67,
3150,32,2026-02-19,8.4,5,4,0,1,5,3,5,138.8,67,
3151,32,2026-02-20,8.1,4,5,0,2,5,3,5,140.5,64,
3152,32,2026-02-21,8.4,4,5,1,2,5,3,4,142.5,66,
3153,32,2026-02-22,8.5,4,6,0,0,5,2,5,140.8,65,
3154,32,2026-02-23,7.6,3,5,1,0,5,3,5,142.5,64,
3155,32,2026-02-24,6.4,2,4,0,0,5,3,5,142.4,68,
3156,32,2026-02-25,7.8,5,4,2,0,5,3,5,140.0,67,
3157,32,2026-02-26,7.7,3,3,1,0,5,1,5,143.1,63,
3158,32,2026-02-27,9.5,4,4,3,3,5,2,4,142.3,64,
3159,32,2026-02-28,7.6,4,4,0,1,5,4,5,140.3,64,
3160,32,2026-03-01,9.5,5,5,3,1,5,2,5,142.1,63,
3161,32,2026-03-02,8.0,3,5,2,0,5,3,5,143.9,63,
3162,32,2026-03-03,8.3,2,5,1,0,4,2,4,142.1,63,
3163,32,2026-03-04,8.0,3,4,2,0,5,3,5,142.0,66,
3164,32,2026-03-05,7.7,3,5,0,3,5,4,4,142.1,68,
3165,32,2026-03-06,8.0,4,5,3,0,5,2,5,140.2,67,
3166,32,2026-03-07,8.3,2,4,1,2,5,2,5,140.3,67,
3167,32,2026-03-08,9.5,3,3,0,0,5,4,3,140.5,62,
3168,32,2026-03-09,9.2,4,2,2,1,5,3,5,139.6,66,
3169,32,2026-03-10,8.7,4,3,1,0,5,3,5,140.7,62,
3170,32,2026-03-11,8.4,5,2,0,0,5,2,5,140.5,64,
3171,32,2026-03-12,8.6,4,3,2,1,5,3,5,140.6,63,
3172,32,2026-03-13,8.3,4,3,4,1,5,2,4,141.6,65,
3173,32,2026-03-14,8.5,4,2,0,2,5,3,5,142.1,63,
3174,32,2026-03-15,8.1,4,2,0,2,5,3,5,142.0,65,
3175,32,2026-03-16,9.0,4,2,2,1,5,2,4,138.6,65,
3176,32,2026-03-17,8.1,3,2,3,1,5,3,5,140.5,62,
3177,32,2026-03-18,8.3,4,2,3,0,5,2,5,140.5,64,
3178,32,2026-03-19,7.3,2,2,0,1,5,2,5,141.9,62,
3179,32,2026-03-20,8.7,5,3,1,1,5,2,5,144.2,65,
3180,32,2026-03-21,9.5,4,3,0,1,5,3,5,140.4,61,
3181,32,2026-03-22,8.6,4,3,2,0,5,2,4,142.1,64,
3182,32,2026-03-23,9.1,4,2,2,1,5,2,5,139.9,62,
3183,32,2026-03-24,8.0,2,1,0,3,5,4,5,142.1,63,
3184,32,2026-03-25,8.1,2,1,1,1,5,2,5,141.1,67,
3185,32,2026-03-26,8.2,3,2,1,1,5,1,5,139.9,61,
3186,32,2026-03-27,7.8,1,1,2,1,5,2,5,141.3,63,
3187,32,2026-03-28,8.8,4,1,1,0,5,4,5,146.1,62,
3188,32,2026-03-29,7.7,2,1,1,2,5,3,4,142.1,64,
3189,32,2026-03-30,7.9,3,2,0,0,5,5,4,138.0,63,
3190,32,2026-03-31,9.0,4,1,0,1,5,2,5,141.1,60,
3191,32,2026-04-01,8.5,4,1,2,0,5,2,5,140.4,63,
3192,32,2026-04-02,7.8,3,1,3,3,5,3,5,142.5,62,
3193,32,2026-04-03,7.8,4,1,0,0,5,3,5,141.7,62,
3194,32,2026-04-04,9.3,5,1,1,0,5,1,5,143.2,60,
3195,32,2026-04-05,9.1,4,2,1,0,5,3,5,142.4,60,
3196,32,2026-04-06,9.5,5,1,2,0,5,2,5,140.2,62,
3197,32,2026-04-07,8.0,2,1,4,0,5,2,5,139.2,59,
3198,32,2026-04-08,7.8,3,2,0,1,5,2,5,142.7,63,
3199,32,2026-04-09,9.3,4,2,5,1,5,5,5,141.2,62,
3200,32,2026-04-10,8.6,4,2,1,0,5,3,5,140.0,64,
3201,33,2026-01-01,7.2,3,5,1,0,5,5,5,176.3,65,
3202,33,2026-01-02,6.7,2,5,1,0,5,2,5,174.7,63,
3203,33,2026-01-03,7.4,2,4,1,3,5,1,4,172.2,61,
3204,33,2026-01-04,8.7,4,3,0,2,5,2,5,175.2,64,
3205,33,2026-01-05,7.1,2,4,2,0,5,3,4,175.9,62,
3206,33,2026-01-06,8.4,3,4,0,3,5,4,4,175.5,64,
3207,33,2026-01-07,8.2,3,3,1,0,5,2,5,174.2,60,
3208,33,2026-01-08,6.8,1,3,1,1,5,3,5,176.0,62,
3209,33,2026-01-09,7.1,2,2,3,0,5,4,5,175.3,59,
3210,33,2026-01-10,7.8,4,3,0,0,5,3,4,176.1,62,
3211,33,2026-01-11,8.7,4,3,2,0,5,3,5,172.8,58,
3212,33,2026-01-12,7.1,2,2,1,2,5,3,5,173.8,56,
3213,33,2026-01-13,8.4,4,1,1,1,5,3,4,171.4,66,
3214,33,2026-01-14,7.0,2,2,2,0,5,4,5,175.7,63,
3215,33,2026-01-15,8.2,2,3,1,1,5,2,5,175.5,62,
3216,33,2026-01-16,8.6,4,2,2,1,5,2,5,175.3,60,
3217,33,2026-01-17,7.9,4,2,0,0,5,4,5,174.3,60,
3218,33,2026-01-18,7.3,3,2,1,0,5,1,5,173.0,61,
3219,33,2026-01-19,7.3,3,1,1,1,5,2,5,173.8,62,
3220,33,2026-01-20,7.1,2,1,0,1,5,2,5,171.7,61,
3221,33,2026-01-21,7.6,2,2,0,1,5,1,5,175.3,60,
3222,33,2026-01-22,7.8,3,2,0,1,5,5,5,172.7,59,
3223,33,2026-01-23,7.4,3,3,1,0,5,4,5,176.4,60,
3224,33,2026-01-24,7.6,3,4,0,0,5,4,3,175.2,61,
3225,33,2026-01-25,8.1,4,3,1,1,5,4,5,171.9,64,
3226,33,2026-01-26,7.7,3,4,0,0,5,4,4,172.8,63,
3227,33,2026-01-27,7.6,2,3,2,0,5,2,5,173.2,61,
3228,33,2026-01-28,8.0,4,4,3,1,5,2,5,173.3,63,
3229,33,2026-01-29,7.6,2,5,3,2,5,2,5,176.7,63,
3230,33,2026-01-30,8.8,3,5,0,0,5,2,5,174.1,63,
3231,33,2026-01-31,7.4,3,6,1,1,5,5,5,176.1,62,
3232,33,2026-02-01,7.9,2,5,1,1,5,4,4,171.3,63,
3233,33,2026-02-02,6.8,3,6,2,0,5,3,5,174.4,62,
3234,33,2026-02-03,8.4,4,6,0,0,5,1,4,174.5,63,
3235,33,2026-02-04,7.4,2,7,3,1,5,3,5,172.5,65,
3236,33,2026-02-05,7.0,3,7,1,2,5,2,5,175.3,63,
3237,33,2026-02-06,7.6,2,8,4,1,4,2,5,175.9,68,
3238,33,2026-02-07,8.5,3,7,1,0,5,3,5,172.3,63,
3239,33,2026-02-08,7.9,3,8,3,2,5,3,5,177.6,67,
3240,33,2026-02-09,7.9,3,7,3,0,5,3,5,174.1,65,
3241,33,2026-02-10,6.4,1,7,2,1,5,3,5,175.0,65,
3242,33,2026-02-11,6.4,1,6,1,0,5,4,5,172.8,64,
3243,33,2026-02-12,6.4,2,6,1,1,5,4,5,176.7,66,
3244,33,2026-02-13,6.7,2,5,0,0,5,2,5,175.6,58,
3245,33,2026-02-14,8.6,3,5,1,2,5,5,3,171.4,63,
3246,33,2026-02-15,7.1,3,5,2,1,5,3,5,174.9,65,
3247,33,2026-02-16,8.7,3,6,0,2,5,3,5,175.3,65,
3248,33,2026-02-17,8.7,4,5,2,0,5,3,4,172.0,57,
3249,33,2026-02-18,6.3,2,5,0,1,5,2,4,177.0,69,
3250,33,2026-02-19,8.0,3,5,1,0,5,2,5,173.0,66,
3251,33,2026-02-20,7.6,3,5,0,1,5,3,5,173.4,62,
3252,33,2026-02-21,8.6,3,6,1,0,5,2,4,173.7,64,
3253,33,2026-02-22,7.2,2,6,0,2,4,3,4,176.3,67,
3254,33,2026-02-23,7.3,1,6,1,0,5,2,5,175.9,66,
3255,33,2026-02-24,7.7,4,6,1,1,5,2,5,173.2,60,
3256,33,2026-02-25,7.4,2,6,0,0,5,2,5,173.8,62,
3257,33,2026-02-26,8.4,4,7,2,2,5,3,4,175.7,64,
3258,33,2026-02-27,7.7,2,7,5,2,3,2,2,171.9,66,
3259,33,2026-02-28,8.6,4,6,0,0,5,2,5,173.4,65,
3260,33,2026-03-01,7.6,2,5,2,3,5,4,4,174.7,60,
3261,33,2026-03-02,6.9,2,5,0,2,5,1,4,173.9,65,
3262,33,2026-03-03,8.4,3,5,0,1,5,2,5,174.0,63,
3263,33,2026-03-04,9.4,5,4,0,1,5,3,5,172.9,59,
3264,33,2026-03-05,6.7,1,4,0,0,5,1,5,174.1,66,
3265,33,2026-03-06,9.2,4,4,2,1,5,4,5,172.9,60,
3266,33,2026-03-07,8.8,5,3,0,1,5,3,4,174.6,63,
3267,33,2026-03-08,7.2,2,3,1,1,4,1,4,173.1,61,
3268,33,2026-03-09,8.8,4,4,0,1,5,4,5,173.6,59,
3269,33,2026-03-10,7.9,3,4,2,0,5,2,4,171.9,64,
3270,33,2026-03-11,6.5,2,5,2,0,5,4,5,173.0,67,
3271,33,2026-03-12,7.6,2,5,0,1,5,3,5,175.2,65,
3272,33,2026-03-13,6.6,2,6,1,0,5,4,5,174.6,66,
3273,33,2026-03-14,8.4,4,5,3,0,5,2,5,176.5,63,
3274,33,2026-03-15,7.8,2,4,0,0,5,3,5,173.9,60,
3275,33,2026-03-16,7.5,2,4,1,0,5,3,4,173.9,65,
3276,33,2026-03-17,7.3,3,3,1,2,5,4,5,174.4,59,
3277,33,2026-03-18,8.2,3,3,2,1,5,2,5,173.2,65,
3278,33,2026-03-19,7.3,3,3,0,0,5,1,5,174.1,62,
3279,33,2026-03-20,7.8,2,3,1,3,5,4,5,172.7,61,
3280,33,2026-03-21,8.8,4,2,1,2,5,5,5,172.6,60,
3281,33,2026-03-22,8.1,3,1,3,2,5,5,5,175.7,57,
3282,33,2026-03-23,7.7,5,1,0,0,5,1,5,174.3,60,
3283,33,2026-03-24,6.7,1,1,0,0,5,3,3,173.9,62,
3284,33,2026-03-25,8.6,4,1,1,0,5,2,5,175.6,58,
3285,33,2026-03-26,8.7,5,2,0,0,5,2,5,172.2,61,
3286,33,2026-03-27,8.6,4,2,3,1,5,3,5,173.9,58,
3287,33,2026-03-28,7.1,3,3,0,0,5,3,5,176.0,61,
3288,33,2026-03-29,7.6,3,3,1,0,5,3,4,173.7,60,
3289,33,2026-03-30,6.9,3,3,1,1,5,1,5,173.1,63,
3290,33,2026-03-31,7.7,4,2,1,1,5,2,5,172.3,58,
3291,33,2026-04-01,8.2,3,2,1,1,5,3,5,172.5,58,
3292,33,2026-04-02,6.7,3,1,1,0,5,4,5,175.4,63,
3293,33,2026-04-03,7.4,3,2,3,1,5,5,5,172.5,59,
3294,33,2026-04-04,8.9,3,2,0,1,5,2,4,171.7,59,
3295,33,2026-04-05,6.6,1,3,2,0,4,4,4,172.8,62,
3296,33,2026-04-06,7.8,3,4,2,0,5,3,5,175.1,64,
3297,33,2026-04-07,8.1,5,4,1,2,5,2,4,174.0,61,
3298,33,2026-04-08,6.7,2,4,4,0,5,3,5,174.4,60,
3299,33,2026-04-09,6.9,3,4,3,1,5,3,5,172.0,61,
3300,33,2026-04-10,7.9,3,5,0,2,5,2,4,173.7,65,
3301,34,2026-01-01,8.4,4,4,1,1,5,2,4,167.8,58,
3302,34,2026-01-02,7.8,4,4,2,1,5,1,5,166.7,54,
3303,34,2026-01-03,9.5,4,3,2,2,5,4,4,166.6,51,
3304,34,2026-01-04,8.6,3,2,2,0,5,4,5,167.2,51,
3305,34,2026-01-05,8.3,3,3,1,1,5,2,5,168.1,52,
3306,34,2026-01-06,7.5,1,3,1,0,5,2,4,165.5,53,
3307,34,2026-01-07,7.8,3,2,1,0,5,2,5,166.1,50,
3308,34,2026-01-08,9.1,5,1,1,0,5,5,5,167.5,55,
3309,34,2026-01-09,7.8,3,2,3,0,5,3,5,168.1,55,
3310,34,2026-01-10,8.5,4,2,4,1,5,3,5,167.7,54,
3311,34,2026-01-11,9.0,4,1,1,1,5,3,5,163.1,53,
3312,34,2026-01-12,7.7,5,2,1,2,5,2,5,166.2,56,
3313,34,2026-01-13,8.0,4,2,2,1,5,4,5,165.0,55,
3314,34,2026-01-14,7.6,3,3,1,1,5,4,5,167.1,54,
3315,34,2026-01-15,8.1,4,3,1,1,5,3,5,165.1,53,
3316,34,2026-01-16,9.5,3,3,2,0,5,4,5,165.6,54,
3317,34,2026-01-17,9.1,3,3,2,1,5,3,5,163.7,52,
3318,34,2026-01-18,8.0,4,4,2,0,5,3,5,164.2,56,
3319,34,2026-01-19,7.4,4,4,0,0,5,3,4,165.5,57,
3320,34,2026-01-20,9.5,5,4,1,1,5,4,5,166.2,55,
3321,34,2026-01-21,7.6,3,4,1,1,5,3,4,163.1,58,
3322,34,2026-01-22,9.5,5,5,1,0,5,3,4,168.3,55,
3323,34,2026-01-23,8.6,4,6,1,1,5,2,5,168.6,59,
3324,34,2026-01-24,8.1,3,6,1,1,5,2,5,167.7,58,
3325,34,2026-01-25,8.1,3,6,1,0,4,2,4,166.6,57,
3326,34,2026-01-26,9.0,4,7,3,1,5,1,5,167.0,59,
3327,34,2026-01-27,8.3,5,6,1,1,5,4,5,167.0,60,
3328,34,2026-01-28,8.5,2,7,2,3,5,4,5,163.3,59,
3329,34,2026-01-29,8.6,3,7,1,0,5,3,5,163.0,57,
3330,34,2026-01-30,9.1,5,8,2,3,5,4,5,163.9,61,
3331,34,2026-01-31,7.9,3,8,3,4,4,3,4,164.8,60,
3332,34,2026-02-01,8.8,4,7,1,0,5,4,5,167.3,59,
3333,34,2026-02-02,8.4,4,7,2,0,5,3,5,165.8,56,
3334,34,2026-02-03,9.1,4,6,3,1,5,4,5,161.7,57,
3335,34,2026-02-04,8.2,4,7,3,1,5,2,5,167.6,58,
3336,34,2026-02-05,8.6,4,7,2,0,5,4,5,166.6,57,
3337,34,2026-02-06,8.0,3,7,1,2,5,3,3,167.4,57,
3338,34,2026-02-07,9.1,4,7,3,1,5,5,5,164.7,59,
3339,34,2026-02-08,9.5,5,6,1,2,5,2,5,167.0,54,
3340,34,2026-02-09,7.9,4,5,0,3,5,3,5,162.9,55,
3341,34,2026-02-10,8.5,3,6,2,1,5,5,4,164.0,57,
3342,34,2026-02-11,8.7,5,6,1,0,5,3,5,165.6,58,
3343,34,2026-02-12,6.7,1,7,2,2,4,5,4,164.5,59,
3344,34,2026-02-13,7.3,3,6,1,1,5,5,5,163.4,55,
3345,34,2026-02-14,7.6,3,6,3,4,5,3,5,165.1,55,
3346,34,2026-02-15,8.7,5,5,2,2,5,3,3,168.3,52,
3347,34,2026-02-16,9.1,4,5,2,0,5,4,5,164.9,55,
3348,34,2026-02-17,7.8,4,4,2,0,5,3,5,164.0,55,
3349,34,2026-02-18,7.8,2,5,3,0,5,3,4,165.2,56,
3350,34,2026-02-19,9.5,5,6,0,0,5,3,5,163.5,59,
3351,34,2026-02-20,8.1,3,6,2,0,5,4,5,163.0,58,
3352,34,2026-02-21,7.2,3,6,2,2,5,2,5,165.4,54,
3353,34,2026-02-22,8.2,3,6,2,0,5,4,5,163.4,58,
3354,34,2026-02-23,7.5,3,5,0,4,5,3,5,166.2,53,
3355,34,2026-02-24,8.5,4,5,2,1,5,4,4,163.5,56,
3356,34,2026-02-25,9.1,5,6,2,0,5,4,5,168.3,55,
3357,34,2026-02-26,6.9,3,5,0,1,5,2,5,164.0,58,
3358,34,2026-02-27,8.9,3,5,1,0,5,4,5,168.1,54,
3359,34,2026-02-28,8.3,3,6,3,1,5,4,5,164.0,56,
3360,34,2026-03-01,9.1,5,6,4,0,5,3,4,165.4,57,
3361,34,2026-03-02,8.7,3,6,0,1,5,5,5,162.2,58,
3362,34,2026-03-03,8.8,4,6,1,2,5,4,5,163.8,55,
3363,34,2026-03-04,7.6,3,5,2,0,5,3,5,164.5,59,
3364,34,2026-03-05,8.7,4,5,2,1,5,3,5,164.7,56,
3365,34,2026-03-06,8.7,3,5,0,0,5,4,5,164.3,57,
3366,34,2026-03-07,7.9,3,5,0,0,5,3,5,165.6,55,
3367,34,2026-03-08,8.1,3,5,2,0,5,5,4,164.4,54,
3368,34,2026-03-09,8.3,3,5,1,2,5,4,5,165.2,57,
3369,34,2026-03-10,9.2,4,6,1,4,5,5,4,162.8,59,
3370,34,2026-03-11,9.3,5,7,1,0,5,3,4,162.2,55,
3371,34,2026-03-12,7.6,4,6,0,2,5,4,5,162.2,55,
3372,34,2026-03-13,7.7,3,6,0,0,5,3,5,164.1,60,
3373,34,2026-03-14,7.3,2,5,1,0,5,3,5,166.7,58,
3374,34,2026-03-15,8.6,4,5,2,1,5,3,5,166.7,60,
3375,34,2026-03-16,8.5,4,4,0,1,5,3,5,166.1,55,
3376,34,2026-03-17,9.5,4,5,1,1,5,3,4,165.5,54,
3377,34,2026-03-18,9.2,5,5,1,1,5,4,5,163.9,53,
3378,34,2026-03-19,7.7,3,5,3,1,5,3,3,165.2,57,
3379,34,2026-03-20,9.5,5,4,2,0,5,4,5,161.4,55,
3380,34,2026-03-21,8.1,3,3,1,1,5,4,5,163.8,54,
3381,34,2026-03-22,9.3,4,3,4,1,5,2,4,166.6,53,
3382,34,2026-03-23,8.2,3,4,0,3,5,3,5,163.8,55,
3383,34,2026-03-24,8.3,5,4,2,0,5,3,5,165.7,52,
3384,34,2026-03-25,8.6,3,3,2,1,5,2,5,166.5,56,
3385,34,2026-03-26,8.9,4,3,2,2,5,2,5,163.9,57,
3386,34,2026-03-27,9.1,4,2,0,1,5,2,5,164.2,57,
3387,34,2026-03-28,8.1,3,2,1,0,5,5,5,162.3,52,
3388,34,2026-03-29,8.2,3,1,0,0,5,3,5,162.6,55,
3389,34,2026-03-30,8.7,4,1,3,2,5,2,5,163.1,49,
3390,34,2026-03-31,8.3,3,2,2,3,5,3,5,162.9,55,
3391,34,2026-04-01,8.1,3,3,0,0,5,4,5,163.2,50,
3392,34,2026-04-02,9.2,4,2,0,0,5,2,4,162.7,50,
3393,34,2026-04-03,7.9,4,3,1,1,5,4,5,163.0,55,
3394,34,2026-04-04,9.3,4,4,0,1,5,4,5,162.4,53,
3395,34,2026-04-05,7.8,3,3,1,0,5,2,4,163.7,55,
3396,34,2026-04-06,8.2,3,2,1,2,5,2,5,164.6,56,
3397,34,2026-04-07,8.4,2,2,1,3,5,4,4,163.3,54,
3398,34,2026-04-08,8.6,4,1,0,1,5,2,4,166.1,52,
3399,34,2026-04-09,8.0,4,1,3,2,5,3,4,165.1,52,
3400,34,2026-04-10,9.5,4,1,2,0,5,3,5,164.1,52,
3401,35,2026-01-01,7.3,4,4,2,0,5,4,5,172.1,63,
3402,35,2026-01-02,8.0,3,4,3,0,5,2,5,170.4,61,
3403,35,2026-01-03,7.1,3,5,3,0,5,3,4,171.9,64,
3404,35,2026-01-04,7.5,3,5,1,0,5,3,5,172.3,62,
3405,35,2026-01-05,6.7,1,6,1,1,5,3,5,173.6,63,
3406,35,2026-01-06,6.7,2,5,1,0,4,3,5,167.0,61,
3407,35,2026-01-07,7.8,3,4,1,1,5,5,5,171.5,60,
3408,35,2026-01-08,7.8,3,4,0,0,5,3,5,168.6,62,
3409,35,2026-01-09,6.5,2,4,1,2,5,1,5,171.1,62,
3410,35,2026-01-10,7.5,4,5,0,0,5,4,5,170.8,61,
3411,35,2026-01-11,8.9,4,4,1,4,5,2,5,172.3,64,
3412,35,2026-01-12,7.0,3,4,0,1,5,2,5,167.7,63,
3413,35,2026-01-13,8.7,4,4,1,1,5,3,4,169.0,60,
3414,35,2026-01-14,6.8,2,3,1,0,5,3,5,173.3,64,
3415,35,2026-01-15,7.4,3,3,3,3,5,3,5,174.9,61,
3416,35,2026-01-16,7.5,4,3,0,0,5,2,5,173.0,62,
3417,35,2026-01-17,7.0,1,3,0,0,5,4,5,171.8,65,
3418,35,2026-01-18,7.9,3,3,0,0,5,3,3,168.7,63,
3419,35,2026-01-19,7.8,4,3,1,1,5,4,5,173.1,62,
3420,35,2026-01-20,8.1,3,3,2,0,5,4,4,170.1,59,
3421,35,2026-01-21,7.7,4,2,0,0,5,4,5,169.4,58,
3422,35,2026-01-22,8.4,4,3,0,0,5,3,4,174.2,64,
3423,35,2026-01-23,7.6,5,3,0,1,5,2,5,169.7,65,
3424,35,2026-01-24,9.0,4,2,1,0,5,2,5,170.2,62,
3425,35,2026-01-25,8.0,3,2,1,0,5,3,5,170.4,62,
3426,35,2026-01-26,7.6,3,1,4,0,5,5,3,169.1,58,
3427,35,2026-01-27,9.0,4,1,1,1,5,2,4,169.2,60,
3428,35,2026-01-28,9.3,4,2,2,1,5,4,5,171.1,66,
3429,35,2026-01-29,8.3,4,3,2,0,5,2,4,169.3,63,
3430,35,2026-01-30,7.3,2,3,1,1,5,2,4,169.1,63,
3431,35,2026-01-31,8.6,4,4,2,1,5,2,4,170.6,64,
3432,35,2026-02-01,7.8,3,5,1,1,5,3,5,170.5,65,
3433,35,2026-02-02,8.9,4,5,1,0,5,4,5,170.6,65,
3434,35,2026-02-03,7.8,3,4,1,1,5,1,5,172.5,64,
3435,35,2026-02-04,7.4,3,5,2,1,5,3,4,172.0,62,
3436,35,2026-02-05,7.1,3,4,0,2,5,3,5,170.0,63,
3437,35,2026-02-06,6.5,3,4,0,0,5,3,5,170.6,64,
3438,35,2026-02-07,6.9,3,3,1,0,5,3,5,169.3,64,
3439,35,2026-02-08,7.6,4,2,1,0,5,4,5,170.8,65,
3440,35,2026-02-09,7.6,4,1,4,1,5,4,5,172.3,62,
3441,35,2026-02-10,7.3,3,1,1,1,5,3,5,167.1,55,
3442,35,2026-02-11,7.9,2,1,5,0,5,4,5,170.0,59,
3443,35,2026-02-12,7.3,2,1,1,0,5,4,5,169.3,62,
3444,35,2026-02-13,8.0,4,2,0,0,5,3,5,170.5,62,
3445,35,2026-02-14,8.1,2,1,1,1,5,3,5,169.3,59,
3446,35,2026-02-15,8.4,4,2,1,1,5,4,5,171.6,59,
3447,35,2026-02-16,8.7,3,3,1,0,5,3,5,170.3,61,
3448,35,2026-02-17,9.3,5,2,0,0,5,3,5,170.5,57,
3449,35,2026-02-18,7.9,3,1,1,1,5,4,5,171.0,58,
3450,35,2026-02-19,8.2,4,1,2,0,5,4,5,171.3,62,
3451,35,2026-02-20,7.3,3,2,1,0,5,2,5,170.9,61,
3452,35,2026-02-21,7.6,3,2,0,0,5,2,4,171.5,62,
3453,35,2026-02-22,8.2,3,2,0,1,5,3,5,170.5,60,
3454,35,2026-02-23,7.4,4,2,4,0,5,3,5,172.0,60,
3455,35,2026-02-24,7.7,4,1,1,0,5,4,5,170.5,56,
3456,35,2026-02-25,7.6,2,1,2,0,5,2,4,169.9,59,
3457,35,2026-02-26,7.8,2,1,2,1,5,4,5,168.3,59,
3458,35,2026-02-27,7.0,3,1,4,2,5,3,5,170.9,61,
3459,35,2026-02-28,8.3,3,1,0,2,5,3,4,171.0,58,
3460,35,2026-03-01,8.3,4,2,1,1,5,3,4,169.8,61,
3461,35,2026-03-02,8.2,4,2,1,1,5,4,3,171.3,60,
3462,35,2026-03-03,7.2,1,2,1,1,5,3,5,167.7,62,
3463,35,2026-03-04,8.3,5,2,2,1,5,1,5,171.5,60,
3464,35,2026-03-05,7.6,2,2,2,1,5,2,4,166.3,65,
3465,35,2026-03-06,7.9,2,1,0,0,5,3,5,171.2,62,
3466,35,2026-03-07,7.3,3,1,0,0,5,3,5,171.0,61,
3467,35,2026-03-08,7.9,3,1,5,0,5,3,5,170.1,60,
3468,35,2026-03-09,7.8,3,1,2,1,5,3,5,171.1,61,
3469,35,2026-03-10,8.4,4,1,2,1,5,3,5,169.0,64,
3470,35,2026-03-11,8.0,2,1,1,1,5,2,4,170.1,61,
3471,35,2026-03-12,7.6,4,2,0,0,5,2,5,169.8,65,
3472,35,2026-03-13,8.5,4,1,0,0,5,2,5,170.3,64,
3473,35,2026-03-14,8.0,2,1,0,2,5,3,5,168.9,59,
3474,35,2026-03-15,8.2,3,2,1,1,5,4,5,170.0,61,
3475,35,2026-03-16,6.5,2,1,2,1,5,3,5,170.7,65,
3476,35,2026-03-17,6.8,3,1,1,0,5,1,5,168.7,62,
3477,35,2026-03-18,7.4,4,1,0,1,5,3,5,169.8,62,
3478,35,2026-03-19,8.2,4,1,0,1,5,3,5,169.2,61,
3479,35,2026-03-20,7.7,2,2,0,1,5,1,5,169.5,61,
3480,35,2026-03-21,8.4,4,2,1,0,5,3,4,171.8,62,
3481,35,2026-03-22,8.2,4,1,0,0,5,1,4,171.0,61,
3482,35,2026-03-23,7.5,2,1,1,1,5,1,5,171.5,61,
3483,35,2026-03-24,9.2,4,2,2,0,5,3,5,171.3,57,
3484,35,2026-03-25,7.7,3,2,0,1,5,4,5,174.0,60,
3485,35,2026-03-26,7.5,2,3,1,2,5,3,5,170.3,63,
3486,35,2026-03-27,7.4,3,3,0,0,5,1,5,170.6,63,
3487,35,2026-03-28,7.0,3,4,1,1,5,4,5,169.1,65,
3488,35,2026-03-29,7.6,2,4,1,0,5,3,5,168.6,63,
3489,35,2026-03-30,7.4,3,5,1,3,5,1,4,172.3,63,
3490,35,2026-03-31,7.9,4,5,0,0,5,3,4,171.3,64,
3491,35,2026-04-01,6.7,1,4,0,2,5,3,4,171.4,63,
3492,35,2026-04-02,6.5,2,3,0,0,5,3,5,166.5,63,
3493,35,2026-04-03,8.9,4,4,3,1,5,3,5,168.4,66,
3494,35,2026-04-04,7.2,3,3,1,0,5,2,5,169.7,64,
3495,35,2026-04-05,9.5,5,3,0,2,5,4,5,170.8,57,
3496,35,2026-04-06,8.0,5,3,1,0,5,2,4,166.9,62,
3497,35,2026-04-07,7.5,3,3,2,1,5,2,5,167.9,65,
3498,35,2026-04-08,7.4,2,2,0,0,5,4,4,172.1,61,
3499,35,2026-04-09,8.3,5,2,2,1,5,1,5,170.4,60,
3500,35,2026-04-10,6.7,2,2,1,1,5,2,5,168.9,62,
3501,36,2026-01-01,7.7,2,3,3,0,5,3,5,178.2,54,
3502,36,2026-01-02,7.5,3,3,3,1,5,2,4,178.4,50,
3503,36,2026-01-03,7.4,3,3,1,2,5,3,5,178.2,51,
3504,36,2026-01-04,9.3,5,3,2,2,5,4,5,179.3,51,
3505,36,2026-01-05,8.2,2,4,1,0,5,3,5,176.9,55,
3506,36,2026-01-06,7.4,3,4,2,0,5,4,5,177.0,55,
3507,36,2026-01-07,8.8,4,4,0,0,5,1,5,178.8,52,
3508,36,2026-01-08,8.6,3,5,1,1,5,2,5,178.0,57,
3509,36,2026-01-09,7.2,2,4,3,1,5,3,5,179.6,54,
3510,36,2026-01-10,8.7,4,4,0,2,5,4,5,178.8,52,
3511,36,2026-01-11,9.4,3,4,0,0,5,3,4,178.5,53,
3512,36,2026-01-12,8.0,3,3,0,1,5,5,5,177.9,53,
3513,36,2026-01-13,7.6,2,3,1,0,5,4,4,178.7,54,
3514,36,2026-01-14,7.6,3,2,0,0,5,2,4,178.7,53,
3515,36,2026-01-15,6.3,1,2,1,1,5,3,5,178.1,56,
3516,36,2026-01-16,8.6,4,2,0,1,5,3,5,180.9,54,
3517,36,2026-01-17,6.5,2,2,1,3,5,2,5,179.0,53,
3518,36,2026-01-18,9.5,4,2,0,0,5,4,5,177.5,48,
3519,36,2026-01-19,8.0,3,2,2,0,5,3,5,179.0,52,
3520,36,2026-01-20,7.8,2,2,2,0,5,4,5,176.8,51,
3521,36,2026-01-21,6.0,1,3,1,0,5,2,5,177.3,52,
3522,36,2026-01-22,8.7,4,3,4,0,5,4,5,177.9,53,
3523,36,2026-01-23,9.5,5,3,0,2,5,4,5,176.1,55,
3524,36,2026-01-24,9.5,4,2,2,0,5,5,5,177.7,51,
3525,36,2026-01-25,9.5,4,2,0,0,5,4,5,180.4,50,
3526,36,2026-01-26,7.2,3,3,1,0,5,4,5,177.6,54,
3527,36,2026-01-27,9.3,5,4,1,2,5,2,4,179.0,51,
3528,36,2026-01-28,7.8,2,4,1,2,5,3,5,177.8,54,
3529,36,2026-01-29,8.6,5,4,0,1,5,3,4,178.0,55,
3530,36,2026-01-30,8.0,3,3,3,2,5,3,4,180.2,53,
3531,36,2026-01-31,8.8,3,4,0,3,5,3,5,177.1,54,
3532,36,2026-02-01,8.8,4,4,2,0,5,1,5,178.4,54,
3533,36,2026-02-02,8.4,2,4,1,0,5,4,5,178.8,49,
3534,36,2026-02-03,8.3,4,3,0,1,5,4,3,177.5,52,
3535,36,2026-02-04,8.1,2,4,2,0,5,4,5,175.6,59,
3536,36,2026-02-05,8.7,4,5,2,1,5,4,5,178.4,56,
3537,36,2026-02-06,8.6,4,5,2,1,5,4,5,177.1,52,
3538,36,2026-02-07,8.5,3,6,1,0,5,3,4,180.7,58,
3539,36,2026-02-08,8.8,5,7,1,0,5,3,5,180.1,55,
3540,36,2026-02-09,8.1,3,6,1,1,5,3,5,180.9,52,
3541,36,2026-02-10,9.2,5,6,3,0,5,3,5,178.5,56,
3542,36,2026-02-11,9.1,4,6,2,1,5,2,5,177.0,54,
3543,36,2026-02-12,9.5,4,5,3,0,5,4,4,180.6,56,
3544,36,2026-02-13,7.7,4,6,1,0,5,3,5,178.6,58,
3545,36,2026-02-14,8.0,4,7,2,2,5,2,5,179.0,58,
3546,36,2026-02-15,8.3,3,7,3,1,5,4,4,176.7,55,
3547,36,2026-02-16,8.2,3,7,3,0,5,2,4,177.4,55,
3548,36,2026-02-17,8.3,3,6,4,2,5,3,4,178.6,58,
3549,36,2026-02-18,7.8,2,7,5,1,5,4,5,179.0,57,
3550,36,2026-02-19,9.5,4,7,3,3,5,4,5,178.2,57,
3551,36,2026-02-20,7.4,3,7,2,1,5,4,5,179.6,54,
3552,36,2026-02-21,8.9,3,8,2,1,4,2,4,176.4,57,
3553,36,2026-02-22,8.7,4,8,1,1,5,3,5,176.0,56,
3554,36,2026-02-23,8.8,5,7,4,2,5,2,5,178.4,53,
3555,36,2026-02-24,7.2,3,6,3,1,5,3,5,178.6,58,
3556,36,2026-02-25,9.1,5,7,3,0,5,3,5,177.2,54,
3557,36,2026-02-26,7.7,3,6,2,0,5,3,5,178.8,55,
3558,36,2026-02-27,8.5,3,6,0,1,5,4,4,176.7,54,
3559,36,2026-02-28,7.8,4,5,1,0,5,2,5,178.9,58,
3560,36,2026-03-01,9.1,4,5,3,1,5,4,5,178.3,56,
3561,36,2026-03-02,7.6,3,5,1,0,5,3,5,176.7,53,
3562,36,2026-03-03,6.3,2,6,3,1,4,3,5,177.2,54,
3563,36,2026-03-04,8.5,4,5,0,1,5,3,5,173.4,54,
3564,36,2026-03-05,8.7,3,4,2,2,5,2,5,176.0,53,
3565,36,2026-03-06,7.6,4,3,1,1,5,5,5,178.9,52,
3566,36,2026-03-07,8.6,4,2,2,1,5,2,5,177.6,52,
3567,36,2026-03-08,7.6,2,2,3,0,5,2,5,175.9,50,
3568,36,2026-03-09,7.5,2,1,0,0,5,3,5,177.9,53,
3569,36,2026-03-10,8.3,2,2,1,0,5,1,5,179.5,55,
3570,36,2026-03-11,7.4,2,3,0,1,5,4,5,176.3,50,
3571,36,2026-03-12,7.4,2,4,0,2,5,4,5,178.4,52,
3572,36,2026-03-13,7.3,4,4,0,3,5,2,5,177.3,52,
3573,36,2026-03-14,8.9,4,4,0,1,5,2,5,176.2,55,
3574,36,2026-03-15,6.9,3,4,0,1,5,3,4,176.4,53,
3575,36,2026-03-16,9.0,4,4,0,1,5,2,5,177.0,55,
3576,36,2026-03-17,7.6,2,4,2,1,5,4,5,176.2,51,
3577,36,2026-03-18,8.2,3,5,0,2,5,2,4,174.7,52,
3578,36,2026-03-19,7.9,4,4,1,1,5,5,5,178.2,53,
3579,36,2026-03-20,8.3,3,3,0,1,5,1,4,178.9,54,
3580,36,2026-03-21,8.1,4,2,5,1,5,4,5,178.3,51,
3581,36,2026-03-22,8.7,5,2,1,1,5,4,5,178.4,53,
3582,36,2026-03-23,9.0,3,1,1,0,5,2,5,180.0,48,
3583,36,2026-03-24,7.0,2,1,0,0,5,4,5,177.5,52,
3584,36,2026-03-25,8.4,3,1,0,1,5,3,5,176.2,50,
3585,36,2026-03-26,8.6,4,1,0,1,5,4,4,177.0,49,
3586,36,2026-03-27,7.3,3,1,0,2,5,3,4,176.2,53,
3587,36,2026-03-28,8.4,2,1,1,0,5,2,5,177.8,53,
3588,36,2026-03-29,8.2,3,2,0,1,5,3,5,175.7,53,
3589,36,2026-03-30,9.4,4,2,2,3,5,4,5,176.8,52,
3590,36,2026-03-31,7.8,3,2,0,0,5,2,5,178.2,52,
3591,36,2026-04-01,8.5,4,3,0,0,5,3,5,177.1,51,
3592,36,2026-04-02,7.0,2,3,0,0,5,3,4,177.4,50,
3593,36,2026-04-03,8.0,3,3,1,1,5,4,5,174.9,51,
3594,36,2026-04-04,8.9,5,3,1,0,5,3,5,175.5,51,
3595,36,2026-04-05,9.2,4,2,2,0,5,2,5,176.7,52,
3596,36,2026-04-06,8.6,3,1,2,1,5,4,5,177.8,50,
3597,36,2026-04-07,7.3,2,1,4,1,5,5,5,175.7,54,
3598,36,2026-04-08,8.7,3,1,3,2,5,2,5,179.8,50,
3599,36,2026-04-09,9.2,5,2,2,0,5,2,5,174.3,49,
3600,36,2026-04-10,8.2,3,2,0,0,5,3,5,178.7,50,
3601,37,2026-01-01,7.3,3,3,3,1,5,4,5,133.3,58,
3602,37,2026-01-02,6.4,2,4,1,1,5,3,5,132.9,56,
3603,37,2026-01-03,7.4,3,4,2,0,5,2,5,132.7,58,
3604,37,2026-01-04,7.8,3,4,0,1,5,2,5,134.1,58,
3605,37,2026-01-05,7.2,3,3,2,0,5,2,5,135.3,56,
3606,37,2026-01-06,6.7,2,3,0,0,5,2,5,132.7,61,
3607,37,2026-01-07,6.3,3,3,2,1,5,3,4,133.9,58,
3608,37,2026-01-08,7.1,3,3,4,0,5,3,5,131.3,57,
3609,37,2026-01-09,6.5,2,4,1,1,5,3,5,130.0,55,
3610,37,2026-01-10,8.6,5,5,1,2,5,2,5,133.5,57,
3611,37,2026-01-11,7.9,3,4,0,0,5,1,5,132.4,60,
3612,37,2026-01-12,7.2,4,5,1,0,5,2,5,131.4,59,
3613,37,2026-01-13,6.5,1,5,3,1,5,3,5,129.4,54,
3614,37,2026-01-14,6.2,1,6,0,0,5,3,5,130.3,58,
3615,37,2026-01-15,6.6,3,7,3,1,5,2,5,135.9,60,
3616,37,2026-01-16,7.5,3,6,1,0,5,2,5,134.2,60,
3617,37,2026-01-17,8.4,4,6,0,3,5,4,3,133.9,58,
3618,37,2026-01-18,7.4,2,6,1,2,5,3,5,133.9,60,
3619,37,2026-01-19,6.3,2,6,2,0,5,2,5,131.0,59,
3620,37,2026-01-20,8.2,3,6,0,1,5,3,4,132.6,62,
3621,37,2026-01-21,6.2,1,5,0,1,5,3,4,133.3,58,
3622,37,2026-01-22,7.8,3,4,2,0,5,3,5,131.5,56,
3623,37,2026-01-23,7.5,4,5,4,0,5,4,5,134.1,55,
3624,37,2026-01-24,6.9,2,5,0,1,5,3,5,134.0,60,
3625,37,2026-01-25,7.2,3,5,0,0,5,4,5,132.3,60,
3626,37,2026-01-26,6.8,3,5,4,0,5,4,4,132.5,60,
3627,37,2026-01-27,8.4,4,6,2,1,5,3,5,133.8,58,
3628,37,2026-01-28,7.0,3,7,1,1,4,4,5,135.0,59,
3629,37,2026-01-29,7.8,3,7,2,0,5,5,4,130.9,62,
3630,37,2026-01-30,6.3,2,6,3,1,5,3,5,131.4,63,
3631,37,2026-01-31,7.1,2,7,5,0,5,3,5,133.1,59,
3632,37,2026-02-01,7.8,3,7,2,1,5,3,5,131.7,63,
3633,37,2026-02-02,7.5,3,8,1,2,5,2,5,137.3,64,
3634,37,2026-02-03,6.5,2,8,1,2,4,4,5,132.2,60,
3635,37,2026-02-04,7.0,1,8,1,1,4,4,4,133.7,62,
3636,37,2026-02-05,5.3,1,8,1,2,5,4,5,133.7,61,
3637,37,2026-02-06,6.5,2,9,2,1,4,4,4,134.2,61,
3638,37,2026-02-07,6.9,2,10,2,1,5,3,4,133.4,61,
3639,37,2026-02-08,8.2,3,10,1,2,5,4,4,132.1,57,
3640,37,2026-02-09,7.0,2,10,3,2,3,3,3,131.3,66,
3641,37,2026-02-10,6.1,2,10,4,2,4,3,3,131.4,63,
3642,37,2026-02-11,7.6,2,10,3,2,4,4,4,135.2,62,
3643,37,2026-02-12,6.9,3,10,3,1,5,3,5,131.2,60,
3644,37,2026-02-13,7.0,3,10,3,3,5,1,5,129.1,63,
3645,37,2026-02-14,7.5,3,10,2,2,5,3,5,132.2,63,
3646,37,2026-02-15,7.3,3,10,2,3,4,2,4,129.1,60,
3647,37,2026-02-16,6.6,1,10,3,1,4,3,5,132.2,63,
3648,37,2026-02-17,7.0,2,10,2,2,5,3,5,134.7,63,
3649,37,2026-02-18,6.5,2,10,2,1,4,3,2,131.0,60,
3650,37,2026-02-19,6.7,3,9,3,1,5,4,5,131.0,61,
3651,37,2026-02-20,6.2,2,8,1,2,5,1,4,130.4,60,
3652,37,2026-02-21,7.4,2,9,1,1,5,3,5,131.3,60,
3653,37,2026-02-22,7.1,2,8,2,1,5,2,4,131.8,61,
3654,37,2026-02-23,7.6,2,8,1,2,5,2,5,128.9,61,
3655,37,2026-02-24,7.1,2,9,2,1,3,2,3,132.6,60,
3656,37,2026-02-25,7.3,3,9,1,2,5,3,5,130.0,61,
3657,37,2026-02-26,6.4,1,9,2,1,3,5,3,130.9,59,
3658,37,2026-02-27,7.0,3,8,3,3,5,5,5,133.5,58,
3659,37,2026-02-28,6.7,1,8,2,2,5,4,5,132.2,62,
3660,37,2026-03-01,6.3,1,9,1,2,4,3,4,133.3,64,
3661,37,2026-03-02,6.6,2,9,2,2,5,3,5,130.5,62,
3662,37,2026-03-03,7.2,3,8,2,2,4,4,4,130.9,59,
3663,37,2026-03-04,8.1,4,8,1,2,5,2,5,131.5,59,
3664,37,2026-03-05,6.7,1,7,2,1,5,3,5,132.0,64,
3665,37,2026-03-06,7.0,1,7,2,0,5,4,3,133.0,62,
3666,37,2026-03-07,7.6,2,6,0,0,5,4,5,130.8,60,
3667,37,2026-03-08,6.8,3,5,3,0,5,3,5,132.0,58,
3668,37,2026-03-09,8.3,3,5,0,0,5,2,5,130.0,60,
3669,37,2026-03-10,6.9,1,6,2,0,3,2,4,129.6,56,
3670,37,2026-03-11,6.9,1,6,0,1,5,3,5,131.3,63,
3671,37,2026-03-12,5.9,2,5,0,1,5,3,4,132.1,62,
3672,37,2026-03-13,7.9,3,5,2,1,5,3,5,130.8,57,
3673,37,2026-03-14,8.1,4,6,1,1,5,5,4,132.7,60,
3674,37,2026-03-15,5.6,1,7,2,1,5,4,5,134.2,61,
3675,37,2026-03-16,7.5,2,8,2,1,4,3,5,130.9,64,
3676,37,2026-03-17,5.9,1,8,4,2,4,3,4,129.9,58,
3677,37,2026-03-18,6.4,1,8,2,2,4,4,4,133.2,61,
3678,37,2026-03-19,6.7,1,8,4,2,4,2,5,130.2,59,
3679,37,2026-03-20,7.8,4,8,2,1,5,2,5,130.3,61,
3680,37,2026-03-21,7.6,2,7,3,1,5,5,5,132.1,59,
3681,37,2026-03-22,7.7,3,8,1,1,5,4,5,131.8,61,
3682,37,2026-03-23,7.3,3,7,1,0,5,4,4,132.5,61,
3683,37,2026-03-24,7.0,3,8,2,1,4,4,4,131.3,64,
3684,37,2026-03-25,6.9,2,8,2,2,4,3,5,133.7,59,
3685,37,2026-03-26,7.7,3,8,3,1,5,1,5,130.4,64,
3686,37,2026-03-27,7.9,2,8,1,1,4,4,4,131.4,63,
3687,37,2026-03-28,6.9,2,9,1,2,4,4,2,131.9,62,
3688,37,2026-03-29,7.5,2,8,3,4,5,4,4,130.7,58,
3689,37,2026-03-30,8.0,4,8,5,1,5,1,4,128.3,56,
3690,37,2026-03-31,6.9,3,7,2,0,5,3,5,134.2,57,
3691,37,2026-04-01,8.6,5,6,1,0,5,2,5,132.7,57,
3692,37,2026-04-02,6.3,3,6,2,0,5,2,4,130.7,57,
3693,37,2026-04-03,8.0,2,5,0,1,5,3,5,133.1,59,
3694,37,2026-04-04,7.9,3,5,0,1,5,3,3,132.8,56,
3695,37,2026-04-05,7.7,3,4,1,0,5,2,5,130.7,59,
3696,37,2026-04-06,6.9,2,5,1,0,5,3,4,132.9,58,
3697,37,2026-04-07,7.6,3,5,0,2,4,3,4,131.5,56,
3698,37,2026-04-08,7.2,4,5,1,0,5,3,4,132.0,56,
3699,37,2026-04-09,6.5,3,5,2,0,5,3,5,133.4,56,
3700,37,2026-04-10,6.4,3,4,0,0,4,5,5,130.9,58,
3701,38,2026-01-01,7.1,4,3,1,1,5,2,3,230.4,58,
3702,38,2026-01-02,7.0,4,3,1,2,5,3,5,229.5,62,
3703,38,2026-01-03,8.1,2,3,0,1,5,4,4,227.1,61,
3704,38,2026-01-04,8.2,3,2,4,1,5,3,5,230.9,61,
3705,38,2026-01-05,7.3,3,2,2,0,5,5,4,229.9,63,
3706,38,2026-01-06,6.3,1,3,0,1,5,3,5,229.9,59,
3707,38,2026-01-07,5.2,1,3,0,1,5,3,5,227.2,62,
3708,38,2026-01-08,7.7,3,2,1,0,5,2,5,228.1,59,
3709,38,2026-01-09,6.6,3,2,0,1,5,3,5,228.1,59,
3710,38,2026-01-10,7.8,4,2,2,0,5,1,5,230.1,58,
3711,38,2026-01-11,6.2,3,2,1,1,5,1,5,228.3,61,
3712,38,2026-01-12,7.2,2,2,0,1,5,3,4,230.2,62,
3713,38,2026-01-13,5.8,1,3,1,0,4,5,4,226.3,61,
3714,38,2026-01-14,6.7,2,3,4,1,5,4,5,229.8,59,
3715,38,2026-01-15,6.8,1,2,0,1,5,5,5,230.4,62,
3716,38,2026-01-16,8.2,3,2,0,1,5,3,5,227.2,60,
3717,38,2026-01-17,6.8,1,1,1,0,5,3,4,227.2,60,
3718,38,2026-01-18,6.6,2,1,3,0,5,3,4,229.7,56,
3719,38,2026-01-19,6.1,1,2,2,0,5,3,5,229.9,60,
3720,38,2026-01-20,6.7,2,2,3,1,5,3,4,230.8,58,
3721,38,2026-01-21,7.1,4,2,1,2,5,4,5,227.6,57,
3722,38,2026-01-22,6.7,3,2,0,2,5,4,5,230.4,58,
3723,38,2026-01-23,6.6,2,1,2,1,5,2,5,229.9,60,
3724,38,2026-01-24,7.1,4,1,1,0,5,3,5,225.6,59,
3725,38,2026-01-25,7.8,4,2,1,1,5,3,4,228.2,58,
3726,38,2026-01-26,7.5,2,3,0,0,5,2,5,226.7,60,
3727,38,2026-01-27,6.5,1,2,0,0,5,4,5,227.0,60,
3728,38,2026-01-28,6.4,2,2,4,0,5,3,4,228.1,61,
3729,38,2026-01-29,7.0,3,2,0,0,5,3,5,229.4,59,
3730,38,2026-01-30,7.5,3,2,2,0,5,3,5,230.4,59,
3731,38,2026-01-31,7.3,3,2,2,0,5,3,5,229.2,60,
3732,38,2026-02-01,7.0,2,2,0,2,5,4,5,228.4,58,
3733,38,2026-02-02,6.5,2,2,1,1,5,4,5,228.8,60,
3734,38,2026-02-03,8.4,2,2,0,1,5,3,5,230.7,58,
3735,38,2026-02-04,5.5,1,1,0,1,5,3,5,228.0,60,
3736,38,2026-02-05,6.5,3,2,1,1,5,2,5,228.9,59,
3737,38,2026-02-06,6.5,1,2,0,1,5,4,5,228.2,60,
3738,38,2026-02-07,8.1,4,2,2,0,5,3,5,228.1,63,
3739,38,2026-02-08,6.2,1,1,1,1,5,2,5,230.3,58,
3740,38,2026-02-09,6.4,2,1,1,0,5,2,5,226.3,59,
3741,38,2026-02-10,6.7,2,2,0,2,5,4,4,227.4,61,
3742,38,2026-02-11,7.2,3,2,0,0,5,3,5,231.3,62,
3743,38,2026-02-12,7.0,2,2,0,0,5,1,5,227.6,61,
3744,38,2026-02-13,6.8,2,2,1,2,4,3,4,229.5,61,
3745,38,2026-02-14,7.7,2,2,4,0,5,4,4,228.2,61,
3746,38,2026-02-15,5.9,2,2,1,4,5,2,5,229.7,63,
3747,38,2026-02-16,6.9,1,3,2,4,5,3,5,226.3,61,
3748,38,2026-02-17,7.5,2,4,0,4,5,4,4,226.6,64,
3749,38,2026-02-18,7.1,2,3,0,0,5,4,5,229.0,62,
3750,38,2026-02-19,6.3,1,2,0,4,5,2,5,228.8,60,
3751,38,2026-02-20,6.2,2,2,2,0,5,4,4,228.2,63,
3752,38,2026-02-21,7.1,3,2,1,0,5,4,5,229.2,62,
3753,38,2026-02-22,6.2,1,1,1,1,5,3,5,228.7,61,
3754,38,2026-02-23,6.6,4,2,1,2,5,2,5,229.2,60,
3755,38,2026-02-24,6.5,2,2,2,0,5,3,5,228.3,61,
3756,38,2026-02-25,5.6,2,3,1,3,5,3,4,226.9,59,
3757,38,2026-02-26,6.5,1,3,5,2,5,4,5,227.7,61,
3758,38,2026-02-27,6.0,3,2,3,2,5,2,5,226.2,64,
3759,38,2026-02-28,6.6,2,2,0,2,5,2,5,230.2,62,
3760,38,2026-03-01,6.8,2,2,0,1,5,2,4,226.7,64,
3761,38,2026-03-02,6.0,1,1,3,1,5,3,5,226.8,62,
3762,38,2026-03-03,6.7,1,1,1,0,4,3,3,228.1,61,
3763,38,2026-03-04,5.5,1,1,1,1,5,3,5,225.9,61,
3764,38,2026-03-05,6.6,3,1,1,0,5,5,4,224.4,58,
3765,38,2026-03-06,6.3,3,2,0,1,5,2,5,229.4,61,
3766,38,2026-03-07,6.4,1,1,2,0,5,3,4,227.6,62,
3767,38,2026-03-08,7.0,2,1,1,1,5,3,5,229.0,63,
3768,38,2026-03-09,7.4,3,1,1,0,5,4,5,228.7,60,
3769,38,2026-03-10,5.9,2,1,2,0,5,4,5,225.1,58,
3770,38,2026-03-11,8.2,3,2,0,0,5,4,4,228.5,59,
3771,38,2026-03-12,6.8,1,2,3,2,5,3,5,227.6,64,
3772,38,2026-03-13,5.6,1,1,1,0,5,3,5,228.0,60,
3773,38,2026-03-14,7.7,4,2,2,0,5,3,5,231.0,65,
3774,38,2026-03-15,6.9,3,1,1,1,5,1,3,230.4,58,
3775,38,2026-03-16,7.1,1,1,1,0,5,3,5,229.9,59,
3776,38,2026-03-17,5.7,1,1,4,0,5,3,4,227.3,59,
3777,38,2026-03-18,6.0,1,1,0,2,5,4,4,227.9,61,
3778,38,2026-03-19,6.7,2,2,0,1,5,2,5,227.0,59,
3779,38,2026-03-20,5.3,2,2,1,0,5,4,4,229.1,62,
3780,38,2026-03-21,5.7,2,2,1,2,5,3,5,228.1,60,
3781,38,2026-03-22,6.8,4,2,2,0,5,4,5,227.3,57,
3782,38,2026-03-23,6.7,1,2,1,1,5,3,5,228.9,60,
3783,38,2026-03-24,6.9,3,2,2,0,5,3,5,225.6,64,
3784,38,2026-03-25,6.2,1,2,0,2,3,2,3,227.9,63,
3785,38,2026-03-26,6.8,2,1,1,2,5,4,5,228.0,57,
3786,38,2026-03-27,6.3,1,1,3,2,5,3,5,228.8,60,
3787,38,2026-03-28,6.7,2,2,2,0,5,4,5,230.0,62,
3788,38,2026-03-29,8.0,4,2,2,1,5,3,3,227.0,60,
3789,38,2026-03-30,6.8,3,3,3,1,5,4,5,226.9,62,
3790,38,2026-03-31,6.7,3,3,1,0,5,5,5,227.0,60,
3791,38,2026-04-01,7.2,2,3,1,0,3,2,2,227.6,57,
3792,38,2026-04-02,7.1,3,4,2,1,5,3,5,225.9,62,
3793,38,2026-04-03,5.9,2,4,0,0,5,2,4,226.2,65,
3794,38,2026-04-04,8.0,3,4,1,2,5,4,5,227.9,62,
3795,38,2026-04-05,6.6,1,4,3,1,5,3,5,227.8,59,
3796,38,2026-04-06,7.3,2,4,0,2,5,1,5,227.4,63,
3797,38,2026-04-07,6.0,2,4,5,1,5,4,5,227.2,63,
3798,38,2026-04-08,6.5,2,3,0,1,4,5,5,226.7,59,
3799,38,2026-04-09,6.0,2,2,2,0,5,2,5,229.4,63,
3800,38,2026-04-10,6.1,3,2,1,0,5,4,5,223.3,62,
3801,39,2026-01-01,7.1,3,2,1,0,5,2,4,176.3,63,
3802,39,2026-01-02,8.3,3,2,2,1,5,2,4,173.7,63,
3803,39,2026-01-03,8.4,4,2,1,1,5,5,5,175.0,60,
3804,39,2026-01-04,8.4,4,1,1,0,5,1,5,174.3,60,
3805,39,2026-01-05,8.5,3,1,3,0,5,4,5,173.1,62,
3806,39,2026-01-06,7.9,2,1,3,0,5,4,5,175.3,61,
3807,39,2026-01-07,7.1,3,2,0,2,5,4,5,175.9,64,
3808,39,2026-01-08,8.5,4,1,0,1,5,2,5,175.2,61,
3809,39,2026-01-09,8.0,4,1,0,2,5,3,5,171.6,60,
3810,39,2026-01-10,8.5,3,1,3,1,5,4,5,171.8,61,
3811,39,2026-01-11,7.8,4,1,0,2,5,4,5,171.2,60,
3812,39,2026-01-12,8.1,3,1,1,2,5,2,5,176.6,57,
3813,39,2026-01-13,7.6,3,1,1,1,5,2,5,175.5,62,
3814,39,2026-01-14,6.7,2,1,1,0,5,5,5,172.6,63,
3815,39,2026-01-15,7.8,3,1,3,3,5,3,5,173.5,61,
3816,39,2026-01-16,8.1,3,1,3,1,5,4,5,175.2,60,
3817,39,2026-01-17,8.4,4,2,0,0,5,2,5,172.7,64,
3818,39,2026-01-18,8.0,4,3,0,1,5,2,5,175.1,63,
3819,39,2026-01-19,6.6,2,3,1,0,5,3,5,174.7,65,
3820,39,2026-01-20,7.2,1,2,0,0,5,4,5,175.9,56,
3821,39,2026-01-21,8.3,3,2,1,1,5,3,5,172.0,60,
3822,39,2026-01-22,6.0,1,1,1,1,5,3,4,173.5,61,
3823,39,2026-01-23,8.4,4,1,2,1,5,1,5,178.5,60,
3824,39,2026-01-24,8.0,3,1,3,0,5,1,5,173.3,57,
3825,39,2026-01-25,8.0,4,1,2,0,5,3,5,171.5,59,
3826,39,2026-01-26,7.5,3,2,1,3,5,3,5,174.8,62,
3827,39,2026-01-27,7.5,3,2,0,3,5,4,5,175.6,62,
3828,39,2026-01-28,7.4,2,2,1,1,5,3,5,171.3,62,
3829,39,2026-01-29,7.4,1,2,2,0,5,3,5,173.6,63,
3830,39,2026-01-30,7.7,5,2,1,0,5,2,5,175.4,59,
3831,39,2026-01-31,8.2,2,2,1,0,5,3,5,175.3,65,
3832,39,2026-02-01,8.5,4,1,4,1,5,5,5,172.7,60,
3833,39,2026-02-02,8.2,4,1,0,1,5,1,4,172.3,62,
3834,39,2026-02-03,8.4,4,1,0,1,5,3,5,174.9,59,
3835,39,2026-02-04,8.0,2,1,2,0,5,2,5,173.8,59,
3836,39,2026-02-05,5.9,2,1,1,1,5,4,5,172.1,60,
3837,39,2026-02-06,8.5,4,1,0,2,5,4,5,173.3,57,
3838,39,2026-02-07,8.9,4,1,1,1,5,2,5,173.1,60,
3839,39,2026-02-08,8.3,2,1,1,1,5,3,5,175.5,60,
3840,39,2026-02-09,7.5,2,1,1,0,5,3,5,173.2,59,
3841,39,2026-02-10,7.9,3,1,3,2,5,3,4,175.8,59,
3842,39,2026-02-11,7.6,4,1,0,0,5,3,4,174.0,60,
3843,39,2026-02-12,7.6,5,1,1,1,5,3,5,173.5,58,
3844,39,2026-02-13,7.3,3,1,1,3,5,4,5,174.2,62,
3845,39,2026-02-14,8.7,4,1,1,0,5,1,4,175.4,60,
3846,39,2026-02-15,7.8,4,2,1,0,5,3,5,175.7,57,
3847,39,2026-02-16,7.0,3,2,0,0,5,2,5,172.0,60,
3848,39,2026-02-17,8.9,4,3,1,0,5,4,3,174.2,63,
3849,39,2026-02-18,7.4,4,3,1,0,5,3,5,173.5,62,
3850,39,2026-02-19,8.9,4,4,0,2,5,5,5,172.9,62,
3851,39,2026-02-20,7.3,2,5,1,0,5,4,4,171.0,65,
3852,39,2026-02-21,9.5,5,4,0,2,5,3,5,173.0,61,
3853,39,2026-02-22,9.2,4,4,1,0,5,1,5,171.7,59,
3854,39,2026-02-23,9.2,4,4,1,2,5,3,5,171.1,64,
3855,39,2026-02-24,7.9,2,3,0,2,5,3,5,171.4,63,
3856,39,2026-02-25,7.2,2,4,1,2,5,4,4,173.1,63,
3857,39,2026-02-26,8.3,3,4,0,2,5,3,5,172.0,65,
3858,39,2026-02-27,6.9,1,4,1,1,5,1,5,172.9,63,
3859,39,2026-02-28,8.2,4,4,0,1,5,2,4,171.0,64,
3860,39,2026-03-01,6.4,1,5,0,0,5,2,5,172.7,64,
3861,39,2026-03-02,8.1,3,6,3,1,4,3,4,174.1,63,
3862,39,2026-03-03,7.4,3,5,1,1,5,2,5,169.2,63,
3863,39,2026-03-04,7.2,3,5,0,0,4,3,5,175.8,65,
3864,39,2026-03-05,7.0,2,5,1,0,5,2,4,175.0,62,
3865,39,2026-03-06,8.7,3,5,0,2,5,5,5,171.2,63,
3866,39,2026-03-07,7.5,3,5,1,0,5,2,5,172.0,67,
3867,39,2026-03-08,7.5,3,4,0,0,5,4,5,174.6,62,
3868,39,2026-03-09,8.2,4,3,2,0,5,4,5,172.9,61,
3869,39,2026-03-10,8.0,3,3,1,1,5,3,5,174.3,63,
3870,39,2026-03-11,6.8,2,3,1,2,5,1,5,172.1,64,
3871,39,2026-03-12,9.5,5,3,1,2,5,3,5,173.3,62,
3872,39,2026-03-13,7.1,2,3,0,1,5,4,4,173.2,63,
3873,39,2026-03-14,7.3,3,2,0,1,5,3,4,172.5,66,
3874,39,2026-03-15,6.7,2,3,0,4,5,2,5,173.0,62,
3875,39,2026-03-16,7.1,2,3,1,0,5,4,5,172.4,62,
3876,39,2026-03-17,7.7,3,3,2,1,5,5,5,172.6,60,
3877,39,2026-03-18,7.8,4,2,3,0,5,5,5,173.1,63,
3878,39,2026-03-19,7.8,3,3,1,0,5,4,4,174.2,58,
3879,39,2026-03-20,7.1,4,3,1,0,5,2,5,171.3,59,
3880,39,2026-03-21,7.6,4,4,3,1,5,2,5,173.2,62,
3881,39,2026-03-22,8.8,3,4,1,1,5,3,5,170.3,65,
3882,39,2026-03-23,7.3,2,4,1,0,5,2,5,173.4,61,
3883,39,2026-03-24,7.7,3,4,0,2,5,2,5,172.2,62,
3884,39,2026-03-25,6.8,2,3,1,3,5,2,5,174.3,66,
3885,39,2026-03-26,7.4,3,2,1,0,5,3,5,174.0,64,
3886,39,2026-03-27,6.6,3,2,1,3,5,2,5,170.5,66,
3887,39,2026-03-28,7.8,3,1,3,0,5,2,5,172.9,63,
3888,39,2026-03-29,8.5,3,1,1,0,5,4,5,172.3,60,
3889,39,2026-03-30,8.8,3,1,1,1,5,3,5,173.6,63,
3890,39,2026-03-31,6.6,2,1,2,1,5,4,5,171.1,60,
3891,39,2026-04-01,9.1,4,2,0,1,5,2,4,172.4,65,
3892,39,2026-04-02,7.2,2,3,0,1,5,2,5,170.9,60,
3893,39,2026-04-03,7.1,3,3,0,1,5,3,5,173.7,64,
3894,39,2026-04-04,8.1,4,2,5,0,5,3,5,172.9,60,
3895,39,2026-04-05,8.6,4,2,1,1,5,3,5,173.5,59,
3896,39,2026-04-06,7.8,3,2,0,2,5,3,5,169.6,64,
3897,39,2026-04-07,7.2,3,3,0,2,5,2,4,170.6,65,
3898,39,2026-04-08,7.1,3,3,0,1,5,2,5,174.1,62,
3899,39,2026-04-09,7.1,2,2,0,0,5,4,4,173.3,61,
3900,39,2026-04-10,7.5,3,3,3,3,5,4,5,174.4,64,
3901,40,2026-01-01,7.3,3,5,2,0,5,3,5,188.1,69,
3902,40,2026-01-02,6.2,1,5,2,1,5,4,5,190.0,68,
3903,40,2026-01-03,8.6,4,4,0,0,5,3,3,191.1,69,
3904,40,2026-01-04,6.6,1,5,1,2,5,3,4,193.1,65,
3905,40,2026-01-05,7.5,3,5,0,0,5,3,4,193.3,73,
3906,40,2026-01-06,6.7,2,5,1,0,5,3,5,189.5,67,
3907,40,2026-01-07,6.2,1,5,2,1,5,3,5,190.3,68,
3908,40,2026-01-08,7.9,3,4,1,1,5,3,5,191.2,65,
3909,40,2026-01-09,8.0,3,3,1,0,5,3,5,190.2,63,
3910,40,2026-01-10,8.4,3,4,1,0,5,3,5,191.4,70,
3911,40,2026-01-11,5.9,2,3,2,0,5,3,5,193.6,67,
3912,40,2026-01-12,8.8,5,4,2,1,5,4,5,192.4,65,
3913,40,2026-01-13,8.7,4,4,1,0,5,2,5,193.0,65,
3914,40,2026-01-14,6.3,1,4,2,1,5,3,4,192.7,66,
3915,40,2026-01-15,8.8,4,4,2,1,5,4,4,190.7,69,
3916,40,2026-01-16,7.8,3,4,0,0,5,2,5,191.4,69,
3917,40,2026-01-17,6.2,1,5,2,0,3,4,2,192.7,70,
3918,40,2026-01-18,8.6,4,6,4,1,5,5,5,192.3,67,
3919,40,2026-01-19,7.3,2,6,1,0,5,2,5,189.5,68,
3920,40,2026-01-20,8.3,4,6,0,0,5,3,3,190.9,65,
3921,40,2026-01-21,7.9,2,5,0,0,5,3,4,190.7,68,
3922,40,2026-01-22,7.0,1,5,2,1,5,3,5,193.4,67,
3923,40,2026-01-23,7.7,3,4,0,0,5,2,5,192.8,67,
3924,40,2026-01-24,8.9,4,4,0,1,5,2,5,188.5,63,
3925,40,2026-01-25,7.1,3,4,0,0,5,4,5,190.5,68,
3926,40,2026-01-26,6.4,2,3,0,0,5,2,5,191.2,66,
3927,40,2026-01-27,7.1,2,2,0,1,5,1,4,190.2,62,
3928,40,2026-01-28,8.4,3,1,1,0,5,2,5,190.8,67,
3929,40,2026-01-29,7.4,2,1,2,2,5,3,5,192.7,64,
3930,40,2026-01-30,8.4,3,1,1,2,5,2,5,192.7,64,
3931,40,2026-01-31,6.3,1,1,0,1,5,4,5,190.5,64,
3932,40,2026-02-01,7.2,2,1,0,1,5,1,5,189.4,61,
3933,40,2026-02-02,8.5,3,1,0,0,5,3,5,192.0,66,
3934,40,2026-02-03,7.7,4,2,1,0,5,2,5,194.9,63,
3935,40,2026-02-04,6.9,2,1,0,0,5,4,5,190.7,63,
3936,40,2026-02-05,7.0,3,1,1,1,5,4,5,191.6,69,
3937,40,2026-02-06,6.6,1,1,2,0,5,3,5,188.1,66,
3938,40,2026-02-07,5.7,1,2,0,1,5,3,4,192.5,66,
3939,40,2026-02-08,7.4,2,3,3,3,5,3,5,192.5,64,
3940,40,2026-02-09,7.5,2,4,0,1,5,4,4,189.3,64,
3941,40,2026-02-10,7.7,4,4,2,0,5,4,5,190.3,68,
3942,40,2026-02-11,7.1,2,4,2,0,5,2,5,190.9,70,
3943,40,2026-02-12,6.8,2,5,1,0,3,3,4,190.5,69,
3944,40,2026-02-13,7.3,2,5,2,2,5,3,4,191.1,69,
3945,40,2026-02-14,8.1,3,5,0,0,3,3,3,190.9,64,
3946,40,2026-02-15,6.0,1,5,0,0,4,3,5,191.2,69,
3947,40,2026-02-16,6.5,1,4,1,2,5,2,5,189.2,67,
3948,40,2026-02-17,6.5,1,4,0,1,5,3,4,190.9,67,
3949,40,2026-02-18,7.3,4,3,0,2,5,3,5,189.8,68,
3950,40,2026-02-19,6.7,4,3,0,2,5,3,5,191.5,67,
3951,40,2026-02-20,8.1,4,3,1,0,5,3,5,191.8,70,
3952,40,2026-02-21,7.8,3,3,1,0,5,3,5,190.3,70,
3953,40,2026-02-22,7.3,3,3,2,1,5,1,4,189.1,65,
3954,40,2026-02-23,8.4,3,2,2,1,5,5,5,191.5,67,
3955,40,2026-02-24,6.4,2,2,2,0,5,2,5,189.9,65,
3956,40,2026-02-25,7.4,3,2,0,0,5,2,5,190.6,66,
3957,40,2026-02-26,6.6,1,1,1,1,5,4,4,192.5,63,
3958,40,2026-02-27,5.7,1,1,1,0,5,3,5,189.9,67,
3959,40,2026-02-28,8.1,2,2,0,0,5,2,5,193.2,62,
3960,40,2026-03-01,8.1,4,1,2,1,5,4,5,191.9,66,
3961,40,2026-03-02,7.9,4,1,1,0,5,4,5,188.2,68,
3962,40,2026-03-03,7.5,2,1,2,0,5,4,5,190.8,65,
3963,40,2026-03-04,7.3,2,1,1,0,5,2,5,190.0,66,
3964,40,2026-03-05,7.2,2,1,1,1,5,3,5,191.3,63,
3965,40,2026-03-06,8.1,4,1,4,0,5,3,5,193.5,64,
3966,40,2026-03-07,7.4,3,2,1,1,5,2,3,191.7,67,
3967,40,2026-03-08,6.6,2,3,0,0,5,3,5,189.7,67,
3968,40,2026-03-09,7.6,3,4,0,2,5,2,5,189.8,67,
3969,40,2026-03-10,7.3,3,4,0,0,5,3,5,189.2,64,
3970,40,2026-03-11,6.8,2,4,1,0,5,3,5,189.0,64,
3971,40,2026-03-12,8.3,3,3,0,2,5,2,5,189.8,65,
3972,40,2026-03-13,6.4,1,2,3,1,5,3,5,190.0,66,
3973,40,2026-03-14,8.3,2,1,1,0,5,2,5,190.9,64,
3974,40,2026-03-15,7.6,3,1,1,1,5,4,5,189.5,65,
3975,40,2026-03-16,7.2,2,1,2,2,5,4,4,188.7,67,
3976,40,2026-03-17,6.2,2,1,2,0,5,4,5,189.9,65,
3977,40,2026-03-18,8.3,4,1,2,1,5,3,5,187.8,62,
3978,40,2026-03-19,8.4,4,2,0,1,5,3,5,190.6,67,
3979,40,2026-03-20,8.1,3,2,3,1,5,4,5,185.9,65,
3980,40,2026-03-21,8.5,3,1,1,1,5,3,5,191.8,69,
3981,40,2026-03-22,8.4,2,2,1,3,5,3,5,192.0,68,
3982,40,2026-03-23,9.0,3,1,1,0,5,3,5,191.5,63,
3983,40,2026-03-24,7.6,3,1,3,1,5,2,5,194.1,63,
3984,40,2026-03-25,7.7,2,1,0,0,5,1,4,191.1,64,
3985,40,2026-03-26,8.2,4,1,0,0,5,3,5,190.7,67,
3986,40,2026-03-27,7.1,2,1,0,0,5,4,4,188.5,60,
3987,40,2026-03-28,8.4,5,1,2,1,5,4,4,187.9,64,
3988,40,2026-03-29,6.7,2,1,1,0,5,3,5,190.0,68,
3989,40,2026-03-30,7.0,3,1,4,0,5,2,5,189.8,64,
3990,40,2026-03-31,8.8,4,2,0,1,5,3,5,190.0,67,
3991,40,2026-04-01,7.6,4,1,1,0,5,3,4,190.3,65,
3992,40,2026-04-02,7.2,2,1,2,3,5,3,4,191.9,64,
3993,40,2026-04-03,7.4,3,1,2,2,5,3,3,191.1,66,
3994,40,2026-04-04,8.9,3,1,0,0,5,2,4,192.4,64,
3995,40,2026-04-05,7.0,1,1,1,2,5,4,4,188.7,62,
3996,40,2026-04-06,7.9,4,1,1,0,5,3,4,189.5,64,
3997,40,2026-04-07,6.7,2,2,3,0,5,1,5,189.5,65,
3998,40,2026-04-08,7.1,2,3,1,2,5,4,5,192.3,70,
3999,40,2026-04-09,7.1,2,3,1,0,5,2,5,189.7,66,
4000,40,2026-04-10,7.1,2,3,5,1,5,2,5,188.4,69,
4001,41,2026-01-01,6.5,2,4,1,0,5,4,4,206.8,55,
4002,41,2026-01-02,7.4,3,4,1,2,5,3,4,204.8,57,
4003,41,2026-01-03,5.7,2,3,2,0,5,3,5,204.7,57,
4004,41,2026-01-04,7.1,2,2,3,0,5,3,5,206.6,59,
4005,41,2026-01-05,6.5,2,2,3,0,5,2,5,207.8,59,
4006,41,2026-01-06,7.5,2,1,2,1,5,3,5,202.2,58,
4007,41,2026-01-07,7.5,3,1,3,3,5,2,5,204.9,57,
4008,41,2026-01-08,7.3,2,1,0,2,5,4,5,206.5,54,
4009,41,2026-01-09,6.7,2,2,1,0,5,3,5,203.4,53,
4010,41,2026-01-10,6.6,1,2,2,0,4,4,5,207.3,58,
4011,41,2026-01-11,7.1,3,1,0,1,5,3,5,206.3,52,
4012,41,2026-01-12,7.3,3,1,3,1,5,3,5,203.1,55,
4013,41,2026-01-13,6.9,2,1,1,0,5,2,3,205.8,55,
4014,41,2026-01-14,7.8,4,1,2,1,5,4,5,204.4,58,
4015,41,2026-01-15,7.3,1,1,1,2,5,2,5,204.7,54,
4016,41,2026-01-16,8.8,5,2,0,0,5,4,5,206.8,52,
4017,41,2026-01-17,5.3,1,2,2,2,5,3,5,208.2,57,
4018,41,2026-01-18,8.1,2,2,1,1,5,2,5,204.3,58,
4019,41,2026-01-19,6.8,1,2,1,2,5,2,5,205.5,57,
4020,41,2026-01-20,6.5,1,2,0,1,5,3,5,208.5,56,
4021,41,2026-01-21,6.5,1,2,1,0,5,1,5,204.4,57,
4022,41,2026-01-22,5.8,2,1,1,2,5,2,5,207.1,59,
4023,41,2026-01-23,8.1,4,1,0,0,5,4,5,204.6,53,
4024,41,2026-01-24,9.0,4,1,0,0,5,2,5,207.6,58,
4025,41,2026-01-25,7.2,3,2,3,0,5,2,5,205.7,55,
4026,41,2026-01-26,7.7,3,2,0,1,5,3,4,203.9,57,
4027,41,2026-01-27,6.2,2,2,2,2,5,3,5,203.9,56,
4028,41,2026-01-28,6.6,2,2,4,0,5,3,4,202.5,56,
4029,41,2026-01-29,7.8,2,2,4,1,5,3,5,204.2,52,
4030,41,2026-01-30,7.3,1,2,3,0,5,4,5,206.3,60,
4031,41,2026-01-31,7.2,3,2,0,0,5,3,4,207.1,56,
4032,41,2026-02-01,8.1,4,2,2,1,5,2,5,205.5,53,
4033,41,2026-02-02,7.8,3,2,2,1,5,2,5,201.5,57,
4034,41,2026-02-03,6.8,3,3,0,0,5,5,4,205.0,52,
4035,41,2026-02-04,8.0,3,2,1,2,5,4,4,206.1,55,
4036,41,2026-02-05,7.3,3,3,1,2,5,4,5,206.4,58,
4037,41,2026-02-06,6.7,1,4,4,0,5,3,5,204.2,52,
4038,41,2026-02-07,7.8,3,4,1,2,5,3,4,203.2,54,
4039,41,2026-02-08,7.1,3,3,1,0,5,5,4,204.5,55,
4040,41,2026-02-09,6.8,2,3,0,0,5,4,5,206.0,53,
4041,41,2026-02-10,7.4,2,4,0,0,5,2,5,207.0,59,
4042,41,2026-02-11,8.1,4,4,1,1,5,4,5,205.9,56,
4043,41,2026-02-12,7.8,3,4,1,0,5,3,5,206.9,57,
4044,41,2026-02-13,6.3,2,5,3,0,5,3,4,205.8,60,
4045,41,2026-02-14,7.8,3,6,0,0,5,3,5,204.3,57,
4046,41,2026-02-15,7.5,3,6,0,1,5,4,5,207.3,61,
4047,41,2026-02-16,7.1,2,6,0,0,5,3,5,203.3,57,
4048,41,2026-02-17,7.1,2,6,1,0,5,3,4,206.3,58,
4049,41,2026-02-18,7.2,3,6,1,0,5,4,5,203.5,59,
4050,41,2026-02-19,7.4,2,6,2,1,5,2,4,205.3,63,
4051,41,2026-02-20,8.2,4,7,4,0,5,3,5,204.8,59,
4052,41,2026-02-21,7.6,3,7,3,1,4,4,3,206.6,62,
4053,41,2026-02-22,7.1,2,6,0,0,5,4,3,206.5,60,
4054,41,2026-02-23,6.5,2,7,2,1,5,4,5,205.6,62,
4055,41,2026-02-24,8.8,4,8,4,1,4,2,3,207.3,58,
4056,41,2026-02-25,7.5,3,8,3,1,5,3,5,204.7,62,
4057,41,2026-02-26,7.0,2,8,4,1,5,3,5,203.9,63,
4058,41,2026-02-27,7.6,2,9,1,3,5,2,4,204.3,63,
4059,41,2026-02-28,8.0,3,9,3,1,4,2,5,207.1,63,
4060,41,2026-03-01,8.9,5,10,2,3,5,2,4,204.3,63,
4061,41,2026-03-02,7.3,2,10,3,1,3,4,3,205.2,61,
4062,41,2026-03-03,6.5,2,10,1,2,4,3,5,205.9,62,
4063,41,2026-03-04,7.3,2,10,1,2,4,4,2,205.8,61,
4064,41,2026-03-05,7.6,3,10,4,2,4,5,3,205.5,62,
4065,41,2026-03-06,8.0,3,9,2,1,4,2,4,203.1,59,
4066,41,2026-03-07,7.6,2,10,1,1,4,3,5,204.1,61,
4067,41,2026-03-08,7.8,3,9,1,2,5,3,5,204.2,58,
4068,41,2026-03-09,7.4,3,9,2,2,4,2,4,204.8,60,
4069,41,2026-03-10,7.2,1,8,2,2,4,3,4,204.0,57,
4070,41,2026-03-11,7.7,3,8,2,1,5,5,5,205.7,58,
4071,41,2026-03-12,7.4,3,8,6,1,4,1,3,201.1,59,
4072,41,2026-03-13,8.0,3,9,3,3,5,2,5,205.5,60,
4073,41,2026-03-14,7.7,3,9,3,2,4,2,3,206.8,60,
4074,41,2026-03-15,6.4,2,8,1,1,4,3,3,204.9,61,
4075,41,2026-03-16,7.1,4,9,1,2,5,3,5,206.4,64,
4076,41,2026-03-17,7.4,3,8,4,2,4,3,4,203.0,60,
4077,41,2026-03-18,7.6,3,8,1,2,3,3,2,205.2,60,
4078,41,2026-03-19,7.7,3,9,2,1,5,4,3,203.3,59,
4079,41,2026-03-20,6.8,2,8,1,1,4,4,3,203.6,60,
4080,41,2026-03-21,8.6,4,8,4,3,5,4,5,204.7,61,
4081,41,2026-03-22,8.8,4,7,4,2,5,3,5,206.1,59,
4082,41,2026-03-23,7.8,3,6,0,0,5,2,5,205.1,55,
4083,41,2026-03-24,7.9,3,7,3,1,5,1,5,202.8,60,
4084,41,2026-03-25,6.8,2,6,1,0,5,5,4,203.5,55,
4085,41,2026-03-26,7.2,3,6,1,1,5,3,5,205.0,59,
4086,41,2026-03-27,7.3,2,7,1,1,5,3,5,205.0,61,
4087,41,2026-03-28,6.8,3,6,2,1,5,1,4,202.8,55,
4088,41,2026-03-29,6.9,3,6,1,2,5,2,5,205.1,57,
4089,41,2026-03-30,7.9,2,5,0,1,5,3,5,206.4,61,
4090,41,2026-03-31,8.2,3,6,3,0,5,3,5,203.3,59,
4091,41,2026-04-01,5.7,2,7,4,3,5,4,5,202.8,59,
4092,41,2026-04-02,7.3,3,6,3,0,4,3,4,204.3,56,
4093,41,2026-04-03,8.0,3,6,3,2,5,3,4,205.2,54,
4094,41,2026-04-04,8.7,3,7,2,0,5,3,5,203.1,61,
4095,41,2026-04-05,7.9,3,7,4,1,5,4,5,204.8,57,
4096,41,2026-04-06,7.0,3,6,3,1,5,3,5,201.0,57,
4097,41,2026-04-07,7.2,2,6,2,0,5,1,4,203.9,60,
4098,41,2026-04-08,7.9,5,5,3,1,5,1,4,205.4,56,
4099,41,2026-04-09,8.1,2,5,1,1,5,1,5,205.5,58,
4100,41,2026-04-10,7.4,3,6,0,0,5,3,5,204.7,56,
4101,42,2026-01-01,8.2,2,2,1,0,5,3,5,223.0,62,
4102,42,2026-01-02,8.9,5,3,1,0,5,2,5,222.0,59,
4103,42,2026-01-03,8.7,4,4,0,1,5,3,5,222.9,62,
4104,42,2026-01-04,8.2,3,5,1,2,5,3,5,225.3,64,
4105,42,2026-01-05,5.6,3,4,2,1,5,3,5,222.9,62,
4106,42,2026-01-06,7.2,3,4,2,1,5,4,5,223.3,60,
4107,42,2026-01-07,7.1,2,4,0,2,5,1,5,223.5,65,
4108,42,2026-01-08,8.0,4,5,2,1,5,2,3,223.2,60,
4109,42,2026-01-09,8.2,4,5,2,0,5,2,5,220.9,66,
4110,42,2026-01-10,6.5,2,5,0,0,5,3,5,222.5,63,
4111,42,2026-01-11,8.3,4,5,1,0,5,5,3,225.3,64,
4112,42,2026-01-12,8.3,4,6,0,0,5,4,5,222.7,63,
4113,42,2026-01-13,7.2,1,7,2,1,5,3,5,222.1,62,
4114,42,2026-01-14,8.6,4,6,1,0,5,3,4,224.3,64,
4115,42,2026-01-15,6.3,2,6,0,1,5,3,5,223.5,63,
4116,42,2026-01-16,7.6,3,5,1,0,5,3,4,222.2,66,
4117,42,2026-01-17,8.8,5,5,1,0,5,3,4,220.6,59,
4118,42,2026-01-18,7.2,2,4,0,0,5,3,5,222.0,62,
4119,42,2026-01-19,7.0,3,5,1,1,5,4,4,222.7,63,
4120,42,2026-01-20,7.5,2,6,0,1,5,2,4,221.2,65,
4121,42,2026-01-21,9.3,3,5,3,0,5,5,5,223.0,54,
4122,42,2026-01-22,6.1,2,6,1,2,5,3,5,223.1,64,
4123,42,2026-01-23,7.1,3,7,5,3,5,1,5,222.8,63,
4124,42,2026-01-24,7.4,3,6,0,0,5,4,5,222.9,65,
4125,42,2026-01-25,8.4,5,7,5,0,5,2,4,223.0,65,
4126,42,2026-01-26,7.4,3,7,1,1,4,2,4,219.3,61,
4127,42,2026-01-27,7.3,3,7,3,0,5,3,5,225.2,63,
4128,42,2026-01-28,6.4,2,7,3,1,4,4,5,222.7,66,
4129,42,2026-01-29,8.0,3,6,1,0,5,3,4,222.2,66,
4130,42,2026-01-30,7.5,3,5,3,1,5,2,4,221.6,62,
4131,42,2026-01-31,6.8,3,4,3,0,5,5,5,221.3,64,
4132,42,2026-02-01,7.6,4,4,0,1,5,1,5,224.7,63,
4133,42,2026-02-02,7.0,2,4,1,1,5,2,5,220.9,63,
4134,42,2026-02-03,7.7,3,3,1,0,5,3,5,223.7,61,
4135,42,2026-02-04,7.2,2,3,1,0,5,4,5,223.6,58,
4136,42,2026-02-05,8.2,4,3,2,0,5,4,5,221.2,63,
4137,42,2026-02-06,7.3,3,3,0,1,5,3,5,220.4,62,
4138,42,2026-02-07,9.0,4,4,0,0,5,2,5,221.0,55,
4139,42,2026-02-08,7.4,2,4,1,0,5,2,4,222.0,58,
4140,42,2026-02-09,6.9,3,5,3,2,5,5,5,223.3,65,
4141,42,2026-02-10,8.6,4,5,0,0,5,3,4,223.8,63,
4142,42,2026-02-11,8.1,4,5,0,1,5,4,5,221.1,65,
4143,42,2026-02-12,7.3,4,4,2,1,5,2,5,222.2,61,
4144,42,2026-02-13,7.9,3,3,0,0,5,5,4,221.5,60,
4145,42,2026-02-14,8.1,3,2,0,3,5,3,5,223.0,60,
4146,42,2026-02-15,7.9,3,2,2,0,5,2,3,220.5,62,
4147,42,2026-02-16,7.9,2,2,1,0,5,4,4,222.9,59,
4148,42,2026-02-17,8.3,4,2,0,1,5,4,5,224.1,60,
4149,42,2026-02-18,8.8,4,3,0,0,5,3,4,222.5,60,
4150,42,2026-02-19,7.5,2,4,0,1,4,3,4,224.0,63,
4151,42,2026-02-20,7.1,2,3,2,0,5,2,5,224.5,64,
4152,42,2026-02-21,7.6,2,2,1,0,5,3,4,221.5,63,
4153,42,2026-02-22,7.0,1,3,2,1,5,4,5,223.6,63,
4154,42,2026-02-23,8.4,4,3,1,0,5,4,4,222.3,59,
4155,42,2026-02-24,8.4,4,4,1,1,5,3,5,220.5,63,
4156,42,2026-02-25,7.1,3,3,0,2,5,4,4,220.2,62,
4157,42,2026-02-26,6.6,3,4,3,1,5,5,5,219.3,62,
4158,42,2026-02-27,6.5,1,4,0,1,3,1,4,221.6,65,
4159,42,2026-02-28,7.1,2,4,2,1,5,3,5,222.7,64,
4160,42,2026-03-01,7.0,2,4,0,1,5,5,5,222.6,63,
4161,42,2026-03-02,7.6,3,5,0,2,5,2,5,223.0,62,
4162,42,2026-03-03,7.9,3,5,2,2,5,3,5,218.7,61,
4163,42,2026-03-04,6.5,2,4,0,1,5,3,4,222.2,63,
4164,42,2026-03-05,8.0,3,4,0,0,5,2,5,223.0,63,
4165,42,2026-03-06,8.1,3,5,1,0,5,4,5,221.4,61,
4166,42,2026-03-07,7.5,3,4,0,2,5,1,5,220.1,64,
4167,42,2026-03-08,8.7,4,3,3,1,5,3,4,221.7,59,
4168,42,2026-03-09,7.8,3,4,0,0,5,4,5,221.6,61,
4169,42,2026-03-10,8.5,3,5,0,1,5,4,5,222.4,64,
4170,42,2026-03-11,7.6,2,6,1,0,5,1,5,222.7,62,
4171,42,2026-03-12,7.2,3,6,2,2,5,4,3,221.7,64,
4172,42,2026-03-13,7.3,2,5,2,0,5,1,4,220.7,67,
4173,42,2026-03-14,7.7,3,4,1,0,5,3,5,220.7,66,
4174,42,2026-03-15,8.3,5,4,1,0,5,3,5,220.4,60,
4175,42,2026-03-16,7.4,2,5,3,2,5,5,5,221.8,65,
4176,42,2026-03-17,7.0,3,6,4,0,5,3,5,221.2,62,
4177,42,2026-03-18,7.5,2,5,3,2,5,4,5,219.5,63,
4178,42,2026-03-19,6.2,1,4,1,0,5,3,4,222.6,65,
4179,42,2026-03-20,7.2,4,4,0,3,5,2,5,220.6,67,
4180,42,2026-03-21,7.0,3,4,1,1,5,2,4,221.5,65,
4181,42,2026-03-22,8.5,4,5,2,1,5,2,5,219.9,65,
4182,42,2026-03-23,5.5,1,5,1,0,5,3,4,222.0,62,
4183,42,2026-03-24,7.9,2,4,1,2,5,3,5,222.0,61,
4184,42,2026-03-25,6.9,2,5,1,1,5,4,5,219.4,63,
4185,42,2026-03-26,7.8,4,5,0,0,5,3,5,222.2,65,
4186,42,2026-03-27,8.4,4,6,0,0,5,3,5,223.0,66,
4187,42,2026-03-28,7.1,2,6,2,0,5,5,4,221.3,64,
4188,42,2026-03-29,9.5,5,7,2,0,5,4,5,224.2,66,
4189,42,2026-03-30,8.5,5,8,2,1,5,5,5,223.1,69,
4190,42,2026-03-31,8.2,4,7,3,0,5,2,5,220.2,64,
4191,42,2026-04-01,6.6,1,7,1,1,4,5,5,219.4,68,
4192,42,2026-04-02,6.5,3,7,3,0,5,4,5,219.5,67,
4193,42,2026-04-03,6.5,1,7,1,0,5,3,5,220.1,64,
4194,42,2026-04-04,7.9,4,8,2,4,5,3,5,220.9,66,
4195,42,2026-04-05,7.8,4,8,2,3,5,3,5,222.9,65,
4196,42,2026-04-06,7.3,1,8,4,1,4,3,4,220.9,64,
4197,42,2026-04-07,8.3,3,8,3,1,5,2,5,222.9,63,
4198,42,2026-04-08,8.1,3,9,5,2,5,4,5,221.7,63,
4199,42,2026-04-09,7.8,3,10,2,2,5,4,3,220.6,64,
4200,42,2026-04-10,8.7,3,9,3,3,4,4,5,221.2,69,
4201,43,2026-01-01,7.0,3,4,0,1,5,3,4,175.5,56,
4202,43,2026-01-02,6.7,3,3,1,0,5,5,4,177.1,58,
4203,43,2026-01-03,6.4,2,3,0,1,5,4,5,179.2,56,
4204,43,2026-01-04,6.8,3,3,2,1,5,2,5,177.4,59,
4205,43,2026-01-05,7.9,3,3,2,1,5,4,5,177.7,56,
4206,43,2026-01-06,6.5,1,4,1,1,5,2,5,176.8,58,
4207,43,2026-01-07,7.6,3,4,3,1,5,2,4,177.3,57,
4208,43,2026-01-08,8.1,3,4,2,0,5,3,5,175.6,57,
4209,43,2026-01-09,6.3,2,3,2,2,5,1,5,179.3,53,
4210,43,2026-01-10,7.4,3,3,0,0,5,2,5,177.5,57,
4211,43,2026-01-11,6.8,2,3,2,0,5,2,5,175.8,55,
4212,43,2026-01-12,5.8,1,3,0,2,5,1,4,178.3,56,
4213,43,2026-01-13,7.1,3,2,1,0,5,2,5,178.7,53,
4214,43,2026-01-14,6.0,1,1,1,1,5,3,5,176.2,59,
4215,43,2026-01-15,7.5,2,1,1,0,5,3,5,178.4,56,
4216,43,2026-01-16,5.6,1,2,0,1,5,5,5,176.3,58,
4217,43,2026-01-17,8.5,5,3,0,0,5,1,5,178.8,57,
4218,43,2026-01-18,5.8,1,3,2,0,5,3,4,173.6,56,
4219,43,2026-01-19,6.6,2,2,1,1,5,4,5,175.8,54,
4220,43,2026-01-20,6.6,2,1,5,0,5,2,5,176.4,54,
4221,43,2026-01-21,7.2,3,1,0,1,5,5,5,176.8,56,
4222,43,2026-01-22,6.2,2,1,1,0,5,2,5,178.7,55,
4223,43,2026-01-23,8.5,5,1,0,1,5,4,5,176.0,58,
4224,43,2026-01-24,8.0,3,1,0,2,5,3,5,178.3,54,
4225,43,2026-01-25,7.3,3,2,1,2,5,3,5,177.2,57,
4226,43,2026-01-26,7.9,3,3,0,1,5,2,5,177.6,54,
4227,43,2026-01-27,7.0,2,3,1,1,5,4,5,175.5,59,
4228,43,2026-01-28,7.1,3,3,1,1,5,2,4,177.5,58,
4229,43,2026-01-29,6.2,1,3,0,0,5,3,5,178.5,55,
4230,43,2026-01-30,8.2,4,2,1,0,5,4,5,175.8,59,
4231,43,2026-01-31,6.8,1,3,0,0,5,4,5,176.8,57,
4232,43,2026-02-01,6.4,2,3,0,0,5,2,4,176.2,56,
4233,43,2026-02-02,7.3,3,3,2,0,5,2,5,178.0,55,
4234,43,2026-02-03,7.6,3,2,1,1,5,3,4,173.4,55,
4235,43,2026-02-04,8.0,3,3,2,1,5,3,5,178.5,55,
4236,43,2026-02-05,5.5,1,3,0,3,5,4,5,175.3,56,
4237,43,2026-02-06,7.5,2,2,1,1,5,3,4,175.9,56,
4238,43,2026-02-07,7.3,3,2,1,3,5,3,5,177.4,58,
4239,43,2026-02-08,7.9,3,2,1,0,5,3,4,176.3,57,
4240,43,2026-02-09,7.1,2,2,2,0,5,4,4,175.8,54,
4241,43,2026-02-10,6.6,2,1,1,1,5,2,5,174.4,54,
4242,43,2026-02-11,7.0,1,2,0,2,5,2,5,175.3,57,
4243,43,2026-02-12,7.3,1,1,3,0,5,3,5,177.6,55,
4244,43,2026-02-13,7.7,3,1,1,2,5,3,4,176.0,53,
4245,43,2026-02-14,7.3,2,1,0,2,5,2,5,177.4,56,
4246,43,2026-02-15,7.1,2,2,1,1,5,4,4,173.3,53,
4247,43,2026-02-16,8.6,3,2,0,0,5,3,5,175.1,55,
4248,43,2026-02-17,6.5,2,3,1,2,5,2,5,174.2,58,
4249,43,2026-02-18,6.4,2,2,3,0,5,2,5,176.6,58,
4250,43,2026-02-19,7.2,3,3,2,0,5,3,5,175.3,61,
4251,43,2026-02-20,6.4,2,4,1,0,5,2,5,173.8,60,
4252,43,2026-02-21,7.9,4,3,0,0,5,4,5,175.8,60,
4253,43,2026-02-22,6.9,3,4,2,0,5,2,4,174.5,59,
4254,43,2026-02-23,7.3,4,4,2,1,5,3,4,177.9,57,
4255,43,2026-02-24,6.5,2,4,1,0,5,4,4,175.7,61,
4256,43,2026-02-25,7.7,1,4,3,2,5,2,5,177.8,52,
4257,43,2026-02-26,6.3,2,5,3,2,5,3,5,174.5,56,
4258,43,2026-02-27,7.7,2,5,0,1,5,4,5,176.6,62,
4259,43,2026-02-28,6.6,2,5,2,0,5,4,5,176.4,56,
4260,43,2026-03-01,8.8,4,4,2,0,5,3,5,176.1,54,
4261,43,2026-03-02,6.8,1,4,1,0,5,1,5,174.9,64,
4262,43,2026-03-03,6.8,1,4,0,1,4,3,5,175.4,60,
4263,43,2026-03-04,7.2,2,3,1,1,5,3,4,178.4,57,
4264,43,2026-03-05,6.3,1,3,0,1,5,3,5,175.8,53,
4265,43,2026-03-06,6.5,1,3,4,1,5,3,5,173.9,59,
4266,43,2026-03-07,6.5,1,2,2,2,5,3,5,176.2,54,
4267,43,2026-03-08,7.3,4,3,1,1,5,4,4,173.0,58,
4268,43,2026-03-09,8.2,3,4,0,0,5,2,4,172.9,57,
4269,43,2026-03-10,5.7,2,4,2,1,5,4,3,176.6,60,
4270,43,2026-03-11,6.1,1,5,0,2,5,3,4,174.5,60,
4271,43,2026-03-12,6.0,1,5,2,0,5,3,4,178.3,57,
4272,43,2026-03-13,7.9,4,4,0,1,5,1,5,176.6,58,
4273,43,2026-03-14,6.5,3,5,1,0,5,2,5,175.9,55,
4274,43,2026-03-15,6.9,2,4,2,1,5,3,5,175.8,57,
4275,43,2026-03-16,7.3,4,5,1,3,5,4,5,173.5,60,
4276,43,2026-03-17,6.8,1,5,3,3,5,2,4,174.0,56,
4277,43,2026-03-18,7.0,3,5,2,2,5,2,5,177.4,55,
4278,43,2026-03-19,7.9,3,5,1,2,5,1,5,176.0,59,
4279,43,2026-03-20,8.3,3,5,0,1,5,2,4,173.7,55,
4280,43,2026-03-21,6.7,2,5,1,0,4,4,4,173.8,59,
4281,43,2026-03-22,7.0,2,4,2,0,5,4,5,175.7,58,
4282,43,2026-03-23,6.9,2,5,0,0,5,1,5,178.2,59,
4283,43,2026-03-24,6.6,2,5,0,0,5,2,5,177.4,59,
4284,43,2026-03-25,6.5,2,4,2,2,5,3,5,174.7,60,
4285,43,2026-03-26,7.2,3,4,3,0,5,3,5,177.7,62,
4286,43,2026-03-27,6.7,2,5,0,1,5,3,5,171.7,60,
4287,43,2026-03-28,8.0,4,5,0,0,5,5,5,174.1,59,
4288,43,2026-03-29,7.5,3,5,2,3,5,4,3,172.7,57,
4289,43,2026-03-30,7.4,1,4,1,1,5,3,3,175.2,56,
4290,43,2026-03-31,5.9,2,4,1,0,5,1,4,176.5,60,
4291,43,2026-04-01,5.6,2,4,0,0,5,3,5,176.5,59,
4292,43,2026-04-02,7.2,2,4,0,1,5,4,5,174.7,55,
4293,43,2026-04-03,6.3,1,4,1,1,4,5,5,176.9,58,
4294,43,2026-04-04,8.0,4,5,0,0,5,3,5,171.5,57,
4295,43,2026-04-05,7.4,2,5,0,1,5,3,5,178.5,56,
4296,43,2026-04-06,6.1,2,4,0,1,5,4,5,174.6,57,
4297,43,2026-04-07,7.5,4,4,0,3,5,2,4,175.4,58,
4298,43,2026-04-08,6.7,3,4,0,0,5,1,5,174.0,59,
4299,43,2026-04-09,5.7,2,5,1,2,5,4,5,176.4,59,
4300,43,2026-04-10,6.7,2,6,2,1,5,3,5,174.7,62,
4301,44,2026-01-01,8.4,4,3,1,0,5,3,5,177.0,62,
4302,44,2026-01-02,8.3,4,3,2,1,5,5,5,176.4,61,
4303,44,2026-01-03,7.1,1,3,0,0,5,2,5,174.9,63,
4304,44,2026-01-04,8.0,3,3,1,1,5,3,5,176.3,62,
4305,44,2026-01-05,7.3,2,2,1,1,5,3,4,179.0,59,
4306,44,2026-01-06,8.2,4,3,1,1,5,1,5,178.4,62,
4307,44,2026-01-07,6.7,2,4,0,1,5,2,5,175.8,63,
4308,44,2026-01-08,8.2,3,4,0,1,5,2,5,176.3,58,
4309,44,2026-01-09,7.5,3,4,3,1,5,5,5,175.9,65,
4310,44,2026-01-10,7.7,3,3,1,0,5,4,5,173.1,59,
4311,44,2026-01-11,8.2,3,3,1,0,5,4,5,174.5,64,
4312,44,2026-01-12,9.0,4,2,1,1,5,2,5,175.6,56,
4313,44,2026-01-13,7.5,2,2,0,2,5,2,5,175.2,66,
4314,44,2026-01-14,8.7,4,3,1,2,5,3,5,174.7,59,
4315,44,2026-01-15,7.4,3,2,0,0,5,3,4,178.1,62,
4316,44,2026-01-16,8.1,3,1,3,2,5,2,4,177.5,56,
4317,44,2026-01-17,8.0,4,1,0,1,5,3,5,177.1,61,
4318,44,2026-01-18,7.6,3,1,2,1,5,3,5,180.9,62,
4319,44,2026-01-19,7.2,2,1,1,1,5,3,5,175.7,59,
4320,44,2026-01-20,7.7,3,2,1,4,5,3,3,177.1,63,
4321,44,2026-01-21,7.1,3,2,0,0,5,4,5,177.5,64,
4322,44,2026-01-22,5.7,3,1,3,1,5,3,4,177.4,60,
4323,44,2026-01-23,6.5,3,1,1,1,5,3,4,176.3,63,
4324,44,2026-01-24,8.3,4,2,0,1,5,4,5,174.7,62,
4325,44,2026-01-25,8.2,3,2,1,0,5,4,5,177.6,62,
4326,44,2026-01-26,7.7,3,1,0,0,5,5,4,177.0,66,
4327,44,2026-01-27,8.8,4,1,1,0,5,3,5,178.9,62,
4328,44,2026-01-28,8.3,3,1,0,1,5,3,5,177.5,60,
4329,44,2026-01-29,7.2,2,1,0,1,5,2,5,179.1,59,
4330,44,2026-01-30,6.9,2,1,0,3,5,4,5,177.4,60,
4331,44,2026-01-31,6.6,3,1,3,0,5,3,5,176.8,61,
4332,44,2026-02-01,9.0,4,1,4,0,5,3,5,174.5,60,
4333,44,2026-02-02,8.3,5,1,0,3,5,3,5,177.8,60,
4334,44,2026-02-03,8.0,3,1,2,1,5,5,5,176.1,61,
4335,44,2026-02-04,7.7,2,1,2,2,5,5,5,174.6,61,
4336,44,2026-02-05,6.9,2,1,0,1,5,3,4,178.4,57,
4337,44,2026-02-06,6.7,1,1,1,1,5,2,4,175.4,62,
4338,44,2026-02-07,8.0,3,2,0,0,5,3,5,180.5,61,
4339,44,2026-02-08,6.9,2,3,0,1,5,2,5,174.9,61,
4340,44,2026-02-09,6.7,2,3,2,0,5,4,5,177.4,65,
4341,44,2026-02-10,6.9,2,3,0,0,5,2,5,177.2,64,
4342,44,2026-02-11,7.1,3,2,1,1,4,2,3,175.4,61,
4343,44,2026-02-12,7.6,2,2,2,1,5,3,4,176.1,60,
4344,44,2026-02-13,8.0,3,3,0,2,5,1,3,176.9,66,
4345,44,2026-02-14,9.3,4,2,1,0,5,3,5,177.2,59,
4346,44,2026-02-15,8.2,4,1,1,4,5,4,4,173.3,56,
4347,44,2026-02-16,7.9,3,2,2,1,5,3,5,176.0,61,
4348,44,2026-02-17,7.5,2,2,2,0,5,1,4,175.4,62,
4349,44,2026-02-18,7.3,1,1,1,2,5,2,5,175.3,64,
4350,44,2026-02-19,7.5,3,1,1,1,5,3,4,172.3,64,
4351,44,2026-02-20,7.6,4,1,1,2,5,2,5,174.4,55,
4352,44,2026-02-21,8.5,4,1,0,1,5,3,5,173.5,57,
4353,44,2026-02-22,7.7,3,1,3,2,5,3,5,174.9,61,
4354,44,2026-02-23,7.6,3,1,2,0,5,4,5,175.9,59,
4355,44,2026-02-24,8.4,4,2,1,1,5,3,5,173.7,59,
4356,44,2026-02-25,7.3,3,2,1,0,5,3,5,174.5,61,
4357,44,2026-02-26,7.9,3,2,3,0,5,2,5,175.1,62,
4358,44,2026-02-27,6.6,2,3,2,0,5,3,4,174.7,63,
4359,44,2026-02-28,9.5,4,2,5,1,5,2,5,173.1,62,
4360,44,2026-03-01,8.3,4,3,0,0,5,3,5,174.4,61,
4361,44,2026-03-02,7.7,2,2,3,0,5,3,5,175.2,61,
4362,44,2026-03-03,6.6,2,3,2,0,5,5,4,173.4,64,
4363,44,2026-03-04,7.4,2,3,3,1,5,4,5,174.0,62,
4364,44,2026-03-05,9.0,5,2,2,1,5,3,5,171.3,59,
4365,44,2026-03-06,9.5,5,2,0,2,5,2,5,175.1,60,
4366,44,2026-03-07,7.1,3,1,1,0,5,4,5,175.2,65,
4367,44,2026-03-08,8.8,3,1,2,0,5,3,5,173.2,60,
4368,44,2026-03-09,7.9,4,1,1,0,5,2,5,176.8,56,
4369,44,2026-03-10,7.2,1,2,1,0,5,2,5,174.3,60,
4370,44,2026-03-11,7.8,3,1,0,2,5,2,5,174.4,59,
4371,44,2026-03-12,7.7,3,1,3,1,5,3,4,173.0,57,
4372,44,2026-03-13,8.1,2,2,3,1,5,1,5,176.1,55,
4373,44,2026-03-14,7.5,3,3,2,0,5,3,5,175.8,60,
4374,44,2026-03-15,7.7,3,3,1,0,5,4,5,172.6,60,
4375,44,2026-03-16,7.7,2,3,1,0,5,2,5,174.6,60,
4376,44,2026-03-17,7.7,3,3,1,0,4,3,5,175.9,60,
4377,44,2026-03-18,8.4,3,2,3,0,5,1,4,172.9,63,
4378,44,2026-03-19,8.5,3,2,0,1,5,3,5,175.3,63,
4379,44,2026-03-20,7.2,2,2,1,2,5,4,4,176.7,60,
4380,44,2026-03-21,7.3,3,2,0,0,5,2,4,176.9,60,
4381,44,2026-03-22,7.8,3,2,0,0,5,3,4,173.3,59,
4382,44,2026-03-23,6.8,2,3,0,0,5,2,4,175.2,63,
4383,44,2026-03-24,7.5,4,2,1,1,5,2,4,173.0,63,
4384,44,2026-03-25,8.0,4,2,0,0,5,3,5,174.5,64,
4385,44,2026-03-26,7.7,3,2,3,0,5,3,5,178.3,59,
4386,44,2026-03-27,8.5,3,2,0,0,5,1,5,178.8,63,
4387,44,2026-03-28,7.9,3,2,1,1,5,1,5,176.4,62,
4388,44,2026-03-29,7.6,2,2,1,2,5,4,5,172.9,64,
4389,44,2026-03-30,8.7,5,3,3,1,5,3,5,172.2,60,
4390,44,2026-03-31,8.9,4,4,2,1,5,4,3,176.1,60,
4391,44,2026-04-01,7.0,2,4,2,1,5,5,5,174.6,60,
4392,44,2026-04-02,8.0,4,4,1,0,5,4,5,175.0,61,
4393,44,2026-04-03,8.8,3,5,1,1,5,5,5,175.9,61,
4394,44,2026-04-04,6.9,3,5,0,1,5,4,5,172.1,64,
4395,44,2026-04-05,8.8,5,6,1,0,5,3,5,173.5,64,
4396,44,2026-04-06,8.7,5,7,2,0,5,3,5,175.3,68,
4397,44,2026-04-07,8.7,5,8,1,4,5,3,4,175.4,65,
4398,44,2026-04-08,8.1,2,8,3,1,4,4,4,174.1,66,
4399,44,2026-04-09,6.7,1,9,1,2,5,2,5,174.6,68,
4400,44,2026-04-10,7.1,2,9,2,1,4,5,5,173.4,71,
4401,45,2026-01-01,7.2,2,4,1,1,5,5,5,156.1,59,
4402,45,2026-01-02,6.6,2,5,0,0,5,3,4,154.0,64,
4403,45,2026-01-03,6.6,1,5,0,1,5,3,5,155.4,56,
4404,45,2026-01-04,7.6,4,6,0,1,5,3,4,154.6,63,
4405,45,2026-01-05,5.4,1,7,2,1,5,4,5,151.7,61,
4406,45,2026-01-06,8.7,4,6,2,2,5,2,4,154.7,64,
4407,45,2026-01-07,7.8,2,5,2,0,5,3,5,155.5,61,
4408,45,2026-01-08,7.3,2,6,1,0,5,3,5,156.0,63,
4409,45,2026-01-09,7.6,2,7,3,0,4,4,2,153.8,61,
4410,45,2026-01-10,7.4,2,7,2,1,5,4,5,153.1,61,
4411,45,2026-01-11,6.7,3,8,1,2,5,2,5,156.0,66,
4412,45,2026-01-12,7.9,3,9,3,3,5,4,4,157.1,66,
4413,45,2026-01-13,8.6,5,10,1,1,4,2,4,155.5,59,
4414,45,2026-01-14,7.2,2,10,2,3,5,4,5,153.8,68,
4415,45,2026-01-15,7.2,2,10,3,2,4,2,4,156.2,66,
4416,45,2026-01-16,8.4,3,10,1,2,4,4,5,154.4,63,
4417,45,2026-01-17,7.8,3,10,2,1,5,2,5,153.3,65,
4418,45,2026-01-18,7.8,2,10,3,2,4,3,4,154.7,65,
4419,45,2026-01-19,8.3,3,10,1,2,4,3,4,156.1,64,
4420,45,2026-01-20,8.1,3,9,3,2,3,2,4,153.7,63,
4421,45,2026-01-21,7.7,3,9,3,3,5,3,3,151.4,63,
4422,45,2026-01-22,7.6,2,9,2,2,5,4,5,151.6,62,
4423,45,2026-01-23,7.2,3,9,3,1,5,4,5,155.6,61,
4424,45,2026-01-24,8.1,3,9,2,3,5,3,5,153.5,66,
4425,45,2026-01-25,6.2,1,8,1,1,5,4,5,154.8,64,
4426,45,2026-01-26,7.6,3,8,1,3,5,4,4,152.4,64,
4427,45,2026-01-27,8.6,3,8,1,2,5,3,5,154.9,64,
4428,45,2026-01-28,6.0,2,8,1,4,4,2,5,155.1,63,
4429,45,2026-01-29,7.1,2,8,5,2,5,3,5,154.9,65,
4430,45,2026-01-30,6.8,3,8,1,3,5,3,5,153.5,60,
4431,45,2026-01-31,8.9,4,9,3,1,5,4,5,153.4,64,
4432,45,2026-02-01,8.0,3,9,1,1,4,3,4,155.0,64,
4433,45,2026-02-02,6.5,1,9,1,1,4,3,4,153.7,63,
4434,45,2026-02-03,7.6,4,9,2,1,4,3,4,153.7,65,
4435,45,2026-02-04,7.3,2,10,1,4,4,2,5,151.7,65,
4436,45,2026-02-05,6.9,2,10,2,1,5,3,5,153.8,63,
4437,45,2026-02-06,7.6,3,10,1,1,5,3,4,153.1,64,
4438,45,2026-02-07,9.1,4,10,1,3,4,3,4,155.4,63,
4439,45,2026-02-08,8.5,3,10,3,1,4,2,4,154.9,67,
4440,45,2026-02-09,7.4,2,10,1,1,5,3,5,153.9,64,
4441,45,2026-02-10,7.3,2,10,4,2,5,5,5,155.2,63,
4442,45,2026-02-11,7.1,2,10,4,1,5,3,5,154.8,67,
4443,45,2026-02-12,5.7,2,10,2,2,5,4,5,153.6,69,
4444,45,2026-02-13,8.6,4,10,3,2,5,3,5,154.2,67,
4445,45,2026-02-14,7.7,2,10,2,1,2,4,2,152.8,68,
4446,45,2026-02-15,8.3,4,10,1,1,5,3,5,153.5,66,
4447,45,2026-02-16,7.4,2,9,2,2,5,5,4,153.0,66,
4448,45,2026-02-17,6.9,3,9,2,3,5,1,5,153.9,60,
4449,45,2026-02-18,7.1,2,9,2,1,3,3,4,153.4,66,
4450,45,2026-02-19,8.1,2,9,1,2,4,4,5,155.8,62,
4451,45,2026-02-20,7.5,3,9,5,2,4,2,4,152.0,66,
4452,45,2026-02-21,8.0,4,10,2,3,5,3,4,151.0,64,
4453,45,2026-02-22,7.6,3,10,3,2,3,3,4,154.8,64,
4454,45,2026-02-23,6.7,2,9,2,1,5,3,5,151.2,64,
4455,45,2026-02-24,7.3,2,9,2,2,4,1,4,153.8,63,
4456,45,2026-02-25,7.9,2,9,3,3,5,3,5,152.0,63,
4457,45,2026-02-26,6.6,1,8,1,3,5,5,4,152.7,62,
4458,45,2026-02-27,7.1,3,7,2,0,5,3,4,153.3,62,
4459,45,2026-02-28,6.7,2,7,2,0,5,3,5,150.0,62,
4460,45,2026-03-01,7.9,3,6,2,1,5,3,5,153.5,63,
4461,45,2026-03-02,7.0,2,6,3,0,5,5,4,153.3,61,
4462,45,2026-03-03,8.7,3,6,0,0,5,1,5,152.6,57,
4463,45,2026-03-04,7.3,2,6,2,0,5,2,5,153.1,60,
4464,45,2026-03-05,9.4,5,6,0,1,5,2,5,153.4,60,
4465,45,2026-03-06,6.4,3,6,1,2,5,5,4,154.4,62,
4466,45,2026-03-07,7.6,4,7,3,0,5,4,5,154.4,65,
4467,45,2026-03-08,6.8,4,6,0,0,5,3,5,152.7,60,
4468,45,2026-03-09,5.9,2,6,0,0,4,3,5,153.4,63,
4469,45,2026-03-10,7.3,3,5,1,0,5,1,5,153.0,60,
4470,45,2026-03-11,7.4,3,5,1,0,5,4,5,151.5,60,
4471,45,2026-03-12,7.3,1,5,1,1,4,3,4,153.7,57,
4472,45,2026-03-13,7.1,3,5,2,0,5,5,4,155.3,59,
4473,45,2026-03-14,7.7,3,5,0,0,5,4,5,155.4,62,
4474,45,2026-03-15,7.0,2,5,1,0,5,2,5,152.2,64,
4475,45,2026-03-16,6.8,1,5,2,0,5,4,4,152.1,62,
4476,45,2026-03-17,7.4,2,5,1,0,5,3,5,154.5,63,
4477,45,2026-03-18,6.5,2,5,1,1,5,2,5,155.3,59,
4478,45,2026-03-19,7.6,2,5,1,0,3,3,4,151.6,64,
4479,45,2026-03-20,6.2,1,6,2,1,5,4,4,152.4,60,
4480,45,2026-03-21,8.5,3,7,3,0,5,3,5,152.7,63,
4481,45,2026-03-22,7.7,3,8,1,2,5,3,5,154.5,64,
4482,45,2026-03-23,8.3,3,8,2,4,4,3,3,151.4,64,
4483,45,2026-03-24,8.1,4,7,1,1,5,4,5,153.2,59,
4484,45,2026-03-25,8.1,3,7,1,1,5,3,5,150.6,65,
4485,45,2026-03-26,7.1,3,6,1,0,5,3,4,153.2,60,
4486,45,2026-03-27,7.7,3,6,3,1,5,2,5,152.7,61,
4487,45,2026-03-28,8.4,5,7,1,1,5,5,5,151.2,61,
4488,45,2026-03-29,8.3,1,8,3,1,4,3,4,152.0,61,
4489,45,2026-03-30,7.4,2,8,4,1,5,2,5,151.3,64,
4490,45,2026-03-31,6.9,3,9,4,1,5,2,5,153.2,70,
4491,45,2026-04-01,6.6,2,9,3,3,5,3,5,152.4,67,
4492,45,2026-04-02,8.4,4,10,2,1,5,3,5,150.6,65,
4493,45,2026-04-03,7.8,4,10,4,2,4,2,3,154.6,67,
4494,45,2026-04-04,5.8,1,10,2,1,4,2,4,154.4,65,
4495,45,2026-04-05,7.7,3,10,2,1,5,5,5,151.5,66,
4496,45,2026-04-06,7.8,3,10,2,1,4,2,5,150.7,64,
4497,45,2026-04-07,8.0,3,9,3,1,4,4,4,155.0,66,
4498,45,2026-04-08,7.2,2,9,1,1,5,3,5,152.7,62,
4499,45,2026-04-09,7.6,3,9,1,2,5,3,4,152.7,64,
4500,45,2026-04-10,7.4,4,8,1,3,5,4,4,150.8,61,
4501,46,2026-01-01,6.7,2,3,1,3,5,3,5,166.0,45,
4502,46,2026-01-02,6.0,1,4,3,1,5,2,5,169.1,46,
4503,46,2026-01-03,6.0,1,4,0,0,5,1,5,165.1,45,
4504,46,2026-01-04,6.7,2,5,0,1,5,3,5,169.6,45,
4505,46,2026-01-05,8.2,3,5,1,1,5,2,5,167.5,47,
4506,46,2026-01-06,6.3,2,5,2,3,5,4,5,168.3,45,
4507,46,2026-01-07,7.8,3,5,3,0,5,3,5,167.5,45,
4508,46,2026-01-08,5.8,1,5,1,0,5,3,5,167.7,45,
4509,46,2026-01-09,6.9,1,4,3,0,5,4,5,168.2,45,
4510,46,2026-01-10,6.7,2,4,1,0,5,4,5,165.9,45,
4511,46,2026-01-11,6.2,2,5,2,0,5,3,5,169.0,45,
4512,46,2026-01-12,6.5,2,6,0,4,5,2,5,171.6,47,
4513,46,2026-01-13,8.3,3,7,1,0,5,2,5,166.1,47,
4514,46,2026-01-14,5.9,2,8,2,2,4,3,2,170.1,45,
4515,46,2026-01-15,7.0,3,8,2,1,5,4,5,168.4,48,
4516,46,2026-01-16,8.0,4,9,3,3,5,3,5,168.8,50,
4517,46,2026-01-17,6.9,2,9,3,2,5,4,5,168.2,50,
4518,46,2026-01-18,7.1,3,8,1,1,5,3,5,166.6,46,
4519,46,2026-01-19,6.4,1,7,4,0,5,4,5,164.3,45,
4520,46,2026-01-20,7.9,3,7,1,0,5,3,5,167.5,47,
4521,46,2026-01-21,6.7,2,8,1,1,5,4,5,164.6,45,
4522,46,2026-01-22,7.5,2,7,2,3,5,2,5,167.5,48,
4523,46,2026-01-23,6.4,1,6,1,0,4,1,4,165.7,46,
4524,46,2026-01-24,6.7,2,6,1,0,5,3,5,166.8,46,
4525,46,2026-01-25,7.0,1,7,1,0,3,2,2,169.4,45,
4526,46,2026-01-26,6.0,1,7,1,1,5,1,4,166.1,45,
4527,46,2026-01-27,5.6,1,7,2,0,4,3,4,166.3,45,
4528,46,2026-01-28,6.6,2,8,2,2,3,2,3,168.2,49,
4529,46,2026-01-29,7.5,3,9,3,2,5,4,4,169.3,48,
4530,46,2026-01-30,7.3,3,10,3,1,5,2,5,167.5,48,
4531,46,2026-01-31,6.9,3,10,2,5,4,4,4,167.1,53,
4532,46,2026-02-01,6.7,2,9,1,2,5,1,4,168.4,45,
4533,46,2026-02-02,5.7,1,9,1,1,4,4,4,166.1,45,
4534,46,2026-02-03,7.0,2,9,5,1,4,3,3,167.2,50,
4535,46,2026-02-04,6.4,3,9,3,2,4,3,3,166.6,46,
4536,46,2026-02-05,7.9,3,9,2,1,5,3,5,166.6,46,
4537,46,2026-02-06,6.0,2,9,5,3,5,2,5,165.1,50,
4538,46,2026-02-07,7.1,3,10,3,1,5,4,5,168.5,50,
4539,46,2026-02-08,6.0,2,10,3,1,4,5,4,169.8,47,
4540,46,2026-02-09,6.7,2,10,4,4,5,5,5,166.8,51,
4541,46,2026-02-10,6.7,2,10,4,2,5,3,5,168.9,50,
4542,46,2026-02-11,7.9,2,9,3,4,3,3,4,166.6,47,
4543,46,2026-02-12,6.6,2,8,1,2,4,2,5,165.4,45,
4544,46,2026-02-13,7.0,2,7,2,0,5,3,5,163.7,48,
4545,46,2026-02-14,6.7,3,7,1,0,5,3,5,170.8,48,
4546,46,2026-02-15,6.0,3,7,2,1,4,4,3,168.0,46,
4547,46,2026-02-16,6.4,3,7,2,0,5,1,5,167.0,46,
4548,46,2026-02-17,6.5,2,7,6,1,4,4,4,169.3,48,
4549,46,2026-02-18,5.7,1,8,2,2,3,3,3,168.6,49,
4550,46,2026-02-19,6.2,1,8,1,1,5,4,5,166.1,46,
4551,46,2026-02-20,7.8,3,8,2,2,5,4,3,168.2,50,
4552,46,2026-02-21,7.2,4,9,3,1,5,5,5,168.2,48,
4553,46,2026-02-22,7.2,2,8,3,1,3,3,2,167.1,47,
4554,46,2026-02-23,6.5,3,7,3,2,5,2,5,164.1,45,
4555,46,2026-02-24,6.5,1,6,0,0,5,4,5,166.5,45,
4556,46,2026-02-25,6.4,2,7,1,0,5,4,5,167.3,45,
4557,46,2026-02-26,7.7,3,7,3,1,5,1,5,166.3,45,
4558,46,2026-02-27,7.1,3,6,0,2,5,3,5,166.5,45,
4559,46,2026-02-28,6.9,3,7,2,0,5,2,5,166.1,45,
4560,46,2026-03-01,7.0,2,7,4,0,4,3,4,165.4,46,
4561,46,2026-03-02,7.4,3,7,1,0,5,2,5,168.8,45,
4562,46,2026-03-03,7.3,3,7,1,1,5,2,5,167.6,45,
4563,46,2026-03-04,6.2,2,8,2,1,4,4,5,164.3,46,
4564,46,2026-03-05,6.5,1,8,1,1,4,3,5,167.6,45,
4565,46,2026-03-06,7.2,2,7,2,0,5,4,5,165.0,46,
4566,46,2026-03-07,7.4,2,7,2,0,5,4,5,167.9,46,
4567,46,2026-03-08,6.9,3,7,2,1,5,1,5,165.4,45,
4568,46,2026-03-09,6.8,2,7,3,0,5,4,5,165.6,49,
4569,46,2026-03-10,6.5,1,7,2,2,4,4,5,165.6,50,
4570,46,2026-03-11,8.1,3,6,1,0,5,2,5,168.2,47,
4571,46,2026-03-12,8.1,3,5,1,1,5,4,5,166.9,45,
4572,46,2026-03-13,5.9,2,6,1,0,4,2,4,166.4,45,
4573,46,2026-03-14,6.3,1,6,1,2,5,3,5,166.4,46,
4574,46,2026-03-15,6.5,2,6,1,0,5,4,5,167.1,45,
4575,46,2026-03-16,7.0,3,7,1,2,5,3,5,163.3,46,
4576,46,2026-03-17,6.4,3,7,1,0,5,2,4,168.3,45,
4577,46,2026-03-18,6.6,3,8,2,1,4,3,4,166.0,45,
4578,46,2026-03-19,6.1,2,7,3,1,5,3,5,168.0,47,
4579,46,2026-03-20,6.7,3,7,2,3,4,3,4,167.0,45,
4580,46,2026-03-21,6.0,1,7,2,2,5,3,5,167.5,45,
4581,46,2026-03-22,7.1,2,7,6,1,5,4,4,167.5,51,
4582,46,2026-03-23,7.0,3,7,2,2,5,3,5,166.8,45,
4583,46,2026-03-24,6.9,2,8,1,1,4,3,4,167.1,48,
4584,46,2026-03-25,6.5,1,9,2,1,4,4,5,165.7,49,
4585,46,2026-03-26,7.4,2,8,1,1,4,3,5,166.9,48,
4586,46,2026-03-27,6.2,2,9,3,4,4,4,4,168.4,51,
4587,46,2026-03-28,6.8,2,10,3,1,3,3,2,167.1,48,
4588,46,2026-03-29,6.1,2,10,3,2,4,3,2,165.4,51,
4589,46,2026-03-30,7.2,2,10,5,2,5,3,5,166.6,51,
4590,46,2026-03-31,8.4,3,10,2,1,4,4,4,163.9,49,
4591,46,2026-04-01,7.4,3,10,2,1,5,1,5,164.9,48,
4592,46,2026-04-02,6.5,1,10,2,3,4,3,5,167.1,49,
4593,46,2026-04-03,6.3,2,10,2,3,5,2,5,168.9,48,
4594,46,2026-04-04,7.1,4,10,2,1,5,2,5,166.9,50,
4595,46,2026-04-05,6.6,1,9,3,1,5,1,5,168.0,45,
4596,46,2026-04-06,6.3,1,8,4,1,4,2,4,165.9,48,
4597,46,2026-04-07,6.0,1,8,2,2,5,3,5,167.5,50,
4598,46,2026-04-08,7.2,2,8,3,1,4,2,5,166.7,50,
4599,46,2026-04-09,7.5,2,8,1,1,4,3,5,165.7,48,
4600,46,2026-04-10,7.0,2,8,2,2,3,3,3,167.1,50,
4601,47,2026-01-01,7.5,2,3,0,0,5,3,5,180.2,48,
4602,47,2026-01-02,6.2,1,2,2,0,5,2,4,180.1,49,
4603,47,2026-01-03,6.8,3,3,0,1,5,4,4,181.3,48,
4604,47,2026-01-04,7.3,3,4,1,0,5,1,3,180.7,49,
4605,47,2026-01-05,6.9,2,4,2,0,5,1,5,180.7,49,
4606,47,2026-01-06,8.0,3,3,1,3,5,5,4,179.6,49,
4607,47,2026-01-07,8.8,4,4,3,1,5,3,5,180.7,48,
4608,47,2026-01-08,7.3,4,5,1,2,5,3,5,182.9,48,
4609,47,2026-01-09,6.9,2,5,2,0,5,1,5,179.3,47,
4610,47,2026-01-10,7.1,3,4,1,1,5,2,5,178.4,51,
4611,47,2026-01-11,8.3,4,4,0,0,5,2,5,181.2,48,
4612,47,2026-01-12,6.8,1,5,0,0,5,3,5,177.2,51,
4613,47,2026-01-13,8.2,3,4,2,0,5,1,3,181.5,47,
4614,47,2026-01-14,7.3,2,3,1,0,5,3,5,178.7,51,
4615,47,2026-01-15,8.1,4,3,3,0,5,2,4,178.6,46,
4616,47,2026-01-16,8.7,3,3,1,2,5,3,5,182.4,45,
4617,47,2026-01-17,6.4,2,2,2,1,5,3,5,179.0,50,
4618,47,2026-01-18,8.6,2,3,1,1,5,2,4,178.5,46,
4619,47,2026-01-19,7.7,3,3,0,1,5,2,4,178.1,48,
4620,47,2026-01-20,7.1,2,4,1,1,5,1,5,181.6,51,
4621,47,2026-01-21,6.9,1,4,1,0,5,3,5,179.5,49,
4622,47,2026-01-22,7.7,4,4,0,1,5,3,5,180.4,52,
4623,47,2026-01-23,7.4,2,4,1,1,5,2,5,179.7,49,
4624,47,2026-01-24,7.0,3,4,1,0,5,4,5,181.1,51,
4625,47,2026-01-25,8.2,3,4,2,0,5,1,4,179.5,52,
4626,47,2026-01-26,7.2,3,3,3,0,5,4,5,182.8,51,
4627,47,2026-01-27,8.1,2,3,0,1,5,3,4,181.2,50,
4628,47,2026-01-28,7.4,2,2,0,1,5,5,5,180.4,45,
4629,47,2026-01-29,7.4,3,2,0,0,5,3,5,181.3,47,
4630,47,2026-01-30,6.9,2,2,2,2,5,2,5,179.6,46,
4631,47,2026-01-31,7.9,4,2,1,2,5,4,5,181.1,49,
4632,47,2026-02-01,7.4,2,1,2,0,5,5,5,179.9,49,
4633,47,2026-02-02,7.4,3,1,0,0,5,3,5,177.9,47,
4634,47,2026-02-03,7.7,4,2,2,1,5,5,3,179.0,51,
4635,47,2026-02-04,7.1,3,2,2,0,5,4,5,179.1,50,
4636,47,2026-02-05,6.6,2,2,1,3,5,1,5,179.0,49,
4637,47,2026-02-06,8.5,4,2,1,0,5,3,5,177.3,48,
4638,47,2026-02-07,8.1,3,2,1,0,5,2,5,181.5,45,
4639,47,2026-02-08,7.4,3,1,2,1,5,3,5,180.6,45,
4640,47,2026-02-09,7.3,1,1,1,1,5,3,5,179.3,49,
4641,47,2026-02-10,8.8,5,1,1,0,5,4,4,179.8,47,
4642,47,2026-02-11,7.5,4,1,1,1,5,3,5,177.5,47,
4643,47,2026-02-12,6.7,1,1,3,1,5,1,4,181.4,45,
4644,47,2026-02-13,7.7,2,1,2,0,5,4,4,179.7,46,
4645,47,2026-02-14,8.1,4,1,0,1,5,4,4,178.9,49,
4646,47,2026-02-15,6.7,2,1,1,2,5,3,4,179.6,48,
4647,47,2026-02-16,7.9,4,1,1,1,5,5,4,176.0,49,
4648,47,2026-02-17,7.0,2,1,0,0,5,2,4,177.7,46,
4649,47,2026-02-18,8.2,3,1,2,0,5,1,5,181.9,45,
4650,47,2026-02-19,6.8,2,1,2,1,5,3,5,177.4,49,
4651,47,2026-02-20,7.0,2,1,2,0,5,4,5,180.6,46,
4652,47,2026-02-21,8.3,2,1,0,0,5,3,5,178.7,48,
4653,47,2026-02-22,7.9,4,1,3,2,5,2,5,177.0,45,
4654,47,2026-02-23,6.4,1,2,3,0,5,3,5,177.3,49,
4655,47,2026-02-24,6.3,2,2,0,0,5,4,4,176.3,46,
4656,47,2026-02-25,8.2,3,1,2,0,5,3,5,180.0,47,
4657,47,2026-02-26,7.2,4,1,1,1,5,4,5,178.0,49,
4658,47,2026-02-27,7.4,2,1,1,0,5,3,5,178.6,47,
4659,47,2026-02-28,6.7,2,2,1,1,5,2,5,179.7,47,
4660,47,2026-03-01,8.4,4,2,0,1,5,2,5,182.6,47,
4661,47,2026-03-02,7.5,2,1,0,0,5,3,5,177.4,45,
4662,47,2026-03-03,7.0,3,1,2,1,5,1,4,178.0,49,
4663,47,2026-03-04,8.3,4,2,2,1,5,2,5,178.7,46,
4664,47,2026-03-05,5.6,1,2,1,0,5,3,4,175.4,51,
4665,47,2026-03-06,6.6,2,3,3,1,5,4,4,177.0,48,
4666,47,2026-03-07,9.5,4,3,1,1,5,2,5,176.0,48,
4667,47,2026-03-08,7.3,2,3,0,0,5,3,5,178.6,47,
4668,47,2026-03-09,8.0,3,3,0,1,5,3,5,180.6,52,
4669,47,2026-03-10,7.1,2,2,1,0,5,2,5,176.6,45,
4670,47,2026-03-11,6.3,2,1,1,1,5,4,5,178.5,50,
4671,47,2026-03-12,8.0,2,1,1,0,5,4,3,180.7,49,
4672,47,2026-03-13,6.8,2,2,2,2,5,3,5,177.3,49,
4673,47,2026-03-14,7.5,2,2,1,0,5,4,5,178.4,46,
4674,47,2026-03-15,6.4,2,2,2,1,5,3,5,178.7,48,
4675,47,2026-03-16,7.0,2,1,0,0,5,3,4,178.0,46,
4676,47,2026-03-17,8.0,2,1,1,0,5,3,3,177.0,45,
4677,47,2026-03-18,8.2,4,1,0,0,5,4,5,180.9,48,
4678,47,2026-03-19,8.3,3,1,1,1,5,3,4,178.3,47,
4679,47,2026-03-20,6.9,2,2,4,3,5,3,5,179.4,46,
4680,47,2026-03-21,6.5,2,2,1,0,5,3,5,179.6,45,
4681,47,2026-03-22,6.8,2,2,0,1,5,4,5,179.9,49,
4682,47,2026-03-23,7.0,2,2,3,1,5,4,5,178.6,51,
4683,47,2026-03-24,7.6,3,2,0,1,5,4,5,179.2,51,
4684,47,2026-03-25,6.1,1,3,0,1,5,1,5,180.4,49,
4685,47,2026-03-26,7.4,3,2,0,3,5,3,5,178.9,45,
4686,47,2026-03-27,7.4,2,2,2,0,5,3,5,176.6,48,
4687,47,2026-03-28,6.8,3,1,0,1,5,3,5,177.3,50,
4688,47,2026-03-29,7.7,4,2,3,0,5,3,5,180.6,48,
4689,47,2026-03-30,6.8,3,1,1,2,5,2,4,177.3,45,
4690,47,2026-03-31,7.3,1,1,2,0,5,2,5,177.1,48,
4691,47,2026-04-01,6.4,2,2,0,1,5,3,5,178.5,46,
4692,47,2026-04-02,7.5,2,2,4,0,5,4,4,174.1,51,
4693,47,2026-04-03,7.6,2,2,0,1,5,2,5,174.3,50,
4694,47,2026-04-04,6.9,3,2,0,0,5,2,5,178.8,46,
4695,47,2026-04-05,7.9,3,2,0,0,5,3,5,180.1,48,
4696,47,2026-04-06,7.4,3,1,1,0,5,3,4,179.5,47,
4697,47,2026-04-07,6.7,2,1,1,1,5,4,5,176.0,45,
4698,47,2026-04-08,7.0,2,1,1,2,5,3,3,178.2,46,
4699,47,2026-04-09,7.9,2,1,2,3,5,2,4,178.1,46,
4700,47,2026-04-10,6.8,2,2,1,4,5,2,5,178.5,45,
4701,48,2026-01-01,7.8,3,5,0,0,5,3,5,177.1,48,
4702,48,2026-01-02,8.2,3,6,1,0,5,2,4,179.7,54,
4703,48,2026-01-03,6.6,1,5,1,0,3,4,3,177.9,52,
4704,48,2026-01-04,7.8,2,4,1,2,5,4,5,177.4,46,
4705,48,2026-01-05,7.0,3,5,1,0,5,3,5,181.4,51,
4706,48,2026-01-06,6.5,2,4,0,2,5,4,5,178.6,51,
4707,48,2026-01-07,5.6,1,3,0,1,5,4,5,178.9,48,
4708,48,2026-01-08,6.9,2,3,2,2,4,3,5,181.3,50,
4709,48,2026-01-09,6.6,2,3,1,1,5,1,5,179.6,50,
4710,48,2026-01-10,8.1,3,2,0,0,5,2,4,178.2,50,
4711,48,2026-01-11,7.1,3,3,0,2,5,5,5,180.3,47,
4712,48,2026-01-12,8.3,4,3,1,0,5,2,4,177.9,47,
4713,48,2026-01-13,7.4,2,3,2,2,5,4,5,179.6,47,
4714,48,2026-01-14,6.5,2,3,1,0,5,2,5,176.7,48,
4715,48,2026-01-15,6.2,2,4,0,2,5,3,5,179.7,47,
4716,48,2026-01-16,7.2,3,3,0,1,5,3,5,174.8,48,
4717,48,2026-01-17,6.6,3,4,2,3,4,3,3,177.8,49,
4718,48,2026-01-18,7.8,2,4,0,1,5,4,4,177.0,52,
4719,48,2026-01-19,6.3,1,4,2,1,5,4,5,181.0,49,
4720,48,2026-01-20,6.8,3,5,0,0,5,3,5,179.0,54,
4721,48,2026-01-21,6.1,3,5,1,1,5,3,4,177.8,48,
4722,48,2026-01-22,6.3,1,5,3,2,4,2,4,179.8,50,
4723,48,2026-01-23,6.9,1,5,0,0,4,3,4,175.8,48,
4724,48,2026-01-24,7.2,2,5,1,3,5,4,5,178.1,48,
4725,48,2026-01-25,6.7,2,4,1,4,5,3,5,179.0,51,
4726,48,2026-01-26,6.3,2,3,0,0,5,2,5,177.6,49,
4727,48,2026-01-27,6.7,1,3,1,1,5,4,5,178.5,51,
4728,48,2026-01-28,8.6,3,4,4,0,5,3,4,175.3,48,
4729,48,2026-01-29,6.1,3,4,2,1,5,2,5,178.3,47,
4730,48,2026-01-30,6.8,2,4,1,0,5,4,5,181.6,50,
4731,48,2026-01-31,7.6,4,4,2,0,5,1,4,177.5,51,
4732,48,2026-02-01,8.0,2,3,0,0,5,2,5,178.8,47,
4733,48,2026-02-02,5.5,1,3,2,1,5,2,4,178.1,45,
4734,48,2026-02-03,7.7,4,3,2,0,5,3,5,180.1,46,
4735,48,2026-02-04,5.7,1,3,0,0,5,5,4,177.3,48,
4736,48,2026-02-05,8.0,2,3,0,0,5,4,5,178.0,45,
4737,48,2026-02-06,7.2,1,2,3,1,5,3,5,179.6,48,
4738,48,2026-02-07,6.4,1,3,0,2,5,3,5,178.9,45,
4739,48,2026-02-08,6.6,2,3,1,3,5,3,4,177.5,49,
4740,48,2026-02-09,6.3,1,4,2,1,5,3,5,180.4,49,
4741,48,2026-02-10,6.5,1,4,2,1,5,3,4,182.5,52,
4742,48,2026-02-11,6.7,3,4,3,3,5,4,5,181.1,52,
4743,48,2026-02-12,7.6,3,5,1,1,5,2,4,177.4,52,
4744,48,2026-02-13,6.4,3,6,1,1,5,3,5,177.6,50,
4745,48,2026-02-14,7.9,3,7,2,0,5,2,5,176.4,51,
4746,48,2026-02-15,6.7,2,7,1,0,5,3,3,176.6,51,
4747,48,2026-02-16,8.0,3,6,2,0,5,4,4,178.7,48,
4748,48,2026-02-17,7.7,2,6,2,0,5,1,4,176.8,52,
4749,48,2026-02-18,5.8,1,7,3,1,5,1,5,177.4,51,
4750,48,2026-02-19,7.5,3,7,1,1,5,3,5,179.7,49,
4751,48,2026-02-20,7.0,2,7,1,1,5,3,4,176.4,52,
4752,48,2026-02-21,6.7,4,7,3,4,5,4,5,175.9,52,
4753,48,2026-02-22,8.6,3,6,2,1,5,2,4,176.7,50,
4754,48,2026-02-23,7.2,3,7,5,0,5,4,5,177.5,54,
4755,48,2026-02-24,6.7,2,6,3,1,5,3,5,178.8,50,
4756,48,2026-02-25,6.1,1,6,1,1,5,3,5,177.5,51,
4757,48,2026-02-26,8.2,3,6,0,1,5,5,5,177.8,53,
4758,48,2026-02-27,6.5,2,6,0,1,5,3,4,178.7,51,
4759,48,2026-02-28,7.3,3,7,3,1,5,3,5,177.0,52,
4760,48,2026-03-01,7.6,2,8,1,1,5,2,5,178.2,52,
4761,48,2026-03-02,6.2,1,9,1,1,4,2,5,177.3,53,
4762,48,2026-03-03,6.9,2,10,3,1,5,3,5,177.4,50,
4763,48,2026-03-04,7.0,3,10,1,3,4,4,4,177.0,53,
4764,48,2026-03-05,6.1,2,10,2,3,4,3,3,178.5,51,
4765,48,2026-03-06,7.9,3,10,2,1,4,3,5,177.3,54,
4766,48,2026-03-07,6.7,2,9,1,2,3,3,4,180.0,54,
4767,48,2026-03-08,7.3,3,9,3,2,5,4,4,176.9,57,
4768,48,2026-03-09,6.5,3,10,2,3,4,4,4,180.4,52,
4769,48,2026-03-10,6.4,2,10,3,3,5,4,5,176.9,51,
4770,48,2026-03-11,5.5,1,9,2,1,4,2,3,178.1,54,
4771,48,2026-03-12,5.0,2,9,2,1,4,3,3,178.4,55,
4772,48,2026-03-13,7.2,2,10,1,2,4,4,4,176.7,54,
4773,48,2026-03-14,8.0,2,10,2,1,5,2,5,179.8,53,
4774,48,2026-03-15,7.5,2,10,3,3,4,2,4,178.1,54,
4775,48,2026-03-16,7.7,3,10,2,1,4,1,3,178.0,55,
4776,48,2026-03-17,7.6,3,9,3,1,3,4,3,177.7,52,
4777,48,2026-03-18,7.0,3,8,2,2,4,4,4,178.0,54,
4778,48,2026-03-19,7.0,2,9,1,3,4,3,5,178.2,55,
4779,48,2026-03-20,7.0,3,10,3,4,4,2,4,177.0,54,
4780,48,2026-03-21,7.8,2,10,2,1,4,3,4,177.3,51,
4781,48,2026-03-22,7.6,3,10,1,2,5,4,5,178.4,53,
4782,48,2026-03-23,5.9,1,10,2,4,5,2,5,178.4,54,
4783,48,2026-03-24,7.5,2,10,1,2,3,2,4,179.8,54,
4784,48,2026-03-25,6.6,2,9,1,2,5,3,5,178.0,51,
4785,48,2026-03-26,8.3,4,8,1,3,4,3,2,177.2,53,
4786,48,2026-03-27,6.8,3,8,2,2,5,4,4,178.6,51,
4787,48,2026-03-28,7.4,3,7,1,1,5,4,4,178.2,54,
4788,48,2026-03-29,7.6,2,8,2,2,4,3,5,174.5,53,
4789,48,2026-03-30,6.5,2,8,4,4,5,2,5,178.0,52,
4790,48,2026-03-31,7.6,3,7,6,0,5,3,4,178.2,50,
4791,48,2026-04-01,6.6,2,6,0,2,5,4,5,175.8,49,
4792,48,2026-04-02,7.1,2,6,2,1,5,3,4,178.5,50,
4793,48,2026-04-03,7.8,4,6,1,2,5,3,5,178.4,51,
4794,48,2026-04-04,7.8,4,5,1,2,5,3,5,177.1,52,
4795,48,2026-04-05,7.9,3,5,0,1,5,4,4,177.4,50,
4796,48,2026-04-06,6.9,2,5,1,3,4,3,5,174.0,48,
4797,48,2026-04-07,7.1,3,5,0,1,5,3,5,177.7,50,
4798,48,2026-04-08,7.3,2,5,1,0,5,3,5,178.4,49,
4799,48,2026-04-09,6.7,2,6,4,1,5,2,5,177.8,53,
4800,48,2026-04-10,7.1,3,6,4,1,5,4,4,176.8,53,
4801,49,2026-01-01,7.8,3,2,0,0,5,5,5,147.2,54,
4802,49,2026-01-02,6.9,2,1,2,0,5,3,5,151.4,59,
4803,49,2026-01-03,7.6,4,1,1,1,5,3,5,148.8,53,
4804,49,2026-01-04,6.8,1,1,2,1,5,3,5,148.3,62,
4805,49,2026-01-05,6.9,2,1,2,1,5,4,5,147.0,59,
4806,49,2026-01-06,6.6,3,1,1,1,5,5,4,146.2,54,
4807,49,2026-01-07,7.0,2,2,0,1,5,3,5,146.5,56,
4808,49,2026-01-08,6.5,2,1,0,1,5,2,5,143.2,57,
4809,49,2026-01-09,5.1,1,2,3,2,5,2,5,149.3,57,
4810,49,2026-01-10,6.5,1,3,3,1,5,2,4,146.1,62,
4811,49,2026-01-11,6.7,3,3,0,0,5,3,5,150.3,59,
4812,49,2026-01-12,7.1,1,3,0,0,5,1,5,147.0,60,
4813,49,2026-01-13,7.1,2,2,2,0,4,4,4,148.3,57,
4814,49,2026-01-14,6.7,2,2,1,0,5,4,5,149.1,58,
4815,49,2026-01-15,5.9,1,3,1,1,4,2,1,149.4,60,
4816,49,2026-01-16,5.1,1,2,0,0,4,2,4,149.1,61,
4817,49,2026-01-17,6.4,1,2,1,0,5,4,5,145.3,58,
4818,49,2026-01-18,7.0,3,1,0,0,5,3,5,149.9,58,
4819,49,2026-01-19,7.5,2,1,0,3,5,3,5,147.3,55,
4820,49,2026-01-20,5.1,1,2,2,2,5,3,5,145.1,56,
4821,49,2026-01-21,7.4,4,2,4,0,5,3,5,147.1,57,
4822,49,2026-01-22,6.9,1,1,2,0,5,4,5,150.3,55,
4823,49,2026-01-23,7.5,2,2,1,0,5,4,5,150.2,62,
4824,49,2026-01-24,8.3,4,3,2,0,5,2,5,149.0,58,
4825,49,2026-01-25,5.4,1,4,1,0,5,2,4,145.9,59,
4826,49,2026-01-26,6.1,2,3,1,0,5,2,5,148.2,62,
4827,49,2026-01-27,5.8,1,3,0,1,5,3,4,146.4,59,
4828,49,2026-01-28,5.8,1,4,0,0,5,3,5,145.5,54,
4829,49,2026-01-29,6.4,3,4,2,1,5,3,5,147.7,59,
4830,49,2026-01-30,6.4,2,5,2,0,4,1,4,149.1,61,
4831,49,2026-01-31,7.0,2,5,0,0,5,4,5,147.0,59,
4832,49,2026-02-01,7.0,2,5,2,1,5,3,4,147.1,58,
4833,49,2026-02-02,6.4,1,5,2,2,5,2,4,147.5,63,
4834,49,2026-02-03,6.6,1,4,0,1,5,3,5,148.6,56,
4835,49,2026-02-04,7.3,3,3,2,0,5,3,5,147.5,58,
4836,49,2026-02-05,6.5,1,4,2,0,5,3,5,147.0,57,
4837,49,2026-02-06,7.0,2,3,2,0,5,4,3,146.8,61,
4838,49,2026-02-07,6.9,2,3,0,2,5,1,5,147.4,62,
4839,49,2026-02-08,6.1,1,4,1,1,5,2,5,145.7,61,
4840,49,2026-02-09,6.1,2,4,3,0,5,5,5,147.4,59,
4841,49,2026-02-10,6.8,2,5,1,0,5,2,5,149.0,62,
4842,49,2026-02-11,7.4,1,4,1,0,5,1,4,147.3,62,
4843,49,2026-02-12,6.8,2,5,3,2,5,3,5,146.8,62,
4844,49,2026-02-13,6.5,1,5,0,1,5,3,5,144.9,60,
4845,49,2026-02-14,7.6,3,6,0,1,5,3,4,148.7,59,
4846,49,2026-02-15,6.1,2,5,2,0,5,5,5,146.0,64,
4847,49,2026-02-16,7.3,3,4,0,2,5,3,5,145.2,61,
4848,49,2026-02-17,6.8,2,3,1,3,5,4,5,148.7,61,
4849,49,2026-02-18,6.8,3,2,0,1,5,4,5,147.4,59,
4850,49,2026-02-19,6.1,2,1,1,0,5,4,5,148.4,57,
4851,49,2026-02-20,6.2,2,1,1,0,5,4,5,145.4,56,
4852,49,2026-02-21,7.3,3,1,0,0,5,4,4,146.9,58,
4853,49,2026-02-22,6.9,2,1,1,0,5,3,5,146.4,57,
4854,49,2026-02-23,6.3,2,1,1,0,5,1,5,144.2,58,
4855,49,2026-02-24,7.8,4,1,1,0,5,3,5,146.6,55,
4856,49,2026-02-25,7.2,3,1,1,3,5,2,5,145.8,55,
4857,49,2026-02-26,6.3,3,1,0,2,5,2,5,147.9,57,
4858,49,2026-02-27,6.0,1,1,0,3,5,3,5,147.1,60,
4859,49,2026-02-28,6.0,1,1,1,0,5,4,4,147.9,60,
4860,49,2026-03-01,6.9,2,1,1,0,5,3,5,146.4,58,
4861,49,2026-03-02,8.3,2,1,1,2,5,3,5,144.7,59,
4862,49,2026-03-03,6.3,2,1,1,1,5,2,5,144.9,58,
4863,49,2026-03-04,6.4,2,2,0,2,5,4,5,149.9,59,
4864,49,2026-03-05,6.5,1,3,2,0,5,3,4,147.4,63,
4865,49,2026-03-06,6.3,1,3,0,0,5,3,5,148.3,59,
4866,49,2026-03-07,6.9,2,3,2,0,5,4,5,146.6,59,
4867,49,2026-03-08,7.1,3,3,1,0,5,4,5,143.6,60,
4868,49,2026-03-09,6.2,3,4,0,0,5,2,5,147.1,59,
4869,49,2026-03-10,6.0,2,4,3,0,5,3,4,146.2,62,
4870,49,2026-03-11,6.6,2,4,0,0,5,4,5,145.8,59,
4871,49,2026-03-12,6.0,1,4,1,1,5,4,5,146.7,59,
4872,49,2026-03-13,5.0,2,4,1,0,5,5,5,146.0,59,
4873,49,2026-03-14,5.7,2,4,2,1,5,4,4,150.0,60,
4874,49,2026-03-15,8.0,2,5,1,3,5,2,4,145.1,58,
4875,49,2026-03-16,7.2,2,4,0,0,5,3,4,148.4,59,
4876,49,2026-03-17,7.6,1,4,3,0,5,4,5,145.0,57,
4877,49,2026-03-18,6.8,2,4,0,0,5,2,5,144.0,60,
4878,49,2026-03-19,6.8,1,5,1,0,5,3,5,147.0,60,
4879,49,2026-03-20,6.7,2,4,0,2,5,2,5,145.3,59,
4880,49,2026-03-21,7.9,3,3,1,0,5,4,5,142.4,58,
4881,49,2026-03-22,6.7,2,4,1,2,5,3,5,146.1,58,
4882,49,2026-03-23,6.5,2,4,2,1,5,3,5,145.4,62,
4883,49,2026-03-24,6.8,2,3,3,1,5,2,5,145.9,63,
4884,49,2026-03-25,6.4,1,3,0,0,5,1,5,148.9,59,
4885,49,2026-03-26,6.9,2,2,0,0,5,2,5,143.7,57,
4886,49,2026-03-27,6.0,2,1,1,0,5,3,5,146.5,58,
4887,49,2026-03-28,6.4,1,2,2,0,5,3,5,146.6,54,
4888,49,2026-03-29,7.2,3,2,0,2,5,3,5,145.0,60,
4889,49,2026-03-30,7.4,3,3,0,0,5,3,5,147.3,56,
4890,49,2026-03-31,5.6,1,3,2,0,5,4,4,147.2,59,
4891,49,2026-04-01,7.6,4,3,3,0,5,4,4,145.1,62,
4892,49,2026-04-02,5.0,1,3,0,0,5,3,5,146.0,57,
4893,49,2026-04-03,6.5,2,4,0,0,5,3,4,145.6,58,
4894,49,2026-04-04,6.2,2,4,1,1,5,3,5,145.8,61,
4895,49,2026-04-05,6.7,1,4,0,0,4,3,4,145.0,56,
4896,49,2026-04-06,7.4,2,5,2,0,4,2,2,146.8,56,
4897,49,2026-04-07,5.6,1,5,0,1,5,3,5,143.6,61,
4898,49,2026-04-08,7.2,2,5,0,0,5,4,5,142.7,58,
4899,49,2026-04-09,6.2,1,4,2,1,5,3,4,147.3,59,
4900,49,2026-04-10,6.3,2,5,2,0,5,5,5,146.6,62,
4901,50,2026-01-01,6.3,2,2,0,0,5,3,5,181.3,65,
4902,50,2026-01-02,6.4,2,2,2,1,5,3,5,179.7,64,
4903,50,2026-01-03,7.2,3,2,1,0,5,3,5,180.2,63,
4904,50,2026-01-04,6.3,1,2,2,0,5,1,5,183.2,67,
4905,50,2026-01-05,7.6,2,2,0,2,5,4,5,179.5,65,
4906,50,2026-01-06,6.7,1,2,2,1,5,5,5,181.8,64,
4907,50,2026-01-07,6.4,1,3,0,2,5,3,5,181.1,67,
4908,50,2026-01-08,6.4,1,3,3,1,5,3,5,180.9,65,
4909,50,2026-01-09,8.1,3,3,2,2,5,4,3,182.4,65,
4910,50,2026-01-10,7.8,2,3,1,0,5,4,5,182.2,62,
4911,50,2026-01-11,6.3,2,3,1,2,5,4,5,182.2,64,
4912,50,2026-01-12,7.5,3,2,0,1,5,4,5,182.5,63,
4913,50,2026-01-13,7.6,3,3,1,0,5,2,5,179.8,66,
4914,50,2026-01-14,7.7,4,3,0,0,5,2,5,181.2,66,
4915,50,2026-01-15,7.4,2,4,2,2,5,2,5,183.0,64,
4916,50,2026-01-16,7.4,2,4,1,1,5,4,5,181.3,65,
4917,50,2026-01-17,8.6,2,5,2,1,4,4,4,179.9,66,
4918,50,2026-01-18,7.4,4,4,2,0,5,1,5,181.7,69,
4919,50,2026-01-19,6.3,1,4,0,2,5,2,5,180.5,66,
4920,50,2026-01-20,7.3,4,5,0,0,5,4,4,181.3,67,
4921,50,2026-01-21,7.0,3,5,0,1,5,1,5,183.0,66,
4922,50,2026-01-22,7.2,2,4,1,1,5,4,5,180.3,62,
4923,50,2026-01-23,7.5,3,3,2,1,5,4,4,182.4,63,
4924,50,2026-01-24,6.7,2,2,2,2,5,4,5,183.1,65,
4925,50,2026-01-25,7.6,2,2,0,0,5,3,5,180.2,63,
4926,50,2026-01-26,7.6,3,2,3,0,5,4,4,181.4,62,
4927,50,2026-01-27,7.2,3,3,0,2,5,3,4,179.5,67,
4928,50,2026-01-28,5.7,1,3,5,1,5,5,5,178.3,63,
4929,50,2026-01-29,7.8,3,3,2,3,5,5,5,177.7,63,
4930,50,2026-01-30,7.5,3,4,0,3,5,2,4,180.1,66,
4931,50,2026-01-31,7.1,2,3,1,3,5,1,5,181.6,64,
4932,50,2026-02-01,7.5,2,4,0,1,5,4,5,180.7,63,
4933,50,2026-02-02,6.9,2,4,1,0,5,5,5,181.4,62,
4934,50,2026-02-03,7.6,3,4,0,2,5,4,4,181.8,68,
4935,50,2026-02-04,7.0,3,4,1,0,5,3,5,182.3,66,
4936,50,2026-02-05,6.9,3,5,1,2,5,2,5,181.8,70,
4937,50,2026-02-06,7.2,3,4,3,0,5,3,5,182.2,68,
4938,50,2026-02-07,8.8,4,3,0,2,5,1,5,180.9,60,
4939,50,2026-02-08,8.4,4,3,0,2,5,2,5,182.1,63,
4940,50,2026-02-09,7.9,4,2,2,0,5,2,5,182.0,67,
4941,50,2026-02-10,6.9,2,1,0,1,5,3,5,178.0,61,
4942,50,2026-02-11,6.8,2,1,2,0,5,3,4,182.3,62,
4943,50,2026-02-12,7.1,3,1,0,0,5,4,4,179.7,62,
4944,50,2026-02-13,7.8,3,2,1,0,5,2,5,181.9,68,
4945,50,2026-02-14,7.2,3,3,0,0,5,3,5,179.4,70,
4946,50,2026-02-15,7.3,2,2,1,0,4,2,4,182.9,68,
4947,50,2026-02-16,8.1,3,3,0,0,5,3,5,181.5,65,
4948,50,2026-02-17,6.5,2,3,2,2,5,2,4,182.0,69,
4949,50,2026-02-18,6.9,1,4,1,0,5,2,5,180.1,65,
4950,50,2026-02-19,6.9,2,5,1,0,4,3,4,178.7,69,
4951,50,2026-02-20,6.7,2,6,2,0,4,3,4,180.4,69,
4952,50,2026-02-21,6.7,2,6,1,0,5,3,5,180.4,67,
4953,50,2026-02-22,7.1,2,5,0,2,5,3,5,179.3,66,
4954,50,2026-02-23,7.3,3,5,2,0,5,1,4,179.6,67,
4955,50,2026-02-24,6.9,3,4,0,0,5,3,5,182.2,66,
4956,50,2026-02-25,7.1,2,5,1,1,4,4,4,180.7,69,
4957,50,2026-02-26,6.7,1,5,0,1,4,3,5,179.6,67,
4958,50,2026-02-27,6.7,2,5,3,2,5,3,5,182.2,63,
4959,50,2026-02-28,6.8,2,5,2,1,4,4,3,177.8,67,
4960,50,2026-03-01,7.9,2,6,0,0,4,2,3,179.4,71,
4961,50,2026-03-02,7.1,2,7,2,0,5,3,5,182.5,67,
4962,50,2026-03-03,6.5,2,6,2,0,5,4,5,179.1,66,
4963,50,2026-03-04,7.2,3,6,0,0,5,3,5,175.9,67,
4964,50,2026-03-05,8.2,3,6,1,2,5,4,5,181.2,67,
4965,50,2026-03-06,7.5,3,5,1,2,5,2,5,175.9,62,
4966,50,2026-03-07,6.7,1,4,2,0,5,1,5,179.5,66,
4967,50,2026-03-08,8.1,4,3,1,0,5,2,4,181.2,64,
4968,50,2026-03-09,8.1,3,2,1,1,5,3,5,180.4,64,
4969,50,2026-03-10,8.6,4,3,2,0,5,3,4,181.3,62,
4970,50,2026-03-11,6.7,2,2,3,0,5,3,5,181.4,67,
4971,50,2026-03-12,7.6,2,3,1,1,5,3,3,179.9,65,
4972,50,2026-03-13,8.2,4,3,0,1,5,4,5,181.5,60,
4973,50,2026-03-14,7.7,3,3,1,1,5,3,5,180.0,66,
4974,50,2026-03-15,8.4,4,2,0,0,5,4,5,182.4,66,
4975,50,2026-03-16,6.5,2,1,2,1,5,1,5,179.4,61,
4976,50,2026-03-17,7.4,3,1,1,1,5,3,5,178.8,65,
4977,50,2026-03-18,6.4,2,2,1,2,5,4,5,180.1,59,
4978,50,2026-03-19,6.8,1,2,0,0,5,4,5,181.0,66,
4979,50,2026-03-20,6.8,3,3,3,0,5,4,5,182.3,66,
4980,50,2026-03-21,7.5,5,3,2,0,5,4,5,178.1,65,
4981,50,2026-03-22,8.5,3,2,0,0,5,2,5,177.8,67,
4982,50,2026-03-23,7.7,4,2,0,1,5,4,5,178.0,67,
4983,50,2026-03-24,8.0,3,2,1,3,5,3,5,180.3,61,
4984,50,2026-03-25,7.0,2,1,1,0,5,4,4,181.7,62,
4985,50,2026-03-26,6.8,2,1,1,1,5,2,5,178.0,62,
4986,50,2026-03-27,7.3,3,1,1,0,5,2,5,181.5,66,
4987,50,2026-03-28,7.4,3,1,2,1,5,3,5,179.9,63,
4988,50,2026-03-29,7.4,2,1,1,1,5,3,5,178.7,60,
4989,50,2026-03-30,6.5,2,1,1,1,5,4,5,178.9,66,
4990,50,2026-03-31,7.0,1,2,0,1,5,3,5,183.1,66,
4991,50,2026-04-01,7.2,3,3,1,2,5,4,4,178.9,64,
4992,50,2026-04-02,6.6,2,4,1,1,5,3,5,180.2,64,
4993,50,2026-04-03,7.8,3,3,1,0,5,4,5,178.5,64,
4994,50,2026-04-04,6.8,2,2,1,0,5,3,4,179.4,67,
4995,50,2026-04-05,6.7,1,3,0,1,5,4,5,180.9,68,
4996,50,2026-04-06,6.8,2,2,1,0,5,4,5,178.1,67,
4997,50,2026-04-07,6.6,3,2,0,0,5,3,5,178.0,64,
4998,50,2026-04-08,7.7,4,2,3,0,5,5,2,181.2,65,
4999,50,2026-04-09,7.2,3,2,1,1,5,4,3,181.0,64,
5000,50,2026-04-10,7.8,4,3,1,1,5,3,5,179.2,63,
5001,51,2026-01-01,6.9,3,3,0,2,5,2,5,158.0,63,
5002,51,2026-01-02,8.3,4,3,2,1,5,3,5,156.8,63,
5003,51,2026-01-03,7.4,2,2,4,1,5,3,5,159.3,64,
5004,51,2026-01-04,6.7,3,2,1,1,5,2,5,158.7,63,
5005,51,2026-01-05,5.1,1,2,3,1,5,1,4,163.2,65,
5006,51,2026-01-06,7.3,2,1,3,0,5,4,5,158.8,63,
5007,51,2026-01-07,8.2,4,2,2,0,5,2,5,158.1,64,
5008,51,2026-01-08,7.3,2,3,1,1,4,3,5,156.4,62,
5009,51,2026-01-09,6.8,1,3,2,0,5,3,4,160.6,66,
5010,51,2026-01-10,7.9,3,2,0,2,5,3,5,162.4,65,
5011,51,2026-01-11,7.9,2,3,2,0,5,2,4,160.7,61,
5012,51,2026-01-12,8.6,4,2,0,0,5,3,5,159.7,60,
5013,51,2026-01-13,7.2,2,2,0,2,5,4,5,157.4,67,
5014,51,2026-01-14,7.4,4,1,1,1,5,2,5,160.7,60,
5015,51,2026-01-15,7.3,3,1,1,0,5,3,5,158.9,59,
5016,51,2026-01-16,7.8,4,1,0,0,5,2,4,159.7,56,
5017,51,2026-01-17,7.7,3,1,2,0,5,4,4,158.0,65,
5018,51,2026-01-18,7.3,2,1,0,0,5,3,5,157.6,60,
5019,51,2026-01-19,6.6,2,1,0,0,5,3,4,158.8,64,
5020,51,2026-01-20,7.7,3,1,1,0,5,3,5,161.7,59,
5021,51,2026-01-21,7.2,3,1,0,0,5,3,5,158.6,64,
5022,51,2026-01-22,6.5,3,1,1,0,5,3,5,160.8,62,
5023,51,2026-01-23,6.4,1,1,2,0,5,5,5,158.6,61,
5024,51,2026-01-24,8.3,4,2,1,0,5,3,3,159.7,60,
5025,51,2026-01-25,8.2,3,2,2,1,5,2,5,160.6,65,
5026,51,2026-01-26,8.3,4,2,0,1,5,2,4,159.4,59,
5027,51,2026-01-27,7.5,2,1,1,0,5,4,5,158.2,63,
5028,51,2026-01-28,5.9,1,1,1,0,5,3,5,158.9,65,
5029,51,2026-01-29,7.1,3,2,2,0,5,3,5,161.4,62,
5030,51,2026-01-30,8.1,3,1,2,2,5,2,5,159.7,64,
5031,51,2026-01-31,8.6,4,1,2,0,5,4,4,159.6,57,
5032,51,2026-02-01,7.0,2,1,1,1,5,4,4,160.3,62,
5033,51,2026-02-02,7.0,3,1,1,0,5,2,5,159.9,60,
5034,51,2026-02-03,7.6,2,1,1,2,5,4,5,159.1,61,
5035,51,2026-02-04,8.1,4,1,2,0,5,1,4,158.3,60,
5036,51,2026-02-05,8.0,2,1,0,1,5,2,5,159.6,61,
5037,51,2026-02-06,6.9,1,2,1,1,5,3,5,161.6,63,
5038,51,2026-02-07,8.0,3,2,0,1,5,2,5,159.8,65,
5039,51,2026-02-08,7.7,3,2,0,0,5,3,5,160.1,66,
5040,51,2026-02-09,7.4,2,1,0,1,5,2,4,159.8,59,
5041,51,2026-02-10,7.8,2,2,1,0,5,1,5,158.8,61,
5042,51,2026-02-11,7.6,3,2,3,0,5,2,5,158.6,61,
5043,51,2026-02-12,8.2,4,3,2,0,5,2,4,158.8,63,
5044,51,2026-02-13,7.3,3,2,5,6,5,2,5,159.0,62,
5045,51,2026-02-14,7.6,2,1,2,0,5,2,5,161.4,58,
5046,51,2026-02-15,7.0,3,1,1,1,5,3,5,159.1,59,
5047,51,2026-02-16,6.8,1,2,5,1,5,2,5,158.8,62,
5048,51,2026-02-17,8.2,3,3,2,0,5,2,5,158.3,64,
5049,51,2026-02-18,6.4,2,2,1,1,5,2,5,160.6,63,
5050,51,2026-02-19,8.1,3,3,0,2,5,2,5,158.1,63,
5051,51,2026-02-20,8.1,3,4,0,2,5,2,5,157.8,62,
5052,51,2026-02-21,7.6,2,4,1,1,4,3,4,157.0,63,
5053,51,2026-02-22,7.6,3,5,1,2,5,3,5,159.2,65,
5054,51,2026-02-23,8.2,4,4,1,1,5,2,5,159.1,65,
5055,51,2026-02-24,8.7,4,3,1,1,5,2,5,157.8,62,
5056,51,2026-02-25,7.6,3,3,0,1,5,2,5,156.6,63,
5057,51,2026-02-26,5.9,3,2,0,1,5,3,5,157.6,61,
5058,51,2026-02-27,5.0,1,2,1,2,5,2,5,158.7,66,
5059,51,2026-02-28,7.6,3,2,1,0,5,3,5,158.9,60,
5060,51,2026-03-01,7.8,4,2,1,4,5,4,3,158.3,63,
5061,51,2026-03-02,6.5,3,2,1,1,5,3,5,160.8,63,
5062,51,2026-03-03,7.3,3,2,1,2,5,1,5,157.8,62,
5063,51,2026-03-04,7.0,3,3,3,2,5,2,4,158.0,67,
5064,51,2026-03-05,7.4,2,2,2,1,5,2,5,155.6,62,
5065,51,2026-03-06,6.9,3,2,2,0,5,4,5,156.6,59,
5066,51,2026-03-07,7.6,2,2,1,2,5,4,5,156.5,62,
5067,51,2026-03-08,8.3,3,2,5,0,5,4,5,158.5,61,
5068,51,2026-03-09,6.9,2,2,1,2,5,2,5,156.5,62,
5069,51,2026-03-10,7.2,2,2,1,2,5,3,5,157.4,63,
5070,51,2026-03-11,7.4,3,1,0,1,5,2,5,160.9,61,
5071,51,2026-03-12,6.6,2,1,0,0,5,2,5,160.6,62,
5072,51,2026-03-13,8.0,3,2,2,0,5,1,5,158.2,60,
5073,51,2026-03-14,7.3,2,3,0,0,5,1,3,157.3,66,
5074,51,2026-03-15,8.4,2,3,1,1,5,3,5,159.0,63,
5075,51,2026-03-16,7.3,3,4,2,0,5,2,5,158.3,60,
5076,51,2026-03-17,8.2,3,4,6,0,5,5,4,155.7,63,
5077,51,2026-03-18,7.6,3,3,3,0,5,2,5,156.9,64,
5078,51,2026-03-19,7.5,3,3,2,2,5,5,5,157.8,60,
5079,51,2026-03-20,6.7,3,2,0,0,5,5,4,162.2,58,
5080,51,2026-03-21,8.2,5,1,0,0,5,2,4,158.4,60,
5081,51,2026-03-22,7.2,3,1,1,0,5,5,5,159.6,61,
5082,51,2026-03-23,7.6,3,1,2,1,5,4,5,156.7,62,
5083,51,2026-03-24,6.5,1,1,3,0,5,3,4,159.3,64,
5084,51,2026-03-25,7.9,4,2,0,0,5,4,5,159.6,62,
5085,51,2026-03-26,7.7,4,2,2,1,5,3,4,157.9,60,
5086,51,2026-03-27,7.2,2,2,1,0,5,4,5,160.0,61,
5087,51,2026-03-28,6.7,3,2,2,0,5,3,5,161.3,63,
5088,51,2026-03-29,8.0,3,2,1,0,5,5,5,155.1,63,
5089,51,2026-03-30,6.7,2,3,1,0,5,4,5,156.1,66,
5090,51,2026-03-31,8.4,4,3,1,1,5,5,5,156.5,63,
5091,51,2026-04-01,9.0,5,3,2,1,5,2,3,158.9,65,
5092,51,2026-04-02,8.2,3,4,2,1,5,5,5,159.0,63,
5093,51,2026-04-03,8.3,3,4,0,0,5,1,4,159.3,65,
5094,51,2026-04-04,7.6,3,3,1,1,5,1,5,160.2,63,
5095,51,2026-04-05,7.9,4,4,1,1,5,4,4,156.8,61,
5096,51,2026-04-06,7.6,1,3,1,0,5,3,5,157.4,63,
5097,51,2026-04-07,7.6,2,3,2,0,4,3,4,157.8,64,
5098,51,2026-04-08,7.2,4,2,2,0,5,3,5,157.9,59,
5099,51,2026-04-09,7.5,3,2,1,0,5,3,5,161.1,63,
5100,51,2026-04-10,7.7,3,2,0,0,5,2,5,159.5,63,
5101,52,2026-01-01,7.3,3,5,1,2,5,5,5,158.4,57,
5102,52,2026-01-02,5.4,1,4,0,2,4,5,5,160.3,52,
5103,52,2026-01-03,6.9,3,3,0,0,5,3,4,159.0,53,
5104,52,2026-01-04,6.8,3,3,1,1,5,3,5,160.1,56,
5105,52,2026-01-05,6.5,2,3,1,1,5,1,5,159.8,53,
5106,52,2026-01-06,6.0,1,2,2,1,5,4,5,158.3,54,
5107,52,2026-01-07,6.8,2,2,2,0,5,4,5,162.0,56,
5108,52,2026-01-08,8.6,3,3,3,1,5,3,5,159.6,52,
5109,52,2026-01-09,7.5,2,3,0,0,5,4,5,161.4,57,
5110,52,2026-01-10,7.0,2,3,0,0,5,2,5,160.9,53,
5111,52,2026-01-11,8.3,3,3,1,1,5,3,5,158.7,56,
5112,52,2026-01-12,6.5,2,3,1,2,5,4,4,159.8,53,
5113,52,2026-01-13,7.4,3,3,1,2,5,2,5,157.2,58,
5114,52,2026-01-14,6.5,1,4,2,0,5,3,5,156.4,56,
5115,52,2026-01-15,5.9,2,4,2,0,5,1,5,160.6,55,
5116,52,2026-01-16,7.2,3,3,5,1,5,3,4,158.8,54,
5117,52,2026-01-17,8.9,4,4,1,2,5,3,4,157.6,54,
5118,52,2026-01-18,6.0,2,3,3,0,5,4,4,158.5,56,
5119,52,2026-01-19,8.5,3,4,2,0,5,2,5,157.4,50,
5120,52,2026-01-20,8.8,4,3,0,1,5,4,5,160.8,50,
5121,52,2026-01-21,7.7,3,3,0,2,5,1,5,158.4,56,
5122,52,2026-01-22,7.0,2,3,0,0,5,3,5,156.7,57,
5123,52,2026-01-23,7.0,1,3,0,1,5,3,5,159.6,56,
5124,52,2026-01-24,8.2,3,3,2,0,5,5,5,159.3,50,
5125,52,2026-01-25,7.4,4,4,2,0,5,2,4,158.0,55,
5126,52,2026-01-26,6.3,2,3,2,0,5,3,5,157.5,54,
5127,52,2026-01-27,7.9,3,3,1,1,5,2,4,159.7,55,
5128,52,2026-01-28,7.0,3,4,2,0,5,4,5,158.3,58,
5129,52,2026-01-29,7.1,3,4,0,0,5,3,5,160.7,61,
5130,52,2026-01-30,7.3,3,5,0,1,5,3,5,158.5,58,
5131,52,2026-01-31,7.2,1,4,0,0,5,3,5,159.8,53,
5132,52,2026-02-01,8.2,3,5,0,1,5,3,5,155.0,59,
5133,52,2026-02-02,7.4,2,6,0,1,4,3,4,155.3,57,
5134,52,2026-02-03,6.4,1,7,3,0,4,3,4,158.4,60,
5135,52,2026-02-04,6.6,2,8,1,2,4,3,5,162.8,59,
5136,52,2026-02-05,7.0,1,8,4,2,4,2,2,157.2,55,
5137,52,2026-02-06,8.0,4,8,4,2,5,2,4,159.2,56,
5138,52,2026-02-07,7.0,2,8,1,2,5,3,5,158.5,57,
5139,52,2026-02-08,8.2,3,8,1,1,5,2,5,159.2,55,
5140,52,2026-02-09,7.6,3,8,4,1,3,4,3,155.1,60,
5141,52,2026-02-10,6.4,1,8,1,1,4,4,3,160.9,60,
5142,52,2026-02-11,6.9,2,8,4,2,5,5,4,158.9,58,
5143,52,2026-02-12,7.3,3,8,3,3,5,3,5,156.9,57,
5144,52,2026-02-13,8.5,5,9,3,3,5,4,5,156.6,57,
5145,52,2026-02-14,7.6,4,10,5,1,5,4,5,161.5,56,
5146,52,2026-02-15,7.8,2,9,4,1,5,4,5,158.9,57,
5147,52,2026-02-16,7.9,3,10,3,3,5,5,5,156.7,61,
5148,52,2026-02-17,7.3,3,10,2,3,5,4,5,157.8,59,
5149,52,2026-02-18,6.7,3,9,1,2,4,3,4,159.7,55,
5150,52,2026-02-19,7.4,1,10,4,3,5,3,5,160.6,55,
5151,52,2026-02-20,7.6,3,10,4,1,5,4,5,158.3,57,
5152,52,2026-02-21,7.7,3,10,2,1,5,4,4,158.6,59,
5153,52,2026-02-22,7.0,3,10,2,2,4,5,5,154.7,61,
5154,52,2026-02-23,8.1,3,10,1,2,5,4,5,160.2,62,
5155,52,2026-02-24,7.5,5,10,1,4,5,2,5,157.7,60,
5156,52,2026-02-25,8.4,4,10,1,1,5,2,5,159.5,58,
5157,52,2026-02-26,7.3,2,9,2,2,5,2,5,157.4,57,
5158,52,2026-02-27,7.4,3,9,2,1,5,4,5,157.1,63,
5159,52,2026-02-28,7.9,4,10,2,1,4,4,5,157.6,62,
5160,52,2026-03-01,8.0,4,9,6,3,5,3,5,157.9,53,
5161,52,2026-03-02,6.7,2,9,2,2,4,3,4,157.9,59,
5162,52,2026-03-03,6.5,2,9,2,3,5,3,5,160.8,62,
5163,52,2026-03-04,7.6,3,9,1,2,4,2,4,159.6,58,
5164,52,2026-03-05,7.1,2,9,1,2,5,2,5,160.2,60,
5165,52,2026-03-06,6.9,3,10,2,1,3,5,3,156.9,59,
5166,52,2026-03-07,7.3,2,9,3,1,5,3,4,158.2,59,
5167,52,2026-03-08,8.7,5,9,2,3,4,3,4,154.7,62,
5168,52,2026-03-09,9.0,5,10,4,2,5,4,3,156.2,59,
5169,52,2026-03-10,6.6,2,9,1,1,5,4,4,157.2,59,
5170,52,2026-03-11,7.5,3,9,2,2,5,3,5,159.0,57,
5171,52,2026-03-12,7.9,3,9,4,3,3,2,2,158.3,62,
5172,52,2026-03-13,6.9,3,9,3,1,5,4,5,158.1,57,
5173,52,2026-03-14,8.4,4,8,1,1,5,2,4,155.6,58,
5174,52,2026-03-15,8.8,2,8,2,2,5,3,5,156.0,56,
5175,52,2026-03-16,8.2,3,9,1,2,5,2,5,157.8,61,
5176,52,2026-03-17,7.3,2,9,2,2,4,2,4,158.3,62,
5177,52,2026-03-18,6.7,3,8,2,2,5,2,3,157.1,59,
5178,52,2026-03-19,8.3,3,8,3,3,5,3,5,156.5,60,
5179,52,2026-03-20,7.5,3,8,1,2,5,3,5,155.4,59,
5180,52,2026-03-21,7.3,2,9,5,2,5,4,5,157.8,61,
5181,52,2026-03-22,8.8,3,8,2,4,5,3,5,158.6,56,
5182,52,2026-03-23,7.2,2,8,1,2,5,5,4,159.6,64,
5183,52,2026-03-24,6.9,4,8,1,3,5,3,5,156.8,58,
5184,52,2026-03-25,7.3,2,8,1,1,5,4,5,158.2,55,
5185,52,2026-03-26,8.9,4,8,2,3,5,2,5,154.7,60,
5186,52,2026-03-27,6.7,2,9,2,1,5,4,5,159.1,55,
5187,52,2026-03-28,6.8,3,9,3,3,5,3,4,155.0,56,
5188,52,2026-03-29,8.3,3,9,2,1,5,3,5,159.1,57,
5189,52,2026-03-30,7.7,3,8,3,4,4,1,4,159.0,58,
5190,52,2026-03-31,8.5,4,9,3,1,4,2,4,157.9,57,
5191,52,2026-04-01,7.9,3,10,2,1,5,2,4,155.6,59,
5192,52,2026-04-02,7.4,2,10,2,2,4,4,4,156.7,61,
5193,52,2026-04-03,6.7,1,9,4,1,4,4,4,157.3,59,
5194,52,2026-04-04,6.9,2,10,3,1,5,2,4,159.6,61,
5195,52,2026-04-05,8.1,3,10,2,2,4,3,5,157.4,59,
5196,52,2026-04-06,7.4,2,9,2,1,5,3,5,157.9,55,
5197,52,2026-04-07,6.5,1,8,3,2,5,3,5,159.9,58,
5198,52,2026-04-08,8.0,3,9,1,3,5,3,5,156.8,58,
5199,52,2026-04-09,8.1,3,10,1,2,5,2,5,158.1,59,
5200,52,2026-04-10,7.5,3,10,2,1,4,2,4,159.3,57,
5201,53,2026-01-01,7.6,3,3,0,0,5,3,4,149.7,47,
5202,53,2026-01-02,7.3,3,4,1,1,5,1,5,146.4,47,
5203,53,2026-01-03,7.5,3,3,0,1,5,4,5,147.9,49,
5204,53,2026-01-04,7.8,2,3,0,2,5,2,5,149.4,46,
5205,53,2026-01-05,8.2,4,2,3,0,5,3,5,148.2,46,
5206,53,2026-01-06,7.5,2,3,1,1,5,4,4,149.1,47,
5207,53,2026-01-07,7.5,4,4,1,1,5,4,5,149.4,47,
5208,53,2026-01-08,8.5,3,4,1,0,5,4,5,148.3,48,
5209,53,2026-01-09,7.0,2,3,0,0,5,3,5,147.9,46,
5210,53,2026-01-10,8.6,4,3,2,1,5,3,5,148.9,48,
5211,53,2026-01-11,7.6,3,4,1,1,5,1,4,147.1,46,
5212,53,2026-01-12,5.8,2,4,2,2,4,3,4,148.7,48,
5213,53,2026-01-13,7.3,3,3,0,0,5,4,5,145.1,45,
5214,53,2026-01-14,8.1,3,3,1,0,5,3,5,148.0,49,
5215,53,2026-01-15,9.5,5,3,1,2,5,3,5,148.7,45,
5216,53,2026-01-16,8.3,3,2,3,0,5,3,5,148.9,53,
5217,53,2026-01-17,6.8,1,3,2,0,5,3,5,149.1,51,
5218,53,2026-01-18,5.7,2,2,2,1,5,4,5,144.6,48,
5219,53,2026-01-19,8.1,5,2,1,1,5,2,5,148.7,45,
5220,53,2026-01-20,8.6,4,2,2,1,5,3,5,149.5,49,
5221,53,2026-01-21,8.5,5,1,2,1,5,4,4,147.8,46,
5222,53,2026-01-22,7.9,3,2,1,0,5,5,5,150.4,47,
5223,53,2026-01-23,7.7,4,2,1,3,5,3,5,147.6,51,
5224,53,2026-01-24,7.7,2,2,1,1,5,2,4,150.4,45,
5225,53,2026-01-25,7.8,3,2,0,0,5,4,5,146.3,45,
5226,53,2026-01-26,8.9,4,1,4,1,5,2,5,147.7,46,
5227,53,2026-01-27,7.9,4,1,0,0,5,3,5,149.4,45,
5228,53,2026-01-28,8.1,3,1,1,1,5,2,5,147.2,45,
5229,53,2026-01-29,7.3,2,1,0,0,5,5,4,147.8,45,
5230,53,2026-01-30,6.8,1,1,0,1,5,4,5,145.8,45,
5231,53,2026-01-31,8.0,2,2,1,1,5,5,5,149.8,48,
5232,53,2026-02-01,7.4,2,2,2,1,5,5,5,149.0,48,
5233,53,2026-02-02,9.5,4,3,0,0,5,2,5,149.1,48,
5234,53,2026-02-03,7.4,3,3,1,1,5,1,5,148.1,45,
5235,53,2026-02-04,8.3,4,3,0,0,5,3,5,147.8,47,
5236,53,2026-02-05,8.7,4,3,2,0,5,3,5,149.2,46,
5237,53,2026-02-06,8.4,4,3,0,1,5,3,5,148.2,45,
5238,53,2026-02-07,8.6,4,4,3,0,5,3,5,147.6,51,
5239,53,2026-02-08,8.5,3,4,3,0,5,3,5,148.5,46,
5240,53,2026-02-09,7.9,3,4,0,1,5,5,5,146.2,48,
5241,53,2026-02-10,8.8,3,5,4,0,5,4,5,147.3,48,
5242,53,2026-02-11,9.3,5,5,2,1,5,3,5,149.4,47,
5243,53,2026-02-12,7.2,2,5,2,2,5,4,4,148.3,51,
5244,53,2026-02-13,9.4,5,6,1,2,5,3,5,147.9,50,
5245,53,2026-02-14,6.9,1,5,2,1,5,2,5,147.0,47,
5246,53,2026-02-15,8.8,3,4,1,0,5,2,5,147.3,52,
5247,53,2026-02-16,6.8,2,5,1,1,5,4,5,148.9,49,
5248,53,2026-02-17,7.4,3,4,0,1,5,5,5,148.3,48,
5249,53,2026-02-18,7.4,2,4,1,1,4,2,4,145.7,45,
5250,53,2026-02-19,8.5,3,4,5,1,5,3,3,148.2,48,
5251,53,2026-02-20,7.0,3,4,1,0,5,3,5,146.0,48,
5252,53,2026-02-21,8.4,4,4,1,2,5,3,5,148.9,48,
5253,53,2026-02-22,7.8,2,3,1,0,5,5,4,147.2,45,
5254,53,2026-02-23,7.6,2,3,1,0,5,1,3,147.9,45,
5255,53,2026-02-24,6.3,1,3,2,0,5,5,4,150.0,46,
5256,53,2026-02-25,7.9,3,4,0,2,5,2,5,147.1,48,
5257,53,2026-02-26,6.7,2,4,2,0,5,4,5,147.0,51,
5258,53,2026-02-27,6.3,2,4,1,1,5,3,5,148.1,46,
5259,53,2026-02-28,7.1,3,4,1,1,5,3,5,149.2,49,
5260,53,2026-03-01,8.2,3,5,0,2,5,4,5,147.3,48,
5261,53,2026-03-02,7.3,2,5,0,2,5,4,3,147.2,51,
5262,53,2026-03-03,6.1,1,4,1,2,4,3,4,145.7,49,
5263,53,2026-03-04,7.7,3,3,0,1,5,3,5,148.0,45,
5264,53,2026-03-05,7.7,3,2,2,1,5,2,4,143.9,46,
5265,53,2026-03-06,8.2,2,2,2,1,5,4,5,147.0,49,
5266,53,2026-03-07,8.2,3,2,1,0,5,3,5,148.3,45,
5267,53,2026-03-08,7.5,2,3,0,0,5,4,5,144.6,51,
5268,53,2026-03-09,7.9,3,2,1,0,5,2,5,145.5,45,
5269,53,2026-03-10,8.0,3,1,3,0,5,4,5,145.6,45,
5270,53,2026-03-11,7.6,2,2,2,0,5,4,5,147.4,47,
5271,53,2026-03-12,6.7,2,1,3,1,5,3,5,148.8,49,
5272,53,2026-03-13,7.9,3,2,1,0,5,3,5,147.6,45,
5273,53,2026-03-14,7.4,3,1,1,0,5,4,4,147.5,47,
5274,53,2026-03-15,9.4,5,1,2,0,5,4,5,149.0,45,
5275,53,2026-03-16,8.4,4,2,1,3,5,2,4,148.8,45,
5276,53,2026-03-17,8.4,3,3,0,1,5,1,5,146.4,46,
5277,53,2026-03-18,7.0,2,2,1,0,4,3,4,146.3,47,
5278,53,2026-03-19,9.1,3,2,1,1,5,1,5,145.1,45,
5279,53,2026-03-20,7.9,3,3,3,1,5,2,5,146.5,52,
5280,53,2026-03-21,8.6,3,3,1,1,5,4,5,145.8,45,
5281,53,2026-03-22,7.3,2,3,2,1,5,4,5,149.2,49,
5282,53,2026-03-23,7.0,2,3,2,1,5,1,5,150.2,48,
5283,53,2026-03-24,7.4,3,4,2,1,4,3,4,148.9,49,
5284,53,2026-03-25,8.3,3,3,2,0,5,2,5,143.6,48,
5285,53,2026-03-26,9.1,4,2,1,2,5,2,5,148.1,48,
5286,53,2026-03-27,7.3,2,2,1,0,5,2,5,145.9,45,
5287,53,2026-03-28,8.1,4,2,2,3,5,3,4,146.1,45,
5288,53,2026-03-29,8.0,3,2,2,0,5,2,5,148.0,46,
5289,53,2026-03-30,8.4,3,1,0,2,5,4,5,145.8,46,
5290,53,2026-03-31,6.7,2,1,2,1,5,2,4,143.8,47,
5291,53,2026-04-01,7.3,2,1,2,0,5,3,4,147.4,50,
5292,53,2026-04-02,7.5,3,2,2,0,5,4,5,146.8,45,
5293,53,2026-04-03,8.0,3,1,2,0,5,4,5,148.4,45,
5294,53,2026-04-04,9.2,3,1,1,1,5,1,4,148.0,46,
5295,53,2026-04-05,7.4,3,1,2,1,5,3,3,147.5,49,
5296,53,2026-04-06,7.4,3,2,1,1,5,3,5,148.5,45,
5297,53,2026-04-07,8.5,3,2,1,2,5,3,5,149.4,45,
5298,53,2026-04-08,8.0,3,3,1,0,5,4,5,145.2,48,
5299,53,2026-04-09,6.6,1,2,1,2,5,4,5,144.1,47,
5300,53,2026-04-10,8.9,4,1,0,0,5,5,5,147.9,47,
5301,54,2026-01-01,8.1,3,2,5,0,5,2,4,192.3,50,
5302,54,2026-01-02,8.2,4,2,1,3,5,5,5,193.1,52,
5303,54,2026-01-03,7.0,3,3,0,0,5,4,5,192.2,53,
5304,54,2026-01-04,7.7,2,4,0,1,5,2,4,192.8,52,
5305,54,2026-01-05,7.2,3,4,2,0,5,3,5,189.8,51,
5306,54,2026-01-06,7.6,4,5,0,1,5,3,4,190.8,53,
5307,54,2026-01-07,8.0,3,6,2,0,5,3,5,191.9,56,
5308,54,2026-01-08,7.6,2,7,1,0,5,3,4,195.6,55,
5309,54,2026-01-09,6.5,3,6,2,1,5,3,4,191.1,55,
5310,54,2026-01-10,7.2,2,5,1,2,5,3,4,194.3,51,
5311,54,2026-01-11,7.4,3,4,2,0,5,1,5,193.2,52,
5312,54,2026-01-12,7.8,4,3,1,3,5,2,5,191.3,51,
5313,54,2026-01-13,7.4,3,3,1,0,5,3,3,190.3,53,
5314,54,2026-01-14,7.1,1,4,1,2,5,4,5,190.4,54,
5315,54,2026-01-15,5.6,2,5,1,0,5,4,5,190.6,52,
5316,54,2026-01-16,7.4,4,5,2,1,5,4,4,193.1,52,
5317,54,2026-01-17,8.7,4,6,1,1,5,2,4,189.8,51,
5318,54,2026-01-18,8.0,3,6,2,1,5,2,5,189.8,59,
5319,54,2026-01-19,6.7,2,6,3,1,5,3,4,191.9,52,
5320,54,2026-01-20,7.6,3,6,1,0,5,5,5,188.4,54,
5321,54,2026-01-21,7.1,1,6,2,0,5,3,5,192.9,53,
5322,54,2026-01-22,7.4,3,7,3,1,4,3,4,191.6,56,
5323,54,2026-01-23,7.6,3,8,2,3,5,4,5,192.2,54,
5324,54,2026-01-24,7.3,2,8,1,1,5,3,5,190.0,55,
5325,54,2026-01-25,7.7,2,7,3,1,4,4,2,192.7,55,
5326,54,2026-01-26,7.7,3,7,4,1,5,2,5,191.9,57,
5327,54,2026-01-27,7.2,2,6,0,0,5,3,5,192.9,55,
5328,54,2026-01-28,7.9,3,7,1,2,5,3,5,190.8,53,
5329,54,2026-01-29,7.8,2,7,2,1,5,2,4,189.8,55,
5330,54,2026-01-30,6.5,1,6,1,2,4,2,3,191.2,50,
5331,54,2026-01-31,6.9,1,6,4,0,5,4,5,191.9,54,
5332,54,2026-02-01,7.6,4,6,1,1,5,3,5,191.6,55,
5333,54,2026-02-02,6.5,3,6,0,1,5,4,5,189.8,52,
5334,54,2026-02-03,6.9,2,6,2,0,5,2,5,191.5,53,
5335,54,2026-02-04,6.1,2,6,1,1,5,3,4,190.0,50,
5336,54,2026-02-05,7.6,3,5,2,0,5,1,5,191.8,55,
5337,54,2026-02-06,8.4,4,6,3,0,5,3,4,189.6,55,
5338,54,2026-02-07,7.4,3,5,2,1,5,3,5,194.5,53,
5339,54,2026-02-08,7.4,3,5,1,1,5,4,5,192.0,54,
5340,54,2026-02-09,7.3,2,6,0,0,5,3,5,189.4,54,
5341,54,2026-02-10,7.4,3,6,2,1,5,4,4,192.4,57,
5342,54,2026-02-11,6.2,1,5,3,2,5,2,5,190.5,53,
5343,54,2026-02-12,7.5,2,4,1,0,5,5,5,188.8,55,
5344,54,2026-02-13,6.7,1,4,1,1,5,3,4,190.3,53,
5345,54,2026-02-14,7.5,2,5,0,1,4,3,3,193.8,51,
5346,54,2026-02-15,7.5,2,5,1,0,5,3,5,191.4,50,
5347,54,2026-02-16,8.4,3,4,2,0,5,2,5,193.8,53,
5348,54,2026-02-17,8.2,3,4,2,1,5,3,5,191.2,50,
5349,54,2026-02-18,6.6,1,4,1,1,5,1,5,191.6,54,
5350,54,2026-02-19,7.1,3,4,1,0,5,4,5,191.5,49,
5351,54,2026-02-20,7.6,3,3,1,0,5,5,5,194.2,55,
5352,54,2026-02-21,8.5,5,3,0,0,5,5,5,194.1,52,
5353,54,2026-02-22,8.5,4,3,0,0,5,4,4,189.8,53,
5354,54,2026-02-23,6.5,2,4,2,0,4,2,4,189.2,58,
5355,54,2026-02-24,7.3,2,5,3,0,5,2,5,191.0,55,
5356,54,2026-02-25,7.7,2,6,1,1,4,2,3,191.1,53,
5357,54,2026-02-26,6.2,2,6,1,0,4,3,3,193.3,59,
5358,54,2026-02-27,8.0,3,6,3,3,5,3,4,189.2,56,
5359,54,2026-02-28,8.1,4,5,0,0,5,4,5,186.4,52,
5360,54,2026-03-01,6.9,3,6,4,1,5,3,4,192.1,52,
5361,54,2026-03-02,7.3,3,6,3,0,5,4,5,193.4,55,
5362,54,2026-03-03,8.1,4,6,1,0,5,3,5,192.0,53,
5363,54,2026-03-04,7.8,3,7,2,2,5,3,2,191.0,54,
5364,54,2026-03-05,7.4,3,7,2,2,4,2,5,190.4,56,
5365,54,2026-03-06,6.1,1,7,3,0,4,2,5,192.6,55,
5366,54,2026-03-07,7.4,2,8,1,1,4,3,4,191.4,54,
5367,54,2026-03-08,7.5,3,8,2,1,5,3,5,191.3,61,
5368,54,2026-03-09,7.3,1,7,2,0,5,2,4,188.2,55,
5369,54,2026-03-10,6.7,2,7,5,1,5,4,4,191.7,55,
5370,54,2026-03-11,7.5,2,6,0,0,5,3,5,188.9,51,
5371,54,2026-03-12,8.8,4,7,3,1,5,4,5,189.2,53,
5372,54,2026-03-13,6.7,2,7,1,2,5,3,5,189.9,59,
5373,54,2026-03-14,7.1,1,7,3,2,5,2,5,188.9,57,
5374,54,2026-03-15,7.0,3,7,2,1,5,2,4,192.8,55,
5375,54,2026-03-16,6.6,1,7,3,2,5,3,5,191.3,56,
5376,54,2026-03-17,8.2,3,6,0,1,4,3,5,189.1,54,
5377,54,2026-03-18,7.0,4,7,3,1,5,4,5,192.8,59,
5378,54,2026-03-19,7.4,2,6,2,0,5,2,5,191.7,52,
5379,54,2026-03-20,8.2,5,5,1,0,5,2,4,191.8,52,
5380,54,2026-03-21,7.8,3,5,2,0,5,2,4,189.2,53,
5381,54,2026-03-22,7.8,3,5,2,0,5,1,4,187.3,56,
5382,54,2026-03-23,8.1,2,6,1,3,4,1,3,190.4,54,
5383,54,2026-03-24,9.0,5,6,0,0,5,3,5,190.3,53,
5384,54,2026-03-25,6.9,2,6,1,2,5,4,5,192.0,55,
5385,54,2026-03-26,8.6,4,6,2,1,4,4,4,189.1,55,
5386,54,2026-03-27,6.7,2,6,2,0,5,1,5,191.4,51,
5387,54,2026-03-28,8.2,4,6,1,1,5,3,5,191.4,57,
5388,54,2026-03-29,8.1,3,5,2,0,5,3,5,191.5,51,
5389,54,2026-03-30,7.5,4,5,2,1,5,4,4,190.0,51,
5390,54,2026-03-31,7.9,4,4,0,0,5,2,5,194.3,54,
5391,54,2026-04-01,6.9,2,4,3,0,5,5,5,192.3,54,
5392,54,2026-04-02,7.7,3,4,2,1,5,4,5,190.0,51,
5393,54,2026-04-03,8.2,3,5,2,0,5,2,5,192.3,57,
5394,54,2026-04-04,8.2,3,5,3,1,5,3,3,192.4,54,
5395,54,2026-04-05,7.8,3,5,1,1,5,4,3,188.4,56,
5396,54,2026-04-06,6.8,2,4,2,1,5,2,5,188.8,53,
5397,54,2026-04-07,6.8,1,3,1,1,5,2,5,193.0,53,
5398,54,2026-04-08,7.5,3,3,0,1,5,3,4,188.9,50,
5399,54,2026-04-09,7.5,4,4,2,0,5,2,4,190.6,52,
5400,54,2026-04-10,7.8,3,5,2,2,5,3,5,191.2,55,
5401,55,2026-01-01,7.8,3,4,3,0,5,3,5,195.1,60,
5402,55,2026-01-02,7.1,2,5,0,0,5,3,5,198.5,62,
5403,55,2026-01-03,7.0,1,5,2,2,4,3,5,196.1,62,
5404,55,2026-01-04,8.2,4,5,2,2,5,3,5,193.0,61,
5405,55,2026-01-05,7.9,3,6,0,1,5,5,5,197.9,59,
5406,55,2026-01-06,6.5,1,6,0,0,5,3,4,197.8,64,
5407,55,2026-01-07,7.4,3,5,0,1,5,3,5,198.6,62,
5408,55,2026-01-08,7.4,3,4,1,1,5,4,5,198.1,63,
5409,55,2026-01-09,6.7,2,3,1,2,5,4,4,194.6,61,
5410,55,2026-01-10,8.8,4,3,1,2,5,2,5,195.8,56,
5411,55,2026-01-11,6.6,1,2,0,0,5,5,5,194.2,59,
5412,55,2026-01-12,6.9,3,1,3,0,5,3,5,193.8,57,
5413,55,2026-01-13,7.8,2,1,1,1,5,3,5,194.4,56,
5414,55,2026-01-14,6.3,2,1,2,1,5,3,5,196.2,60,
5415,55,2026-01-15,7.2,3,1,1,1,5,2,5,195.1,57,
5416,55,2026-01-16,7.6,3,2,2,1,5,4,5,196.0,63,
5417,55,2026-01-17,6.7,1,2,1,0,5,3,5,195.6,59,
5418,55,2026-01-18,7.6,3,3,1,1,5,4,4,194.3,60,
5419,55,2026-01-19,8.2,4,3,1,2,5,3,5,196.2,61,
5420,55,2026-01-20,8.0,2,3,2,1,5,4,5,196.9,59,
5421,55,2026-01-21,7.1,3,3,4,0,5,3,5,194.2,64,
5422,55,2026-01-22,7.6,3,4,1,0,5,3,5,196.3,62,
5423,55,2026-01-23,7.5,4,4,0,1,5,4,5,196.3,59,
5424,55,2026-01-24,7.2,3,3,1,0,5,3,5,194.5,62,
5425,55,2026-01-25,6.9,3,4,1,0,5,3,5,198.4,59,
5426,55,2026-01-26,8.0,3,5,1,1,5,4,5,191.9,59,
5427,55,2026-01-27,7.7,3,5,1,2,5,4,4,195.4,62,
5428,55,2026-01-28,6.7,3,6,1,1,5,3,5,193.0,62,
5429,55,2026-01-29,7.0,2,7,3,3,3,3,4,194.7,60,
5430,55,2026-01-30,7.7,2,8,1,1,5,3,4,196.4,66,
5431,55,2026-01-31,8.0,4,8,1,1,5,3,5,194.0,66,
5432,55,2026-02-01,6.0,1,8,1,3,4,5,4,196.1,65,
5433,55,2026-02-02,7.2,3,8,2,1,5,3,4,196.8,64,
5434,55,2026-02-03,5.2,1,9,2,2,5,4,5,197.2,67,
5435,55,2026-02-04,7.9,2,8,1,1,5,4,5,196.2,68,
5436,55,2026-02-05,6.9,3,8,3,4,3,4,2,194.8,64,
5437,55,2026-02-06,6.2,3,7,4,1,4,4,4,196.4,64,
5438,55,2026-02-07,6.6,1,7,2,0,5,5,4,195.2,64,
5439,55,2026-02-08,8.3,4,7,5,2,5,4,5,194.9,62,
5440,55,2026-02-09,6.8,1,6,0,0,4,3,4,195.4,62,
5441,55,2026-02-10,7.5,2,7,1,2,5,3,5,196.6,61,
5442,55,2026-02-11,7.5,3,7,1,1,5,3,5,196.8,67,
5443,55,2026-02-12,7.3,3,8,2,2,4,3,4,194.1,70,
5444,55,2026-02-13,7.0,1,8,4,2,5,4,5,196.9,69,
5445,55,2026-02-14,8.1,5,8,2,2,5,1,5,196.2,64,
5446,55,2026-02-15,7.6,5,7,1,1,5,3,5,196.2,62,
5447,55,2026-02-16,6.8,1,7,3,1,4,4,4,193.7,63,
5448,55,2026-02-17,6.9,3,7,5,0,5,3,5,194.0,61,
5449,55,2026-02-18,8.1,4,6,2,1,5,3,5,194.1,63,
5450,55,2026-02-19,8.2,3,7,3,0,5,4,5,192.8,62,
5451,55,2026-02-20,7.7,4,8,1,1,5,3,5,193.4,65,
5452,55,2026-02-21,8.3,4,8,4,3,5,4,5,195.7,64,
5453,55,2026-02-22,8.6,5,9,1,1,5,3,5,198.4,64,
5454,55,2026-02-23,5.3,1,8,3,1,4,3,4,194.4,66,
5455,55,2026-02-24,6.9,3,7,1,1,5,2,5,195.8,65,
5456,55,2026-02-25,7.0,2,6,3,0,5,3,5,195.8,65,
5457,55,2026-02-26,7.5,2,7,1,0,4,2,3,195.9,63,
5458,55,2026-02-27,6.8,2,8,1,3,4,3,5,198.7,61,
5459,55,2026-02-28,7.0,2,7,3,1,5,3,5,195.7,63,
5460,55,2026-03-01,7.9,2,7,2,0,4,1,4,192.9,61,
5461,55,2026-03-02,6.7,1,8,2,3,4,3,3,195.2,66,
5462,55,2026-03-03,6.8,3,7,2,0,5,5,4,197.2,60,
5463,55,2026-03-04,8.6,4,7,4,0,5,3,4,194.3,61,
5464,55,2026-03-05,6.1,2,8,4,1,5,3,5,195.1,63,
5465,55,2026-03-06,5.9,1,9,2,1,5,2,5,193.5,61,
5466,55,2026-03-07,6.5,1,9,2,1,4,2,4,193.4,61,
5467,55,2026-03-08,7.0,3,8,3,1,5,4,5,196.7,66,
5468,55,2026-03-09,5.5,1,9,4,1,4,3,3,197.1,66,
5469,55,2026-03-10,7.3,2,10,1,3,5,4,4,197.1,69,
5470,55,2026-03-11,7.5,4,10,1,5,4,3,3,194.1,66,
5471,55,2026-03-12,6.9,2,10,1,4,4,3,3,196.2,64,
5472,55,2026-03-13,7.8,4,10,2,3,4,4,4,196.8,63,
5473,55,2026-03-14,7.2,3,9,3,2,5,4,5,194.3,66,
5474,55,2026-03-15,7.8,2,10,3,1,4,3,3,191.7,64,
5475,55,2026-03-16,6.3,1,10,1,1,4,1,3,195.7,63,
5476,55,2026-03-17,6.5,2,9,1,2,4,2,5,195.8,67,
5477,55,2026-03-18,7.7,3,9,1,1,4,5,4,194.0,65,
5478,55,2026-03-19,8.1,3,9,2,1,5,2,5,194.6,66,
5479,55,2026-03-20,7.8,2,9,3,2,5,3,5,193.4,62,
5480,55,2026-03-21,6.3,2,10,2,1,5,3,4,194.1,64,
5481,55,2026-03-22,7.5,3,9,2,2,4,3,4,194.8,63,
5482,55,2026-03-23,7.9,2,9,2,1,4,4,4,193.0,64,
5483,55,2026-03-24,6.7,1,9,3,1,5,3,5,196.5,63,
5484,55,2026-03-25,6.2,1,8,3,1,5,4,5,191.1,61,
5485,55,2026-03-26,7.2,4,9,1,3,5,2,5,194.8,67,
5486,55,2026-03-27,8.2,4,10,2,1,5,3,5,196.6,63,
5487,55,2026-03-28,7.3,1,9,2,2,4,3,4,193.5,65,
5488,55,2026-03-29,7.6,3,8,2,3,5,3,4,192.5,65,
5489,55,2026-03-30,7.0,1,7,2,2,5,4,5,192.9,61,
5490,55,2026-03-31,7.7,3,6,2,1,5,2,4,195.1,62,
5491,55,2026-04-01,6.6,2,7,2,1,5,4,4,194.1,62,
5492,55,2026-04-02,7.3,2,7,2,1,5,5,5,193.2,63,
5493,55,2026-04-03,7.2,4,7,1,2,5,2,4,194.2,65,
5494,55,2026-04-04,7.0,3,8,3,2,4,5,5,192.8,64,
5495,55,2026-04-05,6.7,2,8,4,1,5,4,5,192.0,61,
5496,55,2026-04-06,6.9,3,8,3,3,5,4,5,195.4,65,
5497,55,2026-04-07,7.3,3,7,2,1,5,5,4,194.0,64,
5498,55,2026-04-08,7.3,2,6,0,1,5,3,5,194.3,63,
5499,55,2026-04-09,6.5,1,6,3,0,5,3,5,194.7,63,
5500,55,2026-04-10,6.6,2,6,1,0,5,3,4,193.3,65,
5501,56,2026-01-01,8.7,4,3,2,0,5,2,5,215.2,55,
5502,56,2026-01-02,8.2,3,3,2,1,5,3,5,216.3,59,
5503,56,2026-01-03,6.9,3,4,1,1,5,3,4,219.6,61,
5504,56,2026-01-04,7.3,3,3,2,1,5,5,4,214.0,56,
5505,56,2026-01-05,7.7,4,3,1,1,5,4,5,218.8,58,
5506,56,2026-01-06,7.1,2,2,2,0,5,5,4,217.5,55,
5507,56,2026-01-07,8.6,3,2,0,0,5,3,5,215.9,54,
5508,56,2026-01-08,7.9,3,1,0,1,5,2,4,216.9,57,
5509,56,2026-01-09,6.9,2,1,1,2,5,2,5,216.3,54,
5510,56,2026-01-10,7.9,3,1,3,0,5,3,5,215.0,54,
5511,56,2026-01-11,5.8,1,1,1,0,5,2,5,218.7,56,
5512,56,2026-01-12,7.5,2,1,0,1,5,4,5,218.7,57,
5513,56,2026-01-13,6.5,3,1,1,1,5,3,5,216.7,55,
5514,56,2026-01-14,5.2,1,1,2,0,5,3,5,218.0,54,
5515,56,2026-01-15,7.0,3,1,2,1,5,5,5,215.8,57,
5516,56,2026-01-16,7.3,2,2,3,2,5,1,5,218.8,57,
5517,56,2026-01-17,8.1,4,2,3,3,5,3,5,218.2,59,
5518,56,2026-01-18,7.2,2,2,3,1,5,2,4,215.6,51,
5519,56,2026-01-19,7.3,3,2,0,1,5,2,5,214.1,50,
5520,56,2026-01-20,7.0,2,1,1,2,5,2,5,214.6,56,
5521,56,2026-01-21,8.3,4,1,2,1,5,3,4,217.3,51,
5522,56,2026-01-22,8.7,4,1,2,0,5,3,5,215.5,54,
5523,56,2026-01-23,7.2,3,1,2,1,5,4,5,214.2,56,
5524,56,2026-01-24,7.3,3,1,0,1,5,3,4,218.0,58,
5525,56,2026-01-25,7.9,3,1,0,1,5,2,4,217.4,54,
5526,56,2026-01-26,8.9,3,1,1,2,5,4,4,215.3,54,
5527,56,2026-01-27,8.7,5,1,1,2,5,4,4,217.5,52,
5528,56,2026-01-28,7.2,3,2,0,3,5,3,5,215.0,54,
5529,56,2026-01-29,7.4,3,3,2,0,5,5,4,215.4,54,
5530,56,2026-01-30,7.4,3,3,0,0,5,3,5,216.9,55,
5531,56,2026-01-31,8.7,5,4,1,0,5,3,5,215.9,54,
5532,56,2026-02-01,7.9,4,4,0,0,5,3,5,216.6,56,
5533,56,2026-02-02,6.8,1,3,0,0,5,3,5,216.1,57,
5534,56,2026-02-03,7.2,3,4,3,1,5,3,5,216.5,60,
5535,56,2026-02-04,9.0,4,4,0,2,5,3,5,214.8,58,
5536,56,2026-02-05,7.8,3,4,1,0,5,5,5,216.0,57,
5537,56,2026-02-06,8.5,4,4,2,0,5,4,5,215.3,59,
5538,56,2026-02-07,6.8,1,3,2,0,5,1,4,214.7,58,
5539,56,2026-02-08,6.9,2,2,1,1,5,3,5,213.5,55,
5540,56,2026-02-09,8.3,2,2,0,2,5,2,5,215.8,55,
5541,56,2026-02-10,8.2,2,2,4,0,5,4,5,215.9,56,
5542,56,2026-02-11,7.4,2,3,0,0,5,4,5,217.5,52,
5543,56,2026-02-12,5.9,2,4,2,0,4,3,4,215.1,58,
5544,56,2026-02-13,6.8,1,4,1,1,5,4,5,212.8,59,
5545,56,2026-02-14,7.8,2,5,1,0,4,3,3,215.4,57,
5546,56,2026-02-15,8.4,3,5,0,1,5,1,3,215.5,59,
5547,56,2026-02-16,7.7,3,4,0,2,5,2,5,218.6,56,
5548,56,2026-02-17,7.0,3,5,1,0,5,3,5,215.6,56,
5549,56,2026-02-18,7.5,4,4,0,0,5,2,4,215.9,58,
5550,56,2026-02-19,8.0,3,3,1,1,5,4,2,212.8,58,
5551,56,2026-02-20,7.2,3,3,1,0,5,2,5,216.4,57,
5552,56,2026-02-21,9.5,5,2,0,0,5,4,5,215.6,52,
5553,56,2026-02-22,9.2,4,1,1,1,5,1,4,213.4,54,
5554,56,2026-02-23,6.9,2,1,0,0,5,2,5,215.9,58,
5555,56,2026-02-24,9.2,4,1,1,1,5,5,5,214.5,53,
5556,56,2026-02-25,7.2,3,1,1,0,5,3,5,215.6,57,
5557,56,2026-02-26,7.0,2,1,0,0,5,4,5,214.0,56,
5558,56,2026-02-27,7.4,2,2,0,1,5,3,5,218.6,59,
5559,56,2026-02-28,7.6,4,2,3,1,5,4,5,214.4,54,
5560,56,2026-03-01,8.3,3,2,1,0,5,3,5,215.1,55,
5561,56,2026-03-02,7.9,3,2,4,0,5,3,3,216.5,55,
5562,56,2026-03-03,7.3,4,3,1,1,5,4,5,217.3,58,
5563,56,2026-03-04,7.8,4,4,3,1,5,5,5,212.3,54,
5564,56,2026-03-05,6.9,3,4,0,1,5,3,5,214.6,53,
5565,56,2026-03-06,7.6,3,4,0,1,5,2,5,214.7,57,
5566,56,2026-03-07,8.4,4,3,2,2,5,4,5,214.0,53,
5567,56,2026-03-08,8.6,4,4,0,0,5,2,4,217.2,56,
5568,56,2026-03-09,7.4,4,4,0,1,5,3,5,215.4,57,
5569,56,2026-03-10,6.7,2,5,0,0,4,4,5,214.7,58,
5570,56,2026-03-11,7.5,2,6,2,2,5,2,5,214.2,57,
5571,56,2026-03-12,7.8,2,7,2,0,5,4,5,215.6,60,
5572,56,2026-03-13,7.6,4,6,1,0,5,5,5,212.6,56,
5573,56,2026-03-14,7.5,3,5,1,0,5,2,4,215.0,60,
5574,56,2026-03-15,9.2,4,4,1,1,5,4,4,215.7,58,
5575,56,2026-03-16,7.0,3,5,2,1,5,2,5,215.0,57,
5576,56,2026-03-17,7.6,3,5,1,0,5,3,5,213.2,56,
5577,56,2026-03-18,7.7,2,4,1,1,5,3,5,215.2,57,
5578,56,2026-03-19,7.7,2,4,1,0,5,2,5,214.7,59,
5579,56,2026-03-20,6.0,1,4,0,1,5,2,5,215.1,59,
5580,56,2026-03-21,8.0,2,4,1,0,5,2,5,215.0,58,
5581,56,2026-03-22,7.1,3,4,0,0,5,3,5,214.7,57,
5582,56,2026-03-23,8.0,5,4,3,1,5,3,5,215.5,56,
5583,56,2026-03-24,7.3,3,4,2,0,5,3,5,214.8,58,
5584,56,2026-03-25,7.7,2,4,1,0,5,3,5,215.0,54,
5585,56,2026-03-26,8.0,3,4,2,0,5,3,5,214.2,57,
5586,56,2026-03-27,7.3,2,4,2,0,5,4,5,216.3,55,
5587,56,2026-03-28,9.3,4,5,1,0,5,3,5,217.4,59,
5588,56,2026-03-29,8.7,4,6,3,0,5,3,5,214.9,60,
5589,56,2026-03-30,7.4,3,6,3,0,5,2,5,214.1,57,
5590,56,2026-03-31,6.9,2,5,0,0,5,3,5,214.8,59,
5591,56,2026-04-01,6.4,1,4,0,0,5,2,5,214.4,59,
5592,56,2026-04-02,7.4,4,4,1,1,5,3,5,213.7,56,
5593,56,2026-04-03,7.7,3,3,1,1,4,3,5,215.3,57,
5594,56,2026-04-04,6.5,2,2,0,3,5,5,5,215.4,56,
5595,56,2026-04-05,8.3,4,3,3,1,5,2,5,212.4,52,
5596,56,2026-04-06,8.9,4,2,1,0,5,4,4,216.2,57,
5597,56,2026-04-07,6.7,2,2,1,2,5,4,4,216.8,60,
5598,56,2026-04-08,6.8,2,2,1,1,5,4,4,212.3,58,
5599,56,2026-04-09,6.4,2,3,2,2,5,1,5,212.8,56,
5600,56,2026-04-10,7.6,2,3,1,1,5,4,4,214.2,57,
5601,57,2026-01-01,5.0,1,5,2,0,3,4,2,155.4,56,
5602,57,2026-01-02,6.6,2,5,0,0,5,2,4,155.1,56,
5603,57,2026-01-03,8.9,4,6,2,0,5,3,4,154.5,54,
5604,57,2026-01-04,6.0,2,6,1,1,5,4,5,156.8,56,
5605,57,2026-01-05,7.6,2,7,1,1,5,3,5,153.5,56,
5606,57,2026-01-06,6.8,1,7,1,0,5,3,5,157.9,55,
5607,57,2026-01-07,6.3,2,6,2,0,5,3,5,155.8,52,
5608,57,2026-01-08,5.6,1,5,0,1,5,2,3,157.9,54,
5609,57,2026-01-09,6.4,1,5,1,0,5,3,5,156.8,54,
5610,57,2026-01-10,6.6,1,5,1,1,5,3,5,152.0,56,
5611,57,2026-01-11,7.3,3,4,2,2,5,5,5,156.3,56,
5612,57,2026-01-12,6.3,2,4,0,1,5,3,5,154.1,54,
5613,57,2026-01-13,6.8,3,4,3,1,5,2,5,156.4,55,
5614,57,2026-01-14,6.8,2,3,2,0,5,3,5,154.9,55,
5615,57,2026-01-15,6.2,2,3,0,2,5,2,5,154.8,55,
5616,57,2026-01-16,7.0,2,3,2,1,5,2,5,153.2,55,
5617,57,2026-01-17,7.4,2,3,2,0,5,2,5,154.8,51,
5618,57,2026-01-18,6.6,1,3,1,2,5,2,5,157.5,53,
5619,57,2026-01-19,6.8,2,4,0,1,5,4,5,152.6,55,
5620,57,2026-01-20,6.8,3,5,1,2,4,4,4,154.4,53,
5621,57,2026-01-21,7.7,3,5,1,1,5,3,5,153.8,55,
5622,57,2026-01-22,5.5,1,5,2,2,5,3,5,155.7,54,
5623,57,2026-01-23,6.3,2,5,2,0,5,3,5,150.2,54,
5624,57,2026-01-24,8.2,4,5,1,1,5,3,3,155.2,58,
5625,57,2026-01-25,5.9,2,4,0,0,5,3,5,153.3,55,
5626,57,2026-01-26,6.2,1,4,2,2,5,3,4,156.4,52,
5627,57,2026-01-27,6.0,1,4,1,0,4,2,4,154.8,51,
5628,57,2026-01-28,6.7,3,4,2,0,5,4,5,155.7,55,
5629,57,2026-01-29,6.3,3,4,0,2,5,4,5,158.1,51,
5630,57,2026-01-30,7.5,4,4,1,0,5,4,5,156.6,51,
5631,57,2026-01-31,6.5,1,3,0,0,5,4,5,155.8,54,
5632,57,2026-02-01,6.0,2,4,2,0,5,2,5,153.8,56,
5633,57,2026-02-02,7.7,3,3,2,1,5,3,5,152.8,55,
5634,57,2026-02-03,5.9,2,3,2,0,5,4,5,159.4,53,
5635,57,2026-02-04,6.7,2,3,0,2,5,3,5,155.0,56,
5636,57,2026-02-05,6.7,2,3,1,0,5,3,4,157.0,54,
5637,57,2026-02-06,7.1,3,2,1,0,5,3,5,155.0,52,
5638,57,2026-02-07,6.7,2,2,1,0,5,2,5,156.2,52,
5639,57,2026-02-08,7.8,3,2,1,2,5,3,5,152.9,51,
5640,57,2026-02-09,6.4,2,2,0,0,5,2,5,154.4,49,
5641,57,2026-02-10,6.5,2,2,1,0,5,4,5,154.3,51,
5642,57,2026-02-11,5.8,1,2,2,1,5,4,5,158.0,51,
5643,57,2026-02-12,6.6,3,3,1,3,5,5,5,155.5,52,
5644,57,2026-02-13,6.2,1,3,3,3,5,2,5,156.8,55,
5645,57,2026-02-14,7.3,3,3,0,1,5,4,5,156.0,50,
5646,57,2026-02-15,6.3,1,4,1,0,4,2,5,156.5,49,
5647,57,2026-02-16,6.5,3,5,0,0,5,3,5,152.3,57,
5648,57,2026-02-17,7.6,2,4,2,0,5,3,5,154.3,53,
5649,57,2026-02-18,6.0,1,3,2,1,5,3,5,154.5,56,
5650,57,2026-02-19,7.5,4,3,2,0,5,5,5,153.7,52,
5651,57,2026-02-20,6.7,3,4,0,1,5,3,5,155.3,52,
5652,57,2026-02-21,7.8,3,5,1,1,4,3,5,155.4,54,
5653,57,2026-02-22,6.0,1,6,1,0,5,3,5,152.1,56,
5654,57,2026-02-23,6.7,2,6,1,1,5,4,5,153.2,54,
5655,57,2026-02-24,6.1,1,6,1,1,5,5,5,156.5,57,
5656,57,2026-02-25,6.3,3,5,0,2,5,2,4,153.8,55,
5657,57,2026-02-26,7.6,5,5,3,3,5,3,5,156.1,55,
5658,57,2026-02-27,7.2,1,5,1,0,5,3,5,154.5,55,
5659,57,2026-02-28,6.7,2,4,1,0,5,4,5,153.2,55,
5660,57,2026-03-01,7.1,2,3,0,0,5,3,5,154.2,53,
5661,57,2026-03-02,6.8,2,3,1,1,5,3,4,153.4,52,
5662,57,2026-03-03,6.0,2,3,2,0,5,4,5,155.8,57,
5663,57,2026-03-04,5.4,1,2,1,1,5,3,4,153.5,53,
5664,57,2026-03-05,7.1,2,3,2,0,5,4,4,153.8,53,
5665,57,2026-03-06,5.6,1,3,2,0,5,3,4,152.8,56,
5666,57,2026-03-07,7.5,3,3,1,3,5,4,5,153.1,52,
5667,57,2026-03-08,7.2,2,4,2,0,5,3,5,152.1,56,
5668,57,2026-03-09,7.2,1,4,1,0,5,5,5,151.7,53,
5669,57,2026-03-10,6.3,1,4,3,1,5,2,5,155.0,52,
5670,57,2026-03-11,6.2,3,3,0,1,5,3,5,157.1,54,
5671,57,2026-03-12,6.4,2,3,0,1,5,4,5,152.3,53,
5672,57,2026-03-13,7.7,3,2,1,3,5,2,5,151.9,51,
5673,57,2026-03-14,6.2,2,3,4,0,5,5,4,155.8,54,
5674,57,2026-03-15,6.7,1,2,2,0,5,4,5,153.0,49,
5675,57,2026-03-16,7.8,4,3,1,0,5,3,4,153.8,54,
5676,57,2026-03-17,6.7,1,4,2,0,5,4,5,153.2,50,
5677,57,2026-03-18,7.1,3,3,1,4,5,2,4,152.3,50,
5678,57,2026-03-19,5.8,2,3,0,1,5,3,5,155.5,52,
5679,57,2026-03-20,7.6,3,4,3,3,5,2,5,152.0,54,
5680,57,2026-03-21,5.9,1,5,2,0,5,3,5,153.4,57,
5681,57,2026-03-22,7.5,2,6,3,2,5,4,5,152.5,56,
5682,57,2026-03-23,6.1,1,7,3,1,4,3,5,154.3,60,
5683,57,2026-03-24,6.7,4,8,4,3,5,4,5,151.6,55,
5684,57,2026-03-25,7.7,4,8,2,4,5,3,5,154.9,56,
5685,57,2026-03-26,5.6,1,9,2,2,2,4,2,154.8,58,
5686,57,2026-03-27,7.3,4,10,2,1,4,3,5,151.6,57,
5687,57,2026-03-28,7.6,3,10,2,1,5,4,4,154.8,56,
5688,57,2026-03-29,6.6,2,10,3,1,3,4,3,154.6,63,
5689,57,2026-03-30,6.1,1,10,2,2,5,4,5,151.5,57,
5690,57,2026-03-31,6.4,1,10,3,1,5,3,4,154.5,63,
5691,57,2026-04-01,5.7,2,10,2,1,4,3,5,155.0,60,
5692,57,2026-04-02,5.3,1,10,3,2,4,4,5,154.6,58,
5693,57,2026-04-03,6.4,1,9,3,1,5,4,5,151.2,59,
5694,57,2026-04-04,6.0,3,10,4,1,5,1,5,153.7,58,
5695,57,2026-04-05,6.0,3,10,2,2,3,3,4,154.7,59,
5696,57,2026-04-06,6.6,1,10,3,1,4,3,4,152.8,57,
5697,57,2026-04-07,6.9,2,10,2,1,3,4,3,153.6,60,
5698,57,2026-04-08,6.2,1,10,4,3,4,4,5,157.0,60,
5699,57,2026-04-09,8.0,4,10,3,1,4,4,3,154.8,60,
5700,57,2026-04-10,6.0,1,10,4,1,3,4,3,154.4,62,
5701,58,2026-01-01,7.3,2,1,2,1,5,2,5,182.5,58,
5702,58,2026-01-02,7.6,3,1,0,2,5,3,5,184.5,57,
5703,58,2026-01-03,8.3,3,1,0,0,5,1,5,181.3,59,
5704,58,2026-01-04,7.5,2,1,0,1,5,2,5,181.4,57,
5705,58,2026-01-05,5.9,1,1,0,0,5,3,5,182.0,58,
5706,58,2026-01-06,7.4,2,2,1,3,5,1,4,181.0,62,
5707,58,2026-01-07,6.6,1,2,1,1,4,4,5,185.8,58,
5708,58,2026-01-08,7.8,3,2,1,0,5,4,4,183.4,59,
5709,58,2026-01-09,7.2,2,1,3,0,5,3,5,181.7,55,
5710,58,2026-01-10,7.2,2,1,3,1,5,2,5,181.2,58,
5711,58,2026-01-11,8.9,4,1,0,2,5,4,5,180.9,57,
5712,58,2026-01-12,7.3,2,1,1,0,5,3,5,183.7,58,
5713,58,2026-01-13,6.2,2,1,1,0,5,2,5,184.2,54,
5714,58,2026-01-14,7.6,3,2,0,0,5,3,4,181.3,57,
5715,58,2026-01-15,7.9,3,2,0,0,5,3,5,183.9,56,
5716,58,2026-01-16,7.7,2,3,0,1,5,4,5,180.7,61,
5717,58,2026-01-17,6.9,2,3,0,0,5,3,5,182.1,58,
5718,58,2026-01-18,7.3,1,4,1,1,4,3,5,183.5,62,
5719,58,2026-01-19,7.4,3,4,0,1,5,5,4,180.8,57,
5720,58,2026-01-20,6.9,2,4,4,1,5,1,5,180.2,60,
5721,58,2026-01-21,7.9,3,3,1,1,5,4,5,184.8,58,
5722,58,2026-01-22,7.8,3,3,1,0,5,2,5,184.9,58,
5723,58,2026-01-23,8.0,3,2,1,1,5,1,5,182.4,55,
5724,58,2026-01-24,6.8,1,3,3,0,5,2,4,180.3,61,
5725,58,2026-01-25,8.6,4,2,2,0,5,4,5,180.3,62,
5726,58,2026-01-26,7.9,4,3,1,0,5,3,5,184.0,60,
5727,58,2026-01-27,6.9,2,2,0,0,5,3,5,182.6,61,
5728,58,2026-01-28,6.3,2,2,3,0,5,4,5,183.7,59,
5729,58,2026-01-29,8.7,4,2,1,1,5,4,5,182.7,57,
5730,58,2026-01-30,7.3,3,3,2,1,5,2,4,181.8,59,
5731,58,2026-01-31,8.3,3,3,1,0,5,4,5,181.1,58,
5732,58,2026-02-01,8.6,4,2,1,4,5,3,5,181.8,61,
5733,58,2026-02-02,8.0,3,3,1,1,5,1,4,179.0,60,
5734,58,2026-02-03,8.3,4,3,2,0,5,2,4,182.2,58,
5735,58,2026-02-04,8.1,3,4,0,4,5,3,4,182.5,62,
5736,58,2026-02-05,7.0,2,3,1,1,5,4,5,181.3,58,
5737,58,2026-02-06,6.7,1,3,3,2,5,4,5,183.5,57,
5738,58,2026-02-07,7.9,4,4,1,0,5,4,5,183.2,63,
5739,58,2026-02-08,7.2,1,5,1,2,4,2,3,181.6,61,
5740,58,2026-02-09,6.0,2,6,1,2,5,3,5,181.1,63,
5741,58,2026-02-10,7.7,4,5,1,3,5,2,5,182.5,61,
5742,58,2026-02-11,6.7,3,5,0,0,5,4,4,181.9,61,
5743,58,2026-02-12,7.7,2,6,0,1,5,4,5,182.3,59,
5744,58,2026-02-13,7.5,4,6,1,1,4,2,4,183.5,60,
5745,58,2026-02-14,6.6,2,6,0,1,5,3,5,180.5,63,
5746,58,2026-02-15,9.0,5,5,2,1,5,3,4,183.1,58,
5747,58,2026-02-16,8.6,3,5,0,0,5,2,5,182.4,62,
5748,58,2026-02-17,7.8,3,5,0,3,5,4,4,184.1,60,
5749,58,2026-02-18,7.7,3,4,2,0,5,3,5,180.0,59,
5750,58,2026-02-19,6.6,2,4,0,0,5,2,5,180.4,55,
5751,58,2026-02-20,7.2,2,5,1,0,5,4,5,177.8,61,
5752,58,2026-02-21,8.0,3,5,2,1,5,3,4,181.2,59,
5753,58,2026-02-22,7.8,2,6,0,1,5,4,5,183.1,66,
5754,58,2026-02-23,6.8,1,7,3,1,4,2,5,183.2,69,
5755,58,2026-02-24,7.2,2,6,0,1,4,3,4,183.2,61,
5756,58,2026-02-25,7.3,3,5,1,2,5,4,5,179.1,61,
5757,58,2026-02-26,7.0,3,5,3,1,5,4,3,183.4,58,
5758,58,2026-02-27,7.2,3,6,0,2,5,4,5,181.9,63,
5759,58,2026-02-28,7.8,4,7,2,0,5,4,5,180.3,65,
5760,58,2026-03-01,8.1,4,7,3,1,5,3,5,179.8,62,
5761,58,2026-03-02,7.1,2,6,2,1,3,1,4,177.7,58,
5762,58,2026-03-03,7.4,3,6,1,0,4,3,4,182.3,57,
5763,58,2026-03-04,6.7,3,6,0,0,5,2,4,177.9,61,
5764,58,2026-03-05,7.4,3,6,3,0,5,3,4,182.8,63,
5765,58,2026-03-06,8.1,2,7,4,3,5,4,5,183.3,61,
5766,58,2026-03-07,7.5,3,7,2,1,5,3,5,182.2,62,
5767,58,2026-03-08,7.4,3,7,1,1,5,2,4,181.7,65,
5768,58,2026-03-09,8.4,5,7,1,1,5,2,5,178.6,60,
5769,58,2026-03-10,7.5,2,7,3,1,4,1,3,180.8,68,
5770,58,2026-03-11,7.9,4,6,2,3,4,1,2,182.3,61,
5771,58,2026-03-12,8.1,2,6,1,0,5,4,5,177.7,63,
5772,58,2026-03-13,7.0,1,6,0,2,4,2,4,179.5,60,
5773,58,2026-03-14,7.3,2,5,0,2,5,4,4,177.2,64,
5774,58,2026-03-15,7.8,4,4,2,0,5,5,5,180.1,62,
5775,58,2026-03-16,7.3,2,3,4,0,5,3,4,182.9,57,
5776,58,2026-03-17,7.7,3,4,0,1,5,4,5,181.8,61,
5777,58,2026-03-18,7.6,3,4,3,0,5,2,5,181.7,58,
5778,58,2026-03-19,6.2,2,4,0,0,5,2,5,179.2,59,
5779,58,2026-03-20,7.2,3,4,0,0,5,3,4,182.2,62,
5780,58,2026-03-21,8.4,3,5,1,0,5,4,5,181.2,58,
5781,58,2026-03-22,7.8,3,4,1,0,5,2,5,182.1,64,
5782,58,2026-03-23,8.0,4,5,0,0,5,3,5,181.4,58,
5783,58,2026-03-24,6.4,1,5,0,0,5,4,5,177.8,60,
5784,58,2026-03-25,7.2,2,5,3,1,5,4,4,180.2,60,
5785,58,2026-03-26,6.6,3,5,5,0,5,3,5,181.2,62,
5786,58,2026-03-27,6.9,2,5,3,1,5,3,5,182.0,60,
5787,58,2026-03-28,8.4,4,5,1,0,5,3,4,181.2,58,
5788,58,2026-03-29,8.4,4,4,1,1,5,3,5,179.1,56,
5789,58,2026-03-30,8.0,2,4,0,1,5,4,5,180.9,62,
5790,58,2026-03-31,8.5,4,3,3,2,5,3,5,183.9,60,
5791,58,2026-04-01,7.9,3,4,1,2,5,3,5,179.3,58,
5792,58,2026-04-02,7.0,2,4,0,0,5,2,5,179.9,66,
5793,58,2026-04-03,8.0,2,5,1,1,5,3,5,183.0,60,
5794,58,2026-04-04,7.7,3,6,1,2,5,5,5,182.3,63,
5795,58,2026-04-05,6.7,3,6,1,0,5,2,5,178.0,63,
5796,58,2026-04-06,6.4,2,6,1,0,5,2,5,183.9,64,
5797,58,2026-04-07,6.9,2,7,1,0,4,4,5,181.8,65,
5798,58,2026-04-08,8.7,2,7,3,0,5,4,4,179.5,61,
5799,58,2026-04-09,6.5,2,6,2,1,4,3,5,177.6,59,
5800,58,2026-04-10,7.2,3,6,0,0,5,3,4,180.8,62,
5801,59,2026-01-01,5.0,1,3,2,0,5,2,5,172.0,52,
5802,59,2026-01-02,6.3,2,2,1,1,5,4,5,178.2,51,
5803,59,2026-01-03,6.6,2,1,4,2,5,4,5,176.3,52,
5804,59,2026-01-04,7.4,3,1,1,1,5,3,4,174.6,48,
5805,59,2026-01-05,6.8,1,1,4,1,5,1,4,173.2,52,
5806,59,2026-01-06,5.4,2,1,2,0,5,2,5,175.2,52,
5807,59,2026-01-07,6.3,1,1,1,0,5,4,5,176.7,53,
5808,59,2026-01-08,7.4,3,1,1,1,5,3,5,173.5,50,
5809,59,2026-01-09,7.5,2,1,2,0,5,4,5,176.9,51,
5810,59,2026-01-10,6.5,2,1,0,1,4,4,3,175.5,51,
5811,59,2026-01-11,5.3,1,2,0,0,5,4,4,176.7,56,
5812,59,2026-01-12,7.1,3,2,1,1,5,3,5,175.2,51,
5813,59,2026-01-13,6.3,2,1,1,1,5,3,4,174.7,51,
5814,59,2026-01-14,6.6,3,1,0,0,5,3,5,178.9,52,
5815,59,2026-01-15,8.2,3,2,3,1,5,3,5,174.8,50,
5816,59,2026-01-16,6.7,1,1,2,2,5,3,5,175.8,49,
5817,59,2026-01-17,7.2,3,1,2,2,5,4,5,175.8,49,
5818,59,2026-01-18,5.8,1,1,1,2,5,5,4,174.9,54,
5819,59,2026-01-19,5.6,1,1,1,3,5,1,4,174.3,54,
5820,59,2026-01-20,8.5,3,1,0,4,5,3,5,174.4,50,
5821,59,2026-01-21,5.8,1,2,0,1,5,2,5,175.0,55,
5822,59,2026-01-22,6.4,1,2,0,1,5,4,5,175.2,52,
5823,59,2026-01-23,5.6,2,2,2,0,5,4,5,173.3,53,
5824,59,2026-01-24,6.9,2,3,2,2,5,4,5,173.1,51,
5825,59,2026-01-25,7.5,3,2,1,0,5,3,4,174.5,54,
5826,59,2026-01-26,7.6,3,2,0,1,5,3,5,174.5,54,
5827,59,2026-01-27,6.8,2,2,2,0,5,4,4,174.1,59,
5828,59,2026-01-28,6.9,3,1,0,0,5,5,5,175.0,51,
5829,59,2026-01-29,6.5,2,1,1,1,5,2,4,177.6,50,
5830,59,2026-01-30,6.3,1,1,1,1,5,3,5,176.1,52,
5831,59,2026-01-31,7.4,2,1,1,2,5,2,5,174.7,51,
5832,59,2026-02-01,5.9,1,2,2,2,5,4,5,177.1,50,
5833,59,2026-02-02,7.3,3,3,1,0,5,5,4,175.3,55,
5834,59,2026-02-03,6.9,3,3,1,0,5,5,5,175.0,53,
5835,59,2026-02-04,6.2,1,3,1,0,5,2,5,172.1,50,
5836,59,2026-02-05,6.4,1,2,0,0,5,1,5,178.8,50,
5837,59,2026-02-06,6.4,1,2,0,0,5,5,5,174.1,50,
5838,59,2026-02-07,6.5,2,2,1,0,5,3,5,176.4,53,
5839,59,2026-02-08,7.1,3,2,1,1,5,4,5,176.9,49,
5840,59,2026-02-09,6.2,2,2,2,1,5,4,5,172.9,53,
5841,59,2026-02-10,6.1,1,3,1,0,5,5,5,172.8,55,
5842,59,2026-02-11,6.7,1,3,0,1,5,3,5,173.3,52,
5843,59,2026-02-12,5.9,2,3,2,1,5,3,5,175.8,50,
5844,59,2026-02-13,7.4,4,4,1,2,5,3,5,172.6,54,
5845,59,2026-02-14,6.0,1,4,1,2,5,3,5,173.6,47,
5846,59,2026-02-15,7.2,3,3,2,2,5,2,5,173.3,53,
5847,59,2026-02-16,5.0,1,2,0,0,5,5,4,171.7,54,
5848,59,2026-02-17,5.6,1,2,1,1,5,3,5,172.4,51,
5849,59,2026-02-18,5.8,1,2,3,1,5,3,5,172.0,51,
5850,59,2026-02-19,6.9,2,3,1,0,5,4,4,174.5,50,
5851,59,2026-02-20,6.7,2,2,2,1,5,4,4,173.6,52,
5852,59,2026-02-21,6.8,3,2,1,0,5,1,4,171.5,53,
5853,59,2026-02-22,6.8,3,3,1,1,5,2,5,173.6,55,
5854,59,2026-02-23,6.5,2,3,1,0,5,3,5,173.5,47,
5855,59,2026-02-24,6.0,1,3,2,1,5,3,5,174.4,53,
5856,59,2026-02-25,7.4,3,2,0,1,5,4,5,173.8,53,
5857,59,2026-02-26,7.4,3,3,1,0,5,5,5,175.9,52,
5858,59,2026-02-27,6.8,2,3,2,1,5,5,5,174.7,52,
5859,59,2026-02-28,5.9,1,2,2,0,5,5,5,172.9,52,
5860,59,2026-03-01,7.0,2,1,1,2,5,4,5,170.6,48,
5861,59,2026-03-02,6.5,2,1,2,1,5,2,4,175.4,53,
5862,59,2026-03-03,8.0,3,1,3,0,5,2,5,175.7,49,
5863,59,2026-03-04,6.2,1,2,1,1,5,4,5,175.0,52,
5864,59,2026-03-05,6.7,2,2,1,0,5,3,5,175.2,55,
5865,59,2026-03-06,6.1,1,1,1,0,5,2,4,172.8,51,
5866,59,2026-03-07,7.3,2,1,2,1,5,2,5,174.7,55,
5867,59,2026-03-08,7.5,3,1,1,0,5,4,5,176.5,48,
5868,59,2026-03-09,7.1,3,2,2,0,5,3,5,174.9,51,
5869,59,2026-03-10,7.2,3,1,0,1,5,3,5,175.0,48,
5870,59,2026-03-11,6.0,2,1,1,1,5,3,4,174.7,50,
5871,59,2026-03-12,5.0,2,2,1,2,5,1,5,170.5,52,
5872,59,2026-03-13,5.2,1,2,4,1,5,5,4,173.1,52,
5873,59,2026-03-14,6.6,2,2,0,0,5,4,4,172.8,55,
5874,59,2026-03-15,7.8,4,2,1,0,5,4,5,173.3,55,
5875,59,2026-03-16,7.6,2,2,3,1,5,3,5,176.0,51,
5876,59,2026-03-17,6.1,1,2,2,0,5,1,4,173.1,51,
5877,59,2026-03-18,6.7,3,3,1,0,5,3,5,175.1,53,
5878,59,2026-03-19,7.0,1,3,1,2,5,2,4,172.2,51,
5879,59,2026-03-20,6.7,1,2,1,1,5,2,5,173.9,53,
5880,59,2026-03-21,6.6,1,2,0,1,5,2,4,175.5,54,
5881,59,2026-03-22,7.4,3,2,3,0,5,4,5,172.6,53,
5882,59,2026-03-23,7.0,2,1,0,1,5,3,5,174.7,49,
5883,59,2026-03-24,6.0,1,2,1,2,5,3,4,172.8,48,
5884,59,2026-03-25,6.3,2,3,3,0,5,3,5,173.4,52,
5885,59,2026-03-26,6.6,1,3,0,1,5,2,4,176.0,53,
5886,59,2026-03-27,6.2,1,2,3,2,5,3,5,172.4,52,
5887,59,2026-03-28,7.2,3,1,0,0,5,2,3,171.3,50,
5888,59,2026-03-29,5.2,1,1,0,0,5,2,5,174.9,52,
5889,59,2026-03-30,6.7,2,1,1,1,5,2,5,175.1,50,
5890,59,2026-03-31,6.7,3,1,1,2,5,5,5,172.0,49,
5891,59,2026-04-01,6.9,1,1,0,1,5,2,5,173.6,51,
5892,59,2026-04-02,6.1,1,1,1,1,5,4,5,173.4,51,
5893,59,2026-04-03,6.8,2,1,0,0,5,4,5,173.9,54,
5894,59,2026-04-04,7.3,2,1,0,0,5,3,5,175.1,51,
5895,59,2026-04-05,7.5,3,1,3,0,5,3,5,172.7,51,
5896,59,2026-04-06,6.0,1,1,3,0,5,5,5,175.5,49,
5897,59,2026-04-07,5.4,1,1,1,1,5,3,4,173.1,51,
5898,59,2026-04-08,7.5,1,1,5,0,5,4,4,174.1,52,
5899,59,2026-04-09,6.2,1,1,0,0,5,2,5,174.5,53,
5900,59,2026-04-10,6.6,3,1,1,1,5,3,5,173.0,49,
5901,60,2026-01-01,7.5,3,4,1,1,5,3,5,234.1,51,
5902,60,2026-01-02,7.9,3,3,0,0,5,3,3,236.2,52,
5903,60,2026-01-03,7.3,3,3,0,0,5,3,5,235.6,50,
5904,60,2026-01-04,7.9,2,4,1,0,5,3,5,234.7,47,
5905,60,2026-01-05,7.5,1,4,1,1,5,2,5,233.2,52,
5906,60,2026-01-06,7.1,2,5,1,1,4,4,3,233.6,52,
5907,60,2026-01-07,6.6,2,5,2,1,5,1,4,235.2,52,
5908,60,2026-01-08,7.6,3,4,1,3,5,4,4,234.9,51,
5909,60,2026-01-09,8.1,4,4,0,0,5,4,4,231.7,51,
5910,60,2026-01-10,6.8,3,4,0,0,5,5,4,231.4,54,
5911,60,2026-01-11,7.1,3,3,1,0,5,2,5,233.3,51,
5912,60,2026-01-12,6.9,1,3,0,0,5,3,4,235.7,53,
5913,60,2026-01-13,8.3,4,3,0,1,5,2,4,236.1,52,
5914,60,2026-01-14,7.6,3,3,0,0,5,2,5,234.1,51,
5915,60,2026-01-15,8.0,4,3,1,0,5,2,5,234.6,54,
5916,60,2026-01-16,5.6,1,4,2,0,5,5,5,233.3,51,
5917,60,2026-01-17,7.5,3,3,0,1,5,3,5,233.8,52,
5918,60,2026-01-18,7.5,3,3,1,1,5,2,5,233.0,52,
5919,60,2026-01-19,7.6,1,4,1,1,5,2,5,231.7,51,
5920,60,2026-01-20,7.6,3,4,1,0,5,2,4,235.8,58,
5921,60,2026-01-21,6.9,2,4,0,0,5,3,5,234.6,51,
5922,60,2026-01-22,8.1,3,4,0,2,4,2,5,235.0,55,
5923,60,2026-01-23,7.6,1,4,4,0,5,5,4,231.6,52,
5924,60,2026-01-24,7.6,2,5,0,2,5,4,4,233.7,56,
5925,60,2026-01-25,8.0,3,5,1,1,5,3,5,234.3,52,
5926,60,2026-01-26,7.8,4,4,0,0,5,3,5,235.2,53,
5927,60,2026-01-27,7.3,3,3,0,0,5,3,5,234.5,49,
5928,60,2026-01-28,6.9,3,3,0,1,5,4,5,235.1,53,
5929,60,2026-01-29,6.2,3,4,2,2,5,2,5,233.9,55,
5930,60,2026-01-30,7.4,3,5,0,1,5,3,5,231.6,56,
5931,60,2026-01-31,6.6,2,4,0,1,5,1,5,234.2,52,
5932,60,2026-02-01,7.5,3,5,1,0,5,3,5,231.4,53,
5933,60,2026-02-02,7.1,3,5,0,3,5,2,5,235.9,53,
5934,60,2026-02-03,7.0,2,5,2,0,5,5,5,235.4,55,
5935,60,2026-02-04,8.1,4,5,0,1,5,1,5,232.6,52,
5936,60,2026-02-05,5.5,1,5,1,3,5,1,5,237.8,58,
5937,60,2026-02-06,6.8,2,5,0,0,5,3,5,235.6,54,
5938,60,2026-02-07,8.3,3,4,2,0,5,1,5,233.0,51,
5939,60,2026-02-08,7.4,3,5,0,1,5,3,5,234.2,55,
5940,60,2026-02-09,5.7,2,4,1,1,5,5,5,236.1,53,
5941,60,2026-02-10,7.7,3,5,0,0,5,3,5,231.8,54,
5942,60,2026-02-11,6.4,1,5,3,2,5,3,4,237.6,56,
5943,60,2026-02-12,6.8,2,6,1,1,5,3,4,233.6,52,
5944,60,2026-02-13,6.2,2,6,0,0,5,5,5,232.1,53,
5945,60,2026-02-14,7.2,2,6,1,2,4,4,4,237.9,53,
5946,60,2026-02-15,7.9,2,6,2,1,5,4,5,232.9,57,
5947,60,2026-02-16,6.9,2,5,1,3,5,4,4,233.8,57,
5948,60,2026-02-17,6.1,1,5,1,0,5,4,5,233.6,53,
5949,60,2026-02-18,7.8,3,5,1,0,5,3,5,234.1,52,
5950,60,2026-02-19,6.7,2,5,1,3,4,3,3,232.5,52,
5951,60,2026-02-20,8.0,4,4,0,3,5,2,5,231.6,50,
5952,60,2026-02-21,7.0,2,4,4,1,5,3,5,234.6,54,
5953,60,2026-02-22,7.3,2,3,1,1,5,4,5,236.5,51,
5954,60,2026-02-23,7.2,3,3,1,1,5,3,5,233.7,53,
5955,60,2026-02-24,7.2,3,2,1,1,5,4,5,231.5,51,
5956,60,2026-02-25,7.6,2,3,3,2,5,4,4,233.9,50,
5957,60,2026-02-26,6.9,3,3,0,2,5,4,4,234.9,51,
5958,60,2026-02-27,7.4,1,4,2,0,5,3,5,231.9,50,
5959,60,2026-02-28,8.0,3,4,2,1,5,3,4,232.9,50,
5960,60,2026-03-01,8.1,4,5,2,0,5,4,4,231.5,51,
5961,60,2026-03-02,7.1,2,5,3,1,4,3,3,235.1,51,
5962,60,2026-03-03,6.4,2,5,2,1,5,3,4,234.0,56,
5963,60,2026-03-04,7.3,3,5,0,0,5,2,5,234.8,52,
5964,60,2026-03-05,7.2,2,5,2,0,5,3,5,233.6,56,
5965,60,2026-03-06,6.0,1,5,4,0,5,3,4,232.2,51,
5966,60,2026-03-07,6.8,1,5,2,0,5,3,5,235.9,55,
5967,60,2026-03-08,7.2,3,5,1,0,5,3,5,236.5,53,
5968,60,2026-03-09,6.7,2,4,0,0,5,2,5,233.1,53,
5969,60,2026-03-10,7.6,2,5,2,1,4,3,4,234.8,56,
5970,60,2026-03-11,6.1,1,5,1,1,4,2,3,231.6,54,
5971,60,2026-03-12,5.8,3,5,3,1,5,4,5,232.9,53,
5972,60,2026-03-13,7.3,3,5,0,2,5,2,5,233.2,55,
5973,60,2026-03-14,8.2,3,6,2,1,5,3,4,235.1,57,
5974,60,2026-03-15,6.3,2,5,2,0,4,4,4,233.5,55,
5975,60,2026-03-16,8.3,4,5,0,1,5,2,5,232.7,52,
5976,60,2026-03-17,6.8,2,5,2,0,5,2,5,231.6,58,
5977,60,2026-03-18,6.5,2,5,3,1,5,2,5,232.4,56,
5978,60,2026-03-19,6.5,2,5,1,1,5,4,4,231.9,55,
5979,60,2026-03-20,6.4,1,5,1,2,3,3,2,232.2,54,
5980,60,2026-03-21,7.6,2,6,1,0,5,4,5,233.9,57,
5981,60,2026-03-22,6.6,2,5,0,3,5,3,5,235.9,49,
5982,60,2026-03-23,7.9,3,6,0,1,5,3,4,235.4,54,
5983,60,2026-03-24,7.4,3,5,2,0,5,3,5,232.6,55,
5984,60,2026-03-25,6.8,2,5,0,1,5,2,5,234.0,53,
5985,60,2026-03-26,7.0,3,5,0,0,5,4,4,231.2,56,
5986,60,2026-03-27,6.6,2,5,0,1,5,5,5,232.6,53,
5987,60,2026-03-28,6.0,1,5,2,1,4,2,4,236.5,52,
5988,60,2026-03-29,7.9,3,6,0,0,5,5,5,231.9,52,
5989,60,2026-03-30,6.4,2,6,1,2,5,3,5,233.7,57,
5990,60,2026-03-31,7.3,2,7,2,1,5,2,5,233.6,56,
5991,60,2026-04-01,6.7,1,6,1,0,5,5,5,234.5,51,
5992,60,2026-04-02,7.6,2,6,2,1,5,3,5,233.4,55,
5993,60,2026-04-03,6.7,3,6,3,0,5,3,5,234.3,55,
5994,60,2026-04-04,7.3,2,6,2,1,4,1,4,233.0,57,
5995,60,2026-04-05,7.5,3,5,2,0,5,4,5,235.1,51,
5996,60,2026-04-06,7.5,4,6,0,0,5,3,5,234.5,55,
5997,60,2026-04-07,7.0,3,6,0,1,5,4,4,231.5,53,
5998,60,2026-04-08,6.6,3,7,5,2,5,2,5,231.9,57,
5999,60,2026-04-09,7.7,2,7,3,0,5,3,5,231.2,53,
6000,60,2026-04-10,6.8,4,7,4,0,5,3,4,233.3,52,
6001,61,2026-01-01,8.5,4,4,1,0,5,5,5,149.9,70,
6002,61,2026-01-02,7.7,3,5,1,0,5,4,5,149.2,67,
6003,61,2026-01-03,9.1,4,5,1,1,5,4,5,151.8,70,
6004,61,2026-01-04,9.1,4,5,1,2,5,5,5,150.7,67,
6005,61,2026-01-05,8.3,3,5,1,3,5,4,4,149.5,66,
6006,61,2026-01-06,8.2,3,5,1,0,5,3,5,152.7,67,
6007,61,2026-01-07,8.0,3,6,0,0,5,3,4,151.9,67,
6008,61,2026-01-08,8.4,3,7,2,0,5,3,5,151.3,64,
6009,61,2026-01-09,8.7,3,8,4,2,5,3,5,153.3,65,
6010,61,2026-01-10,7.6,4,9,1,1,5,2,5,150.6,69,
6011,61,2026-01-11,8.9,4,9,3,1,5,3,5,150.5,68,
6012,61,2026-01-12,7.9,3,8,4,3,5,4,5,150.6,65,
6013,61,2026-01-13,7.9,3,9,1,2,5,2,4,152.8,70,
6014,61,2026-01-14,8.3,4,9,1,2,5,2,4,153.0,70,
6015,61,2026-01-15,7.6,4,9,3,2,4,3,4,150.8,68,
6016,61,2026-01-16,9.4,5,9,3,4,5,2,5,151.3,68,
6017,61,2026-01-17,9.0,3,9,1,3,4,2,4,149.9,67,
6018,61,2026-01-18,8.2,3,9,1,2,5,4,5,149.1,71,
6019,61,2026-01-19,9.0,5,9,2,1,5,2,5,149.5,74,
6020,61,2026-01-20,9.5,5,9,4,4,5,3,5,149.5,72,
6021,61,2026-01-21,7.5,2,9,4,2,3,3,2,151.5,72,
6022,61,2026-01-22,8.7,4,9,2,1,5,3,5,151.0,74,
6023,61,2026-01-23,7.8,4,8,6,1,5,3,5,151.6,69,
6024,61,2026-01-24,8.9,5,8,1,2,5,2,4,147.2,67,
6025,61,2026-01-25,9.3,5,8,3,2,5,2,5,152.7,71,
6026,61,2026-01-26,7.6,3,9,1,2,5,4,5,150.9,69,
6027,61,2026-01-27,8.0,5,9,1,4,5,4,4,150.0,69,
6028,61,2026-01-28,9.1,4,9,1,1,5,2,5,150.0,69,
6029,61,2026-01-29,9.3,5,9,2,3,5,3,3,152.5,71,
6030,61,2026-01-30,7.4,2,9,2,3,5,2,5,150.8,73,
6031,61,2026-01-31,8.6,4,8,3,3,5,3,4,150.2,70,
6032,61,2026-02-01,8.5,2,8,1,1,5,3,5,148.3,70,
6033,61,2026-02-02,8.3,4,8,1,2,4,3,4,150.8,71,
6034,61,2026-02-03,9.5,4,7,1,1,5,2,5,149.1,69,
6035,61,2026-02-04,8.4,2,7,1,0,5,2,5,150.5,70,
6036,61,2026-02-05,8.2,3,8,1,1,5,4,5,152.1,68,
6037,61,2026-02-06,8.2,4,8,3,1,5,3,5,149.3,64,
6038,61,2026-02-07,8.8,4,8,2,1,5,2,5,151.4,70,
6039,61,2026-02-08,8.7,4,8,1,3,5,4,5,148.7,66,
6040,61,2026-02-09,8.5,3,8,1,2,5,4,4,148.9,66,
6041,61,2026-02-10,7.3,3,7,2,1,4,2,3,150.9,72,
6042,61,2026-02-11,8.5,5,7,2,0,5,2,5,151.9,67,
6043,61,2026-02-12,7.4,2,7,1,0,5,3,4,151.8,66,
6044,61,2026-02-13,9.0,4,8,2,3,5,2,4,152.3,69,
6045,61,2026-02-14,8.9,3,7,4,2,5,1,5,151.1,65,
6046,61,2026-02-15,9.5,5,7,4,0,5,3,5,149.5,68,
6047,61,2026-02-16,8.8,4,7,4,2,5,3,4,152.3,69,
6048,61,2026-02-17,8.3,4,7,1,1,5,2,5,150.9,72,
6049,61,2026-02-18,8.3,4,7,3,2,5,2,5,148.4,70,
6050,61,2026-02-19,9.2,3,6,1,0,5,2,5,150.6,63,
6051,61,2026-02-20,7.2,3,6,0,2,5,3,5,151.3,71,
6052,61,2026-02-21,9.3,3,5,4,1,5,3,5,150.0,60,
6053,61,2026-02-22,8.0,2,5,0,2,5,3,5,149.0,67,
6054,61,2026-02-23,8.7,4,5,1,1,5,3,5,149.3,71,
6055,61,2026-02-24,8.2,2,6,2,2,4,3,4,151.4,67,
6056,61,2026-02-25,8.2,3,6,1,1,5,2,5,149.6,69,
6057,61,2026-02-26,8.1,3,5,1,1,5,2,5,151.4,66,
6058,61,2026-02-27,8.6,3,6,0,0,4,4,5,148.3,70,
6059,61,2026-02-28,9.2,4,6,2,1,5,3,5,150.8,67,
6060,61,2026-03-01,7.9,3,6,0,0,5,5,5,150.1,69,
6061,61,2026-03-02,8.0,3,7,1,0,5,5,4,149.7,69,
6062,61,2026-03-03,9.0,4,6,0,1,5,1,5,149.2,65,
6063,61,2026-03-04,8.5,4,5,0,2,5,4,5,150.6,66,
6064,61,2026-03-05,7.1,2,5,0,1,5,4,4,150.9,69,
6065,61,2026-03-06,9.5,5,5,2,1,5,2,5,151.3,67,
6066,61,2026-03-07,8.8,4,4,1,4,5,3,4,151.2,67,
6067,61,2026-03-08,9.5,5,5,1,0,5,3,5,151.7,68,
6068,61,2026-03-09,8.5,5,4,1,0,5,4,5,152.4,67,
6069,61,2026-03-10,7.7,3,4,0,0,5,1,5,149.8,65,
6070,61,2026-03-11,7.8,2,4,2,1,5,3,5,149.3,68,
6071,61,2026-03-12,8.7,5,5,2,1,5,2,5,147.4,63,
6072,61,2026-03-13,8.3,5,5,0,0,5,3,5,150.1,70,
6073,61,2026-03-14,9.2,4,4,1,0,5,3,5,150.7,66,
6074,61,2026-03-15,7.2,2,4,1,1,5,3,5,149.3,68,
6075,61,2026-03-16,9.4,5,4,1,0,5,5,3,147.7,66,
6076,61,2026-03-17,8.1,4,4,1,1,5,2,5,151.4,66,
6077,61,2026-03-18,9.0,4,4,1,2,5,2,5,149.3,65,
6078,61,2026-03-19,9.5,5,4,1,0,5,4,5,148.3,67,
6079,61,2026-03-20,9.5,5,4,1,1,5,2,5,151.6,64,
6080,61,2026-03-21,9.5,4,4,4,1,5,4,5,148.6,65,
6081,61,2026-03-22,8.4,3,5,1,0,5,3,4,149.5,65,
6082,61,2026-03-23,8.2,3,4,2,1,5,2,5,151.7,65,
6083,61,2026-03-24,8.3,3,4,2,2,5,3,3,154.0,69,
6084,61,2026-03-25,7.9,4,5,2,1,5,4,5,149.7,70,
6085,61,2026-03-26,8.9,4,5,2,1,5,5,5,152.0,67,
6086,61,2026-03-27,7.7,2,5,1,2,5,4,4,151.7,72,
6087,61,2026-03-28,8.3,3,5,1,2,5,2,5,151.8,64,
6088,61,2026-03-29,8.2,4,6,1,0,5,3,5,150.7,65,
6089,61,2026-03-30,9.2,4,6,1,4,5,4,5,149.9,67,
6090,61,2026-03-31,7.9,4,6,3,1,4,3,3,150.6,66,
6091,61,2026-04-01,7.2,2,6,0,0,5,5,5,147.0,68,
6092,61,2026-04-02,9.2,4,7,2,0,5,4,5,150.0,72,
6093,61,2026-04-03,8.9,4,8,3,1,5,3,5,147.8,71,
6094,61,2026-04-04,8.5,3,7,3,1,5,1,5,150.9,69,
6095,61,2026-04-05,8.6,4,6,0,0,5,4,5,150.4,67,
6096,61,2026-04-06,8.2,4,6,2,0,5,1,5,148.1,72,
6097,61,2026-04-07,8.9,4,7,2,1,5,2,5,150.9,65,
6098,61,2026-04-08,8.5,4,8,2,1,5,3,5,148.1,70,
6099,61,2026-04-09,8.3,3,8,1,2,5,4,5,148.0,69,
6100,61,2026-04-10,8.4,4,8,2,1,5,4,4,149.0,65,
6101,62,2026-01-01,7.8,2,2,0,0,5,2,5,192.1,57,
6102,62,2026-01-02,9.3,4,2,0,1,5,2,5,190.2,55,
6103,62,2026-01-03,6.7,2,2,3,0,5,2,5,188.2,56,
6104,62,2026-01-04,9.5,5,2,2,0,5,3,5,191.4,55,
6105,62,2026-01-05,8.2,3,2,0,0,5,4,5,191.8,56,
6106,62,2026-01-06,9.0,5,1,2,2,5,3,4,192.2,54,
6107,62,2026-01-07,8.0,2,1,0,2,5,2,5,187.9,52,
6108,62,2026-01-08,8.5,4,2,2,1,5,3,5,192.9,55,
6109,62,2026-01-09,7.8,2,1,2,0,5,5,5,191.0,51,
6110,62,2026-01-10,8.0,3,1,1,1,5,3,5,187.2,55,
6111,62,2026-01-11,9.5,5,1,1,0,5,3,5,191.9,51,
6112,62,2026-01-12,7.9,3,1,3,0,5,4,5,189.6,53,
6113,62,2026-01-13,8.0,3,1,1,0,5,1,5,188.4,53,
6114,62,2026-01-14,9.5,4,1,1,2,5,3,5,190.8,47,
6115,62,2026-01-15,7.9,3,1,0,1,5,3,5,186.8,53,
6116,62,2026-01-16,9.5,5,2,1,0,5,1,5,192.4,55,
6117,62,2026-01-17,8.7,4,1,2,1,5,5,4,191.0,54,
6118,62,2026-01-18,6.7,2,1,2,0,5,4,5,189.5,57,
6119,62,2026-01-19,8.0,5,1,1,2,5,2,4,191.3,51,
6120,62,2026-01-20,9.2,4,2,1,2,5,3,4,189.9,56,
6121,62,2026-01-21,8.1,3,2,1,0,5,2,5,189.5,52,
6122,62,2026-01-22,7.8,3,2,1,0,5,4,5,188.6,53,
6123,62,2026-01-23,7.0,2,2,1,0,5,2,4,189.3,56,
6124,62,2026-01-24,9.0,4,1,1,2,5,3,4,190.4,58,
6125,62,2026-01-25,7.7,3,2,2,2,5,3,4,189.5,57,
6126,62,2026-01-26,7.7,3,1,2,3,5,3,5,188.4,54,
6127,62,2026-01-27,7.7,4,2,1,1,5,3,5,191.1,60,
6128,62,2026-01-28,8.8,4,1,1,0,5,5,5,191.4,53,
6129,62,2026-01-29,7.7,3,2,2,0,5,3,5,192.1,54,
6130,62,2026-01-30,8.3,3,3,2,3,5,4,5,193.2,57,
6131,62,2026-01-31,9.4,5,3,0,0,5,2,5,191.8,58,
6132,62,2026-02-01,8.5,3,2,0,0,5,5,5,193.9,55,
6133,62,2026-02-02,8.2,4,3,0,0,5,4,5,189.5,56,
6134,62,2026-02-03,8.7,3,4,2,1,5,3,5,190.2,54,
6135,62,2026-02-04,9.2,4,4,0,0,5,3,5,189.6,58,
6136,62,2026-02-05,8.5,3,4,0,0,5,5,5,190.1,54,
6137,62,2026-02-06,7.7,3,4,2,2,5,2,5,191.9,58,
6138,62,2026-02-07,7.6,3,3,0,1,5,2,5,188.8,57,
6139,62,2026-02-08,8.5,3,4,1,1,5,1,5,188.6,60,
6140,62,2026-02-09,8.3,4,3,1,3,5,2,5,191.7,55,
6141,62,2026-02-10,8.1,4,3,0,0,5,2,5,191.0,56,
6142,62,2026-02-11,7.2,3,3,3,0,5,3,5,191.7,56,
6143,62,2026-02-12,8.8,5,3,1,0,5,3,5,191.4,55,
6144,62,2026-02-13,9.1,4,3,1,0,5,1,4,188.4,55,
6145,62,2026-02-14,9.5,3,3,0,2,5,3,5,190.2,54,
6146,62,2026-02-15,8.1,2,2,0,0,5,5,5,190.7,56,
6147,62,2026-02-16,9.5,4,3,1,1,5,5,5,190.8,55,
6148,62,2026-02-17,7.9,3,4,0,0,5,2,5,187.9,56,
6149,62,2026-02-18,8.8,5,5,0,1,5,2,5,187.0,59,
6150,62,2026-02-19,8.9,4,5,0,1,5,3,4,191.2,58,
6151,62,2026-02-20,8.0,4,5,0,1,5,2,5,192.2,57,
6152,62,2026-02-21,7.2,2,5,1,1,5,2,5,192.0,58,
6153,62,2026-02-22,9.2,4,4,5,2,5,3,5,192.2,57,
6154,62,2026-02-23,8.3,3,4,1,0,5,3,5,190.2,56,
6155,62,2026-02-24,8.0,3,4,2,0,5,2,4,191.3,56,
6156,62,2026-02-25,9.2,5,4,0,1,5,4,5,188.0,55,
6157,62,2026-02-26,8.6,4,5,0,2,5,4,5,189.0,58,
6158,62,2026-02-27,8.8,4,5,2,0,5,2,2,190.6,58,
6159,62,2026-02-28,7.8,2,4,1,0,5,2,5,190.4,53,
6160,62,2026-03-01,9.5,5,4,1,0,5,2,5,189.2,54,
6161,62,2026-03-02,9.2,4,4,1,2,5,3,5,192.9,57,
6162,62,2026-03-03,8.1,4,3,0,1,5,4,5,186.7,55,
6163,62,2026-03-04,8.0,3,3,1,1,5,3,5,189.9,55,
6164,62,2026-03-05,8.1,3,2,1,1,5,4,5,190.2,55,
6165,62,2026-03-06,8.7,4,3,2,0,5,3,5,190.1,56,
6166,62,2026-03-07,8.7,5,3,2,0,5,2,5,190.1,54,
6167,62,2026-03-08,7.7,4,2,1,0,5,2,5,188.8,54,
6168,62,2026-03-09,8.4,4,1,1,2,5,4,5,188.2,53,
6169,62,2026-03-10,9.0,4,1,0,0,5,4,5,193.9,53,
6170,62,2026-03-11,7.4,3,1,2,0,5,1,5,190.1,52,
6171,62,2026-03-12,7.9,2,1,1,1,5,2,5,189.8,53,
6172,62,2026-03-13,8.2,4,2,1,1,5,1,4,189.2,53,
6173,62,2026-03-14,9.0,4,2,1,0,5,4,4,189.3,58,
6174,62,2026-03-15,7.6,3,1,2,0,5,2,4,191.9,56,
6175,62,2026-03-16,8.3,3,1,1,1,5,2,5,189.2,52,
6176,62,2026-03-17,7.6,2,1,0,2,5,3,5,189.9,55,
6177,62,2026-03-18,6.9,3,1,0,0,5,4,5,189.8,55,
6178,62,2026-03-19,9.1,4,1,2,2,5,4,5,185.5,55,
6179,62,2026-03-20,8.0,3,1,0,1,5,2,5,188.0,50,
6180,62,2026-03-21,9.2,4,2,3,1,5,2,5,189.3,52,
6181,62,2026-03-22,8.1,4,2,1,0,5,2,5,190.2,54,
6182,62,2026-03-23,8.7,5,1,0,0,5,3,4,187.1,55,
6183,62,2026-03-24,8.1,3,1,1,1,5,2,4,190.1,54,
6184,62,2026-03-25,7.6,3,1,1,2,5,3,4,186.3,54,
6185,62,2026-03-26,8.5,5,1,1,3,5,4,5,190.2,51,
6186,62,2026-03-27,9.5,4,1,2,2,5,2,5,189.1,52,
6187,62,2026-03-28,8.5,4,2,1,0,5,2,5,188.1,53,
6188,62,2026-03-29,9.3,4,3,2,1,5,4,5,188.5,58,
6189,62,2026-03-30,7.9,3,2,0,0,5,2,5,188.5,52,
6190,62,2026-03-31,7.7,3,3,1,2,5,3,5,189.4,56,
6191,62,2026-04-01,9.4,4,2,1,1,5,2,5,188.9,52,
6192,62,2026-04-02,9.5,4,2,0,0,5,4,5,188.4,55,
6193,62,2026-04-03,9.3,5,3,2,1,5,3,5,188.3,55,
6194,62,2026-04-04,7.9,2,3,2,1,5,3,5,189.6,58,
6195,62,2026-04-05,7.2,2,3,2,0,5,2,5,188.3,57,
6196,62,2026-04-06,8.2,3,4,0,2,5,1,5,190.0,57,
6197,62,2026-04-07,7.2,1,3,0,0,5,2,5,188.5,58,
6198,62,2026-04-08,6.5,2,3,0,1,5,3,5,190.1,54,
6199,62,2026-04-09,7.4,3,2,0,0,5,3,4,187.7,56,
6200,62,2026-04-10,6.9,2,2,0,2,5,4,4,191.8,56,
6201,63,2026-01-01,7.1,4,5,2,2,5,2,5,156.9,58,
6202,63,2026-01-02,7.2,3,5,0,0,5,3,5,156.7,63,
6203,63,2026-01-03,6.6,1,4,3,2,5,3,4,157.6,60,
6204,63,2026-01-04,7.4,2,4,3,1,5,3,4,157.6,61,
6205,63,2026-01-05,5.9,1,3,2,1,5,3,5,154.5,61,
6206,63,2026-01-06,7.3,4,3,0,1,5,4,4,158.1,60,
6207,63,2026-01-07,7.3,3,2,3,1,5,2,5,154.3,61,
6208,63,2026-01-08,8.1,5,2,2,1,5,2,4,155.9,60,
6209,63,2026-01-09,6.6,1,2,3,1,5,3,4,156.8,63,
6210,63,2026-01-10,7.5,3,3,2,0,5,2,5,157.8,58,
6211,63,2026-01-11,8.8,4,4,0,1,5,2,5,154.2,59,
6212,63,2026-01-12,6.7,2,4,1,0,4,2,4,154.5,63,
6213,63,2026-01-13,6.5,2,3,1,2,5,3,5,155.7,61,
6214,63,2026-01-14,7.5,2,2,1,0,5,4,5,156.7,60,
6215,63,2026-01-15,7.4,2,3,5,1,5,3,5,155.3,60,
6216,63,2026-01-16,7.9,3,2,1,0,5,2,5,155.9,60,
6217,63,2026-01-17,6.9,2,2,0,2,5,2,5,157.4,62,
6218,63,2026-01-18,8.4,3,2,3,0,5,2,5,155.5,58,
6219,63,2026-01-19,7.1,2,1,3,0,5,4,5,156.7,57,
6220,63,2026-01-20,7.1,3,1,0,1,5,2,5,155.2,53,
6221,63,2026-01-21,6.6,1,1,0,0,5,1,4,153.3,58,
6222,63,2026-01-22,7.3,2,1,2,0,5,3,5,155.4,55,
6223,63,2026-01-23,7.1,2,1,2,1,5,2,5,156.4,61,
6224,63,2026-01-24,7.5,2,1,2,1,5,2,3,153.3,56,
6225,63,2026-01-25,8.5,4,1,0,2,5,4,5,155.5,56,
6226,63,2026-01-26,7.4,2,1,0,1,5,3,5,151.3,58,
6227,63,2026-01-27,6.8,2,1,1,1,5,3,5,153.7,60,
6228,63,2026-01-28,7.4,2,1,2,0,5,1,5,153.5,59,
6229,63,2026-01-29,8.2,2,1,0,2,5,4,5,157.4,62,
6230,63,2026-01-30,7.3,2,1,1,0,5,3,5,155.8,58,
6231,63,2026-01-31,7.6,3,1,1,1,5,2,5,156.2,59,
6232,63,2026-02-01,6.5,2,1,2,0,5,3,5,156.2,55,
6233,63,2026-02-02,7.5,4,1,2,2,5,3,5,156.5,61,
6234,63,2026-02-03,7.6,3,1,1,2,5,3,5,156.7,58,
6235,63,2026-02-04,8.3,2,1,1,1,5,2,5,156.6,57,
6236,63,2026-02-05,7.6,2,1,1,0,5,2,4,156.4,55,
6237,63,2026-02-06,6.8,2,1,1,2,5,2,4,158.4,59,
6238,63,2026-02-07,7.7,1,1,0,1,5,3,5,157.4,56,
6239,63,2026-02-08,8.0,2,1,3,1,5,5,4,155.3,57,
6240,63,2026-02-09,5.7,1,2,1,0,5,2,5,153.0,59,
6241,63,2026-02-10,7.6,2,1,3,0,5,5,5,156.6,57,
6242,63,2026-02-11,7.3,2,2,1,1,5,3,5,156.3,62,
6243,63,2026-02-12,7.5,4,1,0,1,5,2,5,155.3,59,
6244,63,2026-02-13,6.7,2,2,0,1,5,2,4,153.1,59,
6245,63,2026-02-14,6.6,2,1,3,1,5,4,4,155.7,59,
6246,63,2026-02-15,6.6,1,1,3,0,5,3,4,155.0,55,
6247,63,2026-02-16,8.2,2,1,2,1,5,4,5,155.4,60,
6248,63,2026-02-17,6.9,2,1,3,0,5,2,4,157.1,57,
6249,63,2026-02-18,7.4,2,1,1,2,5,4,5,154.7,58,
6250,63,2026-02-19,6.9,2,1,3,1,5,2,5,154.4,56,
6251,63,2026-02-20,6.3,1,2,1,2,5,2,4,156.5,57,
6252,63,2026-02-21,7.8,4,1,0,0,5,4,5,157.3,56,
6253,63,2026-02-22,8.7,4,1,0,1,5,3,4,154.8,57,
6254,63,2026-02-23,6.6,2,1,0,1,5,5,5,153.7,58,
6255,63,2026-02-24,9.2,5,1,1,1,5,5,5,155.0,57,
6256,63,2026-02-25,6.2,2,1,1,0,5,4,5,154.0,59,
6257,63,2026-02-26,7.8,3,2,0,1,5,4,4,155.0,57,
6258,63,2026-02-27,7.2,4,2,4,0,5,4,5,153.4,58,
6259,63,2026-02-28,7.4,3,3,0,1,5,2,5,156.3,57,
6260,63,2026-03-01,7.9,3,4,0,0,5,3,5,155.1,60,
6261,63,2026-03-02,7.4,2,3,0,1,5,4,4,155.2,61,
6262,63,2026-03-03,9.3,3,3,0,1,5,4,5,152.9,60,
6263,63,2026-03-04,6.7,2,3,1,0,5,4,5,154.6,59,
6264,63,2026-03-05,7.6,2,3,3,1,5,3,4,154.0,60,
6265,63,2026-03-06,7.1,2,3,1,0,5,3,5,154.7,59,
6266,63,2026-03-07,8.4,3,4,0,2,5,3,5,156.6,61,
6267,63,2026-03-08,7.1,3,3,2,1,5,3,5,156.2,57,
6268,63,2026-03-09,7.2,3,3,1,0,5,3,4,156.6,63,
6269,63,2026-03-10,8.0,3,2,1,1,5,3,5,155.3,62,
6270,63,2026-03-11,7.7,3,2,1,0,5,4,5,157.0,60,
6271,63,2026-03-12,6.6,3,2,1,1,5,2,4,152.8,63,
6272,63,2026-03-13,7.1,2,3,1,0,5,4,4,156.2,57,
6273,63,2026-03-14,7.1,3,3,0,1,5,2,4,155.4,58,
6274,63,2026-03-15,7.7,2,3,0,1,5,2,5,153.0,59,
6275,63,2026-03-16,6.4,2,3,1,0,5,3,5,154.5,60,
6276,63,2026-03-17,8.0,4,3,0,0,5,2,5,152.3,60,
6277,63,2026-03-18,8.0,2,2,4,0,5,3,5,155.1,60,
6278,63,2026-03-19,7.5,2,2,2,1,4,2,4,155.2,56,
6279,63,2026-03-20,6.7,2,2,4,0,5,4,5,155.3,60,
6280,63,2026-03-21,8.7,3,1,1,0,5,2,5,154.6,56,
6281,63,2026-03-22,7.1,2,1,1,0,5,3,5,155.7,59,
6282,63,2026-03-23,6.9,2,1,0,1,5,2,4,155.2,60,
6283,63,2026-03-24,5.9,1,1,2,1,5,3,5,157.4,57,
6284,63,2026-03-25,8.2,3,2,1,0,5,2,5,155.2,61,
6285,63,2026-03-26,7.1,4,2,3,1,5,4,5,156.1,60,
6286,63,2026-03-27,7.1,3,2,2,0,5,4,4,157.5,62,
6287,63,2026-03-28,8.6,4,2,2,2,5,2,4,153.6,61,
6288,63,2026-03-29,7.8,3,1,0,0,5,2,5,153.9,55,
6289,63,2026-03-30,7.3,2,1,0,1,5,2,5,153.7,59,
6290,63,2026-03-31,6.5,2,2,1,1,5,4,5,153.2,56,
6291,63,2026-04-01,6.8,3,2,0,1,5,3,5,155.2,58,
6292,63,2026-04-02,7.1,2,3,0,0,5,3,5,152.7,61,
6293,63,2026-04-03,7.7,3,4,0,0,5,2,4,154.6,60,
6294,63,2026-04-04,6.7,3,3,1,1,5,3,4,154.5,56,
6295,63,2026-04-05,6.2,2,3,0,2,5,3,5,155.5,59,
6296,63,2026-04-06,6.2,1,2,0,0,5,4,4,156.3,58,
6297,63,2026-04-07,7.4,4,2,1,0,5,4,4,154.6,57,
6298,63,2026-04-08,6.8,1,2,2,1,5,1,5,152.2,61,
6299,63,2026-04-09,6.9,2,2,0,0,5,4,5,152.9,58,
6300,63,2026-04-10,6.4,1,2,4,0,5,2,5,152.3,59,
6301,64,2026-01-01,7.2,3,1,0,1,5,4,5,195.9,62,
6302,64,2026-01-02,7.9,3,1,0,0,5,3,5,195.7,59,
6303,64,2026-01-03,8.8,5,1,0,0,5,1,5,193.0,60,
6304,64,2026-01-04,7.7,4,1,2,0,5,4,5,193.2,62,
6305,64,2026-01-05,7.5,2,1,0,0,5,3,5,193.6,59,
6306,64,2026-01-06,8.1,3,1,0,0,5,4,5,193.7,61,
6307,64,2026-01-07,8.0,2,1,1,3,5,3,5,190.8,56,
6308,64,2026-01-08,6.4,2,1,3,1,5,3,5,193.3,61,
6309,64,2026-01-09,7.5,4,1,1,2,5,3,5,193.7,59,
6310,64,2026-01-10,8.0,3,2,1,0,5,3,5,193.8,57,
6311,64,2026-01-11,7.1,3,3,0,0,5,4,5,196.0,63,
6312,64,2026-01-12,8.0,4,3,2,1,5,3,5,194.1,63,
6313,64,2026-01-13,7.6,3,2,2,0,5,2,5,192.1,58,
6314,64,2026-01-14,6.4,1,2,0,1,5,2,5,194.2,60,
6315,64,2026-01-15,7.3,2,2,0,1,5,4,5,195.6,62,
6316,64,2026-01-16,7.1,3,2,2,3,5,3,5,196.7,57,
6317,64,2026-01-17,7.1,3,2,1,1,5,4,5,193.9,58,
6318,64,2026-01-18,7.9,3,2,1,0,5,3,5,197.2,62,
6319,64,2026-01-19,6.7,2,1,2,0,5,1,4,193.3,60,
6320,64,2026-01-20,7.4,3,1,1,1,5,4,5,192.2,59,
6321,64,2026-01-21,6.6,1,1,1,2,5,5,5,192.2,60,
6322,64,2026-01-22,6.7,3,2,0,0,5,3,5,192.7,62,
6323,64,2026-01-23,6.2,2,2,1,1,5,3,5,191.7,60,
6324,64,2026-01-24,7.4,3,2,2,1,5,2,5,191.0,62,
6325,64,2026-01-25,6.7,2,2,2,0,5,3,5,194.9,62,
6326,64,2026-01-26,5.9,1,2,0,0,5,3,5,194.0,60,
6327,64,2026-01-27,5.5,1,2,2,1,5,4,5,193.0,62,
6328,64,2026-01-28,8.0,3,3,1,0,5,2,5,192.8,59,
6329,64,2026-01-29,7.8,3,2,0,0,5,3,5,190.3,61,
6330,64,2026-01-30,7.4,3,2,0,0,5,2,5,193.3,62,
6331,64,2026-01-31,6.0,1,2,0,3,5,2,4,196.5,59,
6332,64,2026-02-01,8.0,2,1,0,0,5,5,4,193.2,60,
6333,64,2026-02-02,7.5,3,1,0,0,5,4,5,194.6,58,
6334,64,2026-02-03,6.7,1,1,1,0,4,5,5,194.5,60,
6335,64,2026-02-04,6.8,2,2,1,3,5,1,5,190.5,63,
6336,64,2026-02-05,7.8,3,2,0,0,5,4,4,193.2,60,
6337,64,2026-02-06,6.8,2,2,1,1,5,4,5,193.4,62,
6338,64,2026-02-07,7.2,2,2,1,0,5,3,5,193.7,61,
6339,64,2026-02-08,8.3,3,1,1,1,5,5,5,191.4,63,
6340,64,2026-02-09,6.9,2,1,0,0,5,4,5,194.6,58,
6341,64,2026-02-10,7.4,2,1,0,1,5,2,5,192.9,56,
6342,64,2026-02-11,7.7,3,2,1,0,5,3,5,191.7,59,
6343,64,2026-02-12,7.5,3,3,3,0,5,4,5,193.6,61,
6344,64,2026-02-13,6.9,3,3,4,1,5,3,5,194.3,61,
6345,64,2026-02-14,7.3,3,2,2,0,5,5,5,192.3,58,
6346,64,2026-02-15,7.1,2,3,1,3,5,5,5,193.3,59,
6347,64,2026-02-16,7.2,2,2,0,0,5,5,4,192.6,60,
6348,64,2026-02-17,8.3,3,2,2,1,5,4,5,193.2,58,
6349,64,2026-02-18,7.4,3,2,1,0,5,3,5,194.4,60,
6350,64,2026-02-19,7.1,2,1,0,1,5,3,5,192.9,58,
6351,64,2026-02-20,6.6,2,1,3,2,5,4,5,192.5,62,
6352,64,2026-02-21,6.9,2,1,1,0,5,2,5,192.5,60,
6353,64,2026-02-22,7.7,2,1,2,2,5,3,5,194.1,60,
6354,64,2026-02-23,7.6,1,1,0,0,5,2,5,191.2,59,
6355,64,2026-02-24,7.1,3,1,2,2,5,3,4,189.1,59,
6356,64,2026-02-25,6.5,2,1,1,0,5,3,5,191.7,58,
6357,64,2026-02-26,7.5,3,2,2,2,5,3,5,191.2,60,
6358,64,2026-02-27,6.9,3,1,1,1,5,3,5,190.0,60,
6359,64,2026-02-28,7.9,3,1,2,1,5,4,4,192.1,59,
6360,64,2026-03-01,6.8,3,1,1,1,5,3,5,192.9,61,
6361,64,2026-03-02,6.1,1,1,3,1,5,4,5,192.3,61,
6362,64,2026-03-03,6.9,3,1,2,1,5,3,5,191.1,62,
6363,64,2026-03-04,7.2,2,1,1,1,5,2,4,191.8,62,
6364,64,2026-03-05,7.8,3,2,0,0,5,3,5,191.4,62,
6365,64,2026-03-06,7.2,3,3,1,1,5,2,4,192.5,61,
6366,64,2026-03-07,7.0,2,3,1,1,5,4,5,193.0,61,
6367,64,2026-03-08,9.0,5,2,0,1,5,4,5,193.6,62,
6368,64,2026-03-09,6.6,3,2,1,1,5,4,5,193.7,58,
6369,64,2026-03-10,6.4,1,1,1,2,5,5,4,194.2,61,
6370,64,2026-03-11,7.7,4,1,2,0,5,2,5,193.9,62,
6371,64,2026-03-12,6.3,3,1,3,0,5,4,5,194.2,60,
6372,64,2026-03-13,7.4,2,1,1,1,5,2,5,193.7,59,
6373,64,2026-03-14,6.8,2,1,0,0,5,2,5,189.0,60,
6374,64,2026-03-15,8.9,5,2,1,0,5,3,5,193.2,61,
6375,64,2026-03-16,7.5,2,1,2,0,5,5,5,194.4,59,
6376,64,2026-03-17,7.0,3,1,3,2,5,3,5,192.3,60,
6377,64,2026-03-18,5.7,1,1,3,2,5,4,4,190.1,59,
6378,64,2026-03-19,5.7,2,1,1,1,5,4,5,191.6,58,
6379,64,2026-03-20,7.2,2,1,0,2,5,4,4,192.9,61,
6380,64,2026-03-21,8.1,3,2,0,1,5,1,5,193.1,63,
6381,64,2026-03-22,7.2,2,2,3,1,5,3,5,190.9,60,
6382,64,2026-03-23,5.9,1,1,0,0,5,3,5,191.1,63,
6383,64,2026-03-24,5.7,2,1,2,2,5,3,5,189.2,60,
6384,64,2026-03-25,6.9,3,2,0,1,5,3,5,192.1,59,
6385,64,2026-03-26,7.3,2,1,0,3,5,3,5,191.9,63,
6386,64,2026-03-27,7.3,3,1,1,1,5,1,5,191.5,61,
6387,64,2026-03-28,8.1,4,1,1,0,5,3,5,192.7,57,
6388,64,2026-03-29,6.7,2,2,0,1,5,3,5,191.9,60,
6389,64,2026-03-30,7.5,3,2,1,0,5,5,5,193.6,64,
6390,64,2026-03-31,7.9,2,1,1,0,5,4,5,194.1,57,
6391,64,2026-04-01,7.9,3,1,0,1,5,3,5,190.2,62,
6392,64,2026-04-02,7.6,3,1,1,0,5,4,5,192.1,59,
6393,64,2026-04-03,6.9,2,1,2,0,5,3,4,192.8,62,
6394,64,2026-04-04,8.8,4,1,1,1,5,4,5,190.6,59,
6395,64,2026-04-05,7.6,2,1,0,1,5,4,4,193.3,62,
6396,64,2026-04-06,6.3,1,2,1,1,5,4,4,188.3,62,
6397,64,2026-04-07,7.1,3,3,2,0,5,3,5,192.3,59,
6398,64,2026-04-08,7.8,4,3,2,0,5,1,5,191.6,63,
6399,64,2026-04-09,8.1,2,3,2,0,5,3,5,193.4,58,
6400,64,2026-04-10,7.8,2,3,5,0,5,2,5,194.9,64,
6401,65,2026-01-01,6.9,3,4,1,0,5,2,5,179.6,67,
6402,65,2026-01-02,6.9,2,3,1,0,5,3,5,177.4,61,
6403,65,2026-01-03,8.6,4,4,0,0,5,3,5,178.1,63,
6404,65,2026-01-04,7.6,2,3,1,1,5,5,5,180.4,64,
6405,65,2026-01-05,7.2,2,3,0,0,4,4,4,177.8,64,
6406,65,2026-01-06,8.0,3,4,0,1,5,4,5,177.8,63,
6407,65,2026-01-07,7.1,1,5,1,1,5,5,4,180.3,68,
6408,65,2026-01-08,6.5,2,6,3,0,4,4,5,178.7,65,
6409,65,2026-01-09,6.9,1,6,0,3,5,3,4,180.3,72,
6410,65,2026-01-10,7.0,3,7,2,0,5,3,5,181.3,63,
6411,65,2026-01-11,7.0,3,7,2,1,5,3,5,180.2,71,
6412,65,2026-01-12,7.7,3,6,2,3,5,4,5,179.3,64,
6413,65,2026-01-13,7.2,2,7,1,0,5,4,4,179.9,69,
6414,65,2026-01-14,7.2,2,7,1,3,5,4,4,178.9,67,
6415,65,2026-01-15,7.7,2,8,2,3,3,2,3,181.1,70,
6416,65,2026-01-16,6.6,2,7,2,1,5,2,5,179.2,67,
6417,65,2026-01-17,6.7,1,8,4,3,5,4,5,182.6,65,
6418,65,2026-01-18,7.4,2,8,3,3,5,4,5,177.5,67,
6419,65,2026-01-19,6.1,1,9,1,1,5,5,5,181.5,69,
6420,65,2026-01-20,6.9,4,9,1,4,5,5,5,178.6,68,
6421,65,2026-01-21,6.8,2,8,1,2,5,5,5,179.5,66,
6422,65,2026-01-22,7.5,4,7,3,2,5,3,5,178.0,67,
6423,65,2026-01-23,7.8,2,7,2,1,3,3,4,177.4,67,
6424,65,2026-01-24,8.3,2,6,3,1,5,4,5,175.3,69,
6425,65,2026-01-25,7.6,3,6,3,0,4,5,4,177.4,68,
6426,65,2026-01-26,7.2,3,6,0,0,4,4,4,180.9,64,
6427,65,2026-01-27,6.9,1,6,1,0,5,4,5,177.6,65,
6428,65,2026-01-28,7.8,4,7,2,0,5,3,4,178.5,64,
6429,65,2026-01-29,6.8,2,8,3,2,5,2,5,179.4,67,
6430,65,2026-01-30,6.8,4,9,2,2,5,4,5,180.5,72,
6431,65,2026-01-31,7.5,3,8,5,1,5,2,4,180.5,66,
6432,65,2026-02-01,7.2,2,8,3,2,5,4,5,179.2,70,
6433,65,2026-02-02,7.7,3,8,2,1,5,3,4,179.0,71,
6434,65,2026-02-03,8.9,3,9,2,4,5,2,4,177.6,67,
6435,65,2026-02-04,7.6,2,10,4,1,5,4,5,177.7,66,
6436,65,2026-02-05,7.0,2,10,1,2,4,3,4,179.5,69,
6437,65,2026-02-06,6.2,2,10,2,1,4,2,5,175.8,72,
6438,65,2026-02-07,6.8,2,10,2,1,4,3,5,178.8,68,
6439,65,2026-02-08,7.2,2,10,2,1,5,5,5,177.6,67,
6440,65,2026-02-09,7.2,3,10,3,4,4,1,5,177.8,71,
6441,65,2026-02-10,7.7,4,10,2,3,5,4,5,180.0,67,
6442,65,2026-02-11,8.7,5,10,2,5,5,3,5,175.2,71,
6443,65,2026-02-12,5.4,1,10,4,1,5,2,5,177.1,68,
6444,65,2026-02-13,6.9,2,10,1,4,4,2,3,179.2,72,
6445,65,2026-02-14,7.0,3,10,2,2,3,3,3,178.9,71,
6446,65,2026-02-15,7.5,2,10,2,4,4,4,5,177.4,69,
6447,65,2026-02-16,6.2,1,9,3,1,3,3,2,176.2,72,
6448,65,2026-02-17,8.1,3,8,2,1,5,2,4,177.9,67,
6449,65,2026-02-18,6.9,2,7,3,1,5,2,4,179.0,68,
6450,65,2026-02-19,7.4,4,7,4,0,5,1,4,178.7,66,
6451,65,2026-02-20,7.5,2,7,3,3,5,1,5,176.6,64,
6452,65,2026-02-21,7.1,3,7,1,0,5,3,5,179.0,66,
6453,65,2026-02-22,7.7,4,6,2,2,5,4,5,178.0,69,
6454,65,2026-02-23,6.9,2,5,0,0,5,4,5,180.1,66,
6455,65,2026-02-24,6.2,1,5,2,2,5,1,5,176.8,60,
6456,65,2026-02-25,6.9,3,6,3,1,5,2,5,179.3,70,
6457,65,2026-02-26,7.3,3,6,0,2,5,3,5,177.1,66,
6458,65,2026-02-27,7.0,3,5,0,0,5,4,5,178.6,66,
6459,65,2026-02-28,7.4,3,6,1,2,4,4,5,178.3,66,
6460,65,2026-03-01,7.1,2,5,3,3,5,3,5,179.1,65,
6461,65,2026-03-02,5.1,1,6,3,2,4,2,4,178.9,71,
6462,65,2026-03-03,6.7,2,7,1,1,5,4,5,177.6,66,
6463,65,2026-03-04,7.9,3,8,4,2,5,3,4,178.3,67,
6464,65,2026-03-05,8.2,4,7,2,0,5,2,5,178.2,67,
6465,65,2026-03-06,7.2,2,6,0,1,5,1,5,174.3,67,
6466,65,2026-03-07,7.4,2,7,1,0,5,2,5,177.5,66,
6467,65,2026-03-08,7.3,2,7,3,1,5,4,5,177.7,65,
6468,65,2026-03-09,7.1,1,7,2,0,4,2,4,179.1,66,
6469,65,2026-03-10,7.5,3,8,1,3,5,2,4,176.9,67,
6470,65,2026-03-11,6.0,2,7,1,1,5,3,5,176.2,67,
6471,65,2026-03-12,8.0,3,8,1,4,5,2,5,176.5,67,
6472,65,2026-03-13,5.2,1,8,1,1,4,4,4,178.1,69,
6473,65,2026-03-14,6.8,2,8,2,1,4,2,3,176.4,72,
6474,65,2026-03-15,8.5,4,9,1,2,5,1,5,176.4,67,
6475,65,2026-03-16,7.8,3,10,3,3,5,5,5,177.1,69,
6476,65,2026-03-17,7.0,2,10,2,1,4,5,3,179.2,68,
6477,65,2026-03-18,7.1,3,9,1,1,5,4,4,180.0,70,
6478,65,2026-03-19,5.5,1,9,2,2,5,3,5,176.0,67,
6479,65,2026-03-20,7.5,3,9,1,2,4,2,4,177.4,69,
6480,65,2026-03-21,8.4,5,9,2,1,5,3,5,174.9,67,
6481,65,2026-03-22,7.5,3,10,2,1,5,4,5,175.9,68,
6482,65,2026-03-23,7.4,3,10,2,1,5,2,5,179.9,68,
6483,65,2026-03-24,6.9,2,10,2,2,5,4,4,177.8,64,
6484,65,2026-03-25,6.2,1,10,3,1,5,4,5,176.1,69,
6485,65,2026-03-26,7.0,2,10,3,1,4,3,3,177.9,68,
6486,65,2026-03-27,6.1,3,10,2,1,4,4,5,177.2,70,
6487,65,2026-03-28,7.2,3,10,2,1,5,4,4,178.3,68,
6488,65,2026-03-29,5.9,1,10,3,1,5,4,4,177.3,71,
6489,65,2026-03-30,6.0,1,9,1,1,3,2,3,177.5,69,
6490,65,2026-03-31,7.8,2,8,2,1,5,1,5,178.9,70,
6491,65,2026-04-01,7.9,3,8,2,1,4,2,4,175.1,67,
6492,65,2026-04-02,6.7,3,8,2,2,5,5,5,179.3,68,
6493,65,2026-04-03,6.4,2,8,2,2,5,3,5,173.0,69,
6494,65,2026-04-04,6.8,3,7,3,0,5,3,5,176.3,69,
6495,65,2026-04-05,7.4,3,7,2,0,5,2,5,175.1,64,
6496,65,2026-04-06,5.6,1,6,2,2,5,4,4,174.7,67,
6497,65,2026-04-07,7.1,2,5,1,0,4,3,5,177.8,65,
6498,65,2026-04-08,8.2,4,6,1,0,5,3,5,177.9,66,
6499,65,2026-04-09,7.5,4,7,3,0,5,2,5,176.0,70,
6500,65,2026-04-10,6.1,3,6,1,0,5,5,5,178.2,67,
6501,66,2026-01-01,7.0,2,2,2,1,5,2,5,178.3,49,
6502,66,2026-01-02,7.1,2,2,1,1,5,3,5,178.1,46,
6503,66,2026-01-03,7.5,3,2,2,1,5,3,4,175.7,48,
6504,66,2026-01-04,7.1,2,1,1,0,5,3,4,178.9,47,
6505,66,2026-01-05,7.3,3,1,2,0,5,3,5,178.4,49,
6506,66,2026-01-06,7.0,3,1,3,0,5,3,5,179.3,48,
6507,66,2026-01-07,7.8,3,1,1,2,5,5,4,179.8,45,
6508,66,2026-01-08,6.6,1,1,0,0,5,4,5,177.0,47,
6509,66,2026-01-09,8.4,2,1,0,0,5,2,5,178.0,47,
6510,66,2026-01-10,8.9,3,1,0,1,5,4,5,177.4,45,
6511,66,2026-01-11,7.9,4,2,1,2,5,3,5,177.5,49,
6512,66,2026-01-12,8.5,3,2,3,0,5,3,5,178.2,48,
6513,66,2026-01-13,8.2,4,2,2,3,5,3,4,179.4,46,
6514,66,2026-01-14,7.8,3,1,2,1,5,3,4,179.4,47,
6515,66,2026-01-15,8.1,3,1,2,2,5,2,4,176.5,45,
6516,66,2026-01-16,8.0,3,2,3,2,5,3,3,180.2,47,
6517,66,2026-01-17,7.7,3,3,0,0,5,3,5,176.6,47,
6518,66,2026-01-18,8.9,3,4,0,1,5,3,5,176.3,47,
6519,66,2026-01-19,7.9,4,4,2,3,5,4,5,177.6,45,
6520,66,2026-01-20,8.6,4,3,1,0,5,3,5,176.6,51,
6521,66,2026-01-21,7.9,3,3,0,0,5,2,5,178.4,54,
6522,66,2026-01-22,8.3,4,2,3,1,5,3,5,175.9,48,
6523,66,2026-01-23,7.8,2,3,1,1,5,2,4,179.1,49,
6524,66,2026-01-24,7.4,3,4,1,0,5,2,3,178.5,49,
6525,66,2026-01-25,8.3,4,4,1,1,5,4,5,179.8,50,
6526,66,2026-01-26,6.6,2,4,4,1,4,5,4,180.0,50,
6527,66,2026-01-27,7.2,2,4,3,1,5,4,5,176.9,52,
6528,66,2026-01-28,6.8,3,4,1,1,5,3,5,176.3,52,
6529,66,2026-01-29,8.0,2,4,3,2,5,4,5,178.6,48,
6530,66,2026-01-30,7.5,3,5,2,1,5,2,5,179.8,51,
6531,66,2026-01-31,7.7,2,6,0,0,4,4,4,173.6,50,
6532,66,2026-02-01,7.8,2,6,1,0,5,2,5,180.1,51,
6533,66,2026-02-02,7.8,4,6,0,1,5,3,5,176.7,51,
6534,66,2026-02-03,7.4,3,6,0,2,5,3,5,176.0,55,
6535,66,2026-02-04,7.6,3,7,2,2,5,2,5,177.4,52,
6536,66,2026-02-05,7.4,3,7,2,1,4,4,5,175.4,50,
6537,66,2026-02-06,7.9,3,7,3,0,5,2,4,176.7,50,
6538,66,2026-02-07,7.5,2,6,1,1,5,1,5,177.3,50,
6539,66,2026-02-08,8.9,4,6,2,1,5,4,4,180.7,51,
6540,66,2026-02-09,7.1,2,5,0,2,5,3,5,176.7,53,
6541,66,2026-02-10,8.5,3,5,1,1,5,3,5,177.3,47,
6542,66,2026-02-11,7.3,2,4,2,0,5,3,3,179.4,49,
6543,66,2026-02-12,7.5,2,3,3,0,5,5,5,180.8,49,
6544,66,2026-02-13,6.0,3,3,0,4,5,4,5,177.9,50,
6545,66,2026-02-14,8.9,5,2,1,2,5,1,5,178.4,50,
6546,66,2026-02-15,7.3,2,2,2,2,5,2,5,175.3,47,
6547,66,2026-02-16,6.8,3,2,1,0,5,1,5,179.4,45,
6548,66,2026-02-17,7.7,3,1,0,1,5,4,5,178.1,45,
6549,66,2026-02-18,6.3,3,1,1,1,5,4,4,178.2,48,
6550,66,2026-02-19,7.8,3,1,1,1,5,3,4,175.6,45,
6551,66,2026-02-20,6.9,2,1,3,0,5,3,5,175.3,49,
6552,66,2026-02-21,8.5,4,1,2,1,5,2,4,175.9,45,
6553,66,2026-02-22,8.5,4,1,3,1,5,3,4,178.0,46,
6554,66,2026-02-23,7.2,2,1,0,0,5,5,5,178.9,45,
6555,66,2026-02-24,6.9,1,1,1,1,5,3,5,179.0,47,
6556,66,2026-02-25,7.2,4,1,2,0,5,2,4,176.7,45,
6557,66,2026-02-26,7.4,2,1,0,0,5,5,5,176.8,46,
6558,66,2026-02-27,7.4,2,1,0,2,5,3,5,176.7,46,
6559,66,2026-02-28,8.6,4,1,1,2,5,2,3,177.5,47,
6560,66,2026-03-01,8.9,4,1,0,1,5,3,5,175.4,45,
6561,66,2026-03-02,7.7,3,1,3,1,5,4,5,177.2,47,
6562,66,2026-03-03,7.3,3,2,1,1,5,3,5,177.8,46,
6563,66,2026-03-04,7.4,2,3,1,0,5,1,5,178.0,48,
6564,66,2026-03-05,7.6,2,4,0,3,5,4,5,178.2,47,
6565,66,2026-03-06,7.5,3,4,1,1,5,4,4,175.7,52,
6566,66,2026-03-07,8.1,3,4,0,1,5,4,4,177.3,48,
6567,66,2026-03-08,8.3,5,5,1,2,5,1,5,176.0,48,
6568,66,2026-03-09,8.1,3,6,0,1,5,3,4,178.7,48,
6569,66,2026-03-10,8.2,2,6,1,0,5,3,4,177.5,50,
6570,66,2026-03-11,8.2,4,7,1,0,5,2,5,175.5,53,
6571,66,2026-03-12,6.9,2,6,2,1,5,3,5,177.7,52,
6572,66,2026-03-13,7.3,3,7,3,1,5,2,5,179.8,52,
6573,66,2026-03-14,9.5,4,8,1,1,5,2,4,176.8,50,
6574,66,2026-03-15,7.0,2,8,3,2,5,3,5,176.1,52,
6575,66,2026-03-16,8.0,4,8,3,2,5,2,5,175.7,55,
6576,66,2026-03-17,8.3,2,8,2,2,4,3,4,176.2,51,
6577,66,2026-03-18,7.5,4,8,2,1,5,3,4,176.0,52,
6578,66,2026-03-19,7.4,3,9,3,1,5,4,5,177.0,53,
6579,66,2026-03-20,7.6,2,8,2,2,5,3,5,177.9,50,
6580,66,2026-03-21,7.0,3,8,2,2,4,3,4,178.3,50,
6581,66,2026-03-22,7.5,4,8,2,1,5,4,5,174.3,50,
6582,66,2026-03-23,7.5,4,7,2,0,5,1,5,177.1,52,
6583,66,2026-03-24,8.4,2,7,3,1,5,2,4,179.6,51,
6584,66,2026-03-25,8.2,4,7,7,0,5,2,5,177.4,49,
6585,66,2026-03-26,7.3,2,8,2,2,3,4,4,176.6,52,
6586,66,2026-03-27,7.6,2,9,3,1,4,3,2,177.9,51,
6587,66,2026-03-28,8.3,4,9,1,2,5,3,5,175.8,52,
6588,66,2026-03-29,7.8,3,8,2,1,3,3,3,177.7,49,
6589,66,2026-03-30,7.7,4,9,1,1,3,4,5,175.6,53,
6590,66,2026-03-31,6.9,2,8,1,4,5,3,4,176.9,52,
6591,66,2026-04-01,7.9,3,9,3,2,5,2,5,175.3,54,
6592,66,2026-04-02,6.9,2,8,3,3,5,3,5,177.8,51,
6593,66,2026-04-03,8.1,2,9,3,1,4,4,3,175.4,51,
6594,66,2026-04-04,7.4,4,9,1,2,5,2,5,175.1,52,
6595,66,2026-04-05,7.3,1,9,2,1,4,3,3,176.7,50,
6596,66,2026-04-06,7.5,4,10,2,2,4,3,4,179.1,49,
6597,66,2026-04-07,7.0,2,9,1,2,4,3,3,178.5,56,
6598,66,2026-04-08,7.8,3,9,2,4,5,4,4,175.4,49,
6599,66,2026-04-09,6.3,2,9,3,2,5,3,4,175.5,53,
6600,66,2026-04-10,6.6,2,9,2,2,4,1,5,176.9,52,
6601,67,2026-01-01,6.6,2,3,0,1,5,4,5,182.7,45,
6602,67,2026-01-02,6.4,2,2,2,0,5,3,5,182.3,46,
6603,67,2026-01-03,6.9,1,2,1,1,5,2,4,183.7,45,
6604,67,2026-01-04,7.6,2,3,2,0,5,3,5,181.6,45,
6605,67,2026-01-05,6.5,2,3,2,1,5,2,5,185.7,45,
6606,67,2026-01-06,7.3,5,2,0,0,5,4,4,182.0,45,
6607,67,2026-01-07,6.7,2,1,3,1,5,3,4,183.8,47,
6608,67,2026-01-08,7.1,2,2,1,1,5,5,5,184.7,45,
6609,67,2026-01-09,8.6,4,1,0,1,5,3,5,184.4,45,
6610,67,2026-01-10,6.4,2,1,3,2,5,2,4,183.5,46,
6611,67,2026-01-11,6.0,1,2,0,2,5,3,4,183.6,45,
6612,67,2026-01-12,7.5,3,1,1,0,5,3,5,183.8,45,
6613,67,2026-01-13,8.4,4,1,2,0,5,4,4,181.0,45,
6614,67,2026-01-14,6.0,1,1,1,0,5,2,5,185.4,45,
6615,67,2026-01-15,5.8,1,1,2,0,5,2,4,186.3,45,
6616,67,2026-01-16,6.9,3,1,1,2,5,3,5,181.6,45,
6617,67,2026-01-17,6.6,2,2,2,2,5,4,5,181.6,45,
6618,67,2026-01-18,7.2,1,2,0,1,5,2,5,181.5,45,
6619,67,2026-01-19,7.6,3,2,0,1,5,3,5,182.4,45,
6620,67,2026-01-20,6.6,2,2,1,2,5,3,5,183.6,47,
6621,67,2026-01-21,7.8,3,2,1,0,5,2,4,182.1,45,
6622,67,2026-01-22,6.1,2,2,0,1,5,4,5,182.3,47,
6623,67,2026-01-23,6.6,2,2,1,1,5,2,5,181.7,45,
6624,67,2026-01-24,6.7,3,1,0,1,5,4,4,181.0,45,
6625,67,2026-01-25,8.1,3,2,1,1,5,2,5,180.5,45,
6626,67,2026-01-26,7.5,3,2,1,3,5,2,5,181.2,47,
6627,67,2026-01-27,6.1,1,2,0,2,4,4,4,181.7,45,
6628,67,2026-01-28,6.6,3,1,1,0,5,3,5,182.0,45,
6629,67,2026-01-29,5.3,1,1,0,0,5,3,5,181.6,46,
6630,67,2026-01-30,6.2,1,2,2,1,5,3,4,178.8,45,
6631,67,2026-01-31,7.5,4,1,1,0,5,3,5,183.3,45,
6632,67,2026-02-01,6.9,1,1,1,1,5,4,5,184.4,45,
6633,67,2026-02-02,6.9,3,1,1,1,5,4,5,182.0,45,
6634,67,2026-02-03,6.1,2,1,0,0,5,1,5,180.4,45,
6635,67,2026-02-04,6.4,2,2,2,1,5,1,5,183.8,45,
6636,67,2026-02-05,5.8,1,2,0,1,5,4,5,183.2,47,
6637,67,2026-02-06,7.3,2,3,0,1,5,3,5,179.6,45,
6638,67,2026-02-07,7.3,3,4,1,0,5,2,5,182.0,45,
6639,67,2026-02-08,7.4,2,3,1,0,5,4,4,184.7,45,
6640,67,2026-02-09,6.5,2,4,0,1,5,4,4,183.4,47,
6641,67,2026-02-10,7.1,2,5,1,1,5,2,5,183.8,47,
6642,67,2026-02-11,7.2,2,5,1,0,5,2,5,182.1,45,
6643,67,2026-02-12,7.8,2,4,5,0,5,2,4,181.6,45,
6644,67,2026-02-13,6.2,2,4,3,2,5,2,5,181.7,45,
6645,67,2026-02-14,8.0,2,5,0,1,5,3,4,180.3,45,
6646,67,2026-02-15,5.5,1,6,2,1,3,4,3,182.6,48,
6647,67,2026-02-16,7.9,2,7,1,2,5,3,4,183.5,45,
6648,67,2026-02-17,6.9,2,6,1,2,5,2,4,182.4,50,
6649,67,2026-02-18,6.2,1,6,0,0,5,4,5,184.3,50,
6650,67,2026-02-19,7.6,3,5,1,1,5,3,5,180.5,45,
6651,67,2026-02-20,6.0,2,6,3,1,5,1,4,184.4,48,
6652,67,2026-02-21,7.3,3,7,3,0,4,2,4,183.5,48,
6653,67,2026-02-22,7.2,4,6,3,2,5,4,5,181.4,49,
6654,67,2026-02-23,7.1,3,7,3,1,5,2,5,181.8,47,
6655,67,2026-02-24,7.2,3,6,0,1,5,2,5,183.8,46,
6656,67,2026-02-25,7.5,4,7,2,1,5,3,5,178.8,48,
6657,67,2026-02-26,7.6,2,6,0,0,5,5,5,183.5,48,
6658,67,2026-02-27,6.4,3,6,0,2,5,4,5,181.3,48,
6659,67,2026-02-28,7.3,2,6,1,0,5,4,4,185.2,46,
6660,67,2026-03-01,7.6,3,6,2,2,5,4,5,182.2,48,
6661,67,2026-03-02,6.1,1,6,2,1,5,3,5,179.8,49,
6662,67,2026-03-03,5.6,1,6,0,0,5,4,5,182.4,48,
6663,67,2026-03-04,7.4,2,6,1,3,5,2,5,181.4,45,
6664,67,2026-03-05,7.5,2,6,1,0,5,5,4,181.8,47,
6665,67,2026-03-06,6.2,1,6,0,1,4,3,4,180.1,48,
6666,67,2026-03-07,7.5,4,6,1,0,5,3,4,181.9,46,
6667,67,2026-03-08,5.9,1,5,0,1,5,4,4,182.2,46,
6668,67,2026-03-09,6.8,3,5,0,1,5,3,5,180.5,48,
6669,67,2026-03-10,8.1,2,5,2,0,5,1,3,181.2,45,
6670,67,2026-03-11,9.0,4,6,1,0,5,2,5,181.5,45,
6671,67,2026-03-12,6.4,3,6,1,1,5,3,5,181.0,45,
6672,67,2026-03-13,6.9,2,7,1,1,4,3,4,178.7,48,
6673,67,2026-03-14,6.7,3,8,1,1,5,2,5,181.2,49,
6674,67,2026-03-15,7.1,2,8,2,2,5,3,5,180.9,49,
6675,67,2026-03-16,7.1,2,8,2,2,5,4,5,182.9,48,
6676,67,2026-03-17,5.4,1,7,3,0,5,3,5,178.3,49,
6677,67,2026-03-18,5.4,1,7,1,0,5,4,5,181.4,49,
6678,67,2026-03-19,8.0,2,6,1,0,5,2,5,180.7,45,
6679,67,2026-03-20,6.7,2,7,2,1,5,4,4,181.2,48,
6680,67,2026-03-21,7.9,3,7,3,2,4,5,5,179.7,46,
6681,67,2026-03-22,7.5,2,7,1,3,5,2,4,179.7,45,
6682,67,2026-03-23,6.9,3,7,2,0,5,4,5,180.5,46,
6683,67,2026-03-24,6.1,1,8,4,2,5,5,5,181.2,51,
6684,67,2026-03-25,6.8,1,7,1,1,5,3,5,181.9,47,
6685,67,2026-03-26,8.2,4,7,1,0,5,1,4,181.6,48,
6686,67,2026-03-27,6.4,1,8,1,1,5,3,5,181.2,49,
6687,67,2026-03-28,7.9,2,7,2,0,5,2,5,182.3,48,
6688,67,2026-03-29,8.2,3,7,1,0,5,4,5,179.2,50,
6689,67,2026-03-30,7.7,3,8,4,1,5,2,5,181.5,46,
6690,67,2026-03-31,7.5,2,8,5,3,5,4,5,181.1,52,
6691,67,2026-04-01,7.0,2,7,1,1,5,3,5,179.6,46,
6692,67,2026-04-02,7.2,3,7,1,1,4,4,4,180.5,49,
6693,67,2026-04-03,7.1,2,6,0,0,5,4,5,180.8,50,
6694,67,2026-04-04,7.4,3,6,3,1,5,3,5,181.6,45,
6695,67,2026-04-05,7.4,4,7,5,0,5,2,5,182.8,48,
6696,67,2026-04-06,6.2,1,8,1,2,3,3,2,180.7,49,
6697,67,2026-04-07,6.5,1,7,4,1,5,2,4,179.8,49,
6698,67,2026-04-08,7.4,2,7,4,2,4,4,4,181.5,47,
6699,67,2026-04-09,8.5,4,8,1,1,5,4,4,181.0,51,
6700,67,2026-04-10,6.6,1,8,2,1,4,2,4,181.8,48,
6701,68,2026-01-01,7.7,1,5,2,2,5,3,5,199.9,62,
6702,68,2026-01-02,7.8,2,6,0,1,5,3,5,199.6,62,
6703,68,2026-01-03,7.4,3,5,2,1,5,1,5,200.3,64,
6704,68,2026-01-04,8.0,2,4,1,0,5,2,5,195.8,65,
6705,68,2026-01-05,6.3,1,4,0,1,5,3,5,199.8,65,
6706,68,2026-01-06,8.2,4,4,0,1,5,3,5,200.3,62,
6707,68,2026-01-07,7.2,3,4,0,1,5,2,5,198.4,63,
6708,68,2026-01-08,7.1,3,4,3,2,5,2,4,199.2,62,
6709,68,2026-01-09,8.2,3,4,1,1,5,4,5,198.4,62,
6710,68,2026-01-10,7.0,2,5,1,2,5,3,5,196.1,64,
6711,68,2026-01-11,9.1,4,6,3,1,5,4,4,201.2,64,
6712,68,2026-01-12,8.1,2,7,2,1,4,3,4,198.3,65,
6713,68,2026-01-13,7.6,4,7,1,0,5,4,5,198.2,68,
6714,68,2026-01-14,7.3,3,7,3,0,5,3,5,199.4,66,
6715,68,2026-01-15,7.4,2,7,2,2,5,2,5,199.2,65,
6716,68,2026-01-16,6.6,3,7,1,0,5,5,5,199.3,68,
6717,68,2026-01-17,8.0,3,7,3,1,5,4,4,198.9,65,
6718,68,2026-01-18,9.5,5,7,2,0,5,3,4,198.2,64,
6719,68,2026-01-19,7.3,2,7,4,1,5,4,4,198.1,65,
6720,68,2026-01-20,8.4,5,8,2,1,5,4,5,198.2,66,
6721,68,2026-01-21,7.7,2,8,2,1,4,5,3,198.4,69,
6722,68,2026-01-22,6.7,3,9,5,2,4,4,5,198.4,67,
6723,68,2026-01-23,7.7,4,9,2,1,5,4,5,198.1,69,
6724,68,2026-01-24,8.4,4,9,4,1,5,5,5,197.0,68,
6725,68,2026-01-25,7.9,4,9,2,2,5,3,5,198.2,66,
6726,68,2026-01-26,6.6,1,9,2,2,4,4,3,200.0,69,
6727,68,2026-01-27,8.1,4,10,2,2,4,4,3,199.5,71,
6728,68,2026-01-28,7.2,4,9,3,1,5,3,5,196.1,67,
6729,68,2026-01-29,6.7,1,9,2,1,5,2,4,195.7,65,
6730,68,2026-01-30,7.8,3,9,1,3,5,3,4,198.7,69,
6731,68,2026-01-31,8.4,5,9,4,2,5,3,4,196.7,67,
6732,68,2026-02-01,7.5,3,10,2,1,5,5,5,196.2,69,
6733,68,2026-02-02,7.3,3,10,2,2,4,4,4,201.6,65,
6734,68,2026-02-03,7.4,3,9,2,2,4,5,3,198.2,66,
6735,68,2026-02-04,6.9,1,9,6,3,5,1,4,195.8,64,
6736,68,2026-02-05,6.3,1,9,4,2,3,2,5,198.1,66,
6737,68,2026-02-06,7.0,2,8,1,1,5,4,5,197.2,64,
6738,68,2026-02-07,8.2,2,8,3,1,5,1,5,200.3,67,
6739,68,2026-02-08,7.6,3,8,6,1,5,3,4,196.7,64,
6740,68,2026-02-09,8.0,3,8,1,2,4,3,4,195.7,66,
6741,68,2026-02-10,7.3,3,8,1,1,5,4,5,196.4,68,
6742,68,2026-02-11,7.7,3,9,3,1,4,4,4,196.8,64,
6743,68,2026-02-12,8.4,4,9,3,2,5,3,5,196.8,63,
6744,68,2026-02-13,8.1,4,9,1,1,5,2,5,196.4,69,
6745,68,2026-02-14,8.6,5,9,2,1,5,5,5,199.4,61,
6746,68,2026-02-15,7.4,3,9,2,3,5,3,5,196.7,65,
6747,68,2026-02-16,7.5,3,8,2,2,5,4,5,195.4,64,
6748,68,2026-02-17,8.1,3,7,2,2,4,5,2,198.0,64,
6749,68,2026-02-18,7.7,2,8,1,2,4,2,4,195.8,65,
6750,68,2026-02-19,8.3,4,9,2,2,5,4,5,196.7,65,
6751,68,2026-02-20,7.1,3,9,2,1,4,3,5,196.2,71,
6752,68,2026-02-21,7.1,1,8,1,1,5,4,5,198.4,65,
6753,68,2026-02-22,7.8,4,7,1,1,5,2,5,197.2,63,
6754,68,2026-02-23,7.9,3,8,1,1,4,2,4,197.5,66,
6755,68,2026-02-24,7.7,3,7,1,0,5,5,3,198.4,65,
6756,68,2026-02-25,8.9,4,8,2,4,4,2,3,198.1,65,
6757,68,2026-02-26,6.8,3,8,2,1,5,3,5,198.3,66,
6758,68,2026-02-27,8.0,3,7,2,1,4,2,4,196.2,62,
6759,68,2026-02-28,7.2,3,8,2,1,3,3,4,196.0,71,
6760,68,2026-03-01,8.1,3,8,1,1,5,1,5,195.6,67,
6761,68,2026-03-02,7.6,2,8,2,2,5,1,5,196.7,64,
6762,68,2026-03-03,7.1,2,8,2,1,5,3,5,196.0,64,
6763,68,2026-03-04,6.9,2,8,2,3,5,2,4,195.8,66,
6764,68,2026-03-05,6.6,3,8,2,1,4,3,3,197.5,64,
6765,68,2026-03-06,7.9,3,9,1,2,5,5,5,196.2,66,
6766,68,2026-03-07,8.3,2,9,2,2,5,2,4,196.7,65,
6767,68,2026-03-08,7.1,2,8,3,2,4,3,5,197.3,64,
6768,68,2026-03-09,8.1,5,8,4,1,5,3,5,198.1,67,
6769,68,2026-03-10,7.2,3,7,2,1,5,2,5,196.8,69,
6770,68,2026-03-11,7.1,2,6,1,0,5,3,5,197.2,69,
6771,68,2026-03-12,8.1,4,5,2,0,5,2,5,195.5,67,
6772,68,2026-03-13,7.7,4,5,0,2,5,2,5,195.9,61,
6773,68,2026-03-14,7.8,2,6,1,0,5,2,4,197.6,64,
6774,68,2026-03-15,7.9,3,6,3,0,5,3,4,196.3,63,
6775,68,2026-03-16,6.5,2,6,1,2,4,3,3,194.8,66,
6776,68,2026-03-17,7.0,2,7,4,0,5,3,5,198.4,67,
6777,68,2026-03-18,8.9,4,7,3,1,5,2,5,197.6,62,
6778,68,2026-03-19,7.4,2,7,1,2,5,3,5,198.6,64,
6779,68,2026-03-20,6.8,1,6,1,0,5,4,5,198.4,60,
6780,68,2026-03-21,7.8,3,7,1,0,5,4,5,198.4,64,
6781,68,2026-03-22,6.2,2,8,1,1,4,3,3,194.4,66,
6782,68,2026-03-23,8.0,3,7,3,1,5,3,4,194.9,63,
6783,68,2026-03-24,8.9,5,7,1,2,5,2,5,196.4,66,
6784,68,2026-03-25,8.0,2,6,1,1,5,4,5,198.5,65,
6785,68,2026-03-26,8.0,4,6,1,0,5,3,5,192.7,64,
6786,68,2026-03-27,7.4,3,5,0,3,5,2,5,198.6,63,
6787,68,2026-03-28,7.6,3,4,1,0,5,2,5,195.8,62,
6788,68,2026-03-29,8.4,3,4,2,1,5,4,3,198.2,62,
6789,68,2026-03-30,7.4,2,3,0,0,5,3,5,196.5,63,
6790,68,2026-03-31,7.8,3,4,4,1,5,2,5,197.1,62,
6791,68,2026-04-01,5.9,2,4,3,2,5,4,5,194.8,60,
6792,68,2026-04-02,8.1,4,5,2,1,5,4,5,196.7,62,
6793,68,2026-04-03,6.9,3,5,3,2,4,3,5,196.5,66,
6794,68,2026-04-04,9.1,4,4,1,0,5,3,5,196.9,61,
6795,68,2026-04-05,8.8,5,5,0,2,5,3,3,197.5,63,
6796,68,2026-04-06,8.2,3,5,1,0,5,2,5,196.5,61,
6797,68,2026-04-07,8.0,3,5,1,0,5,2,4,196.0,62,
6798,68,2026-04-08,8.0,3,5,1,1,5,2,5,195.2,60,
6799,68,2026-04-09,7.5,3,5,3,1,5,4,5,195.7,65,
6800,68,2026-04-10,8.2,4,5,1,3,5,2,5,193.4,63,
6801,69,2026-01-01,7.7,3,3,1,1,5,4,3,186.7,64,
6802,69,2026-01-02,6.7,2,3,1,2,5,2,5,185.2,61,
6803,69,2026-01-03,7.0,2,2,2,0,5,5,4,185.8,62,
6804,69,2026-01-04,6.6,2,1,0,1,5,3,5,188.1,63,
6805,69,2026-01-05,6.9,3,1,2,1,5,3,5,186.4,63,
6806,69,2026-01-06,6.8,2,1,0,1,5,2,4,184.0,60,
6807,69,2026-01-07,5.8,1,1,0,2,5,2,4,185.5,61,
6808,69,2026-01-08,6.0,1,1,1,2,5,3,5,186.8,58,
6809,69,2026-01-09,7.0,3,1,2,0,5,3,5,187.0,60,
6810,69,2026-01-10,7.9,4,1,3,2,5,4,4,184.2,56,
6811,69,2026-01-11,6.7,3,2,0,1,5,3,5,187.2,60,
6812,69,2026-01-12,6.8,2,3,0,2,5,3,4,182.8,62,
6813,69,2026-01-13,6.4,4,4,2,2,5,2,5,185.5,67,
6814,69,2026-01-14,6.4,1,3,2,1,5,3,4,187.5,60,
6815,69,2026-01-15,8.0,3,3,0,1,5,2,5,183.5,59,
6816,69,2026-01-16,7.1,1,4,1,1,5,2,4,184.8,62,
6817,69,2026-01-17,7.1,3,4,1,1,5,3,4,185.4,64,
6818,69,2026-01-18,7.8,4,5,1,0,5,3,5,185.5,64,
6819,69,2026-01-19,7.4,4,4,1,0,5,4,5,188.1,61,
6820,69,2026-01-20,8.2,4,5,2,0,5,4,5,185.6,60,
6821,69,2026-01-21,5.6,1,5,3,2,5,3,5,183.0,66,
6822,69,2026-01-22,6.5,1,5,2,1,5,3,5,187.7,64,
6823,69,2026-01-23,5.8,1,5,1,0,5,3,5,185.1,64,
6824,69,2026-01-24,7.3,2,5,0,1,5,4,5,183.3,64,
6825,69,2026-01-25,7.3,3,4,0,0,5,4,5,184.8,58,
6826,69,2026-01-26,5.7,1,3,4,1,5,3,5,185.1,59,
6827,69,2026-01-27,7.7,3,4,0,1,5,5,5,184.8,62,
6828,69,2026-01-28,6.3,3,3,3,0,5,2,5,185.4,62,
6829,69,2026-01-29,7.7,3,3,3,2,5,3,5,183.4,62,
6830,69,2026-01-30,6.1,1,4,1,0,5,4,5,185.5,66,
6831,69,2026-01-31,6.8,2,5,1,1,5,4,5,186.2,68,
6832,69,2026-02-01,5.7,1,4,0,1,5,3,5,182.9,64,
6833,69,2026-02-02,6.4,3,4,0,2,5,3,5,185.1,66,
6834,69,2026-02-03,6.8,2,5,1,2,4,5,4,186.7,67,
6835,69,2026-02-04,6.7,2,5,3,0,5,1,5,187.2,61,
6836,69,2026-02-05,6.7,1,6,0,2,5,3,5,187.4,65,
6837,69,2026-02-06,6.9,3,7,1,0,5,3,5,187.4,65,
6838,69,2026-02-07,8.0,3,7,2,1,5,2,5,185.2,67,
6839,69,2026-02-08,7.7,3,8,3,2,5,1,4,185.0,65,
6840,69,2026-02-09,7.4,3,7,3,3,4,3,3,183.8,65,
6841,69,2026-02-10,7.8,3,7,2,1,4,3,3,184.9,65,
6842,69,2026-02-11,6.5,1,7,1,0,5,3,5,185.7,62,
6843,69,2026-02-12,5.5,2,7,1,0,5,4,5,184.9,70,
6844,69,2026-02-13,7.0,3,8,3,1,5,1,4,187.5,62,
6845,69,2026-02-14,6.0,2,8,3,1,3,2,2,184.1,64,
6846,69,2026-02-15,7.1,3,8,3,3,5,3,5,185.5,64,
6847,69,2026-02-16,5.2,1,9,2,2,4,3,3,184.0,67,
6848,69,2026-02-17,7.8,2,9,1,2,5,3,5,187.8,69,
6849,69,2026-02-18,5.9,1,9,1,1,3,2,4,185.6,69,
6850,69,2026-02-19,6.0,1,10,2,2,5,1,5,184.4,68,
6851,69,2026-02-20,7.1,3,9,1,2,5,4,5,185.6,68,
6852,69,2026-02-21,6.8,2,9,2,2,3,4,3,184.9,67,
6853,69,2026-02-22,5.7,1,8,4,2,5,3,5,186.5,67,
6854,69,2026-02-23,6.6,2,8,3,1,4,4,5,187.6,67,
6855,69,2026-02-24,5.4,1,8,2,2,4,1,5,183.0,65,
6856,69,2026-02-25,6.4,2,8,2,1,2,1,3,182.4,64,
6857,69,2026-02-26,6.6,2,8,6,1,5,2,5,182.9,67,
6858,69,2026-02-27,6.4,2,8,1,2,4,1,2,185.4,69,
6859,69,2026-02-28,6.9,2,7,3,1,4,3,4,182.8,66,
6860,69,2026-03-01,8.8,5,6,2,1,5,3,5,185.8,58,
6861,69,2026-03-02,7.1,2,6,3,2,5,4,5,186.6,68,
6862,69,2026-03-03,6.6,1,7,2,0,4,3,4,185.8,65,
6863,69,2026-03-04,6.1,1,7,3,1,5,3,5,183.2,61,
6864,69,2026-03-05,6.3,2,7,2,3,5,1,5,184.3,65,
6865,69,2026-03-06,6.7,2,6,1,2,5,3,5,185.2,66,
6866,69,2026-03-07,7.0,2,6,0,0,5,2,4,185.5,61,
6867,69,2026-03-08,7.1,2,6,0,3,5,1,5,186.6,64,
6868,69,2026-03-09,8.1,4,7,1,1,5,3,5,188.0,63,
6869,69,2026-03-10,7.6,2,7,2,0,5,2,4,186.3,65,
6870,69,2026-03-11,7.5,3,8,5,1,5,3,5,183.7,65,
6871,69,2026-03-12,7.3,2,7,2,0,4,2,3,182.6,65,
6872,69,2026-03-13,7.0,1,6,0,1,5,1,5,183.2,65,
6873,69,2026-03-14,7.5,2,6,1,0,5,2,4,183.9,65,
6874,69,2026-03-15,8.0,3,6,2,2,5,5,5,184.1,64,
6875,69,2026-03-16,6.8,4,6,3,0,5,5,5,184.3,67,
6876,69,2026-03-17,5.8,2,6,1,0,5,2,5,186.8,64,
6877,69,2026-03-18,6.9,2,6,1,0,5,3,5,187.9,64,
6878,69,2026-03-19,8.0,4,5,0,2,5,1,5,182.9,65,
6879,69,2026-03-20,7.1,1,5,1,1,5,3,3,185.1,64,
6880,69,2026-03-21,6.7,1,5,2,0,5,4,4,185.1,63,
6881,69,2026-03-22,6.6,2,4,1,1,5,3,5,185.1,65,
6882,69,2026-03-23,6.8,3,3,2,1,5,3,5,186.6,64,
6883,69,2026-03-24,7.2,3,2,1,1,5,1,5,184.8,60,
6884,69,2026-03-25,7.3,2,2,3,0,5,4,5,185.8,58,
6885,69,2026-03-26,6.6,3,2,1,2,5,3,5,183.2,60,
6886,69,2026-03-27,6.7,2,3,1,0,5,2,5,184.1,64,
6887,69,2026-03-28,6.7,1,4,3,0,5,2,5,184.9,66,
6888,69,2026-03-29,7.1,3,3,0,0,5,4,5,183.4,63,
6889,69,2026-03-30,7.0,4,4,2,1,5,4,5,185.6,64,
6890,69,2026-03-31,5.9,1,4,0,2,5,3,5,183.9,65,
6891,69,2026-04-01,5.9,2,5,2,2,5,1,4,182.6,64,
6892,69,2026-04-02,8.3,4,5,1,0,5,3,4,185.5,65,
6893,69,2026-04-03,5.8,1,5,1,2,5,4,5,182.3,66,
6894,69,2026-04-04,7.8,3,6,0,2,5,4,5,182.9,63,
6895,69,2026-04-05,6.6,3,6,0,0,5,3,5,184.7,67,
6896,69,2026-04-06,6.7,2,6,0,0,5,3,4,185.8,68,
6897,69,2026-04-07,5.7,1,5,1,1,5,2,5,182.9,63,
6898,69,2026-04-08,6.4,2,4,1,0,5,4,4,183.6,63,
6899,69,2026-04-09,6.6,1,5,1,1,5,2,5,182.3,64,
6900,69,2026-04-10,6.5,2,4,1,0,5,5,4,181.0,64,
6901,70,2026-01-01,7.8,2,4,1,0,5,4,5,258.6,57,
6902,70,2026-01-02,8.0,3,3,1,1,5,3,5,262.5,53,
6903,70,2026-01-03,7.9,3,3,2,0,5,3,4,258.9,54,
6904,70,2026-01-04,8.0,3,2,0,0,5,3,4,260.4,55,
6905,70,2026-01-05,8.2,4,1,0,0,5,2,5,260.1,52,
6906,70,2026-01-06,7.7,4,1,0,0,5,2,4,259.0,54,
6907,70,2026-01-07,8.0,2,1,3,0,5,4,5,256.8,52,
6908,70,2026-01-08,7.3,1,2,0,0,5,3,4,263.9,52,
6909,70,2026-01-09,8.5,3,2,0,0,5,4,5,258.4,54,
6910,70,2026-01-10,7.4,3,1,3,0,5,3,4,258.7,54,
6911,70,2026-01-11,7.8,3,1,0,1,5,5,5,258.6,51,
6912,70,2026-01-12,7.9,2,1,0,0,5,2,5,260.1,50,
6913,70,2026-01-13,6.8,3,1,1,0,5,2,5,258.2,55,
6914,70,2026-01-14,7.8,3,1,0,1,5,4,5,263.2,55,
6915,70,2026-01-15,7.5,3,1,1,0,5,3,5,258.2,51,
6916,70,2026-01-16,8.7,3,2,4,0,5,2,5,258.0,55,
6917,70,2026-01-17,6.6,2,2,1,0,5,2,5,257.8,55,
6918,70,2026-01-18,7.4,2,2,1,0,5,3,5,259.9,51,
6919,70,2026-01-19,5.7,2,1,1,1,5,2,4,260.8,57,
6920,70,2026-01-20,7.4,3,1,4,0,5,3,4,261.3,50,
6921,70,2026-01-21,6.5,3,1,0,0,5,4,4,256.9,54,
6922,70,2026-01-22,7.6,2,1,0,2,5,4,5,258.9,52,
6923,70,2026-01-23,9.0,4,2,0,0,5,4,5,260.1,53,
6924,70,2026-01-24,9.3,5,3,2,0,5,5,5,257.7,54,
6925,70,2026-01-25,8.3,3,4,1,0,5,3,4,260.9,55,
6926,70,2026-01-26,7.5,2,4,1,2,5,3,5,261.7,56,
6927,70,2026-01-27,6.9,2,5,0,0,5,2,5,260.1,58,
6928,70,2026-01-28,6.9,3,5,2,0,5,4,3,257.5,58,
6929,70,2026-01-29,8.3,3,5,2,0,5,4,4,259.4,54,
6930,70,2026-01-30,8.1,3,5,1,3,5,4,5,257.9,54,
6931,70,2026-01-31,8.7,5,6,1,2,5,2,4,261.2,53,
6932,70,2026-02-01,7.8,4,7,3,0,5,2,5,259.9,57,
6933,70,2026-02-02,8.3,4,7,3,0,5,3,4,263.3,58,
6934,70,2026-02-03,8.1,3,8,1,2,5,3,4,260.9,55,
6935,70,2026-02-04,8.2,3,7,3,0,5,5,4,261.8,55,
6936,70,2026-02-05,7.0,2,8,2,2,5,4,5,257.5,64,
6937,70,2026-02-06,7.6,3,8,2,1,5,3,5,259.5,60,
6938,70,2026-02-07,7.8,2,8,2,2,4,3,3,258.7,57,
6939,70,2026-02-08,8.2,2,9,2,4,5,5,5,259.3,59,
6940,70,2026-02-09,6.5,2,10,1,2,4,2,4,259.0,60,
6941,70,2026-02-10,7.6,3,10,1,2,4,3,4,260.3,59,
6942,70,2026-02-11,7.5,4,10,3,1,5,1,5,258.3,60,
6943,70,2026-02-12,7.2,2,10,2,3,5,3,5,259.6,62,
6944,70,2026-02-13,7.3,2,10,4,1,4,1,5,260.7,62,
6945,70,2026-02-14,7.0,2,10,2,2,5,2,5,261.6,62,
6946,70,2026-02-15,9.1,5,10,2,3,5,4,5,260.1,62,
6947,70,2026-02-16,7.6,4,10,1,1,5,3,5,259.3,62,
6948,70,2026-02-17,7.4,3,9,2,2,5,2,5,258.1,61,
6949,70,2026-02-18,8.3,4,9,2,1,5,3,5,258.9,58,
6950,70,2026-02-19,7.7,4,10,2,1,5,2,4,258.0,57,
6951,70,2026-02-20,7.5,2,10,1,2,3,3,1,258.7,59,
6952,70,2026-02-21,9.5,4,9,2,1,5,4,5,259.4,58,
6953,70,2026-02-22,7.5,2,9,2,3,5,2,4,257.5,57,
6954,70,2026-02-23,9.4,3,9,3,3,5,1,5,258.8,59,
6955,70,2026-02-24,8.4,3,10,3,3,5,3,5,261.4,59,
6956,70,2026-02-25,8.4,4,10,1,1,5,3,4,259.3,57,
6957,70,2026-02-26,7.2,2,10,2,1,5,2,5,259.4,59,
6958,70,2026-02-27,7.4,3,9,2,1,5,2,4,258.7,61,
6959,70,2026-02-28,6.4,3,10,3,2,4,4,4,257.3,58,
6960,70,2026-03-01,8.4,3,9,1,1,5,4,5,257.4,56,
6961,70,2026-03-02,8.3,4,9,2,2,5,3,5,257.6,57,
6962,70,2026-03-03,8.1,4,10,3,1,5,1,5,257.8,58,
6963,70,2026-03-04,8.0,4,10,2,1,5,3,5,256.7,58,
6964,70,2026-03-05,7.3,2,10,3,2,5,3,5,258.4,62,
6965,70,2026-03-06,9.4,5,9,2,2,5,3,5,261.8,55,
6966,70,2026-03-07,9.5,5,9,4,3,5,1,5,258.2,61,
6967,70,2026-03-08,8.8,4,8,2,1,5,3,4,256.6,61,
6968,70,2026-03-09,8.0,3,8,1,1,4,2,4,257.6,59,
6969,70,2026-03-10,8.6,4,7,2,0,5,1,5,258.7,58,
6970,70,2026-03-11,9.1,4,8,1,1,5,4,5,257.2,62,
6971,70,2026-03-12,7.0,2,8,3,2,5,2,5,258.8,60,
6972,70,2026-03-13,9.5,5,8,3,1,5,4,5,258.4,58,
6973,70,2026-03-14,7.0,2,9,1,2,4,4,3,257.6,61,
6974,70,2026-03-15,8.5,3,9,1,2,5,3,5,257.3,60,
6975,70,2026-03-16,8.8,4,9,3,1,4,2,2,258.7,60,
6976,70,2026-03-17,8.6,3,9,3,1,5,3,4,256.3,58,
6977,70,2026-03-18,6.8,1,9,2,1,4,5,4,261.8,59,
6978,70,2026-03-19,7.1,2,10,3,2,3,3,4,260.5,61,
6979,70,2026-03-20,8.6,4,10,1,2,5,3,5,258.9,60,
6980,70,2026-03-21,8.7,3,10,3,1,4,3,4,257.5,55,
6981,70,2026-03-22,7.4,4,10,2,1,5,3,5,259.4,64,
6982,70,2026-03-23,8.1,3,10,3,2,4,2,5,259.2,58,
6983,70,2026-03-24,7.4,2,10,1,4,4,3,4,258.4,58,
6984,70,2026-03-25,7.6,3,10,1,2,5,3,4,260.4,60,
6985,70,2026-03-26,7.5,4,9,2,1,5,4,5,258.1,61,
6986,70,2026-03-27,7.5,3,8,1,1,5,3,5,257.6,57,
6987,70,2026-03-28,9.4,4,8,2,2,4,2,4,258.2,59,
6988,70,2026-03-29,7.8,3,8,3,2,5,2,5,259.7,56,
6989,70,2026-03-30,8.8,3,8,1,2,5,4,5,258.1,59,
6990,70,2026-03-31,8.0,3,9,2,3,5,3,5,258.3,58,
6991,70,2026-04-01,7.3,2,10,1,1,5,2,4,257.3,60,
6992,70,2026-04-02,7.9,3,9,1,2,5,4,4,258.2,59,
6993,70,2026-04-03,7.1,2,9,2,1,4,3,5,260.0,62,
6994,70,2026-04-04,7.6,2,9,1,2,4,2,4,259.6,60,
6995,70,2026-04-05,9.4,5,9,2,3,5,2,4,258.1,62,
6996,70,2026-04-06,8.7,3,9,2,2,4,3,4,259.3,60,
6997,70,2026-04-07,8.2,2,10,2,1,3,2,2,256.4,62,
6998,70,2026-04-08,7.7,4,10,1,3,5,4,4,258.4,60,
6999,70,2026-04-09,7.2,2,10,2,2,3,3,4,256.3,59,
7000,70,2026-04-10,7.9,3,10,1,3,5,4,5,258.8,59,
7001,71,2026-01-01,7.7,4,5,2,1,5,4,5,196.0,57,
7002,71,2026-01-02,7.6,3,6,2,0,5,3,5,198.0,57,
7003,71,2026-01-03,7.5,4,7,3,1,5,3,5,198.6,62,
7004,71,2026-01-04,6.8,1,6,3,0,5,2,5,194.3,61,
7005,71,2026-01-05,7.0,3,7,1,0,5,3,5,196.2,61,
7006,71,2026-01-06,7.4,3,7,1,1,5,2,4,194.8,61,
7007,71,2026-01-07,7.0,2,8,2,1,5,3,5,194.1,61,
7008,71,2026-01-08,8.1,3,8,2,3,4,2,3,192.7,58,
7009,71,2026-01-09,7.7,3,7,1,1,3,1,3,193.7,59,
7010,71,2026-01-10,7.5,2,7,4,1,5,2,5,196.9,62,
7011,71,2026-01-11,7.0,2,6,1,0,4,4,4,197.1,57,
7012,71,2026-01-12,8.1,2,5,1,0,5,2,5,196.6,58,
7013,71,2026-01-13,7.4,2,5,0,1,5,2,5,199.9,58,
7014,71,2026-01-14,7.1,2,4,1,0,5,3,5,195.0,57,
7015,71,2026-01-15,7.2,3,3,1,0,5,2,5,193.4,56,
7016,71,2026-01-16,7.9,3,3,1,0,5,2,5,196.3,57,
7017,71,2026-01-17,7.5,3,3,0,0,5,4,5,195.9,57,
7018,71,2026-01-18,7.3,4,3,1,0,5,1,4,195.7,52,
7019,71,2026-01-19,6.4,2,3,1,2,5,3,4,196.7,56,
7020,71,2026-01-20,7.2,3,4,0,2,5,3,5,195.1,59,
7021,71,2026-01-21,6.5,3,4,2,2,5,2,5,195.4,59,
7022,71,2026-01-22,8.5,3,4,1,0,5,4,5,195.0,58,
7023,71,2026-01-23,8.0,2,4,2,1,5,2,5,193.3,59,
7024,71,2026-01-24,7.3,2,5,2,1,5,4,5,195.2,63,
7025,71,2026-01-25,7.9,4,6,0,1,5,3,5,195.6,58,
7026,71,2026-01-26,7.1,2,5,0,1,5,3,5,193.8,59,
7027,71,2026-01-27,8.1,3,4,1,3,5,2,5,194.2,59,
7028,71,2026-01-28,7.1,2,3,1,0,4,4,3,194.7,56,
7029,71,2026-01-29,6.8,2,4,4,1,5,1,5,196.4,57,
7030,71,2026-01-30,8.6,3,3,0,0,5,3,4,196.5,55,
7031,71,2026-01-31,7.6,3,3,0,1,5,3,5,196.3,55,
7032,71,2026-02-01,8.0,3,4,2,1,5,5,4,196.6,59,
7033,71,2026-02-02,7.7,2,4,0,3,5,2,5,195.5,55,
7034,71,2026-02-03,8.0,3,5,0,1,5,2,5,199.0,54,
7035,71,2026-02-04,7.7,2,5,1,1,5,3,5,195.6,53,
7036,71,2026-02-05,6.8,1,4,1,0,4,3,4,194.5,58,
7037,71,2026-02-06,7.4,2,4,1,1,3,4,4,193.6,57,
7038,71,2026-02-07,7.8,3,4,3,1,5,3,5,194.9,57,
7039,71,2026-02-08,8.0,4,5,2,1,4,5,3,192.4,59,
7040,71,2026-02-09,7.1,3,6,2,2,5,3,5,195.2,59,
7041,71,2026-02-10,5.7,1,6,0,0,4,4,4,194.2,60,
7042,71,2026-02-11,7.0,2,6,2,1,5,3,5,198.8,58,
7043,71,2026-02-12,7.5,3,7,1,1,5,3,5,195.1,61,
7044,71,2026-02-13,7.3,2,7,4,1,4,3,3,195.4,62,
7045,71,2026-02-14,7.8,4,7,3,2,5,3,4,196.7,61,
7046,71,2026-02-15,7.1,1,8,2,4,5,4,5,195.9,58,
7047,71,2026-02-16,7.8,4,8,2,2,5,3,5,194.8,64,
7048,71,2026-02-17,7.6,2,8,2,2,5,2,5,194.1,62,
7049,71,2026-02-18,6.2,1,9,3,4,4,4,3,195.6,65,
7050,71,2026-02-19,8.0,3,10,2,1,4,3,5,194.6,62,
7051,71,2026-02-20,6.7,2,10,2,1,5,4,4,194.6,67,
7052,71,2026-02-21,7.7,3,10,4,3,5,3,5,193.9,59,
7053,71,2026-02-22,6.3,3,10,3,2,4,3,4,193.9,63,
7054,71,2026-02-23,7.0,3,10,3,1,4,2,4,194.8,61,
7055,71,2026-02-24,7.1,3,9,2,1,5,3,5,195.5,60,
7056,71,2026-02-25,7.2,1,9,3,2,3,3,3,193.6,62,
7057,71,2026-02-26,8.0,4,9,5,1,5,3,5,194.8,62,
7058,71,2026-02-27,7.2,2,9,3,2,3,3,3,196.2,59,
7059,71,2026-02-28,9.1,5,9,1,1,4,2,5,193.4,61,
7060,71,2026-03-01,7.0,3,10,2,3,5,3,5,195.6,65,
7061,71,2026-03-02,8.2,3,10,1,3,4,2,4,193.9,62,
7062,71,2026-03-03,8.2,2,10,1,1,5,1,5,196.5,59,
7063,71,2026-03-04,8.0,4,9,1,2,5,3,5,196.4,59,
7064,71,2026-03-05,8.0,3,9,3,1,4,2,5,196.9,60,
7065,71,2026-03-06,7.7,3,9,1,1,5,2,5,192.9,61,
7066,71,2026-03-07,7.4,2,9,2,3,4,3,5,194.1,61,
7067,71,2026-03-08,7.3,3,8,2,1,5,5,5,194.7,60,
7068,71,2026-03-09,7.9,3,7,2,1,5,3,4,194.1,60,
7069,71,2026-03-10,7.4,3,6,0,0,5,3,5,196.5,55,
7070,71,2026-03-11,6.6,3,7,2,1,5,3,5,194.2,57,
7071,71,2026-03-12,7.2,4,7,2,0,4,2,3,192.8,60,
7072,71,2026-03-13,7.2,3,7,2,1,5,5,5,195.1,60,
7073,71,2026-03-14,8.8,3,7,1,2,5,3,5,192.7,61,
7074,71,2026-03-15,7.2,1,7,2,1,5,3,5,198.1,58,
7075,71,2026-03-16,7.3,2,7,1,1,5,2,5,197.0,61,
7076,71,2026-03-17,7.7,2,7,2,0,5,4,5,196.7,57,
7077,71,2026-03-18,6.9,2,8,5,2,5,3,3,195.1,63,
7078,71,2026-03-19,7.8,3,8,1,1,5,5,4,194.2,59,
7079,71,2026-03-20,6.7,3,8,2,3,5,1,3,195.3,62,
7080,71,2026-03-21,8.0,3,8,4,2,5,3,5,191.6,60,
7081,71,2026-03-22,7.0,2,9,1,2,4,3,4,195.8,61,
7082,71,2026-03-23,7.6,2,9,4,1,4,1,5,192.0,61,
7083,71,2026-03-24,7.0,3,8,1,2,4,1,3,193.9,60,
7084,71,2026-03-25,7.3,3,9,3,2,5,3,3,195.3,61,
7085,71,2026-03-26,8.1,3,9,3,1,5,3,4,195.6,62,
7086,71,2026-03-27,8.3,4,9,2,3,5,3,5,194.2,62,
7087,71,2026-03-28,7.3,2,8,2,1,5,3,5,193.3,61,
7088,71,2026-03-29,7.1,3,8,1,1,5,1,5,193.4,60,
7089,71,2026-03-30,6.7,1,9,2,4,3,4,4,194.8,62,
7090,71,2026-03-31,6.9,1,8,2,1,4,3,3,192.0,62,
7091,71,2026-04-01,7.5,2,9,1,1,5,4,4,192.6,64,
7092,71,2026-04-02,6.9,2,9,4,1,4,2,4,192.2,62,
7093,71,2026-04-03,8.2,4,8,4,1,4,3,3,194.8,62,
7094,71,2026-04-04,7.9,3,7,1,2,5,5,4,192.9,61,
7095,71,2026-04-05,7.5,2,6,2,0,5,4,5,195.2,56,
7096,71,2026-04-06,7.2,3,6,1,0,5,2,5,194.0,58,
7097,71,2026-04-07,8.4,4,5,0,2,4,3,3,194.0,59,
7098,71,2026-04-08,7.4,3,5,1,0,5,1,5,191.4,59,
7099,71,2026-04-09,6.6,1,6,2,0,5,4,5,193.7,63,
7100,71,2026-04-10,7.2,3,5,3,3,5,5,5,192.8,57,
7101,72,2026-01-01,6.4,1,2,1,2,5,3,5,191.8,69,
7102,72,2026-01-02,6.1,1,3,2,0,5,3,5,192.3,65,
7103,72,2026-01-03,7.3,3,4,0,1,5,2,5,194.5,63,
7104,72,2026-01-04,6.0,2,5,0,3,5,2,5,190.0,70,
7105,72,2026-01-05,7.3,3,5,2,2,5,2,5,193.0,69,
7106,72,2026-01-06,6.6,2,4,2,1,5,3,5,191.7,68,
7107,72,2026-01-07,6.9,1,4,1,0,5,3,5,190.7,68,
7108,72,2026-01-08,7.6,3,3,0,2,5,3,4,193.2,66,
7109,72,2026-01-09,7.0,2,2,1,2,5,4,5,190.3,65,
7110,72,2026-01-10,5.8,1,3,2,2,4,2,4,193.6,66,
7111,72,2026-01-11,6.6,1,2,1,3,5,3,3,191.9,66,
7112,72,2026-01-12,6.4,1,2,2,0,4,2,4,192.7,68,
7113,72,2026-01-13,5.8,2,2,3,2,5,3,4,190.6,66,
7114,72,2026-01-14,7.0,3,3,0,1,5,3,4,190.0,65,
7115,72,2026-01-15,6.1,2,2,4,2,5,5,5,190.0,65,
7116,72,2026-01-16,6.0,2,1,2,3,5,2,5,187.4,68,
7117,72,2026-01-17,8.0,3,2,0,0,5,3,4,191.1,67,
7118,72,2026-01-18,7.7,3,3,1,0,5,2,4,192.3,67,
7119,72,2026-01-19,6.6,2,2,1,0,5,3,4,189.7,66,
7120,72,2026-01-20,5.4,2,1,1,0,5,1,5,190.4,66,
7121,72,2026-01-21,5.3,1,2,2,1,5,4,5,190.6,65,
7122,72,2026-01-22,6.7,2,3,1,1,5,3,5,191.6,69,
7123,72,2026-01-23,6.2,2,3,1,0,5,3,5,192.8,70,
7124,72,2026-01-24,7.9,4,4,0,0,5,3,4,191.1,66,
7125,72,2026-01-25,7.7,4,5,1,0,5,4,4,191.7,68,
7126,72,2026-01-26,6.4,2,6,0,0,5,3,5,192.5,67,
7127,72,2026-01-27,6.5,1,6,0,0,4,3,3,189.8,72,
7128,72,2026-01-28,6.6,2,7,2,1,4,2,3,194.3,74,
7129,72,2026-01-29,6.6,3,7,2,1,5,2,5,192.0,68,
7130,72,2026-01-30,6.4,2,7,2,1,5,5,5,191.1,72,
7131,72,2026-01-31,6.6,1,7,1,0,4,3,4,192.0,72,
7132,72,2026-02-01,6.4,2,8,1,1,4,4,4,192.7,68,
7133,72,2026-02-02,6.5,2,7,4,0,5,1,5,191.4,69,
7134,72,2026-02-03,6.7,1,8,2,3,4,2,4,193.5,68,
7135,72,2026-02-04,6.2,1,9,3,2,5,1,5,190.0,70,
7136,72,2026-02-05,6.9,2,8,2,1,5,3,5,189.9,69,
7137,72,2026-02-06,6.7,2,9,1,3,4,2,4,191.2,72,
7138,72,2026-02-07,7.0,2,8,2,2,5,2,5,192.9,69,
7139,72,2026-02-08,6.5,2,9,1,1,4,2,4,193.8,76,
7140,72,2026-02-09,7.3,2,10,1,3,3,4,3,190.3,77,
7141,72,2026-02-10,6.6,2,10,1,5,4,4,4,192.5,73,
7142,72,2026-02-11,7.0,2,10,3,2,2,4,1,189.4,74,
7143,72,2026-02-12,5.8,1,10,1,1,4,4,5,190.1,74,
7144,72,2026-02-13,6.5,1,10,3,1,4,3,5,191.6,70,
7145,72,2026-02-14,7.2,1,10,3,1,3,4,2,187.9,71,
7146,72,2026-02-15,6.4,2,10,1,2,5,3,4,189.4,70,
7147,72,2026-02-16,6.7,1,10,4,1,5,4,5,189.5,75,
7148,72,2026-02-17,6.3,1,10,5,1,5,3,4,191.7,72,
7149,72,2026-02-18,5.7,1,10,2,2,3,2,4,190.2,73,
7150,72,2026-02-19,5.3,1,10,1,3,4,4,5,189.8,72,
7151,72,2026-02-20,5.4,1,10,2,2,3,3,2,191.8,75,
7152,72,2026-02-21,6.3,3,10,3,2,5,2,5,191.4,75,
7153,72,2026-02-22,7.9,3,10,2,2,5,5,5,191.5,72,
7154,72,2026-02-23,6.0,2,10,2,3,5,4,5,189.1,74,
7155,72,2026-02-24,7.1,2,10,2,1,4,2,3,192.4,69,
7156,72,2026-02-25,6.8,2,10,3,1,5,3,5,189.9,73,
7157,72,2026-02-26,6.3,2,10,2,1,5,4,5,189.8,72,
7158,72,2026-02-27,5.8,1,9,2,1,4,3,4,192.6,72,
7159,72,2026-02-28,6.9,3,10,2,2,5,3,4,185.8,70,
7160,72,2026-03-01,5.6,1,10,2,3,4,5,3,192.7,70,
7161,72,2026-03-02,7.5,3,10,3,3,5,4,5,191.4,70,
7162,72,2026-03-03,7.3,3,10,2,2,5,4,5,193.1,73,
7163,72,2026-03-04,6.9,3,10,2,1,4,2,3,190.4,74,
7164,72,2026-03-05,6.4,1,9,1,2,5,4,5,190.4,72,
7165,72,2026-03-06,6.6,1,9,4,3,5,3,5,189.7,71,
7166,72,2026-03-07,6.3,3,9,2,1,5,1,5,192.8,68,
7167,72,2026-03-08,6.1,2,8,3,2,4,3,4,190.9,71,
7168,72,2026-03-09,6.5,1,7,2,1,3,5,5,191.7,72,
7169,72,2026-03-10,5.3,1,6,2,0,5,3,5,192.4,70,
7170,72,2026-03-11,6.0,2,6,1,1,4,4,4,190.8,69,
7171,72,2026-03-12,6.9,3,7,3,2,4,4,4,189.1,72,
7172,72,2026-03-13,5.3,1,7,3,0,5,4,4,189.1,71,
7173,72,2026-03-14,6.2,1,8,1,1,4,5,4,190.7,71,
7174,72,2026-03-15,6.9,1,9,4,2,3,4,3,188.9,70,
7175,72,2026-03-16,7.0,2,10,4,2,4,4,4,191.4,76,
7176,72,2026-03-17,7.8,4,9,5,1,5,1,4,189.0,72,
7177,72,2026-03-18,5.9,2,9,2,1,5,2,5,190.0,73,
7178,72,2026-03-19,5.7,1,9,2,1,5,5,5,191.4,74,
7179,72,2026-03-20,6.6,3,8,1,1,5,3,4,189.9,71,
7180,72,2026-03-21,6.9,2,9,2,2,3,2,2,190.6,72,
7181,72,2026-03-22,6.0,1,10,3,3,2,5,2,189.6,72,
7182,72,2026-03-23,6.1,2,9,1,1,4,2,3,190.2,73,
7183,72,2026-03-24,6.8,2,9,1,1,4,4,4,190.8,75,
7184,72,2026-03-25,6.7,2,10,4,2,4,3,2,191.0,76,
7185,72,2026-03-26,6.5,2,9,2,1,3,2,3,192.2,68,
7186,72,2026-03-27,5.0,1,8,2,2,5,2,5,191.7,70,
7187,72,2026-03-28,8.2,3,7,3,1,5,1,5,189.8,69,
7188,72,2026-03-29,7.3,3,8,3,2,5,4,5,191.0,74,
7189,72,2026-03-30,6.3,1,8,1,1,5,1,5,189.2,70,
7190,72,2026-03-31,5.9,1,8,2,2,5,2,5,190.1,69,
7191,72,2026-04-01,6.3,1,9,2,3,4,4,4,188.9,68,
7192,72,2026-04-02,7.4,3,9,1,3,5,4,5,188.1,76,
7193,72,2026-04-03,7.2,3,8,1,1,5,1,5,188.8,70,
7194,72,2026-04-04,7.1,2,9,3,3,4,4,4,191.2,72,
7195,72,2026-04-05,8.1,4,9,4,2,5,3,5,189.9,71,
7196,72,2026-04-06,7.3,2,9,1,1,4,3,4,190.8,75,
7197,72,2026-04-07,6.5,2,9,1,3,4,4,5,186.9,71,
7198,72,2026-04-08,6.7,2,10,5,1,4,3,5,188.7,69,
7199,72,2026-04-09,6.6,2,10,3,2,5,3,5,191.7,68,
7200,72,2026-04-10,6.6,3,10,1,2,5,4,5,189.6,77,
7201,73,2026-01-01,8.2,3,5,0,4,5,1,5,162.4,53,
7202,73,2026-01-02,8.1,4,6,0,1,5,3,5,164.7,54,
7203,73,2026-01-03,6.8,3,6,1,1,5,2,5,164.8,52,
7204,73,2026-01-04,8.9,4,6,1,1,5,3,5,167.8,55,
7205,73,2026-01-05,7.9,3,5,2,1,5,4,5,160.3,52,
7206,73,2026-01-06,5.9,1,5,3,0,5,4,5,165.3,53,
7207,73,2026-01-07,7.8,3,6,1,0,5,3,5,164.8,51,
7208,73,2026-01-08,7.2,3,7,1,1,4,1,4,164.0,56,
7209,73,2026-01-09,7.6,4,7,1,0,5,2,5,164.9,52,
7210,73,2026-01-10,9.0,5,7,4,1,5,3,5,162.6,55,
7211,73,2026-01-11,7.9,2,7,1,2,5,4,5,164.8,53,
7212,73,2026-01-12,7.7,4,7,1,2,5,3,4,163.7,54,
7213,73,2026-01-13,7.2,2,7,2,1,5,3,4,164.9,54,
7214,73,2026-01-14,7.3,2,8,2,3,5,4,5,162.7,58,
7215,73,2026-01-15,7.0,4,9,4,2,5,3,5,166.0,55,
7216,73,2026-01-16,7.3,4,9,2,1,5,2,5,163.3,54,
7217,73,2026-01-17,7.5,3,9,2,2,5,4,4,164.4,57,
7218,73,2026-01-18,8.0,2,10,1,2,4,3,3,164.8,56,
7219,73,2026-01-19,7.4,3,9,2,1,4,3,5,161.3,59,
7220,73,2026-01-20,6.8,3,8,3,2,5,1,5,165.5,55,
7221,73,2026-01-21,7.2,3,7,2,0,5,3,5,165.5,55,
7222,73,2026-01-22,7.9,3,7,3,0,5,2,5,163.4,56,
7223,73,2026-01-23,7.4,3,6,2,2,5,3,4,162.3,56,
7224,73,2026-01-24,7.6,3,6,2,1,5,3,4,163.1,54,
7225,73,2026-01-25,7.6,2,7,2,4,5,4,5,164.8,54,
7226,73,2026-01-26,6.5,3,6,1,0,5,2,4,162.6,51,
7227,73,2026-01-27,7.3,3,6,2,0,5,3,5,161.8,54,
7228,73,2026-01-28,7.4,1,7,2,1,5,3,5,163.7,52,
7229,73,2026-01-29,6.6,2,7,2,1,4,3,3,166.8,54,
7230,73,2026-01-30,6.8,2,7,5,1,5,4,5,165.9,57,
7231,73,2026-01-31,8.0,4,7,3,1,5,4,4,162.0,58,
7232,73,2026-02-01,8.9,4,7,2,3,5,3,5,161.9,53,
7233,73,2026-02-02,8.0,3,8,1,2,5,4,5,161.3,54,
7234,73,2026-02-03,6.0,1,7,1,0,5,3,5,163.0,59,
7235,73,2026-02-04,8.0,3,7,2,0,5,3,5,167.0,54,
7236,73,2026-02-05,8.2,3,7,1,0,5,4,5,164.1,55,
7237,73,2026-02-06,7.1,2,6,2,0,4,3,3,163.5,51,
7238,73,2026-02-07,8.2,3,5,1,0,5,4,4,162.8,55,
7239,73,2026-02-08,7.8,2,4,1,0,5,2,4,162.0,54,
7240,73,2026-02-09,8.9,4,5,0,1,5,3,5,163.9,51,
7241,73,2026-02-10,7.3,2,5,0,1,5,3,4,164.2,53,
7242,73,2026-02-11,8.3,3,6,3,1,3,4,4,164.4,56,
7243,73,2026-02-12,7.4,3,6,0,1,5,3,5,164.2,54,
7244,73,2026-02-13,7.3,2,6,2,2,5,4,4,165.4,55,
7245,73,2026-02-14,7.7,3,5,0,2,5,3,4,163.9,55,
7246,73,2026-02-15,6.8,2,5,1,0,5,4,5,162.4,52,
7247,73,2026-02-16,6.8,2,6,1,0,5,4,5,162.0,54,
7248,73,2026-02-17,6.7,2,7,1,0,4,4,3,162.7,54,
7249,73,2026-02-18,7.3,3,7,2,0,5,3,5,164.8,55,
7250,73,2026-02-19,7.5,3,6,3,0,5,3,5,163.8,50,
7251,73,2026-02-20,8.0,2,6,0,0,5,3,4,162.1,52,
7252,73,2026-02-21,8.5,4,5,2,2,5,4,3,159.7,52,
7253,73,2026-02-22,6.9,3,4,0,0,5,4,5,161.7,57,
7254,73,2026-02-23,7.1,2,4,1,0,4,2,4,162.5,53,
7255,73,2026-02-24,7.6,2,4,1,0,5,3,5,162.7,53,
7256,73,2026-02-25,7.4,2,3,0,2,5,3,4,164.5,54,
7257,73,2026-02-26,8.6,4,3,1,1,5,3,5,163.7,57,
7258,73,2026-02-27,6.2,1,3,0,0,5,3,4,161.5,54,
7259,73,2026-02-28,7.4,4,3,2,1,5,2,5,161.0,54,
7260,73,2026-03-01,7.6,2,4,0,3,5,3,5,162.8,54,
7261,73,2026-03-02,6.3,3,4,1,1,5,3,4,162.9,56,
7262,73,2026-03-03,7.0,2,4,2,0,5,3,4,160.1,53,
7263,73,2026-03-04,7.1,2,5,1,0,5,5,5,164.3,56,
7264,73,2026-03-05,6.6,2,4,1,1,5,3,5,162.8,50,
7265,73,2026-03-06,7.4,2,4,1,1,5,4,5,162.7,55,
7266,73,2026-03-07,5.6,1,5,2,1,4,3,4,163.7,55,
7267,73,2026-03-08,8.4,3,4,0,1,5,4,3,163.1,52,
7268,73,2026-03-09,7.1,1,4,1,2,5,3,5,162.6,52,
7269,73,2026-03-10,8.0,2,5,0,0,4,4,3,165.3,54,
7270,73,2026-03-11,8.0,3,6,1,1,5,2,5,167.0,59,
7271,73,2026-03-12,8.2,5,7,4,0,5,2,5,163.2,53,
7272,73,2026-03-13,8.1,5,7,2,0,5,5,4,165.3,56,
7273,73,2026-03-14,9.5,5,7,2,1,5,2,5,164.1,56,
7274,73,2026-03-15,7.7,3,7,2,2,4,4,3,163.7,53,
7275,73,2026-03-16,8.3,3,7,2,1,5,1,5,162.3,55,
7276,73,2026-03-17,7.7,3,7,1,1,5,1,3,165.5,57,
7277,73,2026-03-18,6.3,1,6,0,2,3,4,4,162.5,58,
7278,73,2026-03-19,7.0,2,7,1,1,5,2,5,162.3,56,
7279,73,2026-03-20,7.1,2,8,1,1,5,3,4,163.5,56,
7280,73,2026-03-21,7.0,2,7,1,0,5,1,5,161.1,58,
7281,73,2026-03-22,7.0,2,6,1,0,5,4,5,163.4,52,
7282,73,2026-03-23,8.3,4,6,1,0,5,3,4,163.3,57,
7283,73,2026-03-24,8.3,3,6,0,0,5,3,4,161.3,53,
7284,73,2026-03-25,7.5,2,5,0,1,5,2,5,161.2,56,
7285,73,2026-03-26,7.8,5,6,1,0,5,4,5,162.7,53,
7286,73,2026-03-27,8.0,3,6,0,2,5,3,5,162.0,55,
7287,73,2026-03-28,8.6,4,6,0,1,5,4,5,162.5,52,
7288,73,2026-03-29,7.3,1,6,1,2,5,3,4,161.9,54,
7289,73,2026-03-30,6.8,2,6,3,1,5,3,5,165.4,49,
7290,73,2026-03-31,6.9,1,5,0,0,4,2,4,162.9,54,
7291,73,2026-04-01,7.3,2,5,0,1,5,3,4,162.3,56,
7292,73,2026-04-02,7.2,3,4,1,0,5,5,4,164.0,51,
7293,73,2026-04-03,7.4,2,5,2,0,5,4,5,162.8,53,
7294,73,2026-04-04,6.7,2,4,2,1,5,3,4,158.6,49,
7295,73,2026-04-05,8.0,2,5,2,0,5,2,5,162.7,51,
7296,73,2026-04-06,7.8,4,5,1,0,5,2,4,164.7,55,
7297,73,2026-04-07,7.7,3,6,0,1,5,3,4,160.3,56,
7298,73,2026-04-08,8.1,3,7,1,0,5,2,3,160.8,53,
7299,73,2026-04-09,8.3,4,7,2,1,5,3,5,160.3,57,
7300,73,2026-04-10,8.6,4,7,3,1,5,4,4,161.0,56,
7301,74,2026-01-01,6.3,1,4,3,2,5,3,5,134.5,57,
7302,74,2026-01-02,7.2,3,4,2,0,5,4,4,134.4,56,
7303,74,2026-01-03,7.9,3,3,1,2,5,3,5,134.4,54,
7304,74,2026-01-04,7.9,4,4,0,1,5,2,5,133.2,55,
7305,74,2026-01-05,7.1,2,4,2,2,5,5,5,134.2,57,
7306,74,2026-01-06,6.6,3,4,1,3,5,4,5,135.1,53,
7307,74,2026-01-07,7.7,3,3,0,0,5,1,5,133.7,58,
7308,74,2026-01-08,6.8,3,3,1,1,5,2,5,133.4,60,
7309,74,2026-01-09,6.8,2,4,3,0,5,1,5,133.7,58,
7310,74,2026-01-10,8.0,3,4,2,0,5,1,5,132.7,53,
7311,74,2026-01-11,7.1,3,3,0,0,5,4,5,133.3,58,
7312,74,2026-01-12,6.8,3,2,1,0,5,2,5,130.8,55,
7313,74,2026-01-13,6.5,2,1,0,0,5,4,4,135.8,58,
7314,74,2026-01-14,7.6,3,1,2,0,5,3,5,134.4,57,
7315,74,2026-01-15,7.6,3,1,3,3,5,2,5,133.4,54,
7316,74,2026-01-16,6.4,2,1,4,1,5,1,4,135.5,54,
7317,74,2026-01-17,8.0,1,1,2,1,5,4,5,134.6,56,
7318,74,2026-01-18,6.8,2,1,1,1,5,3,4,132.7,52,
7319,74,2026-01-19,7.7,2,1,2,2,5,2,4,136.1,53,
7320,74,2026-01-20,7.4,3,1,0,1,5,5,5,132.8,58,
7321,74,2026-01-21,6.9,2,1,1,1,5,4,5,132.2,55,
7322,74,2026-01-22,7.2,2,1,1,1,5,3,4,135.0,58,
7323,74,2026-01-23,7.7,2,1,2,0,5,3,4,135.2,58,
7324,74,2026-01-24,8.0,3,1,1,1,5,2,5,136.4,55,
7325,74,2026-01-25,7.1,1,2,1,1,5,2,5,132.9,55,
7326,74,2026-01-26,6.4,2,2,0,1,5,4,5,133.4,56,
7327,74,2026-01-27,8.0,3,3,0,3,5,4,5,135.2,54,
7328,74,2026-01-28,6.8,2,2,1,0,5,3,5,130.0,56,
7329,74,2026-01-29,6.6,2,2,4,1,5,3,5,133.0,53,
7330,74,2026-01-30,7.4,3,3,0,0,5,3,5,131.1,57,
7331,74,2026-01-31,7.0,1,3,1,0,5,2,5,134.1,54,
7332,74,2026-02-01,7.1,2,3,0,0,5,3,5,131.7,59,
7333,74,2026-02-02,6.9,2,4,0,2,5,3,5,134.8,56,
7334,74,2026-02-03,7.5,3,4,0,0,5,3,4,133.1,58,
7335,74,2026-02-04,5.9,2,3,4,2,5,3,5,135.1,57,
7336,74,2026-02-05,6.0,3,2,0,2,5,4,5,133.8,56,
7337,74,2026-02-06,8.6,4,1,1,1,5,3,5,131.5,55,
7338,74,2026-02-07,6.4,2,1,1,2,5,3,5,134.6,56,
7339,74,2026-02-08,8.3,4,2,2,0,5,3,4,136.0,57,
7340,74,2026-02-09,7.3,3,1,0,0,5,2,4,135.8,54,
7341,74,2026-02-10,8.0,3,1,0,1,5,4,5,133.5,52,
7342,74,2026-02-11,7.1,1,1,3,0,5,4,4,134.2,57,
7343,74,2026-02-12,5.6,2,1,1,1,5,4,5,131.8,58,
7344,74,2026-02-13,6.6,3,1,0,1,5,3,5,132.8,50,
7345,74,2026-02-14,8.0,3,1,2,0,5,4,4,134.7,53,
7346,74,2026-02-15,7.5,3,1,3,0,5,3,5,134.9,55,
7347,74,2026-02-16,7.9,2,1,1,0,5,4,5,132.9,53,
7348,74,2026-02-17,7.8,3,1,2,2,5,3,4,136.7,58,
7349,74,2026-02-18,7.3,2,1,3,1,5,2,5,132.1,55,
7350,74,2026-02-19,6.7,1,2,2,0,5,4,5,131.6,59,
7351,74,2026-02-20,6.7,3,1,0,0,5,2,5,133.5,53,
7352,74,2026-02-21,7.9,3,1,0,2,5,4,4,131.1,53,
7353,74,2026-02-22,6.6,2,2,2,0,5,3,4,131.1,53,
7354,74,2026-02-23,7.6,3,1,3,1,5,3,5,133.9,56,
7355,74,2026-02-24,7.3,4,1,2,1,5,1,3,135.4,60,
7356,74,2026-02-25,7.3,2,1,1,0,5,2,5,132.0,59,
7357,74,2026-02-26,7.2,2,1,1,1,5,4,5,131.2,53,
7358,74,2026-02-27,7.7,3,1,1,2,5,1,5,133.7,53,
7359,74,2026-02-28,7.8,3,1,0,1,5,3,5,131.8,51,
7360,74,2026-03-01,7.5,3,1,5,2,5,3,5,132.3,53,
7361,74,2026-03-02,7.2,3,1,0,0,5,4,5,134.4,52,
7362,74,2026-03-03,8.1,3,1,2,1,5,2,5,130.4,54,
7363,74,2026-03-04,6.6,1,2,2,2,4,3,5,131.2,55,
7364,74,2026-03-05,6.5,2,2,0,3,5,5,4,133.5,55,
7365,74,2026-03-06,8.2,3,2,1,0,5,3,5,131.8,57,
7366,74,2026-03-07,7.7,2,2,2,1,5,3,5,132.8,57,
7367,74,2026-03-08,6.3,1,1,1,0,5,2,5,133.2,54,
7368,74,2026-03-09,6.5,2,2,1,0,5,2,3,132.1,62,
7369,74,2026-03-10,7.0,1,1,1,2,5,2,4,133.4,57,
7370,74,2026-03-11,7.0,2,2,1,3,5,3,5,130.6,57,
7371,74,2026-03-12,6.1,1,2,0,1,5,2,5,132.5,59,
7372,74,2026-03-13,5.7,1,3,2,2,5,3,5,133.5,59,
7373,74,2026-03-14,7.9,3,4,3,0,5,5,5,132.3,57,
7374,74,2026-03-15,8.7,5,4,0,4,5,4,5,131.9,57,
7375,74,2026-03-16,6.9,2,3,0,2,5,2,5,130.9,58,
7376,74,2026-03-17,7.3,3,4,0,0,5,4,5,131.3,57,
7377,74,2026-03-18,8.4,4,3,1,0,5,4,5,132.2,55,
7378,74,2026-03-19,6.5,1,3,3,1,5,3,4,130.7,54,
7379,74,2026-03-20,7.6,4,3,1,0,5,2,5,133.1,56,
7380,74,2026-03-21,6.7,2,3,3,1,5,1,5,131.1,56,
7381,74,2026-03-22,7.8,2,3,2,0,5,2,5,132.4,52,
7382,74,2026-03-23,6.6,2,2,2,1,5,3,5,130.2,51,
7383,74,2026-03-24,6.9,3,2,1,0,5,2,5,131.0,59,
7384,74,2026-03-25,7.9,3,2,0,1,5,2,5,135.8,58,
7385,74,2026-03-26,6.3,3,1,1,2,5,3,5,131.7,60,
7386,74,2026-03-27,6.9,3,2,1,3,5,2,5,131.3,54,
7387,74,2026-03-28,7.7,3,1,1,1,5,5,5,133.1,55,
7388,74,2026-03-29,8.0,2,1,4,1,5,2,5,131.5,55,
7389,74,2026-03-30,6.8,2,1,0,0,5,4,5,130.6,55,
7390,74,2026-03-31,7.8,3,1,1,0,5,2,5,132.4,56,
7391,74,2026-04-01,7.1,1,1,1,3,5,4,5,135.4,54,
7392,74,2026-04-02,7.0,2,1,0,0,5,2,5,134.1,57,
7393,74,2026-04-03,7.0,2,2,1,0,5,3,5,132.1,55,
7394,74,2026-04-04,9.2,4,2,1,0,5,3,5,131.2,55,
7395,74,2026-04-05,7.4,3,3,0,0,5,3,4,131.1,57,
7396,74,2026-04-06,7.8,3,4,0,0,5,2,5,131.4,56,
7397,74,2026-04-07,6.1,2,4,0,2,5,1,5,128.0,55,
7398,74,2026-04-08,7.4,2,3,0,1,5,3,5,132.1,56,
7399,74,2026-04-09,7.3,2,2,4,0,5,3,5,133.2,55,
7400,74,2026-04-10,6.4,2,3,0,1,5,3,5,133.3,60,
7401,75,2026-01-01,8.0,4,3,1,2,5,4,4,164.3,58,
7402,75,2026-01-02,7.5,3,3,1,0,5,3,5,163.1,59,
7403,75,2026-01-03,7.5,2,3,0,1,5,3,5,164.7,62,
7404,75,2026-01-04,7.3,3,3,0,2,5,5,5,164.8,61,
7405,75,2026-01-05,6.4,1,3,1,2,5,3,4,165.2,63,
7406,75,2026-01-06,7.8,3,3,2,0,5,3,4,165.3,57,
7407,75,2026-01-07,8.4,4,3,2,1,5,2,4,163.4,58,
7408,75,2026-01-08,9.2,5,4,1,0,5,4,5,165.7,59,
7409,75,2026-01-09,7.2,3,3,1,0,5,5,4,164.5,64,
7410,75,2026-01-10,7.5,3,3,1,0,5,4,5,166.7,63,
7411,75,2026-01-11,7.3,3,3,2,0,5,3,5,166.1,61,
7412,75,2026-01-12,7.3,2,3,1,2,5,4,4,163.1,59,
7413,75,2026-01-13,7.7,4,2,0,0,5,3,4,165.5,58,
7414,75,2026-01-14,7.2,2,2,0,0,5,3,4,166.8,59,
7415,75,2026-01-15,7.1,3,2,4,0,5,3,5,165.6,62,
7416,75,2026-01-16,6.8,3,2,1,0,5,3,4,163.7,60,
7417,75,2026-01-17,6.7,1,1,2,1,5,1,5,162.5,60,
7418,75,2026-01-18,8.0,3,1,0,1,5,3,5,164.4,60,
7419,75,2026-01-19,6.7,2,2,2,0,5,2,5,167.2,61,
7420,75,2026-01-20,7.8,3,1,1,1,5,3,5,162.5,58,
7421,75,2026-01-21,7.6,3,1,3,1,5,3,5,162.0,59,
7422,75,2026-01-22,7.4,3,1,1,3,5,3,5,164.7,63,
7423,75,2026-01-23,6.0,1,1,1,1,5,4,4,164.0,64,
7424,75,2026-01-24,8.5,4,1,1,1,5,2,4,165.6,58,
7425,75,2026-01-25,7.1,2,1,0,0,5,3,5,163.7,58,
7426,75,2026-01-26,7.6,4,2,0,0,5,4,5,163.2,57,
7427,75,2026-01-27,7.3,3,3,2,0,5,4,5,163.9,61,
7428,75,2026-01-28,6.8,3,4,1,0,5,3,4,163.4,62,
7429,75,2026-01-29,7.3,3,4,1,0,5,3,5,165.1,60,
7430,75,2026-01-30,7.5,2,4,2,1,5,3,4,165.0,63,
7431,75,2026-01-31,7.5,2,4,2,1,5,2,5,161.7,60,
7432,75,2026-02-01,8.2,3,5,1,1,5,5,5,165.4,59,
7433,75,2026-02-02,7.2,3,5,1,1,5,1,5,163.1,65,
7434,75,2026-02-03,7.6,4,5,1,0,5,3,4,163.6,63,
7435,75,2026-02-04,6.9,3,5,0,0,3,2,3,162.4,60,
7436,75,2026-02-05,8.0,2,5,2,0,5,2,5,167.0,56,
7437,75,2026-02-06,6.9,1,5,0,0,5,3,5,162.4,62,
7438,75,2026-02-07,7.7,3,4,0,0,4,2,4,163.8,56,
7439,75,2026-02-08,6.8,1,3,5,1,5,4,4,163.9,62,
7440,75,2026-02-09,8.7,4,3,2,0,5,3,5,164.8,59,
7441,75,2026-02-10,7.2,2,4,2,1,5,4,5,165.0,62,
7442,75,2026-02-11,7.1,3,4,2,1,5,1,3,160.4,60,
7443,75,2026-02-12,6.7,3,3,0,1,5,3,4,164.4,60,
7444,75,2026-02-13,7.2,2,2,0,0,5,3,5,160.9,59,
7445,75,2026-02-14,8.1,2,2,1,0,5,4,5,161.9,61,
7446,75,2026-02-15,8.2,3,3,0,1,5,3,5,163.4,59,
7447,75,2026-02-16,8.1,3,3,0,0,5,2,4,165.1,61,
7448,75,2026-02-17,6.9,1,4,0,1,5,3,5,161.2,61,
7449,75,2026-02-18,7.3,4,3,1,0,5,4,4,166.1,61,
7450,75,2026-02-19,6.4,2,3,2,1,5,3,5,161.4,58,
7451,75,2026-02-20,6.9,2,3,2,1,5,5,5,161.4,60,
7452,75,2026-02-21,7.5,4,4,1,2,5,2,5,163.0,60,
7453,75,2026-02-22,7.7,3,4,2,0,5,4,5,164.5,56,
7454,75,2026-02-23,7.2,2,4,0,1,5,3,5,161.8,59,
7455,75,2026-02-24,6.5,2,3,1,3,4,3,5,161.1,62,
7456,75,2026-02-25,7.5,1,2,1,1,5,4,5,163.2,60,
7457,75,2026-02-26,8.0,3,1,1,1,5,2,5,163.7,61,
7458,75,2026-02-27,9.0,5,1,1,0,5,4,5,161.6,57,
7459,75,2026-02-28,8.2,4,1,0,1,5,2,3,164.8,57,
7460,75,2026-03-01,7.7,4,1,1,0,5,5,5,164.4,58,
7461,75,2026-03-02,8.0,5,1,2,0,5,3,5,165.8,57,
7462,75,2026-03-03,7.1,2,1,3,2,5,2,5,163.9,56,
7463,75,2026-03-04,6.1,1,1,1,1,5,3,5,164.4,58,
7464,75,2026-03-05,8.1,3,1,1,0,5,3,5,162.4,61,
7465,75,2026-03-06,6.5,1,2,2,0,5,4,5,163.7,58,
7466,75,2026-03-07,8.2,4,2,1,0,5,3,5,164.6,59,
7467,75,2026-03-08,8.0,3,2,2,2,5,4,5,162.6,58,
7468,75,2026-03-09,8.2,4,2,2,1,5,3,5,163.4,63,
7469,75,2026-03-10,8.3,3,3,1,2,5,3,5,165.5,62,
7470,75,2026-03-11,8.6,3,3,3,1,5,3,5,162.9,60,
7471,75,2026-03-12,7.9,3,3,1,0,5,3,5,163.5,62,
7472,75,2026-03-13,7.7,2,2,3,1,5,2,5,162.2,59,
7473,75,2026-03-14,8.4,3,2,1,1,5,3,5,162.3,58,
7474,75,2026-03-15,7.3,3,2,1,0,5,3,5,165.8,60,
7475,75,2026-03-16,7.4,3,1,1,1,5,3,5,163.2,56,
7476,75,2026-03-17,7.5,3,2,1,1,5,5,5,164.3,58,
7477,75,2026-03-18,7.4,2,2,0,0,5,4,5,165.5,60,
7478,75,2026-03-19,6.4,2,1,3,2,5,2,5,164.7,58,
7479,75,2026-03-20,8.1,5,2,1,1,5,5,5,165.0,59,
7480,75,2026-03-21,7.7,3,2,2,0,5,4,5,163.4,58,
7481,75,2026-03-22,7.5,4,2,2,0,5,3,5,162.4,58,
7482,75,2026-03-23,8.9,4,2,0,0,5,4,5,161.5,59,
7483,75,2026-03-24,5.0,1,1,2,1,5,2,5,165.0,61,
7484,75,2026-03-25,6.1,1,1,1,1,5,3,5,163.1,60,
7485,75,2026-03-26,8.1,4,1,1,4,5,2,5,164.3,58,
7486,75,2026-03-27,8.0,3,1,2,1,5,4,5,163.2,60,
7487,75,2026-03-28,7.1,2,1,3,2,5,2,4,162.5,59,
7488,75,2026-03-29,7.0,3,1,1,0,5,3,4,163.1,60,
7489,75,2026-03-30,6.2,1,1,0,0,5,2,5,163.6,57,
7490,75,2026-03-31,7.3,2,1,1,1,5,4,5,164.8,56,
7491,75,2026-04-01,7.7,3,2,2,2,5,1,5,163.4,60,
7492,75,2026-04-02,8.2,4,2,1,2,5,1,4,162.2,62,
7493,75,2026-04-03,5.3,1,2,0,0,5,5,5,161.8,60,
7494,75,2026-04-04,8.2,2,3,4,1,5,4,5,163.4,63,
7495,75,2026-04-05,9.3,5,4,0,1,5,4,5,162.3,64,
7496,75,2026-04-06,7.7,3,4,0,1,5,3,5,162.1,61,
7497,75,2026-04-07,7.0,2,4,1,0,5,5,4,164.4,63,
7498,75,2026-04-08,7.1,3,3,2,1,5,4,5,161.4,62,
7499,75,2026-04-09,7.7,4,4,3,0,5,3,4,162.4,60,
7500,75,2026-04-10,6.4,1,4,0,0,5,2,3,160.8,61,
7501,76,2026-01-01,8.1,3,2,3,0,5,2,5,152.2,52,
7502,76,2026-01-02,9.2,5,2,1,1,5,1,5,152.3,51,
7503,76,2026-01-03,8.2,4,1,0,1,5,3,5,151.9,50,
7504,76,2026-01-04,7.3,3,2,1,2,5,1,5,151.7,55,
7505,76,2026-01-05,7.4,3,1,3,1,5,4,5,151.7,53,
7506,76,2026-01-06,7.7,3,1,0,2,5,2,5,149.7,53,
7507,76,2026-01-07,8.0,4,2,1,0,5,3,4,150.7,51,
7508,76,2026-01-08,8.6,4,1,1,1,5,4,4,149.2,51,
7509,76,2026-01-09,7.3,4,1,0,1,5,5,5,150.9,52,
7510,76,2026-01-10,7.7,2,1,1,1,5,4,5,149.1,49,
7511,76,2026-01-11,8.2,4,1,2,0,5,1,5,151.7,50,
7512,76,2026-01-12,7.3,3,1,1,1,5,3,5,150.6,51,
7513,76,2026-01-13,8.6,2,2,3,0,5,4,5,149.2,52,
7514,76,2026-01-14,7.6,4,1,2,2,5,4,5,149.9,52,
7515,76,2026-01-15,7.5,4,1,1,0,5,3,4,150.9,49,
7516,76,2026-01-16,8.4,4,1,1,1,5,2,5,151.3,49,
7517,76,2026-01-17,7.9,4,1,1,1,5,3,5,151.3,49,
7518,76,2026-01-18,8.2,4,2,0,1,5,2,4,152.1,50,
7519,76,2026-01-19,8.8,5,2,2,0,5,2,5,151.0,53,
7520,76,2026-01-20,7.1,2,2,0,0,5,4,4,150.9,51,
7521,76,2026-01-21,7.0,3,1,0,0,5,3,5,149.7,54,
7522,76,2026-01-22,8.2,3,1,0,1,5,4,5,152.9,52,
7523,76,2026-01-23,8.0,3,1,2,1,5,3,5,150.6,49,
7524,76,2026-01-24,8.7,4,1,0,0,5,4,5,150.0,52,
7525,76,2026-01-25,6.6,2,1,1,2,5,4,5,150.8,49,
7526,76,2026-01-26,8.7,3,1,2,1,5,4,5,152.1,52,
7527,76,2026-01-27,7.6,3,1,2,0,5,2,5,149.9,50,
7528,76,2026-01-28,8.7,3,1,0,2,5,2,4,151.5,50,
7529,76,2026-01-29,6.6,2,1,0,0,5,3,4,150.2,50,
7530,76,2026-01-30,7.5,3,2,2,0,5,4,5,151.1,53,
7531,76,2026-01-31,8.3,2,2,0,0,5,2,5,152.4,52,
7532,76,2026-02-01,8.5,5,3,1,0,5,1,5,148.9,47,
7533,76,2026-02-02,8.0,4,4,0,0,5,1,4,149.7,52,
7534,76,2026-02-03,6.8,2,4,1,1,5,2,5,150.6,53,
7535,76,2026-02-04,8.4,5,3,0,0,5,2,5,151.6,52,
7536,76,2026-02-05,7.8,3,2,4,1,5,3,5,150.9,52,
7537,76,2026-02-06,8.0,2,2,1,0,5,4,5,150.7,52,
7538,76,2026-02-07,7.8,3,2,0,3,5,3,4,153.3,53,
7539,76,2026-02-08,7.1,2,1,2,2,5,5,4,148.8,48,
7540,76,2026-02-09,8.0,5,1,0,0,5,5,5,150.4,49,
7541,76,2026-02-10,8.0,2,1,0,1,5,3,5,150.1,51,
7542,76,2026-02-11,7.4,3,1,0,0,5,4,5,153.3,50,
7543,76,2026-02-12,9.0,3,1,4,1,5,3,5,150.1,50,
7544,76,2026-02-13,8.3,3,1,2,1,5,3,4,149.4,48,
7545,76,2026-02-14,8.1,3,1,0,1,5,2,5,149.4,46,
7546,76,2026-02-15,8.5,4,1,2,1,5,3,5,151.8,49,
7547,76,2026-02-16,7.3,4,1,3,0,5,3,5,151.6,48,
7548,76,2026-02-17,7.9,4,1,1,0,5,2,4,150.3,48,
7549,76,2026-02-18,7.1,3,1,0,0,5,3,4,151.0,53,
7550,76,2026-02-19,6.5,2,1,0,2,5,1,5,151.3,51,
7551,76,2026-02-20,7.2,2,1,1,1,5,4,5,150.9,49,
7552,76,2026-02-21,8.6,3,1,0,0,5,3,5,152.8,48,
7553,76,2026-02-22,9.0,4,1,2,0,5,1,5,150.2,49,
7554,76,2026-02-23,7.4,3,1,0,2,5,2,4,151.9,51,
7555,76,2026-02-24,6.9,2,1,0,0,5,2,5,148.9,52,
7556,76,2026-02-25,6.5,2,1,1,0,5,4,3,152.2,48,
7557,76,2026-02-26,8.1,3,1,1,0,5,4,4,150.7,48,
7558,76,2026-02-27,7.9,4,2,0,0,5,5,5,151.1,52,
7559,76,2026-02-28,8.7,4,2,2,1,5,2,5,151.4,49,
7560,76,2026-03-01,8.4,2,1,2,0,5,5,5,148.6,48,
7561,76,2026-03-02,9.1,5,1,1,1,5,1,5,150.9,52,
7562,76,2026-03-03,8.3,3,1,0,1,5,4,5,149.8,50,
7563,76,2026-03-04,6.4,1,2,0,0,5,3,5,149.1,51,
7564,76,2026-03-05,7.1,2,1,0,0,5,4,5,148.1,51,
7565,76,2026-03-06,8.5,3,2,0,2,5,2,5,146.9,53,
7566,76,2026-03-07,7.8,2,3,2,0,5,2,5,148.9,50,
7567,76,2026-03-08,7.8,3,3,2,3,5,3,5,147.6,55,
7568,76,2026-03-09,8.1,3,2,0,0,5,3,5,146.1,53,
7569,76,2026-03-10,6.6,1,3,1,1,5,2,4,149.1,53,
7570,76,2026-03-11,8.0,3,3,0,0,5,1,5,148.8,54,
7571,76,2026-03-12,8.1,4,3,0,1,5,4,5,151.7,50,
7572,76,2026-03-13,8.0,3,2,0,0,5,1,4,149.5,49,
7573,76,2026-03-14,8.5,4,1,1,2,5,4,5,149.0,49,
7574,76,2026-03-15,8.7,5,1,0,1,5,3,5,150.6,50,
7575,76,2026-03-16,8.6,4,2,0,0,5,5,5,150.8,51,
7576,76,2026-03-17,7.4,2,2,1,1,5,5,5,148.3,52,
7577,76,2026-03-18,8.6,4,1,0,0,5,4,5,149.0,50,
7578,76,2026-03-19,7.9,4,1,0,1,5,5,5,149.8,50,
7579,76,2026-03-20,6.9,2,1,1,0,5,5,5,151.7,50,
7580,76,2026-03-21,7.7,3,2,0,4,5,3,5,148.2,50,
7581,76,2026-03-22,9.5,4,2,0,0,5,2,5,149.2,50,
7582,76,2026-03-23,8.1,3,2,2,1,5,2,5,147.5,49,
7583,76,2026-03-24,7.8,3,1,1,0,5,3,5,150.4,51,
7584,76,2026-03-25,8.1,3,1,0,0,5,5,5,149.6,51,
7585,76,2026-03-26,6.8,2,1,1,2,5,3,5,145.8,48,
7586,76,2026-03-27,7.7,3,2,2,0,5,2,5,151.5,49,
7587,76,2026-03-28,7.5,2,2,2,3,5,4,5,150.8,50,
7588,76,2026-03-29,8.0,2,1,1,0,5,2,5,146.7,48,
7589,76,2026-03-30,6.9,2,1,0,1,5,3,4,147.7,50,
7590,76,2026-03-31,8.2,3,2,0,0,5,2,5,148.8,51,
7591,76,2026-04-01,8.4,3,1,1,4,5,3,5,150.3,47,
7592,76,2026-04-02,7.6,3,1,1,0,5,3,5,148.1,53,
7593,76,2026-04-03,9.4,5,2,0,1,5,4,5,149.8,49,
7594,76,2026-04-04,8.4,3,3,4,0,5,4,5,150.5,57,
7595,76,2026-04-05,8.0,3,4,2,0,5,1,4,150.8,54,
7596,76,2026-04-06,7.4,3,4,1,0,5,3,4,149.5,54,
7597,76,2026-04-07,6.9,2,3,0,1,4,4,3,148.7,53,
7598,76,2026-04-08,8.5,4,4,0,1,5,4,4,148.3,54,
7599,76,2026-04-09,6.7,2,4,3,0,5,1,5,148.8,54,
7600,76,2026-04-10,8.1,3,4,4,1,5,1,5,149.0,54,
7601,77,2026-01-01,7.3,4,3,0,2,5,4,5,160.0,50,
7602,77,2026-01-02,6.7,2,3,0,0,5,4,5,160.2,47,
7603,77,2026-01-03,6.9,2,3,0,0,5,2,5,158.4,49,
7604,77,2026-01-04,8.3,4,4,1,3,5,3,4,158.5,50,
7605,77,2026-01-05,7.8,3,4,1,1,5,2,5,156.7,47,
7606,77,2026-01-06,7.4,3,4,0,0,5,2,4,162.8,50,
7607,77,2026-01-07,7.5,4,5,1,1,5,5,5,160.3,49,
7608,77,2026-01-08,8.4,3,5,1,1,5,5,4,159.6,48,
7609,77,2026-01-09,6.6,2,5,0,2,5,5,4,156.0,52,
7610,77,2026-01-10,9.0,4,4,1,0,5,4,5,158.4,48,
7611,77,2026-01-11,6.3,1,4,1,0,5,2,4,157.6,48,
7612,77,2026-01-12,6.8,2,4,1,2,5,5,5,155.8,50,
7613,77,2026-01-13,7.1,2,5,2,2,5,2,5,157.9,53,
7614,77,2026-01-14,7.0,2,6,2,1,5,4,5,157.7,49,
7615,77,2026-01-15,7.9,3,6,1,2,5,1,4,157.0,51,
7616,77,2026-01-16,8.6,3,6,0,0,5,2,4,157.0,46,
7617,77,2026-01-17,7.0,2,7,2,1,5,5,5,156.9,52,
7618,77,2026-01-18,6.7,1,7,3,1,5,4,5,158.1,49,
7619,77,2026-01-19,6.8,3,7,1,0,5,3,5,159.0,49,
7620,77,2026-01-20,7.6,2,7,3,1,5,3,4,160.6,46,
7621,77,2026-01-21,7.1,2,6,2,0,5,2,4,159.0,50,
7622,77,2026-01-22,8.1,4,6,1,1,5,3,4,158.4,48,
7623,77,2026-01-23,6.7,1,6,1,1,5,2,5,157.5,51,
7624,77,2026-01-24,7.5,3,5,2,1,5,2,4,159.3,50,
7625,77,2026-01-25,7.7,3,4,0,0,4,2,3,159.6,47,
7626,77,2026-01-26,6.4,2,3,2,0,5,3,5,159.7,45,
7627,77,2026-01-27,9.0,5,3,2,1,5,3,5,158.2,45,
7628,77,2026-01-28,7.7,3,3,0,2,5,2,5,157.3,46,
7629,77,2026-01-29,8.5,3,2,0,2,5,2,5,158.4,47,
7630,77,2026-01-30,7.9,2,2,2,0,5,3,5,159.2,45,
7631,77,2026-01-31,7.4,3,1,1,0,5,4,4,159.7,46,
7632,77,2026-02-01,8.0,3,1,2,0,5,3,4,156.6,45,
7633,77,2026-02-02,6.8,1,1,1,0,5,3,4,157.1,45,
7634,77,2026-02-03,7.7,3,1,0,1,5,2,5,158.4,47,
7635,77,2026-02-04,8.2,4,2,2,0,5,3,5,159.4,47,
7636,77,2026-02-05,7.9,4,1,3,0,5,5,4,159.9,45,
7637,77,2026-02-06,8.2,2,2,0,1,5,2,5,156.5,45,
7638,77,2026-02-07,8.6,3,2,1,0,5,2,5,156.4,45,
7639,77,2026-02-08,6.9,1,2,1,4,5,2,5,156.4,47,
7640,77,2026-02-09,5.8,2,2,1,1,5,3,5,158.5,50,
7641,77,2026-02-10,7.6,2,3,3,1,5,3,5,161.2,45,
7642,77,2026-02-11,7.3,1,3,0,1,5,4,5,154.1,45,
7643,77,2026-02-12,7.7,2,3,1,2,5,2,5,158.4,48,
7644,77,2026-02-13,7.6,3,3,2,0,5,3,5,158.7,48,
7645,77,2026-02-14,7.4,2,4,0,2,5,3,5,157.5,50,
7646,77,2026-02-15,7.9,3,5,1,0,5,3,5,157.1,48,
7647,77,2026-02-16,6.6,2,6,0,0,4,3,4,159.9,47,
7648,77,2026-02-17,8.0,2,5,2,1,5,3,5,156.8,45,
7649,77,2026-02-18,6.7,3,4,3,0,5,4,4,159.1,50,
7650,77,2026-02-19,8.7,4,4,1,0,5,3,5,158.6,46,
7651,77,2026-02-20,7.5,4,3,1,0,5,3,5,154.6,51,
7652,77,2026-02-21,7.7,2,2,1,0,5,2,4,155.9,45,
7653,77,2026-02-22,7.9,2,2,2,2,5,2,4,160.5,50,
7654,77,2026-02-23,6.6,1,1,1,0,5,3,4,157.4,45,
7655,77,2026-02-24,5.8,1,1,2,0,5,2,5,160.8,47,
7656,77,2026-02-25,7.1,3,2,0,2,5,3,4,159.7,48,
7657,77,2026-02-26,8.2,4,2,2,0,5,3,4,158.7,45,
7658,77,2026-02-27,6.4,2,1,0,0,5,3,5,158.4,47,
7659,77,2026-02-28,7.4,3,1,2,1,5,2,5,158.8,46,
7660,77,2026-03-01,7.5,4,1,1,0,5,3,5,158.1,45,
7661,77,2026-03-02,6.2,2,1,0,0,5,2,5,158.6,45,
7662,77,2026-03-03,8.3,5,1,0,0,5,5,5,157.7,45,
7663,77,2026-03-04,7.0,2,1,1,2,5,3,4,159.5,47,
7664,77,2026-03-05,7.3,2,2,0,2,5,4,5,156.3,47,
7665,77,2026-03-06,8.5,5,2,0,0,5,3,5,156.8,50,
7666,77,2026-03-07,8.2,4,1,0,1,5,4,5,159.5,50,
7667,77,2026-03-08,7.5,2,2,0,1,5,4,5,159.3,49,
7668,77,2026-03-09,6.5,2,1,3,0,5,2,5,157.1,47,
7669,77,2026-03-10,8.4,3,1,6,0,5,3,5,157.4,45,
7670,77,2026-03-11,7.4,2,1,0,1,5,2,5,155.0,45,
7671,77,2026-03-12,7.9,4,1,2,2,5,4,4,158.4,45,
7672,77,2026-03-13,7.8,4,1,2,1,5,5,3,156.3,47,
7673,77,2026-03-14,8.5,3,1,0,0,5,2,5,157.8,46,
7674,77,2026-03-15,8.3,4,1,1,0,5,3,5,157.7,48,
7675,77,2026-03-16,7.2,2,2,3,0,5,3,5,158.2,48,
7676,77,2026-03-17,6.8,1,2,2,1,5,3,5,156.6,46,
7677,77,2026-03-18,6.7,1,2,0,2,5,4,5,160.6,45,
7678,77,2026-03-19,7.5,2,1,1,0,5,4,5,157.4,49,
7679,77,2026-03-20,7.0,2,1,1,0,5,2,5,154.8,46,
7680,77,2026-03-21,7.6,3,1,1,1,5,4,5,158.6,45,
7681,77,2026-03-22,7.2,1,1,1,2,5,4,4,156.3,47,
7682,77,2026-03-23,8.2,4,1,2,1,5,4,4,157.7,45,
7683,77,2026-03-24,7.0,3,2,1,0,5,5,5,160.2,48,
7684,77,2026-03-25,6.6,1,2,2,1,5,4,5,156.7,48,
7685,77,2026-03-26,7.9,3,2,1,2,5,3,5,155.1,50,
7686,77,2026-03-27,8.9,4,3,1,1,5,3,5,156.8,46,
7687,77,2026-03-28,7.0,2,4,0,0,5,3,5,157.1,45,
7688,77,2026-03-29,8.1,3,4,0,0,5,4,5,157.3,48,
7689,77,2026-03-30,7.4,2,4,2,0,5,2,5,158.2,49,
7690,77,2026-03-31,7.4,3,5,2,1,5,3,5,157.0,51,
7691,77,2026-04-01,8.0,3,4,2,1,5,3,5,157.5,50,
7692,77,2026-04-02,7.6,3,5,1,1,5,4,4,155.1,51,
7693,77,2026-04-03,7.4,4,5,0,0,5,3,5,155.6,50,
7694,77,2026-04-04,6.7,3,4,1,1,5,4,3,156.7,51,
7695,77,2026-04-05,8.6,4,4,0,0,5,2,5,157.4,48,
7696,77,2026-04-06,7.0,3,4,1,1,5,4,4,157.1,47,
7697,77,2026-04-07,7.5,2,3,0,1,5,5,5,156.9,46,
7698,77,2026-04-08,7.3,2,2,1,0,5,3,5,154.5,47,
7699,77,2026-04-09,7.9,2,2,0,0,5,3,5,157.6,45,
7700,77,2026-04-10,8.9,4,3,1,2,5,2,5,159.4,47,
7701,78,2026-01-01,6.7,2,2,3,0,5,3,4,159.2,46,
7702,78,2026-01-02,5.9,1,2,2,1,5,1,5,161.5,50,
7703,78,2026-01-03,7.1,3,3,0,2,5,3,4,162.7,47,
7704,78,2026-01-04,6.2,1,3,0,0,5,4,5,159.5,51,
7705,78,2026-01-05,6.7,2,4,0,2,5,1,5,161.1,49,
7706,78,2026-01-06,6.7,1,4,4,1,5,2,5,159.8,52,
7707,78,2026-01-07,6.2,2,3,2,1,5,3,5,159.4,46,
7708,78,2026-01-08,6.9,2,2,4,0,5,5,4,160.3,47,
7709,78,2026-01-09,7.0,2,3,3,3,5,4,5,161.9,48,
7710,78,2026-01-10,6.3,1,3,2,1,5,1,5,160.9,50,
7711,78,2026-01-11,7.2,1,3,0,0,5,3,5,160.0,49,
7712,78,2026-01-12,7.8,4,2,0,0,5,3,4,161.7,49,
7713,78,2026-01-13,6.2,1,3,3,1,5,2,5,162.2,52,
7714,78,2026-01-14,7.3,3,2,2,1,5,2,5,160.5,45,
7715,78,2026-01-15,7.2,2,2,2,1,5,3,5,160.6,48,
7716,78,2026-01-16,7.4,2,2,1,2,5,3,5,161.8,52,
7717,78,2026-01-17,7.3,3,2,1,1,5,2,5,160.9,49,
7718,78,2026-01-18,7.0,1,2,0,1,5,2,5,160.2,48,
7719,78,2026-01-19,6.7,3,3,2,0,5,3,5,159.2,48,
7720,78,2026-01-20,6.6,3,2,0,3,5,4,5,161.7,47,
7721,78,2026-01-21,8.2,4,2,0,2,5,4,5,160.0,45,
7722,78,2026-01-22,7.1,3,2,1,0,5,4,4,158.8,47,
7723,78,2026-01-23,7.0,2,2,2,0,5,2,4,160.3,46,
7724,78,2026-01-24,7.5,2,2,3,0,5,3,4,161.4,46,
7725,78,2026-01-25,7.6,3,2,0,1,5,4,5,158.6,45,
7726,78,2026-01-26,6.9,2,1,1,1,5,4,5,160.0,45,
7727,78,2026-01-27,6.1,2,1,3,3,5,2,4,157.9,47,
7728,78,2026-01-28,8.6,3,1,1,2,5,2,5,159.0,46,
7729,78,2026-01-29,6.6,4,1,0,0,5,4,5,158.9,46,
7730,78,2026-01-30,8.1,4,1,0,0,5,1,5,160.7,45,
7731,78,2026-01-31,8.4,3,1,1,0,5,3,5,159.5,49,
7732,78,2026-02-01,7.2,2,1,0,2,5,3,5,162.1,48,
7733,78,2026-02-02,7.1,3,1,3,0,5,4,5,157.2,45,
7734,78,2026-02-03,7.7,2,2,2,0,5,5,5,164.7,50,
7735,78,2026-02-04,5.9,2,2,2,0,5,4,4,158.7,47,
7736,78,2026-02-05,7.4,3,2,3,1,5,4,5,159.5,48,
7737,78,2026-02-06,6.3,1,1,0,2,5,4,5,161.4,46,
7738,78,2026-02-07,8.0,2,1,0,3,5,3,5,162.3,47,
7739,78,2026-02-08,6.8,2,1,2,0,5,3,4,161.6,47,
7740,78,2026-02-09,7.4,4,1,2,0,5,3,5,160.9,46,
7741,78,2026-02-10,7.3,2,1,1,3,5,2,5,160.3,47,
7742,78,2026-02-11,5.7,1,1,2,0,5,2,5,158.6,48,
7743,78,2026-02-12,7.2,3,1,1,1,5,5,5,159.1,48,
7744,78,2026-02-13,7.1,3,1,3,2,5,2,5,159.8,49,
7745,78,2026-02-14,7.9,4,1,1,2,5,3,4,158.5,48,
7746,78,2026-02-15,7.2,2,2,0,0,5,4,4,161.8,46,
7747,78,2026-02-16,7.4,3,3,0,1,5,1,5,159.8,48,
7748,78,2026-02-17,7.3,2,3,1,0,5,4,5,159.9,47,
7749,78,2026-02-18,7.3,3,2,2,2,5,3,4,155.8,46,
7750,78,2026-02-19,7.3,3,1,1,1,5,5,5,160.3,46,
7751,78,2026-02-20,5.4,1,2,2,3,5,2,5,159.2,49,
7752,78,2026-02-21,6.8,4,1,4,0,5,1,4,158.1,45,
7753,78,2026-02-22,7.3,3,2,2,0,5,2,4,157.4,49,
7754,78,2026-02-23,8.0,4,2,2,0,5,3,5,160.7,47,
7755,78,2026-02-24,6.2,1,2,1,1,5,3,5,162.5,46,
7756,78,2026-02-25,6.8,1,1,1,1,5,3,5,163.6,45,
7757,78,2026-02-26,7.1,4,2,2,3,5,3,5,157.6,45,
7758,78,2026-02-27,7.7,3,2,0,0,5,4,4,159.5,48,
7759,78,2026-02-28,8.0,3,2,0,0,5,3,5,159.0,46,
7760,78,2026-03-01,7.7,3,2,0,1,5,3,4,156.9,47,
7761,78,2026-03-02,8.3,4,3,0,0,5,3,5,158.5,48,
7762,78,2026-03-03,6.6,2,3,1,1,5,2,5,159.0,50,
7763,78,2026-03-04,5.1,1,2,1,1,5,4,5,159.3,48,
7764,78,2026-03-05,7.4,3,3,1,0,5,1,5,158.3,49,
7765,78,2026-03-06,8.2,4,4,3,2,5,2,5,160.9,47,
7766,78,2026-03-07,7.4,2,5,3,3,5,5,5,158.1,51,
7767,78,2026-03-08,7.7,4,5,3,1,5,1,5,155.6,51,
7768,78,2026-03-09,6.9,2,6,0,1,5,4,5,161.5,50,
7769,78,2026-03-10,6.3,1,6,1,2,5,3,5,158.1,50,
7770,78,2026-03-11,6.5,3,6,1,1,5,2,5,158.4,52,
7771,78,2026-03-12,6.5,3,6,0,1,5,2,5,156.2,53,
7772,78,2026-03-13,7.5,3,5,1,0,5,4,5,160.3,54,
7773,78,2026-03-14,8.2,3,5,1,0,5,2,4,156.2,49,
7774,78,2026-03-15,6.8,1,4,2,2,4,2,5,159.2,52,
7775,78,2026-03-16,6.8,2,5,1,1,4,4,4,160.6,51,
7776,78,2026-03-17,5.9,1,5,0,0,5,3,4,157.6,52,
7777,78,2026-03-18,7.7,3,5,2,1,5,3,5,158.3,46,
7778,78,2026-03-19,7.4,2,5,1,2,5,3,5,160.4,48,
7779,78,2026-03-20,7.6,3,5,2,0,5,4,5,158.1,52,
7780,78,2026-03-21,6.7,1,5,0,1,5,3,5,156.6,50,
7781,78,2026-03-22,7.0,2,5,1,0,5,4,5,159.2,51,
7782,78,2026-03-23,7.4,3,4,1,1,5,2,5,158.6,47,
7783,78,2026-03-24,6.3,2,4,4,2,5,4,5,157.2,47,
7784,78,2026-03-25,8.0,3,5,3,1,5,3,5,160.5,50,
7785,78,2026-03-26,7.2,4,5,2,1,5,3,5,158.9,52,
7786,78,2026-03-27,7.3,3,6,1,2,5,4,5,159.5,48,
7787,78,2026-03-28,8.2,2,6,1,1,5,4,4,162.4,49,
7788,78,2026-03-29,7.9,3,6,1,3,5,2,5,158.4,54,
7789,78,2026-03-30,7.0,2,5,1,1,5,1,4,159.8,53,
7790,78,2026-03-31,7.1,3,6,0,0,5,1,5,158.4,49,
7791,78,2026-04-01,6.2,1,5,2,0,3,3,3,159.2,56,
7792,78,2026-04-02,6.7,2,5,1,0,5,2,5,158.3,50,
7793,78,2026-04-03,6.7,2,4,3,0,5,4,4,158.3,50,
7794,78,2026-04-04,6.8,2,5,1,0,5,3,4,158.7,50,
7795,78,2026-04-05,8.0,3,5,1,2,5,2,5,160.9,52,
7796,78,2026-04-06,5.9,2,5,2,0,5,3,5,156.9,50,
7797,78,2026-04-07,6.5,1,6,3,4,5,4,5,158.0,52,
7798,78,2026-04-08,7.1,3,6,1,0,5,3,5,160.6,51,
7799,78,2026-04-09,5.6,1,7,3,1,4,3,4,161.8,52,
7800,78,2026-04-10,6.5,2,8,4,1,4,3,3,158.2,55,
7801,79,2026-01-01,6.4,2,4,0,1,5,4,5,128.2,60,
7802,79,2026-01-02,6.9,4,5,1,0,5,4,4,130.4,58,
7803,79,2026-01-03,5.2,1,5,0,1,5,4,5,129.4,59,
7804,79,2026-01-04,6.6,3,5,0,0,5,3,5,131.1,59,
7805,79,2026-01-05,6.1,1,5,1,2,5,3,4,129.9,59,
7806,79,2026-01-06,6.1,1,5,1,0,5,3,4,131.5,58,
7807,79,2026-01-07,6.5,2,6,1,2,5,3,4,129.6,59,
7808,79,2026-01-08,6.3,2,6,1,2,5,2,5,131.0,62,
7809,79,2026-01-09,6.5,2,6,0,1,5,4,5,132.1,60,
7810,79,2026-01-10,5.5,2,7,4,0,3,4,3,130.4,62,
7811,79,2026-01-11,5.2,1,6,2,1,5,3,5,129.8,59,
7812,79,2026-01-12,6.7,3,5,0,2,5,3,5,130.7,59,
7813,79,2026-01-13,5.1,1,5,3,2,5,4,4,128.6,61,
7814,79,2026-01-14,7.0,2,4,1,0,5,3,5,129.8,57,
7815,79,2026-01-15,6.6,1,5,3,1,5,2,5,128.9,59,
7816,79,2026-01-16,5.7,2,5,2,1,5,3,3,128.6,59,
7817,79,2026-01-17,7.5,5,5,1,1,5,4,5,131.4,56,
7818,79,2026-01-18,6.4,3,4,1,1,5,2,5,130.2,57,
7819,79,2026-01-19,6.0,1,3,1,1,5,3,5,129.1,62,
7820,79,2026-01-20,6.0,1,3,3,0,5,3,5,130.0,56,
7821,79,2026-01-21,5.5,1,3,1,1,5,2,5,131.0,55,
7822,79,2026-01-22,6.3,2,4,0,2,5,1,5,128.6,60,
7823,79,2026-01-23,6.5,3,4,1,0,5,3,5,130.1,59,
7824,79,2026-01-24,7.0,1,5,2,0,5,1,5,129.4,59,
7825,79,2026-01-25,5.3,1,6,0,1,4,2,4,129.5,61,
7826,79,2026-01-26,5.9,2,5,0,2,4,1,4,125.8,58,
7827,79,2026-01-27,5.7,1,5,0,0,5,2,4,130.2,62,
7828,79,2026-01-28,5.0,1,5,3,1,5,3,4,129.5,63,
7829,79,2026-01-29,8.2,3,5,3,1,5,2,4,130.1,57,
7830,79,2026-01-30,7.2,4,4,0,0,5,2,5,129.0,57,
7831,79,2026-01-31,6.3,1,4,0,0,5,4,5,131.4,65,
7832,79,2026-02-01,7.2,2,4,5,0,5,3,4,128.7,59,
7833,79,2026-02-02,5.7,1,4,0,0,5,2,5,133.3,60,
7834,79,2026-02-03,5.7,1,4,0,0,4,3,4,128.1,56,
7835,79,2026-02-04,6.7,3,5,0,1,5,4,5,128.3,61,
7836,79,2026-02-05,6.3,2,5,5,1,5,4,5,130.3,61,
7837,79,2026-02-06,5.8,2,6,1,0,5,4,4,128.2,59,
7838,79,2026-02-07,5.6,1,6,4,3,5,3,4,131.1,60,
7839,79,2026-02-08,6.3,2,5,3,0,4,2,3,128.5,61,
7840,79,2026-02-09,6.1,2,6,1,1,5,4,5,129.6,60,
7841,79,2026-02-10,5.6,1,5,2,1,5,4,3,131.3,57,
7842,79,2026-02-11,5.0,2,4,1,1,5,2,3,129.6,59,
7843,79,2026-02-12,5.2,1,3,1,1,5,2,5,128.4,58,
7844,79,2026-02-13,6.3,3,3,1,0,5,1,4,128.8,58,
7845,79,2026-02-14,6.8,2,3,1,1,5,4,5,128.0,55,
7846,79,2026-02-15,7.2,3,2,0,0,5,4,5,132.1,57,
7847,79,2026-02-16,6.6,2,2,1,0,5,4,5,128.0,62,
7848,79,2026-02-17,6.5,1,3,1,0,5,3,5,132.2,57,
7849,79,2026-02-18,5.5,2,2,0,2,5,2,5,127.5,55,
7850,79,2026-02-19,6.3,2,1,2,2,5,2,5,127.6,57,
7851,79,2026-02-20,5.9,1,1,1,0,5,2,5,128.5,63,
7852,79,2026-02-21,5.8,1,2,1,2,5,4,5,131.2,57,
7853,79,2026-02-22,6.6,1,2,0,0,5,5,5,132.1,57,
7854,79,2026-02-23,5.8,1,1,1,1,5,4,4,128.8,59,
7855,79,2026-02-24,6.4,3,1,1,0,5,3,5,127.6,56,
7856,79,2026-02-25,6.2,1,2,2,4,5,3,5,128.8,54,
7857,79,2026-02-26,5.2,1,3,2,2,5,2,5,128.7,54,
7858,79,2026-02-27,5.6,1,3,0,3,5,3,5,129.1,58,
7859,79,2026-02-28,6.7,1,4,0,1,5,2,5,127.9,61,
7860,79,2026-03-01,6.7,2,3,2,1,5,3,4,126.5,57,
7861,79,2026-03-02,7.1,3,3,1,1,5,5,5,127.2,60,
7862,79,2026-03-03,5.6,2,4,1,0,5,4,5,129.8,59,
7863,79,2026-03-04,6.5,1,4,1,1,5,3,4,130.9,62,
7864,79,2026-03-05,6.0,1,4,1,0,5,2,5,128.6,61,
7865,79,2026-03-06,6.5,1,4,1,1,5,3,5,131.5,58,
7866,79,2026-03-07,7.0,1,4,2,1,4,4,4,128.6,57,
7867,79,2026-03-08,5.5,1,3,1,1,5,2,5,129.4,60,
7868,79,2026-03-09,5.0,1,4,1,1,5,3,4,130.5,64,
7869,79,2026-03-10,6.7,1,4,3,0,4,4,4,125.5,60,
7870,79,2026-03-11,6.6,1,5,0,1,4,3,5,129.0,61,
7871,79,2026-03-12,6.4,2,5,0,1,5,3,4,129.0,56,
7872,79,2026-03-13,6.5,1,5,1,2,5,3,4,130.8,62,
7873,79,2026-03-14,5.0,1,6,3,0,5,4,5,128.2,62,
7874,79,2026-03-15,6.7,1,6,3,0,5,3,5,126.9,63,
7875,79,2026-03-16,5.0,1,6,2,1,5,4,5,131.0,62,
7876,79,2026-03-17,5.0,1,6,1,0,5,3,5,129.5,65,
7877,79,2026-03-18,7.3,3,6,0,1,5,3,5,127.8,59,
7878,79,2026-03-19,5.5,1,5,2,4,5,2,5,129.9,57,
7879,79,2026-03-20,5.4,1,4,0,0,5,2,5,129.9,60,
7880,79,2026-03-21,7.0,2,4,0,0,5,4,4,128.5,57,
7881,79,2026-03-22,7.5,3,4,0,0,5,4,5,129.4,61,
7882,79,2026-03-23,5.6,1,3,1,0,5,2,5,129.6,62,
7883,79,2026-03-24,5.9,1,4,1,0,5,2,5,131.0,54,
7884,79,2026-03-25,5.0,1,3,0,0,5,5,5,130.3,58,
7885,79,2026-03-26,6.4,2,4,2,1,5,4,4,130.5,58,
7886,79,2026-03-27,6.0,1,4,1,3,4,2,4,130.1,63,
7887,79,2026-03-28,7.7,2,5,1,0,5,3,4,130.4,58,
7888,79,2026-03-29,5.3,1,6,0,2,5,3,5,129.0,61,
7889,79,2026-03-30,5.6,1,5,0,1,5,1,3,126.7,63,
7890,79,2026-03-31,5.6,1,4,1,0,4,3,3,129.1,62,
7891,79,2026-04-01,6.4,2,4,2,0,5,1,4,130.2,60,
7892,79,2026-04-02,6.2,2,5,1,2,5,3,3,129.2,56,
7893,79,2026-04-03,7.3,2,5,0,1,5,1,5,128.9,58,
7894,79,2026-04-04,7.1,1,5,3,0,5,4,5,128.3,59,
7895,79,2026-04-05,5.6,1,6,3,0,5,3,5,127.5,59,
7896,79,2026-04-06,6.3,1,6,0,0,5,3,5,126.1,61,
7897,79,2026-04-07,6.0,1,7,2,0,5,4,5,130.0,62,
7898,79,2026-04-08,6.6,2,6,2,0,5,3,5,129.1,60,
7899,79,2026-04-09,5.8,1,6,1,0,5,3,5,129.7,57,
7900,79,2026-04-10,6.3,2,6,0,1,5,5,5,125.6,64,
7901,80,2026-01-01,6.7,2,1,2,1,5,3,5,192.2,52,
7902,80,2026-01-02,6.7,1,1,1,1,5,2,4,195.0,51,
7903,80,2026-01-03,7.2,2,1,1,1,5,3,4,191.0,53,
7904,80,2026-01-04,6.5,2,2,0,0,5,3,5,193.6,53,
7905,80,2026-01-05,7.0,4,2,0,1,5,1,4,192.3,56,
7906,80,2026-01-06,6.8,2,2,0,1,5,5,5,196.1,52,
7907,80,2026-01-07,7.0,3,2,0,2,5,3,5,191.6,57,
7908,80,2026-01-08,6.3,2,2,1,2,5,2,3,193.1,54,
7909,80,2026-01-09,5.8,1,2,3,0,5,2,4,194.9,54,
7910,80,2026-01-10,7.6,2,2,0,0,5,3,4,195.5,50,
7911,80,2026-01-11,7.6,2,2,0,1,5,1,5,193.8,53,
7912,80,2026-01-12,7.0,3,1,0,2,5,2,4,191.5,54,
7913,80,2026-01-13,6.8,3,1,0,2,5,4,3,193.3,53,
7914,80,2026-01-14,7.5,3,1,0,0,5,3,5,194.2,57,
7915,80,2026-01-15,7.7,3,1,1,1,5,3,4,194.2,54,
7916,80,2026-01-16,6.1,3,1,1,0,5,4,5,193.4,54,
7917,80,2026-01-17,7.5,3,1,1,1,5,2,5,190.7,50,
7918,80,2026-01-18,7.9,5,1,3,0,5,2,5,194.5,49,
7919,80,2026-01-19,6.3,2,1,0,0,5,3,5,192.0,53,
7920,80,2026-01-20,7.2,1,1,0,1,5,2,4,196.1,56,
7921,80,2026-01-21,5.9,3,1,3,0,5,2,5,192.5,52,
7922,80,2026-01-22,6.1,1,1,3,1,5,3,5,194.3,53,
7923,80,2026-01-23,7.0,2,1,1,2,5,2,5,194.0,53,
7924,80,2026-01-24,8.4,3,1,2,1,5,4,4,191.4,49,
7925,80,2026-01-25,7.8,2,1,3,1,5,2,5,191.3,50,
7926,80,2026-01-26,7.8,3,2,4,0,5,5,5,194.5,51,
7927,80,2026-01-27,7.4,2,3,2,1,5,3,5,192.4,54,
7928,80,2026-01-28,7.5,2,4,1,1,5,2,4,191.1,52,
7929,80,2026-01-29,6.9,2,4,1,0,5,1,4,195.2,56,
7930,80,2026-01-30,7.4,4,4,1,1,5,2,5,193.0,57,
7931,80,2026-01-31,7.1,3,4,2,1,5,2,4,193.2,53,
7932,80,2026-02-01,7.3,2,3,2,0,5,4,5,190.4,54,
7933,80,2026-02-02,6.6,1,3,1,0,4,1,4,190.3,55,
7934,80,2026-02-03,6.8,1,3,2,2,5,3,5,193.3,55,
7935,80,2026-02-04,7.2,3,3,3,1,5,3,5,193.3,55,
7936,80,2026-02-05,5.8,2,3,1,0,5,3,5,191.3,58,
7937,80,2026-02-06,7.1,3,3,0,0,5,2,5,195.1,54,
7938,80,2026-02-07,7.7,3,2,0,1,5,3,4,194.0,51,
7939,80,2026-02-08,8.3,2,3,7,0,5,3,5,192.6,54,
7940,80,2026-02-09,6.9,3,2,0,1,5,4,3,194.5,58,
7941,80,2026-02-10,8.5,3,1,1,1,5,4,5,191.2,53,
7942,80,2026-02-11,6.8,2,1,3,1,5,5,5,193.1,51,
7943,80,2026-02-12,7.0,1,2,4,0,5,2,4,189.0,57,
7944,80,2026-02-13,6.8,2,2,1,2,5,4,4,191.1,55,
7945,80,2026-02-14,6.4,2,3,2,0,5,2,5,191.4,49,
7946,80,2026-02-15,6.7,1,2,1,0,5,2,4,191.1,53,
7947,80,2026-02-16,6.7,2,2,1,0,5,3,5,193.5,52,
7948,80,2026-02-17,6.9,2,3,0,1,5,2,5,192.0,52,
7949,80,2026-02-18,6.6,2,2,2,0,5,3,4,193.9,57,
7950,80,2026-02-19,6.4,3,3,3,0,5,3,4,191.4,57,
7951,80,2026-02-20,8.1,4,4,1,1,5,4,5,192.1,58,
7952,80,2026-02-21,7.0,3,4,0,1,4,4,5,196.8,54,
7953,80,2026-02-22,7.8,2,4,2,1,3,3,4,192.6,54,
7954,80,2026-02-23,6.7,2,4,1,0,5,2,5,197.2,54,
7955,80,2026-02-24,7.3,4,4,2,3,5,4,5,192.5,52,
7956,80,2026-02-25,5.9,2,4,3,0,5,4,4,191.5,59,
7957,80,2026-02-26,6.9,3,4,2,2,5,3,5,189.9,55,
7958,80,2026-02-27,7.4,3,4,1,1,5,3,4,195.1,54,
7959,80,2026-02-28,5.2,1,4,5,2,5,5,5,193.8,62,
7960,80,2026-03-01,5.7,1,3,2,1,5,4,5,190.4,54,
7961,80,2026-03-02,6.8,1,3,1,1,5,3,4,193.5,51,
7962,80,2026-03-03,7.6,3,3,4,0,5,2,5,190.8,53,
7963,80,2026-03-04,5.1,1,4,3,0,5,5,5,193.3,54,
7964,80,2026-03-05,7.4,3,4,3,0,5,2,5,192.1,57,
7965,80,2026-03-06,7.0,2,4,2,2,5,3,5,193.5,57,
7966,80,2026-03-07,7.4,3,3,2,2,5,3,5,193.4,55,
7967,80,2026-03-08,6.8,2,2,0,0,5,2,4,193.5,54,
7968,80,2026-03-09,7.7,2,1,0,1,5,2,5,191.9,51,
7969,80,2026-03-10,7.1,2,1,2,1,5,3,4,193.6,50,
7970,80,2026-03-11,7.3,2,1,3,0,5,2,3,190.8,56,
7971,80,2026-03-12,8.5,3,1,0,1,5,2,5,191.2,53,
7972,80,2026-03-13,5.1,1,2,3,1,5,3,5,192.9,57,
7973,80,2026-03-14,7.1,3,3,1,0,5,2,5,191.7,52,
7974,80,2026-03-15,7.2,1,3,0,0,5,2,5,190.2,49,
7975,80,2026-03-16,6.9,2,2,0,0,5,3,5,194.5,54,
7976,80,2026-03-17,7.6,2,1,0,3,5,3,5,194.4,53,
7977,80,2026-03-18,5.9,1,2,0,1,5,3,5,191.1,58,
7978,80,2026-03-19,6.3,1,2,0,0,5,3,5,193.6,53,
7979,80,2026-03-20,7.2,3,2,1,0,5,3,5,194.5,47,
7980,80,2026-03-21,6.8,1,1,0,0,5,2,5,192.8,55,
7981,80,2026-03-22,7.7,3,1,0,2,5,2,4,191.9,55,
7982,80,2026-03-23,6.5,1,1,2,0,5,5,4,191.3,54,
7983,80,2026-03-24,7.2,4,1,0,1,5,4,4,194.2,51,
7984,80,2026-03-25,6.9,4,1,0,0,5,4,5,192.4,54,
7985,80,2026-03-26,7.4,2,1,2,0,5,5,5,193.1,51,
7986,80,2026-03-27,5.7,2,1,0,0,5,4,5,190.6,54,
7987,80,2026-03-28,6.7,2,1,1,1,5,3,5,192.8,58,
7988,80,2026-03-29,7.0,4,1,1,0,5,3,5,190.8,50,
7989,80,2026-03-30,5.6,1,1,1,2,5,3,4,192.3,54,
7990,80,2026-03-31,7.1,3,2,1,1,5,1,5,191.5,51,
7991,80,2026-04-01,5.9,2,1,1,0,5,3,5,189.4,54,
7992,80,2026-04-02,5.8,1,1,2,2,5,2,4,191.1,54,
7993,80,2026-04-03,6.2,2,1,2,0,5,4,5,189.3,53,
7994,80,2026-04-04,6.6,3,1,1,0,5,3,5,192.2,53,
7995,80,2026-04-05,7.1,3,1,0,0,5,1,4,193.9,54,
7996,80,2026-04-06,7.2,3,1,3,0,5,3,5,192.2,50,
7997,80,2026-04-07,7.9,3,1,1,0,5,2,5,191.7,55,
7998,80,2026-04-08,7.9,3,2,2,0,5,3,5,190.5,52,
7999,80,2026-04-09,6.3,4,2,0,0,5,3,5,193.2,53,
8000,80,2026-04-10,7.0,2,3,2,2,5,3,5,189.6,56,
8001,81,2026-01-01,6.1,1,2,0,0,5,4,4,186.3,53,
8002,81,2026-01-02,7.3,4,2,0,0,5,2,5,185.5,55,
8003,81,2026-01-03,8.6,4,1,0,2,5,5,5,186.1,54,
8004,81,2026-01-04,8.3,4,1,1,0,5,4,5,185.7,53,
8005,81,2026-01-05,7.1,3,2,2,1,5,3,5,189.0,56,
8006,81,2026-01-06,8.5,4,2,1,0,5,1,5,185.1,55,
8007,81,2026-01-07,5.8,1,1,4,1,5,4,5,185.1,52,
8008,81,2026-01-08,7.2,3,1,2,0,5,2,4,184.4,57,
8009,81,2026-01-09,6.8,2,1,0,2,5,4,4,183.6,57,
8010,81,2026-01-10,7.8,2,1,1,3,5,5,5,183.8,55,
8011,81,2026-01-11,7.5,3,1,3,2,5,3,5,185.7,53,
8012,81,2026-01-12,6.1,1,1,0,2,5,2,5,185.7,53,
8013,81,2026-01-13,7.7,3,1,2,1,5,4,5,184.8,51,
8014,81,2026-01-14,7.9,3,1,1,2,5,5,5,185.7,55,
8015,81,2026-01-15,7.6,3,1,3,0,5,4,5,184.2,54,
8016,81,2026-01-16,6.8,4,1,2,1,5,2,5,187.5,50,
8017,81,2026-01-17,7.5,4,1,0,2,5,4,5,184.9,54,
8018,81,2026-01-18,8.2,3,2,1,2,5,1,5,185.0,58,
8019,81,2026-01-19,7.7,3,3,2,1,5,3,5,186.4,56,
8020,81,2026-01-20,7.3,3,4,2,0,5,1,4,184.9,59,
8021,81,2026-01-21,6.3,1,5,1,0,5,5,4,187.2,58,
8022,81,2026-01-22,7.6,4,4,1,1,5,3,4,186.4,54,
8023,81,2026-01-23,7.6,3,4,2,1,5,5,5,186.2,55,
8024,81,2026-01-24,8.4,2,4,4,0,5,4,4,185.0,55,
8025,81,2026-01-25,7.6,3,4,1,1,5,3,5,184.5,55,
8026,81,2026-01-26,7.1,2,5,1,0,5,1,5,187.8,56,
8027,81,2026-01-27,7.1,2,6,2,0,5,3,4,187.2,56,
8028,81,2026-01-28,7.9,2,5,1,2,5,2,5,184.5,55,
8029,81,2026-01-29,7.3,2,4,0,1,5,4,4,185.3,56,
8030,81,2026-01-30,8.2,3,4,1,3,5,4,4,185.8,54,
8031,81,2026-01-31,7.6,3,3,0,2,5,4,5,183.9,55,
8032,81,2026-02-01,6.9,2,2,1,1,5,5,5,185.5,55,
8033,81,2026-02-02,7.1,2,1,1,1,5,3,4,186.5,51,
8034,81,2026-02-03,5.3,1,1,3,1,5,2,5,186.3,52,
8035,81,2026-02-04,6.6,3,1,0,1,5,3,5,186.4,54,
8036,81,2026-02-05,7.6,2,1,0,1,5,4,5,186.1,57,
8037,81,2026-02-06,7.3,2,2,2,1,5,3,4,184.3,52,
8038,81,2026-02-07,9.2,4,2,2,0,5,5,5,186.4,53,
8039,81,2026-02-08,8.3,3,2,2,2,5,3,5,185.2,55,
8040,81,2026-02-09,7.1,3,2,1,0,5,1,5,187.5,55,
8041,81,2026-02-10,5.0,1,3,3,1,5,3,5,187.2,57,
8042,81,2026-02-11,5.9,2,3,1,0,5,2,5,186.4,54,
8043,81,2026-02-12,7.6,2,2,1,1,5,4,4,187.2,59,
8044,81,2026-02-13,7.4,2,1,2,1,5,4,4,186.5,55,
8045,81,2026-02-14,8.3,2,2,3,1,5,3,5,184.0,58,
8046,81,2026-02-15,7.9,3,2,1,1,5,2,5,185.9,58,
8047,81,2026-02-16,7.6,3,2,0,1,5,2,3,184.1,56,
8048,81,2026-02-17,7.1,4,2,4,3,5,3,5,184.9,57,
8049,81,2026-02-18,7.2,3,2,1,1,5,3,5,182.9,55,
8050,81,2026-02-19,8.0,3,2,0,1,5,4,5,186.7,57,
8051,81,2026-02-20,8.0,4,1,1,0,5,3,5,183.4,55,
8052,81,2026-02-21,8.9,4,1,3,0,5,2,5,186.8,55,
8053,81,2026-02-22,7.5,4,1,3,0,5,3,5,183.3,54,
8054,81,2026-02-23,7.0,4,1,1,0,5,5,3,183.7,55,
8055,81,2026-02-24,6.9,2,1,3,3,5,3,5,186.0,51,
8056,81,2026-02-25,8.6,4,1,0,2,5,3,5,185.3,56,
8057,81,2026-02-26,7.7,3,1,2,0,4,4,5,184.2,56,
8058,81,2026-02-27,6.4,1,1,1,1,4,4,5,184.2,56,
8059,81,2026-02-28,7.9,3,2,0,0,5,3,5,185.1,55,
8060,81,2026-03-01,7.0,3,3,2,0,5,4,5,185.4,58,
8061,81,2026-03-02,7.3,2,2,1,1,5,2,5,183.7,54,
8062,81,2026-03-03,7.0,2,1,0,0,5,2,5,183.8,59,
8063,81,2026-03-04,7.5,3,2,1,1,5,3,4,187.0,54,
8064,81,2026-03-05,6.7,2,2,0,1,5,5,5,183.1,58,
8065,81,2026-03-06,6.4,3,1,0,1,5,5,5,180.6,53,
8066,81,2026-03-07,8.2,4,1,0,0,5,3,5,184.1,54,
8067,81,2026-03-08,8.3,3,1,1,0,5,3,5,185.6,50,
8068,81,2026-03-09,8.1,3,2,0,4,5,3,5,184.2,54,
8069,81,2026-03-10,7.0,3,1,1,2,5,3,4,184.6,58,
8070,81,2026-03-11,7.5,3,1,0,0,5,3,4,188.1,52,
8071,81,2026-03-12,8.0,4,1,1,0,5,3,5,186.8,55,
8072,81,2026-03-13,8.1,3,2,2,0,5,4,5,188.8,52,
8073,81,2026-03-14,8.3,2,2,0,0,5,3,3,183.8,53,
8074,81,2026-03-15,8.5,3,2,1,2,5,2,5,183.6,58,
8075,81,2026-03-16,6.9,2,2,2,0,5,3,5,183.0,56,
8076,81,2026-03-17,7.0,2,2,1,0,5,3,5,185.9,55,
8077,81,2026-03-18,6.8,2,3,0,2,5,5,5,182.1,56,
8078,81,2026-03-19,7.6,3,3,1,1,5,5,5,184.1,54,
8079,81,2026-03-20,7.0,2,3,0,0,5,3,5,184.2,54,
8080,81,2026-03-21,7.6,2,2,0,1,5,3,5,184.6,53,
8081,81,2026-03-22,7.0,2,1,0,1,5,2,5,183.3,56,
8082,81,2026-03-23,7.1,3,2,0,0,5,4,5,181.2,55,
8083,81,2026-03-24,6.8,2,1,0,0,5,2,5,185.5,55,
8084,81,2026-03-25,7.9,4,2,0,2,5,5,5,184.5,54,
8085,81,2026-03-26,6.8,3,3,0,0,5,4,5,185.6,58,
8086,81,2026-03-27,6.3,2,3,2,1,5,3,5,184.9,53,
8087,81,2026-03-28,7.8,2,3,3,0,5,2,5,183.7,56,
8088,81,2026-03-29,7.7,4,4,0,1,5,1,5,183.6,58,
8089,81,2026-03-30,7.9,2,4,0,0,5,3,5,181.6,57,
8090,81,2026-03-31,6.4,3,5,0,0,5,2,5,183.9,58,
8091,81,2026-04-01,6.6,1,5,2,2,5,4,4,184.1,60,
8092,81,2026-04-02,6.6,3,6,0,1,5,4,5,185.0,56,
8093,81,2026-04-03,8.2,4,6,1,0,5,4,4,184.4,55,
8094,81,2026-04-04,8.5,5,6,1,0,5,4,5,184.4,59,
8095,81,2026-04-05,7.5,4,5,2,2,5,4,5,185.0,57,
8096,81,2026-04-06,7.4,3,5,2,1,5,3,4,183.2,59,
8097,81,2026-04-07,6.3,2,5,1,1,5,2,5,183.4,60,
8098,81,2026-04-08,5.3,1,4,1,1,5,3,5,184.5,60,
8099,81,2026-04-09,7.3,2,4,1,0,5,2,4,184.1,53,
8100,81,2026-04-10,7.2,2,4,4,0,5,3,5,184.4,57,
8101,82,2026-01-01,8.0,2,3,0,1,5,2,5,169.0,54,
8102,82,2026-01-02,6.7,3,4,1,2,5,2,5,167.9,52,
8103,82,2026-01-03,9.1,5,5,0,0,5,2,4,164.4,58,
8104,82,2026-01-04,7.0,3,4,0,0,5,4,4,167.5,58,
8105,82,2026-01-05,6.2,1,3,0,0,5,4,5,167.6,53,
8106,82,2026-01-06,7.4,2,3,5,0,5,5,4,169.0,55,
8107,82,2026-01-07,8.1,2,4,1,1,5,3,4,166.4,52,
8108,82,2026-01-08,7.9,3,5,0,2,5,3,4,166.8,52,
8109,82,2026-01-09,8.5,4,6,2,2,5,1,4,168.5,57,
8110,82,2026-01-10,7.4,2,6,2,1,5,3,5,167.0,56,
8111,82,2026-01-11,7.8,3,7,2,2,5,2,5,167.2,57,
8112,82,2026-01-12,7.4,4,7,2,0,5,2,5,167.3,60,
8113,82,2026-01-13,7.9,2,7,2,0,5,2,5,164.2,60,
8114,82,2026-01-14,8.8,4,7,1,2,5,3,5,169.3,56,
8115,82,2026-01-15,7.7,3,6,1,0,5,3,5,168.3,58,
8116,82,2026-01-16,6.8,2,6,2,0,5,3,5,169.6,57,
8117,82,2026-01-17,8.9,3,6,1,1,4,2,5,169.5,55,
8118,82,2026-01-18,7.6,2,5,1,1,5,4,5,168.4,57,
8119,82,2026-01-19,8.5,4,6,1,1,5,2,5,165.8,55,
8120,82,2026-01-20,8.4,4,6,1,0,5,3,5,169.8,60,
8121,82,2026-01-21,9.0,5,5,1,0,5,4,4,167.0,53,
8122,82,2026-01-22,7.9,3,4,0,0,5,3,5,168.5,53,
8123,82,2026-01-23,7.3,2,4,0,0,4,3,4,168.4,57,
8124,82,2026-01-24,6.9,2,4,3,1,5,3,5,166.4,57,
8125,82,2026-01-25,7.7,4,5,0,2,5,3,4,170.7,53,
8126,82,2026-01-26,7.7,3,5,1,0,5,3,5,168.7,56,
8127,82,2026-01-27,8.8,3,5,2,2,5,2,5,164.9,53,
8128,82,2026-01-28,7.5,3,6,4,0,5,5,5,167.5,57,
8129,82,2026-01-29,8.3,3,5,0,1,5,2,4,165.1,54,
8130,82,2026-01-30,8.1,4,5,4,1,5,2,5,165.8,53,
8131,82,2026-01-31,7.2,3,4,0,1,5,4,5,168.3,55,
8132,82,2026-02-01,8.3,3,4,0,0,5,3,5,169.7,58,
8133,82,2026-02-02,7.1,2,4,2,0,4,3,4,169.5,56,
8134,82,2026-02-03,7.6,3,4,1,1,5,3,5,169.4,51,
8135,82,2026-02-04,8.3,4,3,0,2,5,3,5,166.0,55,
8136,82,2026-02-05,7.7,2,2,0,1,5,2,4,165.8,54,
8137,82,2026-02-06,8.1,3,2,2,1,5,5,5,167.1,52,
8138,82,2026-02-07,7.8,3,3,1,0,5,3,4,165.4,55,
8139,82,2026-02-08,6.0,2,3,2,2,5,2,5,168.8,53,
8140,82,2026-02-09,8.0,4,3,2,0,5,4,4,165.6,57,
8141,82,2026-02-10,6.9,1,3,1,1,5,3,5,162.5,56,
8142,82,2026-02-11,6.6,2,2,1,1,5,3,4,168.4,56,
8143,82,2026-02-12,7.6,3,2,1,2,5,3,4,166.0,54,
8144,82,2026-02-13,7.5,3,3,1,0,5,3,5,168.1,55,
8145,82,2026-02-14,7.4,2,3,0,0,5,2,5,166.5,52,
8146,82,2026-02-15,7.9,4,3,1,0,5,3,5,165.4,54,
8147,82,2026-02-16,8.9,4,3,0,0,5,2,4,166.9,56,
8148,82,2026-02-17,7.5,4,3,1,1,5,2,5,167.7,54,
8149,82,2026-02-18,7.3,2,4,2,1,5,5,4,167.1,53,
8150,82,2026-02-19,7.8,4,4,1,1,5,3,5,167.8,52,
8151,82,2026-02-20,7.8,2,4,0,3,5,3,5,167.1,59,
8152,82,2026-02-21,8.2,4,4,5,0,5,2,5,166.2,54,
8153,82,2026-02-22,9.5,4,5,1,1,5,3,5,168.4,52,
8154,82,2026-02-23,6.9,2,5,2,2,5,2,5,167.1,57,
8155,82,2026-02-24,8.2,3,4,3,2,5,5,5,166.0,56,
8156,82,2026-02-25,8.2,3,4,2,0,5,3,5,168.0,57,
8157,82,2026-02-26,8.6,4,3,0,0,5,3,5,165.9,50,
8158,82,2026-02-27,7.7,2,3,0,1,5,2,4,165.8,55,
8159,82,2026-02-28,8.1,4,3,1,0,5,2,4,167.6,52,
8160,82,2026-03-01,7.6,2,4,1,0,5,3,5,167.1,54,
8161,82,2026-03-02,8.4,3,4,0,0,5,4,5,166.7,54,
8162,82,2026-03-03,8.5,3,3,0,0,5,3,4,165.5,54,
8163,82,2026-03-04,8.8,3,3,1,1,5,4,5,167.4,53,
8164,82,2026-03-05,7.3,3,2,1,3,5,4,5,166.2,55,
8165,82,2026-03-06,7.2,2,3,2,0,5,3,5,164.7,57,
8166,82,2026-03-07,8.0,3,3,0,1,5,3,5,168.4,54,
8167,82,2026-03-08,7.9,3,4,1,1,5,4,5,165.2,51,
8168,82,2026-03-09,8.0,3,5,1,0,5,4,4,167.7,54,
8169,82,2026-03-10,7.3,2,4,1,0,5,2,4,163.4,58,
8170,82,2026-03-11,7.1,1,5,0,3,5,2,5,166.4,56,
8171,82,2026-03-12,7.2,1,5,2,1,3,2,3,167.6,54,
8172,82,2026-03-13,7.2,3,5,2,1,5,2,5,167.3,55,
8173,82,2026-03-14,8.9,4,4,0,1,5,3,4,165.4,57,
8174,82,2026-03-15,7.7,3,5,5,0,5,3,5,164.1,57,
8175,82,2026-03-16,8.1,4,5,1,1,5,3,5,166.3,55,
8176,82,2026-03-17,8.9,4,4,1,0,5,5,4,163.4,57,
8177,82,2026-03-18,6.8,1,4,1,1,5,4,5,165.4,57,
8178,82,2026-03-19,6.5,4,4,3,0,5,3,4,164.7,55,
8179,82,2026-03-20,7.9,2,4,0,2,5,2,4,166.0,56,
8180,82,2026-03-21,7.7,3,3,1,2,5,3,5,167.3,54,
8181,82,2026-03-22,7.8,3,3,2,0,5,3,5,164.7,56,
8182,82,2026-03-23,7.7,2,2,1,1,5,2,5,164.6,52,
8183,82,2026-03-24,5.7,1,2,1,1,5,2,5,164.1,59,
8184,82,2026-03-25,7.8,3,2,1,0,5,3,4,164.4,51,
8185,82,2026-03-26,6.9,3,3,0,0,5,2,5,169.0,53,
8186,82,2026-03-27,8.7,5,3,1,0,5,2,4,168.2,53,
8187,82,2026-03-28,7.1,3,3,1,0,5,2,5,166.0,56,
8188,82,2026-03-29,8.3,3,3,1,1,5,2,5,166.8,58,
8189,82,2026-03-30,6.0,1,2,0,1,5,4,5,166.1,53,
8190,82,2026-03-31,8.2,3,1,1,1,5,3,5,166.1,52,
8191,82,2026-04-01,8.6,4,1,1,0,5,3,5,164.9,53,
8192,82,2026-04-02,7.3,3,1,0,0,5,3,5,164.0,52,
8193,82,2026-04-03,8.8,4,1,0,0,5,4,5,164.1,52,
8194,82,2026-04-04,8.8,4,2,1,1,5,2,4,166.1,48,
8195,82,2026-04-05,8.7,3,2,1,2,5,1,5,162.5,53,
8196,82,2026-04-06,7.7,4,2,0,0,5,4,5,165.5,53,
8197,82,2026-04-07,8.6,5,2,1,0,5,1,4,166.8,53,
8198,82,2026-04-08,7.0,2,2,2,0,5,5,4,164.6,53,
8199,82,2026-04-09,7.9,3,1,3,1,5,2,5,166.0,52,
8200,82,2026-04-10,6.5,2,1,2,0,5,3,5,166.1,54,
8201,83,2026-01-01,7.4,2,4,2,0,5,4,4,214.2,71,
8202,83,2026-01-02,7.9,3,4,1,2,5,5,5,211.4,72,
8203,83,2026-01-03,7.6,3,4,0,1,5,3,5,212.2,69,
8204,83,2026-01-04,9.0,2,3,1,0,5,3,5,213.8,69,
8205,83,2026-01-05,8.0,4,3,5,1,5,4,5,214.5,67,
8206,83,2026-01-06,7.8,4,3,0,3,5,5,5,215.1,68,
8207,83,2026-01-07,7.7,3,3,1,0,5,2,5,213.2,66,
8208,83,2026-01-08,8.4,3,2,2,0,5,3,5,213.8,66,
8209,83,2026-01-09,7.7,3,3,4,2,5,3,5,212.8,68,
8210,83,2026-01-10,7.6,2,2,0,1,5,3,5,214.4,66,
8211,83,2026-01-11,7.3,2,1,1,0,5,3,3,211.7,67,
8212,83,2026-01-12,9.2,5,1,0,0,5,2,5,213.0,66,
8213,83,2026-01-13,6.5,1,1,3,2,5,4,5,210.6,64,
8214,83,2026-01-14,6.6,2,1,0,0,5,4,5,215.2,69,
8215,83,2026-01-15,7.2,2,2,0,3,4,5,5,213.0,64,
8216,83,2026-01-16,7.6,2,1,1,1,5,2,4,213.0,66,
8217,83,2026-01-17,8.5,4,1,3,0,5,3,5,214.0,67,
8218,83,2026-01-18,7.9,4,1,1,0,5,2,5,213.5,65,
8219,83,2026-01-19,7.9,3,1,2,1,5,3,5,213.9,66,
8220,83,2026-01-20,8.2,3,2,0,0,5,5,5,213.8,69,
8221,83,2026-01-21,7.9,5,2,0,1,5,4,4,211.4,64,
8222,83,2026-01-22,7.1,2,3,1,1,5,4,4,214.6,68,
8223,83,2026-01-23,6.9,1,3,0,1,5,2,5,212.3,68,
8224,83,2026-01-24,7.6,2,2,0,1,5,2,5,213.6,64,
8225,83,2026-01-25,7.5,2,2,4,0,5,2,4,211.8,68,
8226,83,2026-01-26,7.3,3,1,1,1,5,2,5,212.5,67,
8227,83,2026-01-27,7.4,3,1,0,0,5,4,4,212.0,67,
8228,83,2026-01-28,7.4,3,1,1,0,5,3,4,215.3,65,
8229,83,2026-01-29,8.1,3,2,2,3,5,4,5,214.0,67,
8230,83,2026-01-30,7.9,2,2,2,0,5,3,5,211.5,66,
8231,83,2026-01-31,8.2,4,2,1,0,5,3,5,214.0,66,
8232,83,2026-02-01,8.2,4,2,0,0,5,3,4,213.3,70,
8233,83,2026-02-02,8.6,3,1,1,1,5,2,5,210.8,63,
8234,83,2026-02-03,7.9,4,1,0,1,5,4,3,211.8,67,
8235,83,2026-02-04,8.6,3,1,4,0,5,3,5,212.8,64,
8236,83,2026-02-05,7.6,3,1,1,0,5,5,5,212.1,65,
8237,83,2026-02-06,7.4,2,1,0,1,5,2,5,212.9,64,
8238,83,2026-02-07,8.1,5,2,0,1,5,2,5,210.3,69,
8239,83,2026-02-08,7.4,2,1,0,2,5,3,5,212.3,68,
8240,83,2026-02-09,8.0,2,1,2,3,5,3,5,210.8,65,
8241,83,2026-02-10,8.2,3,1,0,1,5,2,4,213.3,65,
8242,83,2026-02-11,7.9,3,1,0,1,5,2,5,214.5,67,
8243,83,2026-02-12,7.0,1,1,1,0,5,5,5,210.7,65,
8244,83,2026-02-13,6.3,2,1,2,1,5,2,4,214.4,65,
8245,83,2026-02-14,6.3,1,1,1,2,5,3,5,213.3,69,
8246,83,2026-02-15,8.3,4,1,1,1,5,3,4,214.9,63,
8247,83,2026-02-16,7.4,3,1,1,0,5,1,5,210.2,62,
8248,83,2026-02-17,7.9,3,1,1,0,5,3,4,213.1,68,
8249,83,2026-02-18,7.4,3,2,0,0,5,4,4,213.3,68,
8250,83,2026-02-19,7.0,3,1,2,1,5,3,4,214.1,67,
8251,83,2026-02-20,7.6,4,1,2,0,5,3,4,211.6,68,
8252,83,2026-02-21,7.7,3,1,1,1,5,3,5,214.9,67,
8253,83,2026-02-22,6.6,2,1,3,1,5,3,4,213.0,70,
8254,83,2026-02-23,8.2,3,1,1,0,5,3,5,212.2,68,
8255,83,2026-02-24,6.7,2,1,1,1,5,4,5,211.7,65,
8256,83,2026-02-25,8.1,2,1,0,0,5,3,4,212.5,69,
8257,83,2026-02-26,8.5,2,1,0,0,5,3,5,212.2,67,
8258,83,2026-02-27,8.1,3,1,1,1,5,3,4,212.9,64,
8259,83,2026-02-28,9.1,5,2,3,1,5,4,5,211.6,69,
8260,83,2026-03-01,7.0,2,2,4,1,5,3,5,210.6,68,
8261,83,2026-03-02,8.2,4,3,0,2,5,2,5,213.8,69,
8262,83,2026-03-03,7.1,1,3,2,0,5,5,5,213.2,70,
8263,83,2026-03-04,8.0,2,4,0,1,5,3,5,209.7,71,
8264,83,2026-03-05,6.9,3,4,1,2,5,4,4,211.6,65,
8265,83,2026-03-06,8.4,3,3,1,0,5,3,4,213.7,70,
8266,83,2026-03-07,9.5,4,3,6,2,5,3,5,213.2,68,
8267,83,2026-03-08,8.9,4,2,1,1,5,3,4,213.9,70,
8268,83,2026-03-09,7.4,3,3,0,0,5,4,4,212.7,71,
8269,83,2026-03-10,7.3,3,3,2,2,5,2,5,210.9,65,
8270,83,2026-03-11,8.5,3,4,1,4,5,3,4,209.5,67,
8271,83,2026-03-12,8.2,4,3,1,2,5,3,5,211.6,65,
8272,83,2026-03-13,7.6,2,2,3,0,5,3,5,212.6,70,
8273,83,2026-03-14,7.6,3,1,0,0,5,2,5,216.0,70,
8274,83,2026-03-15,8.3,4,1,2,0,5,3,3,214.9,65,
8275,83,2026-03-16,6.8,1,1,1,1,5,3,5,213.1,66,
8276,83,2026-03-17,8.0,4,1,2,0,5,4,5,209.8,67,
8277,83,2026-03-18,7.1,3,1,2,2,5,2,5,212.8,67,
8278,83,2026-03-19,7.9,4,1,0,0,5,3,5,212.9,66,
8279,83,2026-03-20,8.1,3,1,2,1,5,1,5,213.9,67,
8280,83,2026-03-21,7.5,3,2,5,3,5,2,5,213.4,66,
8281,83,2026-03-22,9.2,3,2,2,1,5,4,5,212.6,65,
8282,83,2026-03-23,8.1,3,2,1,0,5,1,5,211.6,70,
8283,83,2026-03-24,7.1,2,2,0,1,5,3,4,212.8,70,
8284,83,2026-03-25,7.7,3,2,1,1,5,2,5,213.1,65,
8285,83,2026-03-26,8.2,4,3,0,1,5,3,4,210.6,65,
8286,83,2026-03-27,7.3,3,2,2,0,5,2,5,214.9,69,
8287,83,2026-03-28,7.6,3,3,2,0,5,4,5,211.8,68,
8288,83,2026-03-29,7.6,3,4,1,1,5,3,3,211.1,69,
8289,83,2026-03-30,6.7,2,3,1,1,5,5,5,209.8,69,
8290,83,2026-03-31,7.8,3,2,1,0,5,4,4,212.2,68,
8291,83,2026-04-01,7.6,2,1,0,0,5,5,5,210.1,64,
8292,83,2026-04-02,7.4,3,1,2,0,5,2,5,210.5,68,
8293,83,2026-04-03,7.8,5,1,1,0,5,3,4,211.2,63,
8294,83,2026-04-04,8.0,1,2,2,1,5,3,5,212.1,68,
8295,83,2026-04-05,8.2,3,2,0,2,5,2,5,209.0,67,
8296,83,2026-04-06,6.9,3,2,0,0,5,3,5,211.8,66,
8297,83,2026-04-07,7.4,3,2,1,1,5,1,5,212.0,66,
8298,83,2026-04-08,7.3,3,2,0,1,5,2,4,212.0,66,
8299,83,2026-04-09,7.3,3,1,1,0,5,3,5,211.6,63,
8300,83,2026-04-10,9.1,5,1,3,3,5,5,4,210.8,68,
8301,84,2026-01-01,6.6,2,3,0,1,5,3,5,193.8,56,
8302,84,2026-01-02,7.1,2,3,0,1,5,3,4,197.3,53,
8303,84,2026-01-03,9.5,5,2,2,0,5,3,4,194.6,53,
8304,84,2026-01-04,7.7,4,2,0,0,5,3,5,195.8,56,
8305,84,2026-01-05,8.7,4,2,3,1,5,3,4,194.0,54,
8306,84,2026-01-06,8.2,4,2,0,1,5,4,5,194.3,54,
8307,84,2026-01-07,8.5,4,1,2,1,5,3,5,195.6,52,
8308,84,2026-01-08,6.5,1,2,0,1,5,5,5,195.7,55,
8309,84,2026-01-09,7.2,3,3,1,0,5,3,5,197.2,57,
8310,84,2026-01-10,8.4,3,4,2,3,5,3,3,196.2,55,
8311,84,2026-01-11,8.0,3,4,2,0,5,3,5,194.4,55,
8312,84,2026-01-12,8.2,3,5,2,0,5,3,5,194.4,56,
8313,84,2026-01-13,7.1,2,5,1,0,5,2,5,195.3,59,
8314,84,2026-01-14,8.4,3,6,0,2,5,3,5,196.1,55,
8315,84,2026-01-15,8.5,2,5,1,1,5,1,4,193.8,57,
8316,84,2026-01-16,8.5,3,5,1,1,5,4,5,194.3,55,
8317,84,2026-01-17,8.3,4,6,2,2,4,4,4,193.4,55,
8318,84,2026-01-18,8.7,5,6,1,1,5,3,3,193.9,58,
8319,84,2026-01-19,7.7,3,6,0,0,4,3,4,196.3,60,
8320,84,2026-01-20,7.0,3,6,0,0,5,3,5,193.0,54,
8321,84,2026-01-21,6.6,2,6,1,1,4,3,5,192.0,59,
8322,84,2026-01-22,7.1,3,7,1,1,5,3,5,197.1,56,
8323,84,2026-01-23,6.8,2,6,2,1,5,3,5,191.9,59,
8324,84,2026-01-24,7.7,2,6,2,2,5,4,4,194.3,56,
8325,84,2026-01-25,8.3,3,7,3,0,5,4,4,194.0,58,
8326,84,2026-01-26,7.0,1,8,1,2,5,3,5,196.0,57,
8327,84,2026-01-27,7.3,2,7,2,1,5,2,5,193.8,62,
8328,84,2026-01-28,6.5,1,8,2,2,5,4,4,192.8,57,
8329,84,2026-01-29,7.6,3,8,3,1,5,3,4,192.7,59,
8330,84,2026-01-30,6.6,1,8,1,4,4,5,3,192.7,59,
8331,84,2026-01-31,7.7,3,7,2,1,5,3,5,194.9,61,
8332,84,2026-02-01,8.1,3,7,6,1,5,2,5,193.9,58,
8333,84,2026-02-02,7.6,2,6,1,1,5,3,4,195.6,61,
8334,84,2026-02-03,7.8,4,7,2,1,5,4,5,195.8,59,
8335,84,2026-02-04,8.4,3,7,1,1,5,1,4,194.0,56,
8336,84,2026-02-05,8.1,3,8,2,1,4,3,4,193.5,59,
8337,84,2026-02-06,7.0,3,9,3,1,5,2,5,195.5,59,
8338,84,2026-02-07,7.6,2,9,3,2,5,3,5,195.7,59,
8339,84,2026-02-08,9.0,4,9,1,1,4,2,4,193.8,59,
8340,84,2026-02-09,8.5,4,9,4,2,5,3,5,196.0,59,
8341,84,2026-02-10,7.7,3,10,3,2,3,2,4,193.1,59,
8342,84,2026-02-11,7.8,3,9,2,2,5,2,5,193.0,62,
8343,84,2026-02-12,7.5,4,10,1,1,5,4,5,193.9,60,
8344,84,2026-02-13,8.0,4,9,2,2,5,3,5,193.9,61,
8345,84,2026-02-14,8.5,4,8,3,1,4,4,4,193.9,57,
8346,84,2026-02-15,7.9,3,8,2,1,5,3,4,193.1,58,
8347,84,2026-02-16,7.1,3,8,2,2,5,3,5,196.1,61,
8348,84,2026-02-17,7.4,3,8,1,2,5,1,5,194.3,61,
8349,84,2026-02-18,6.9,3,9,2,3,4,4,4,194.4,61,
8350,84,2026-02-19,6.6,2,9,2,3,4,3,5,195.3,62,
8351,84,2026-02-20,8.5,4,8,4,2,4,3,5,191.9,57,
8352,84,2026-02-21,9.5,5,8,2,1,5,3,4,192.5,56,
8353,84,2026-02-22,8.2,4,7,2,0,5,3,5,197.4,57,
8354,84,2026-02-23,7.6,2,8,1,1,4,4,4,193.5,57,
8355,84,2026-02-24,9.2,4,9,3,3,5,4,4,195.7,57,
8356,84,2026-02-25,8.1,3,10,7,1,4,4,3,192.1,59,
8357,84,2026-02-26,7.5,3,10,3,3,4,3,5,194.7,60,
8358,84,2026-02-27,6.8,2,10,2,2,5,3,4,195.8,58,
8359,84,2026-02-28,7.3,2,10,1,1,5,3,5,193.6,56,
8360,84,2026-03-01,8.6,4,10,1,2,5,3,5,196.0,57,
8361,84,2026-03-02,9.0,4,10,1,2,4,3,4,196.3,62,
8362,84,2026-03-03,7.8,3,10,1,1,3,3,1,192.7,61,
8363,84,2026-03-04,7.8,3,10,3,4,4,4,4,194.3,58,
8364,84,2026-03-05,8.5,3,10,2,2,5,2,4,196.2,59,
8365,84,2026-03-06,7.2,4,10,2,2,4,2,5,194.2,59,
8366,84,2026-03-07,8.3,4,10,3,1,5,4,5,192.8,59,
8367,84,2026-03-08,7.9,2,10,2,1,4,3,5,195.2,59,
8368,84,2026-03-09,8.5,3,10,4,4,5,4,5,194.4,59,
8369,84,2026-03-10,7.5,3,10,2,1,5,2,4,192.0,62,
8370,84,2026-03-11,6.6,1,10,3,1,4,4,4,194.3,62,
8371,84,2026-03-12,8.6,3,9,1,1,5,1,5,194.5,59,
8372,84,2026-03-13,8.0,3,9,4,1,5,4,3,193.4,57,
8373,84,2026-03-14,7.6,1,9,2,1,4,5,5,194.4,60,
8374,84,2026-03-15,9.2,5,9,1,2,5,1,4,193.7,64,
8375,84,2026-03-16,8.3,4,9,1,3,5,3,5,192.9,60,
8376,84,2026-03-17,7.3,2,9,3,3,4,3,4,192.3,57,
8377,84,2026-03-18,7.0,3,9,1,2,3,4,3,195.1,59,
8378,84,2026-03-19,7.7,3,10,2,3,3,3,3,192.6,59,
8379,84,2026-03-20,7.3,3,10,1,1,4,3,3,191.9,60,
8380,84,2026-03-21,8.6,5,10,2,1,5,3,5,193.5,61,
8381,84,2026-03-22,7.8,3,10,3,2,3,3,3,193.2,58,
8382,84,2026-03-23,8.0,5,10,1,1,5,2,3,195.1,56,
8383,84,2026-03-24,9.1,4,10,2,2,4,2,3,196.0,63,
8384,84,2026-03-25,7.1,2,10,3,1,5,2,5,192.5,63,
8385,84,2026-03-26,7.0,3,10,1,1,5,5,4,194.2,63,
8386,84,2026-03-27,8.0,3,10,4,1,4,2,4,194.8,63,
8387,84,2026-03-28,7.0,2,9,1,1,4,4,3,191.1,61,
8388,84,2026-03-29,7.8,1,10,3,1,4,3,4,194.1,60,
8389,84,2026-03-30,8.0,4,10,2,2,5,3,5,193.7,59,
8390,84,2026-03-31,7.5,3,10,1,3,5,3,5,195.9,59,
8391,84,2026-04-01,8.6,4,10,1,2,5,3,5,193.8,58,
8392,84,2026-04-02,6.8,2,10,2,1,5,1,5,193.6,61,
8393,84,2026-04-03,8.2,4,10,5,3,3,4,3,192.0,58,
8394,84,2026-04-04,7.6,2,9,1,3,3,3,4,191.4,60,
8395,84,2026-04-05,7.6,2,9,1,2,4,3,4,193.3,59,
8396,84,2026-04-06,7.3,2,9,1,2,3,4,4,191.9,61,
8397,84,2026-04-07,8.7,4,9,2,1,5,4,4,194.5,60,
8398,84,2026-04-08,7.4,2,8,3,3,4,4,4,194.1,60,
8399,84,2026-04-09,8.4,3,9,2,2,5,3,4,193.5,59,
8400,84,2026-04-10,6.6,1,8,3,1,4,3,4,194.5,60,
8401,85,2026-01-01,7.4,3,4,2,0,5,3,5,141.2,50,
8402,85,2026-01-02,7.1,3,3,2,1,5,3,4,142.3,51,
8403,85,2026-01-03,8.3,3,2,2,0,5,2,5,140.6,46,
8404,85,2026-01-04,7.8,2,2,3,0,5,4,5,138.9,46,
8405,85,2026-01-05,7.6,3,2,2,1,5,4,5,143.5,47,
8406,85,2026-01-06,8.0,3,2,1,1,5,5,5,144.1,51,
8407,85,2026-01-07,6.3,1,1,2,2,5,3,5,141.5,48,
8408,85,2026-01-08,5.9,2,2,2,1,5,3,5,140.4,48,
8409,85,2026-01-09,7.5,3,2,0,0,5,2,4,143.2,49,
8410,85,2026-01-10,7.8,4,1,2,0,5,3,5,144.8,47,
8411,85,2026-01-11,7.4,2,1,0,1,5,3,4,140.3,50,
8412,85,2026-01-12,6.8,4,1,2,0,5,4,4,140.7,49,
8413,85,2026-01-13,7.3,1,1,1,0,5,3,4,141.7,50,
8414,85,2026-01-14,8.1,3,2,3,1,5,3,5,140.2,46,
8415,85,2026-01-15,8.1,3,3,0,1,5,4,5,143.4,49,
8416,85,2026-01-16,7.4,3,3,2,0,5,3,5,142.9,50,
8417,85,2026-01-17,8.4,3,3,1,1,5,3,5,141.1,51,
8418,85,2026-01-18,7.1,4,4,2,0,5,1,5,140.2,48,
8419,85,2026-01-19,6.6,3,3,0,1,5,3,5,141.2,47,
8420,85,2026-01-20,7.7,3,3,4,0,5,2,5,141.2,51,
8421,85,2026-01-21,7.1,3,3,2,0,5,3,5,141.9,49,
8422,85,2026-01-22,7.9,3,4,1,0,5,3,5,140.1,51,
8423,85,2026-01-23,7.9,4,4,0,2,5,2,5,142.3,50,
8424,85,2026-01-24,8.2,3,5,1,0,5,2,5,141.7,51,
8425,85,2026-01-25,7.7,2,4,2,0,5,3,3,141.6,54,
8426,85,2026-01-26,6.9,1,4,2,1,5,3,4,143.2,53,
8427,85,2026-01-27,8.2,3,5,4,1,5,3,4,140.2,52,
8428,85,2026-01-28,7.5,3,5,0,0,5,3,4,142.3,50,
8429,85,2026-01-29,7.2,2,5,0,0,5,4,5,140.3,54,
8430,85,2026-01-30,6.9,2,5,1,1,5,2,4,141.0,52,
8431,85,2026-01-31,7.3,2,5,1,1,5,2,5,141.2,52,
8432,85,2026-02-01,8.0,3,5,1,0,5,4,5,140.0,52,
8433,85,2026-02-02,7.9,3,6,1,0,5,3,4,139.6,51,
8434,85,2026-02-03,7.6,3,6,0,3,5,5,4,143.6,51,
8435,85,2026-02-04,7.6,3,7,2,1,5,3,4,138.1,52,
8436,85,2026-02-05,6.8,1,8,4,1,3,3,3,139.9,54,
8437,85,2026-02-06,7.8,2,7,1,3,5,2,5,143.6,50,
8438,85,2026-02-07,7.8,3,8,2,2,5,2,5,139.0,57,
8439,85,2026-02-08,7.9,4,7,3,0,5,2,5,139.9,55,
8440,85,2026-02-09,7.2,3,6,1,1,5,3,4,141.5,50,
8441,85,2026-02-10,7.2,2,6,0,0,4,4,4,142.4,51,
8442,85,2026-02-11,8.2,4,6,3,0,5,3,4,141.6,49,
8443,85,2026-02-12,7.3,3,6,3,2,5,1,5,142.1,52,
8444,85,2026-02-13,8.1,4,7,4,1,5,3,5,141.4,58,
8445,85,2026-02-14,6.7,2,7,2,1,4,5,5,140.4,55,
8446,85,2026-02-15,7.8,3,7,1,0,5,3,5,140.3,51,
8447,85,2026-02-16,6.3,1,7,3,2,5,3,4,139.5,54,
8448,85,2026-02-17,8.0,4,6,0,0,5,2,4,143.9,52,
8449,85,2026-02-18,7.4,2,7,2,1,4,2,5,139.0,53,
8450,85,2026-02-19,7.4,3,7,2,0,5,1,5,139.6,52,
8451,85,2026-02-20,6.5,2,6,1,0,4,3,3,140.5,50,
8452,85,2026-02-21,7.1,3,7,3,2,5,5,4,141.5,49,
8453,85,2026-02-22,6.6,2,6,0,1,5,3,5,139.5,51,
8454,85,2026-02-23,7.5,4,7,1,2,5,3,5,142.8,48,
8455,85,2026-02-24,6.8,3,8,2,2,5,4,5,140.8,57,
8456,85,2026-02-25,7.1,3,8,1,2,5,3,5,142.0,53,
8457,85,2026-02-26,7.7,2,9,3,2,5,4,5,140.2,54,
8458,85,2026-02-27,6.8,2,10,1,2,4,2,4,142.2,54,
8459,85,2026-02-28,8.2,3,9,2,1,4,2,4,139.8,52,
8460,85,2026-03-01,6.6,2,9,1,2,4,2,5,141.6,53,
8461,85,2026-03-02,8.1,4,9,2,2,5,3,4,140.1,53,
8462,85,2026-03-03,7.3,2,9,1,3,4,3,3,142.3,56,
8463,85,2026-03-04,6.3,2,8,1,2,5,4,4,140.2,52,
8464,85,2026-03-05,8.0,4,8,2,4,5,4,5,142.2,53,
8465,85,2026-03-06,7.6,3,9,2,2,5,2,5,140.7,54,
8466,85,2026-03-07,5.6,1,8,3,1,4,1,3,143.8,51,
8467,85,2026-03-08,7.8,2,9,2,2,4,3,4,137.5,56,
8468,85,2026-03-09,7.8,3,10,4,3,5,3,5,138.1,51,
8469,85,2026-03-10,7.3,1,10,5,1,5,3,5,138.1,58,
8470,85,2026-03-11,8.1,3,10,2,1,5,3,3,138.1,56,
8471,85,2026-03-12,6.3,2,10,1,1,4,3,5,140.4,53,
8472,85,2026-03-13,5.3,1,10,4,3,4,3,4,137.8,58,
8473,85,2026-03-14,7.0,3,10,3,4,5,2,5,138.4,54,
8474,85,2026-03-15,8.6,4,9,2,1,4,3,4,139.8,57,
8475,85,2026-03-16,5.9,2,9,5,1,5,4,4,141.5,51,
8476,85,2026-03-17,5.8,1,8,2,2,5,2,5,142.1,52,
8477,85,2026-03-18,8.9,3,8,2,1,5,4,5,138.9,53,
8478,85,2026-03-19,7.0,3,9,2,1,3,2,2,138.1,53,
8479,85,2026-03-20,7.9,3,8,5,2,4,2,5,141.7,53,
8480,85,2026-03-21,6.2,1,9,1,1,5,3,5,140.3,54,
8481,85,2026-03-22,8.4,5,10,4,2,5,2,4,140.0,53,
8482,85,2026-03-23,7.3,1,10,2,2,3,2,3,140.1,55,
8483,85,2026-03-24,7.4,2,10,1,2,2,3,3,137.6,55,
8484,85,2026-03-25,7.8,4,9,2,2,4,1,4,139.0,50,
8485,85,2026-03-26,8.0,4,9,2,2,5,2,5,139.8,57,
8486,85,2026-03-27,7.6,3,9,1,1,4,2,3,138.7,57,
8487,85,2026-03-28,7.0,2,9,3,2,5,4,5,139.8,55,
8488,85,2026-03-29,7.1,2,9,3,1,4,4,5,141.6,57,
8489,85,2026-03-30,6.8,2,9,1,2,4,2,5,140.3,57,
8490,85,2026-03-31,7.3,3,9,1,1,4,3,4,136.8,49,
8491,85,2026-04-01,6.3,2,10,3,2,4,1,4,138.2,55,
8492,85,2026-04-02,7.4,3,10,2,2,5,3,5,139.4,56,
8493,85,2026-04-03,8.2,3,10,4,2,4,2,3,141.4,54,
8494,85,2026-04-04,7.1,2,10,3,1,5,2,5,141.9,55,
8495,85,2026-04-05,7.3,2,10,1,1,5,1,5,139.9,57,
8496,85,2026-04-06,8.4,4,9,2,1,4,3,4,139.7,53,
8497,85,2026-04-07,9.2,4,9,3,1,5,3,5,140.5,50,
8498,85,2026-04-08,7.4,2,8,2,3,5,3,5,139.3,56,
8499,85,2026-04-09,6.2,1,8,4,1,5,1,4,137.1,57,
8500,85,2026-04-10,8.1,2,9,3,1,5,3,4,139.2,51,
8501,86,2026-01-01,8.1,3,4,1,0,5,3,5,160.3,49,
8502,86,2026-01-02,5.4,1,4,3,1,4,3,4,159.9,53,
8503,86,2026-01-03,8.9,4,4,2,0,5,3,4,161.2,49,
8504,86,2026-01-04,7.4,2,5,0,1,4,3,4,158.9,51,
8505,86,2026-01-05,8.2,4,5,1,0,5,2,5,159.7,52,
8506,86,2026-01-06,7.9,4,5,1,0,5,4,5,159.8,46,
8507,86,2026-01-07,6.8,3,5,1,0,5,3,4,161.4,52,
8508,86,2026-01-08,8.0,4,6,0,0,5,4,5,162.7,55,
8509,86,2026-01-09,8.1,3,6,0,1,5,3,5,156.9,55,
8510,86,2026-01-10,7.1,2,6,3,1,5,3,5,157.7,54,
8511,86,2026-01-11,8.3,4,7,2,1,5,2,4,159.7,54,
8512,86,2026-01-12,8.1,3,8,3,2,5,4,5,158.5,54,
8513,86,2026-01-13,8.3,4,9,3,3,4,2,3,159.7,56,
8514,86,2026-01-14,7.1,2,8,2,3,4,4,2,158.1,57,
8515,86,2026-01-15,7.9,2,8,3,2,5,3,4,156.1,53,
8516,86,2026-01-16,8.0,3,8,4,2,4,2,3,157.1,55,
8517,86,2026-01-17,7.6,4,8,3,2,5,2,5,162.0,52,
8518,86,2026-01-18,7.7,3,7,2,0,5,2,5,158.8,54,
8519,86,2026-01-19,6.9,3,7,2,1,5,3,5,156.2,56,
8520,86,2026-01-20,7.6,3,7,1,1,5,4,5,157.6,50,
8521,86,2026-01-21,7.3,2,7,1,0,4,2,5,154.5,55,
8522,86,2026-01-22,7.1,3,7,2,0,5,2,5,154.2,54,
8523,86,2026-01-23,7.7,3,8,4,1,5,2,5,155.9,54,
8524,86,2026-01-24,6.8,2,8,1,2,5,4,5,158.3,53,
8525,86,2026-01-25,8.3,3,8,1,1,4,3,3,159.5,57,
8526,86,2026-01-26,7.5,3,9,1,2,5,4,4,161.4,52,
8527,86,2026-01-27,8.0,3,9,2,3,5,3,4,158.1,55,
8528,86,2026-01-28,8.5,3,10,2,2,5,3,5,159.4,56,
8529,86,2026-01-29,6.9,3,10,2,4,5,3,5,158.9,56,
8530,86,2026-01-30,6.9,2,10,2,1,5,3,5,160.2,57,
8531,86,2026-01-31,7.4,1,9,3,3,4,2,5,157.5,55,
8532,86,2026-02-01,8.1,3,10,2,3,4,4,5,159.5,55,
8533,86,2026-02-02,6.9,3,10,5,2,4,5,5,159.5,57,
8534,86,2026-02-03,7.6,4,10,1,2,5,4,5,156.5,56,
8535,86,2026-02-04,7.0,2,10,2,2,4,2,2,158.2,56,
8536,86,2026-02-05,8.3,3,10,1,2,3,3,4,157.3,58,
8537,86,2026-02-06,8.4,4,9,2,2,5,4,5,158.6,56,
8538,86,2026-02-07,7.8,3,8,2,2,5,3,5,158.6,51,
8539,86,2026-02-08,7.0,2,8,1,1,5,3,5,161.2,49,
8540,86,2026-02-09,7.8,2,8,1,1,5,3,4,157.0,53,
8541,86,2026-02-10,6.9,1,7,2,0,4,2,3,157.3,52,
8542,86,2026-02-11,7.7,3,8,3,1,4,3,3,158.5,55,
8543,86,2026-02-12,6.6,3,9,2,2,4,2,3,158.6,60,
8544,86,2026-02-13,7.6,3,9,2,2,5,3,5,161.9,56,
8545,86,2026-02-14,7.8,3,9,5,2,5,3,5,160.9,51,
8546,86,2026-02-15,7.8,3,9,1,2,5,4,5,160.2,58,
8547,86,2026-02-16,6.7,3,8,1,5,5,4,5,157.9,59,
8548,86,2026-02-17,6.9,2,8,2,2,5,4,5,157.0,52,
8549,86,2026-02-18,5.7,1,8,2,2,4,2,3,157.1,50,
8550,86,2026-02-19,7.5,3,8,2,2,4,3,4,160.1,53,
8551,86,2026-02-20,6.1,1,9,1,1,4,3,5,158.1,55,
8552,86,2026-02-21,7.6,2,8,3,2,5,4,5,157.5,54,
8553,86,2026-02-22,6.5,1,7,1,3,3,3,2,158.4,52,
8554,86,2026-02-23,8.0,4,7,1,0,5,2,5,158.4,53,
8555,86,2026-02-24,7.0,2,7,2,2,4,1,5,159.4,55,
8556,86,2026-02-25,8.2,3,7,3,2,5,3,5,158.8,50,
8557,86,2026-02-26,7.0,2,7,1,1,5,3,4,159.8,55,
8558,86,2026-02-27,7.5,3,7,4,0,5,3,5,159.5,55,
8559,86,2026-02-28,7.4,3,8,3,4,5,2,4,158.9,52,
8560,86,2026-03-01,6.9,3,7,2,0,5,4,5,156.6,55,
8561,86,2026-03-02,7.5,3,7,3,1,5,1,4,159.2,54,
8562,86,2026-03-03,7.1,2,6,1,0,5,4,5,157.3,52,
8563,86,2026-03-04,8.3,3,5,1,0,5,3,5,157.7,54,
8564,86,2026-03-05,7.5,2,6,1,0,5,3,5,160.5,52,
8565,86,2026-03-06,8.0,3,5,0,1,5,4,5,157.6,51,
8566,86,2026-03-07,8.1,5,6,1,0,5,4,5,159.9,53,
8567,86,2026-03-08,6.4,1,7,3,0,5,4,5,160.1,52,
8568,86,2026-03-09,6.6,3,7,1,1,5,4,5,158.7,56,
8569,86,2026-03-10,7.5,2,7,2,0,5,3,4,160.3,57,
8570,86,2026-03-11,7.5,3,6,1,0,5,3,5,160.5,55,
8571,86,2026-03-12,7.3,1,7,3,1,5,4,5,157.3,49,
8572,86,2026-03-13,6.7,2,6,0,0,5,3,4,157.1,55,
8573,86,2026-03-14,5.4,1,6,1,1,5,3,5,159.7,51,
8574,86,2026-03-15,7.8,4,7,3,4,5,2,5,157.4,53,
8575,86,2026-03-16,7.4,2,7,1,0,5,3,5,156.8,51,
8576,86,2026-03-17,7.0,1,7,2,1,5,3,4,156.4,54,
8577,86,2026-03-18,8.1,4,6,0,0,5,3,5,156.6,51,
8578,86,2026-03-19,7.0,2,6,2,1,5,3,5,156.9,52,
8579,86,2026-03-20,5.8,1,6,1,0,5,4,4,157.9,56,
8580,86,2026-03-21,7.5,3,5,1,2,5,4,5,157.7,49,
8581,86,2026-03-22,8.8,4,5,1,1,5,1,5,157.7,49,
8582,86,2026-03-23,8.0,4,6,1,2,5,2,4,159.8,56,
8583,86,2026-03-24,7.1,2,5,1,1,5,2,5,156.2,50,
8584,86,2026-03-25,7.2,2,4,3,1,4,3,4,156.5,50,
8585,86,2026-03-26,6.4,2,5,0,0,4,4,4,154.6,57,
8586,86,2026-03-27,6.7,1,4,1,1,5,2,5,156.2,50,
8587,86,2026-03-28,8.0,3,4,2,0,5,2,5,159.7,52,
8588,86,2026-03-29,7.0,2,3,2,0,5,4,5,159.7,53,
8589,86,2026-03-30,6.5,1,3,1,1,5,2,4,155.4,50,
8590,86,2026-03-31,7.0,2,2,0,0,5,4,5,159.0,50,
8591,86,2026-04-01,7.3,2,3,2,4,5,4,5,159.3,49,
8592,86,2026-04-02,7.7,2,3,0,1,5,3,5,157.3,50,
8593,86,2026-04-03,7.8,3,4,0,1,5,3,5,158.2,51,
8594,86,2026-04-04,7.0,1,4,1,1,4,3,4,155.8,53,
8595,86,2026-04-05,7.9,3,4,3,0,5,2,5,155.3,50,
8596,86,2026-04-06,7.2,3,4,2,2,5,3,4,155.8,48,
8597,86,2026-04-07,6.5,3,4,4,0,5,5,5,158.7,50,
8598,86,2026-04-08,7.1,4,4,2,0,5,2,5,155.3,55,
8599,86,2026-04-09,8.4,3,4,1,1,5,3,5,156.7,53,
8600,86,2026-04-10,6.9,1,4,3,0,5,3,4,157.1,53,
8601,87,2026-01-01,6.9,3,5,0,1,5,4,5,156.7,55,
8602,87,2026-01-02,6.4,2,6,0,0,5,2,5,154.8,55,
8603,87,2026-01-03,7.2,3,7,3,2,5,4,5,154.7,56,
8604,87,2026-01-04,7.5,3,6,0,1,5,4,5,156.8,54,
8605,87,2026-01-05,8.1,3,7,1,1,5,4,5,155.4,55,
8606,87,2026-01-06,5.2,1,6,1,0,5,4,4,155.4,54,
8607,87,2026-01-07,7.8,3,5,1,1,5,2,5,153.5,51,
8608,87,2026-01-08,8.4,3,5,1,0,5,1,5,153.3,49,
8609,87,2026-01-09,7.1,3,5,0,0,5,4,5,156.2,53,
8610,87,2026-01-10,5.5,1,5,2,3,5,1,5,154.6,55,
8611,87,2026-01-11,7.7,3,4,2,0,5,3,5,154.7,51,
8612,87,2026-01-12,6.8,1,4,1,0,5,2,5,155.9,51,
8613,87,2026-01-13,7.6,2,5,1,0,5,3,5,152.3,53,
8614,87,2026-01-14,6.7,1,5,3,4,4,4,3,152.5,55,
8615,87,2026-01-15,8.0,3,4,2,0,5,3,4,154.3,53,
8616,87,2026-01-16,6.9,2,5,3,1,5,3,5,151.6,54,
8617,87,2026-01-17,7.3,2,6,1,2,5,2,5,151.6,57,
8618,87,2026-01-18,7.4,2,6,4,2,5,3,5,155.7,51,
8619,87,2026-01-19,6.9,2,7,3,2,5,3,5,154.0,55,
8620,87,2026-01-20,6.2,2,6,1,1,5,3,5,155.6,52,
8621,87,2026-01-21,7.0,3,6,1,2,5,4,5,155.7,51,
8622,87,2026-01-22,6.7,2,5,3,0,5,3,4,153.6,52,
8623,87,2026-01-23,6.9,3,5,1,2,5,3,5,155.7,51,
8624,87,2026-01-24,8.0,3,4,1,1,5,3,5,153.5,50,
8625,87,2026-01-25,7.0,3,5,2,0,5,1,5,154.3,50,
8626,87,2026-01-26,7.4,4,4,2,1,5,4,5,153.5,50,
8627,87,2026-01-27,6.7,1,3,0,1,5,3,5,152.8,52,
8628,87,2026-01-28,8.0,4,3,0,0,5,3,5,153.3,50,
8629,87,2026-01-29,7.7,2,3,0,0,5,3,4,155.5,49,
8630,87,2026-01-30,6.4,2,2,0,0,5,2,5,153.1,48,
8631,87,2026-01-31,5.9,2,3,1,2,5,3,5,157.1,49,
8632,87,2026-02-01,7.3,3,2,0,1,5,3,4,154.3,45,
8633,87,2026-02-02,7.0,3,2,1,0,5,5,5,154.7,48,
8634,87,2026-02-03,6.2,2,3,1,0,5,2,5,154.0,50,
8635,87,2026-02-04,6.7,2,4,2,0,5,4,5,154.3,53,
8636,87,2026-02-05,6.3,1,3,1,1,5,4,5,154.0,53,
8637,87,2026-02-06,7.3,2,2,1,1,5,2,5,153.8,53,
8638,87,2026-02-07,8.1,3,2,0,1,5,2,5,154.4,49,
8639,87,2026-02-08,6.9,1,2,0,0,5,3,4,152.9,51,
8640,87,2026-02-09,8.2,3,2,2,0,5,2,5,151.7,48,
8641,87,2026-02-10,6.5,1,1,0,0,5,5,5,150.9,47,
8642,87,2026-02-11,7.7,2,2,1,1,5,4,4,153.7,53,
8643,87,2026-02-12,7.9,3,2,4,1,5,3,5,151.8,47,
8644,87,2026-02-13,8.0,4,1,4,1,5,3,4,153.5,51,
8645,87,2026-02-14,6.9,2,1,3,0,5,3,4,155.7,49,
8646,87,2026-02-15,7.4,2,2,2,0,5,2,5,151.1,48,
8647,87,2026-02-16,8.0,2,2,1,0,4,3,4,152.8,55,
8648,87,2026-02-17,6.8,2,3,1,2,5,4,5,154.7,51,
8649,87,2026-02-18,7.6,3,3,0,0,5,2,4,153.9,47,
8650,87,2026-02-19,7.1,3,4,1,2,5,2,5,154.3,48,
8651,87,2026-02-20,6.1,3,3,0,1,5,3,5,153.5,50,
8652,87,2026-02-21,7.2,4,3,1,1,5,3,5,150.9,49,
8653,87,2026-02-22,7.6,4,2,3,2,5,3,5,154.3,50,
8654,87,2026-02-23,6.7,3,1,0,0,5,3,5,152.1,46,
8655,87,2026-02-24,6.8,3,2,1,1,5,4,5,153.8,48,
8656,87,2026-02-25,7.8,2,3,1,0,5,2,5,154.0,52,
8657,87,2026-02-26,5.7,2,3,1,0,5,1,5,154.4,53,
8658,87,2026-02-27,8.4,3,3,0,1,5,3,4,153.0,45,
8659,87,2026-02-28,6.7,1,3,1,1,5,4,4,152.7,49,
8660,87,2026-03-01,8.2,4,3,1,0,5,3,4,154.5,48,
8661,87,2026-03-02,7.0,3,2,2,1,5,1,5,152.6,50,
8662,87,2026-03-03,6.1,2,2,0,0,5,1,4,150.8,49,
8663,87,2026-03-04,8.3,4,1,1,0,5,2,5,152.9,48,
8664,87,2026-03-05,6.4,1,1,2,0,5,5,5,151.8,46,
8665,87,2026-03-06,6.3,2,1,0,1,5,2,3,155.9,49,
8666,87,2026-03-07,7.2,3,2,1,0,5,4,5,153.3,50,
8667,87,2026-03-08,7.7,3,2,0,1,5,2,5,149.7,51,
8668,87,2026-03-09,7.1,1,3,0,0,5,3,5,153.8,48,
8669,87,2026-03-10,6.8,4,2,3,2,5,2,5,152.3,50,
8670,87,2026-03-11,7.2,3,3,1,0,5,3,4,154.0,50,
8671,87,2026-03-12,6.4,1,4,2,0,5,3,5,152.6,51,
8672,87,2026-03-13,7.1,3,5,0,0,5,3,4,152.5,54,
8673,87,2026-03-14,8.4,3,6,2,1,5,2,5,152.6,53,
8674,87,2026-03-15,6.4,2,5,0,1,5,4,5,153.2,52,
8675,87,2026-03-16,7.7,3,5,1,0,5,3,5,152.6,51,
8676,87,2026-03-17,7.0,1,4,1,1,5,3,5,155.0,49,
8677,87,2026-03-18,7.8,2,3,2,1,5,1,4,154.4,51,
8678,87,2026-03-19,6.7,1,2,1,1,5,3,4,153.3,46,
8679,87,2026-03-20,7.1,2,3,3,1,5,2,5,153.5,51,
8680,87,2026-03-21,7.3,3,4,2,0,5,2,5,153.3,52,
8681,87,2026-03-22,8.1,3,3,1,0,5,1,5,152.0,52,
8682,87,2026-03-23,7.6,4,3,1,2,5,2,3,151.4,50,
8683,87,2026-03-24,6.5,1,4,0,0,5,4,5,153.3,50,
8684,87,2026-03-25,6.9,2,5,1,1,5,5,5,151.4,51,
8685,87,2026-03-26,7.5,2,5,0,0,5,2,5,153.4,51,
8686,87,2026-03-27,7.6,3,6,2,0,5,4,5,153.7,56,
8687,87,2026-03-28,6.9,3,6,1,0,5,4,5,152.1,52,
8688,87,2026-03-29,8.2,4,5,1,0,5,3,5,156.2,52,
8689,87,2026-03-30,7.8,3,5,0,1,5,3,3,152.8,54,
8690,87,2026-03-31,6.9,1,6,1,2,5,3,5,152.2,48,
8691,87,2026-04-01,8.6,3,6,1,2,5,3,5,154.2,51,
8692,87,2026-04-02,6.9,3,7,2,0,5,2,5,151.9,53,
8693,87,2026-04-03,6.7,3,8,3,2,5,3,5,152.7,54,
8694,87,2026-04-04,7.8,4,8,3,2,5,3,5,153.5,54,
8695,87,2026-04-05,7.8,5,8,1,2,5,2,5,151.4,56,
8696,87,2026-04-06,7.4,3,9,2,2,5,3,5,153.6,56,
8697,87,2026-04-07,6.1,2,8,2,1,5,4,5,151.2,55,
8698,87,2026-04-08,7.6,3,8,2,2,5,5,5,154.5,53,
8699,87,2026-04-09,7.7,3,8,2,3,5,3,5,151.6,54,
8700,87,2026-04-10,7.2,3,7,6,2,4,4,4,154.1,56,
8701,88,2026-01-01,8.1,2,4,3,1,5,2,5,152.8,61,
8702,88,2026-01-02,8.1,3,3,1,1,5,3,5,154.4,62,
8703,88,2026-01-03,8.0,3,3,0,1,5,4,5,151.7,61,
8704,88,2026-01-04,6.5,2,3,1,1,5,4,5,151.1,61,
8705,88,2026-01-05,7.4,3,4,1,0,5,2,4,150.5,64,
8706,88,2026-01-06,7.3,2,4,3,0,5,1,3,152.3,63,
8707,88,2026-01-07,7.7,3,5,2,0,5,1,5,154.7,64,
8708,88,2026-01-08,8.2,3,5,2,1,5,2,5,150.8,65,
8709,88,2026-01-09,7.2,2,5,0,1,5,3,5,152.1,65,
8710,88,2026-01-10,7.4,2,6,2,0,5,3,5,154.6,65,
8711,88,2026-01-11,7.3,3,6,1,4,4,3,3,153.1,65,
8712,88,2026-01-12,6.1,1,7,4,1,4,3,3,152.7,68,
8713,88,2026-01-13,8.6,3,8,1,3,5,3,5,152.1,65,
8714,88,2026-01-14,7.8,4,8,1,2,5,2,5,149.7,65,
8715,88,2026-01-15,7.5,3,9,2,1,4,2,5,150.2,68,
8716,88,2026-01-16,8.9,4,8,1,1,5,3,5,150.4,63,
8717,88,2026-01-17,8.5,5,8,4,1,4,2,5,154.2,64,
8718,88,2026-01-18,7.2,3,9,2,1,5,2,5,150.7,66,
8719,88,2026-01-19,7.8,3,8,2,1,4,3,4,153.4,66,
8720,88,2026-01-20,8.3,4,7,2,1,5,3,5,153.6,63,
8721,88,2026-01-21,7.7,2,8,2,3,3,3,3,151.9,64,
8722,88,2026-01-22,8.0,3,7,3,1,5,4,5,150.8,61,
8723,88,2026-01-23,7.2,3,8,2,2,3,2,1,152.2,65,
8724,88,2026-01-24,8.0,4,7,4,0,5,2,5,153.3,67,
8725,88,2026-01-25,7.3,2,7,2,1,5,2,5,152.1,67,
8726,88,2026-01-26,6.7,2,7,2,0,4,1,5,154.5,65,
8727,88,2026-01-27,7.0,1,6,3,1,5,4,5,151.1,65,
8728,88,2026-01-28,8.2,3,6,1,1,5,3,5,153.3,66,
8729,88,2026-01-29,9.1,5,7,1,1,5,3,4,150.3,65,
8730,88,2026-01-30,7.8,3,8,1,2,5,5,5,153.6,66,
8731,88,2026-01-31,6.8,2,7,1,0,4,4,4,152.3,61,
8732,88,2026-02-01,7.7,3,7,5,0,5,4,5,154.2,65,
8733,88,2026-02-02,8.7,3,8,2,2,5,3,5,151.3,65,
8734,88,2026-02-03,7.6,2,7,5,1,5,3,5,154.5,63,
8735,88,2026-02-04,8.7,4,7,2,1,5,3,5,152.0,62,
8736,88,2026-02-05,7.5,3,6,0,2,5,3,3,151.3,63,
8737,88,2026-02-06,7.4,3,6,3,1,5,3,5,150.6,64,
8738,88,2026-02-07,7.3,2,6,3,0,5,2,4,152.9,62,
8739,88,2026-02-08,7.6,3,6,2,1,5,4,5,146.9,64,
8740,88,2026-02-09,7.4,3,5,0,1,4,3,4,152.1,65,
8741,88,2026-02-10,5.3,1,5,3,0,5,3,5,150.9,63,
8742,88,2026-02-11,7.8,2,5,2,0,5,3,5,150.7,63,
8743,88,2026-02-12,8.3,4,5,3,1,5,1,5,154.4,64,
8744,88,2026-02-13,7.7,3,5,0,1,4,3,4,150.7,63,
8745,88,2026-02-14,7.8,4,5,1,0,5,3,4,151.4,63,
8746,88,2026-02-15,7.3,3,5,2,0,5,2,5,151.8,62,
8747,88,2026-02-16,7.5,3,5,1,0,4,3,4,149.8,64,
8748,88,2026-02-17,7.8,2,6,2,1,5,4,4,150.1,63,
8749,88,2026-02-18,9.0,3,6,0,1,5,3,4,151.0,62,
8750,88,2026-02-19,7.8,3,6,1,1,5,2,5,153.0,66,
8751,88,2026-02-20,7.9,4,5,2,0,5,2,5,150.7,64,
8752,88,2026-02-21,8.7,4,5,1,1,5,3,5,153.4,66,
8753,88,2026-02-22,8.7,4,4,2,0,5,3,5,151.9,62,
8754,88,2026-02-23,8.7,4,4,1,0,5,1,5,151.8,65,
8755,88,2026-02-24,7.5,2,5,1,0,5,3,5,152.3,64,
8756,88,2026-02-25,7.2,2,4,0,1,5,3,4,151.0,66,
8757,88,2026-02-26,8.5,5,4,0,1,5,4,5,153.7,62,
8758,88,2026-02-27,7.4,3,3,2,2,5,3,5,151.0,63,
8759,88,2026-02-28,7.6,3,3,0,2,5,2,4,150.4,59,
8760,88,2026-03-01,7.8,3,4,2,0,5,4,5,151.6,65,
8761,88,2026-03-02,6.7,3,4,1,1,5,1,5,151.8,62,
8762,88,2026-03-03,7.0,3,4,1,2,5,3,5,152.6,61,
8763,88,2026-03-04,9.5,5,3,0,0,5,2,5,151.5,59,
8764,88,2026-03-05,7.2,3,3,4,1,5,2,5,152.3,65,
8765,88,2026-03-06,6.6,3,4,3,0,5,2,5,150.7,61,
8766,88,2026-03-07,8.6,4,4,2,2,5,4,5,152.6,60,
8767,88,2026-03-08,8.2,4,4,2,1,5,2,4,151.3,63,
8768,88,2026-03-09,7.0,2,5,2,0,5,4,5,151.6,65,
8769,88,2026-03-10,9.4,4,5,4,3,5,1,5,150.1,64,
8770,88,2026-03-11,6.8,3,6,1,0,5,2,4,151.1,66,
8771,88,2026-03-12,7.9,3,7,2,1,5,3,5,151.0,63,
8772,88,2026-03-13,7.3,2,7,2,0,5,2,5,152.2,67,
8773,88,2026-03-14,8.8,3,8,2,2,4,5,4,150.8,65,
8774,88,2026-03-15,7.9,3,8,2,5,4,3,4,151.0,67,
8775,88,2026-03-16,7.4,2,7,1,1,5,3,5,150.2,67,
8776,88,2026-03-17,7.6,3,7,1,0,5,3,4,151.8,65,
8777,88,2026-03-18,7.3,3,7,2,1,5,3,5,153.4,66,
8778,88,2026-03-19,7.6,3,6,3,3,5,3,5,148.7,64,
8779,88,2026-03-20,7.2,2,5,1,1,5,1,5,154.2,65,
8780,88,2026-03-21,7.1,2,6,5,1,5,4,5,151.9,66,
8781,88,2026-03-22,7.4,2,6,0,0,5,2,5,151.8,66,
8782,88,2026-03-23,7.3,2,6,2,1,3,3,5,151.3,62,
8783,88,2026-03-24,7.7,3,6,3,0,5,3,5,150.9,65,
8784,88,2026-03-25,8.3,3,6,1,0,5,4,5,151.0,64,
8785,88,2026-03-26,7.8,2,5,3,0,5,1,4,153.5,62,
8786,88,2026-03-27,7.6,3,5,1,0,5,2,4,153.3,67,
8787,88,2026-03-28,7.4,3,5,1,0,5,2,5,149.3,63,
8788,88,2026-03-29,8.0,3,6,1,0,4,3,5,149.8,66,
8789,88,2026-03-30,6.0,1,6,1,0,5,2,4,152.7,63,
8790,88,2026-03-31,6.5,1,7,1,1,4,2,4,150.3,65,
8791,88,2026-04-01,8.1,4,7,2,1,5,5,4,150.4,66,
8792,88,2026-04-02,8.5,4,8,2,1,3,1,2,147.9,67,
8793,88,2026-04-03,9.2,4,8,2,3,5,3,5,151.9,64,
8794,88,2026-04-04,7.7,3,9,2,1,5,4,5,150.5,67,
8795,88,2026-04-05,8.6,5,8,1,1,5,3,5,149.8,69,
8796,88,2026-04-06,8.0,4,8,2,2,4,3,4,149.9,65,
8797,88,2026-04-07,8.3,3,8,1,1,5,3,4,151.3,66,
8798,88,2026-04-08,8.2,4,8,3,3,5,2,5,151.3,63,
8799,88,2026-04-09,8.4,4,8,3,2,5,4,5,151.6,69,
8800,88,2026-04-10,6.6,3,8,2,2,5,4,5,153.2,64,
8801,89,2026-01-01,6.5,1,4,1,2,5,3,5,209.7,53,
8802,89,2026-01-02,6.8,3,5,0,0,5,2,5,209.9,53,
8803,89,2026-01-03,6.4,3,5,0,1,5,3,3,209.2,53,
8804,89,2026-01-04,7.7,4,5,0,0,5,3,5,213.7,54,
8805,89,2026-01-05,7.5,2,5,1,1,5,2,4,212.3,52,
8806,89,2026-01-06,7.2,3,5,3,0,4,2,5,210.6,50,
8807,89,2026-01-07,7.2,2,6,0,1,5,3,5,209.2,52,
8808,89,2026-01-08,6.6,3,6,1,1,5,4,5,210.9,55,
8809,89,2026-01-09,7.1,3,5,0,0,5,3,3,210.9,49,
8810,89,2026-01-10,7.2,3,6,1,0,3,3,3,209.0,52,
8811,89,2026-01-11,7.4,3,6,1,0,4,4,3,211.9,53,
8812,89,2026-01-12,8.7,5,6,2,1,5,2,5,212.3,49,
8813,89,2026-01-13,6.9,3,5,2,2,5,3,5,212.8,54,
8814,89,2026-01-14,7.4,3,4,2,0,5,3,4,211.2,54,
8815,89,2026-01-15,6.9,2,4,1,1,5,2,5,209.8,53,
8816,89,2026-01-16,6.2,1,4,2,0,5,2,5,210.1,50,
8817,89,2026-01-17,6.5,2,5,1,1,5,3,5,209.2,56,
8818,89,2026-01-18,7.9,3,4,1,0,5,4,5,209.7,50,
8819,89,2026-01-19,6.4,2,3,1,1,5,3,5,210.1,54,
8820,89,2026-01-20,6.4,2,2,0,0,5,3,5,212.8,50,
8821,89,2026-01-21,6.5,1,3,1,0,5,3,5,210.0,51,
8822,89,2026-01-22,6.0,1,2,4,0,5,4,4,210.1,49,
8823,89,2026-01-23,8.0,2,2,0,3,5,4,5,210.8,50,
8824,89,2026-01-24,6.4,2,1,1,1,5,2,5,211.5,50,
8825,89,2026-01-25,6.4,2,1,2,0,5,2,4,209.9,51,
8826,89,2026-01-26,6.7,2,1,0,1,5,4,4,214.3,49,
8827,89,2026-01-27,5.7,1,2,1,2,5,2,5,209.3,50,
8828,89,2026-01-28,6.5,2,1,0,0,5,3,5,208.4,48,
8829,89,2026-01-29,6.5,2,1,0,1,5,4,5,213.2,49,
8830,89,2026-01-30,5.9,1,1,2,1,5,4,4,210.5,50,
8831,89,2026-01-31,7.3,2,2,2,0,5,4,5,211.4,49,
8832,89,2026-02-01,6.3,1,1,1,1,5,3,5,210.6,47,
8833,89,2026-02-02,6.3,2,2,1,0,5,3,5,211.3,48,
8834,89,2026-02-03,6.8,2,3,3,0,5,2,5,209.8,51,
8835,89,2026-02-04,6.4,1,4,2,2,5,2,5,208.7,56,
8836,89,2026-02-05,6.6,3,3,2,0,5,1,5,212.1,50,
8837,89,2026-02-06,7.0,2,3,0,1,5,3,5,212.7,49,
8838,89,2026-02-07,5.9,1,4,0,0,5,3,5,211.6,52,
8839,89,2026-02-08,6.9,2,4,1,1,5,3,4,210.9,51,
8840,89,2026-02-09,5.3,1,3,0,2,4,2,3,210.4,49,
8841,89,2026-02-10,6.3,2,3,1,0,5,2,5,209.6,51,
8842,89,2026-02-11,7.2,2,2,3,1,5,5,5,208.3,51,
8843,89,2026-02-12,6.4,1,2,1,0,5,4,4,209.6,54,
8844,89,2026-02-13,5.8,1,2,1,1,5,2,5,211.4,47,
8845,89,2026-02-14,6.2,3,2,2,2,5,3,5,210.7,49,
8846,89,2026-02-15,7.7,3,3,3,1,5,2,5,212.3,49,
8847,89,2026-02-16,6.4,2,3,3,0,5,2,5,208.9,51,
8848,89,2026-02-17,7.3,4,2,3,1,5,3,5,210.3,48,
8849,89,2026-02-18,6.7,2,1,1,1,5,3,5,209.7,47,
8850,89,2026-02-19,7.3,3,2,1,1,5,2,5,210.9,47,
8851,89,2026-02-20,6.9,2,2,3,2,5,4,4,208.5,53,
8852,89,2026-02-21,6.4,2,3,1,5,5,1,5,211.4,50,
8853,89,2026-02-22,6.1,1,3,1,1,5,5,5,211.2,50,
8854,89,2026-02-23,5.5,1,3,2,1,5,2,4,211.0,48,
8855,89,2026-02-24,8.4,5,2,1,0,5,2,5,209.9,48,
8856,89,2026-02-25,7.3,1,2,1,2,5,3,4,205.9,51,
8857,89,2026-02-26,8.7,4,3,3,0,5,4,4,209.8,53,
8858,89,2026-02-27,5.8,1,3,0,0,5,4,5,211.3,53,
8859,89,2026-02-28,7.4,3,3,0,2,5,3,5,208.7,51,
8860,89,2026-03-01,5.9,2,3,2,1,5,3,5,211.3,52,
8861,89,2026-03-02,5.7,1,2,0,0,5,2,4,208.9,52,
8862,89,2026-03-03,6.4,1,1,3,1,5,2,4,209.5,52,
8863,89,2026-03-04,7.4,3,1,2,0,5,4,5,210.9,49,
8864,89,2026-03-05,7.1,2,1,2,2,5,3,3,208.1,49,
8865,89,2026-03-06,6.6,1,1,1,1,5,5,5,210.3,50,
8866,89,2026-03-07,8.0,2,1,1,1,5,4,5,210.9,52,
8867,89,2026-03-08,6.4,1,1,2,1,5,3,5,209.8,45,
8868,89,2026-03-09,6.4,2,1,2,2,5,3,5,209.1,51,
8869,89,2026-03-10,7.3,3,2,1,0,5,3,5,210.7,51,
8870,89,2026-03-11,7.0,2,2,2,1,5,2,5,208.4,52,
8871,89,2026-03-12,6.4,4,1,0,1,5,4,5,207.4,51,
8872,89,2026-03-13,5.1,1,2,0,1,5,4,4,208.2,48,
8873,89,2026-03-14,7.6,4,3,1,0,5,2,4,209.4,47,
8874,89,2026-03-15,6.3,2,2,2,1,5,3,5,208.8,50,
8875,89,2026-03-16,6.0,2,2,2,1,5,2,5,209.3,48,
8876,89,2026-03-17,7.9,4,2,0,0,5,3,5,207.1,52,
8877,89,2026-03-18,6.5,2,1,0,0,5,2,4,209.3,50,
8878,89,2026-03-19,7.8,3,1,3,0,5,3,5,207.2,49,
8879,89,2026-03-20,6.2,1,1,4,1,5,1,5,210.9,50,
8880,89,2026-03-21,8.9,5,2,1,1,5,5,5,207.7,49,
8881,89,2026-03-22,7.3,2,2,1,0,5,2,5,211.0,51,
8882,89,2026-03-23,6.7,2,2,1,0,5,4,5,207.6,50,
8883,89,2026-03-24,7.1,2,1,1,1,5,5,5,207.9,49,
8884,89,2026-03-25,6.7,3,1,2,1,5,2,4,208.2,48,
8885,89,2026-03-26,6.8,1,1,3,2,5,2,5,207.9,45,
8886,89,2026-03-27,8.2,2,2,1,0,5,1,5,209.2,48,
8887,89,2026-03-28,7.0,4,3,1,2,5,2,5,210.4,47,
8888,89,2026-03-29,6.5,2,4,2,1,5,2,5,208.4,49,
8889,89,2026-03-30,5.2,1,4,0,2,4,5,3,206.2,53,
8890,89,2026-03-31,8.5,4,4,2,0,5,2,5,208.7,51,
8891,89,2026-04-01,7.1,3,5,1,0,5,3,5,206.9,49,
8892,89,2026-04-02,7.2,3,6,1,1,5,5,5,211.2,54,
8893,89,2026-04-03,5.6,2,6,1,1,5,4,5,209.9,54,
8894,89,2026-04-04,6.0,1,6,0,1,4,3,3,209.3,54,
8895,89,2026-04-05,5.8,1,6,2,0,4,3,2,210.0,54,
8896,89,2026-04-06,5.7,1,5,2,2,5,2,4,209.6,52,
8897,89,2026-04-07,5.0,2,5,0,1,5,2,3,206.6,53,
8898,89,2026-04-08,7.0,2,4,1,1,5,4,5,212.2,54,
8899,89,2026-04-09,5.6,1,5,3,0,5,1,5,207.5,53,
8900,89,2026-04-10,5.5,1,5,0,1,5,5,5,209.4,51,
8901,90,2026-01-01,7.1,2,4,1,0,5,3,5,177.2,54,
8902,90,2026-01-02,8.2,3,5,1,2,5,3,4,176.8,53,
8903,90,2026-01-03,7.5,3,6,2,0,5,5,4,177.5,56,
8904,90,2026-01-04,9.4,5,7,1,1,5,2,5,178.8,53,
8905,90,2026-01-05,7.4,3,7,1,2,5,2,5,176.6,54,
8906,90,2026-01-06,7.2,3,7,2,0,5,3,5,176.9,54,
8907,90,2026-01-07,9.3,3,7,1,0,4,3,4,176.6,51,
8908,90,2026-01-08,8.5,4,8,2,2,4,3,3,178.1,54,
8909,90,2026-01-09,8.1,2,8,3,2,5,4,5,176.2,56,
8910,90,2026-01-10,8.4,2,8,3,3,4,2,3,177.2,55,
8911,90,2026-01-11,7.3,2,8,3,3,4,4,4,176.1,55,
8912,90,2026-01-12,8.2,4,8,4,3,4,4,5,177.3,56,
8913,90,2026-01-13,7.8,4,7,1,0,5,4,5,178.4,54,
8914,90,2026-01-14,7.5,3,7,2,0,5,3,4,175.7,56,
8915,90,2026-01-15,8.0,2,7,1,3,4,2,4,174.3,55,
8916,90,2026-01-16,8.6,4,8,3,3,5,3,4,178.2,56,
8917,90,2026-01-17,8.1,2,8,2,2,5,4,5,177.4,58,
8918,90,2026-01-18,8.6,3,8,1,2,5,2,5,177.2,57,
8919,90,2026-01-19,8.4,2,8,2,1,5,2,5,176.7,51,
8920,90,2026-01-20,7.2,2,9,2,2,5,3,5,176.7,54,
8921,90,2026-01-21,9.3,5,10,2,2,5,5,5,177.2,57,
8922,90,2026-01-22,7.7,3,10,2,2,4,4,4,174.6,58,
8923,90,2026-01-23,7.4,2,10,3,2,3,4,3,177.4,57,
8924,90,2026-01-24,8.1,2,9,2,1,5,4,5,176.4,56,
8925,90,2026-01-25,7.7,3,9,1,2,5,2,4,175.6,57,
8926,90,2026-01-26,7.7,3,8,2,1,5,4,5,178.0,57,
8927,90,2026-01-27,7.6,3,8,2,1,5,3,5,177.2,54,
8928,90,2026-01-28,7.1,3,9,3,2,5,2,4,175.9,57,
8929,90,2026-01-29,8.5,3,8,3,1,5,2,5,175.4,57,
8930,90,2026-01-30,7.6,3,9,1,1,4,5,4,175.6,54,
8931,90,2026-01-31,8.2,3,9,2,2,5,2,5,179.0,56,
8932,90,2026-02-01,7.8,2,8,1,2,5,3,4,176.5,55,
8933,90,2026-02-02,7.4,2,8,3,1,5,4,5,175.3,55,
8934,90,2026-02-03,8.5,4,8,1,2,5,3,4,176.7,57,
8935,90,2026-02-04,7.7,3,7,1,0,5,3,5,175.4,55,
8936,90,2026-02-05,8.4,4,6,1,1,5,4,5,176.7,55,
8937,90,2026-02-06,8.7,4,7,2,1,4,4,5,178.7,53,
8938,90,2026-02-07,8.6,3,7,2,2,5,3,5,176.5,52,
8939,90,2026-02-08,9.1,4,8,3,3,5,3,5,177.1,54,
8940,90,2026-02-09,8.3,4,8,1,1,3,2,2,176.1,59,
8941,90,2026-02-10,7.2,3,9,1,1,5,3,5,177.5,56,
8942,90,2026-02-11,7.0,2,9,2,1,5,4,4,177.4,60,
8943,90,2026-02-12,7.4,4,9,1,3,5,2,4,176.9,60,
8944,90,2026-02-13,7.7,2,8,4,3,5,2,5,176.8,57,
8945,90,2026-02-14,9.5,4,9,1,2,5,1,5,176.9,55,
8946,90,2026-02-15,7.7,4,9,3,2,5,2,4,176.1,54,
8947,90,2026-02-16,8.5,4,9,5,1,5,1,5,178.0,58,
8948,90,2026-02-17,8.5,4,9,1,3,5,4,5,176.0,58,
8949,90,2026-02-18,7.6,2,9,1,1,5,3,4,174.4,53,
8950,90,2026-02-19,6.9,3,10,2,1,5,2,5,177.9,56,
8951,90,2026-02-20,8.1,3,9,4,1,5,4,5,177.2,60,
8952,90,2026-02-21,8.4,4,9,2,1,4,2,4,178.4,55,
8953,90,2026-02-22,7.6,3,9,2,1,4,3,3,178.4,57,
8954,90,2026-02-23,8.7,4,10,2,3,5,2,5,177.5,57,
8955,90,2026-02-24,6.8,2,9,1,2,5,3,5,176.0,55,
8956,90,2026-02-25,7.4,2,10,2,4,5,2,5,177.5,56,
8957,90,2026-02-26,7.3,3,9,3,1,5,4,5,175.5,58,
8958,90,2026-02-27,8.1,4,10,3,1,5,2,5,175.5,59,
8959,90,2026-02-28,6.9,2,9,1,2,5,2,5,178.7,57,
8960,90,2026-03-01,8.9,4,10,2,2,4,1,4,175.6,54,
8961,90,2026-03-02,8.1,3,9,2,2,5,1,5,176.4,56,
8962,90,2026-03-03,7.8,3,9,3,1,3,5,3,176.8,57,
8963,90,2026-03-04,8.7,3,10,2,2,4,2,3,175.3,59,
8964,90,2026-03-05,8.8,4,10,2,2,5,2,4,178.0,56,
8965,90,2026-03-06,8.7,4,9,2,2,4,3,5,177.0,55,
8966,90,2026-03-07,7.1,2,8,2,1,4,4,3,177.5,54,
8967,90,2026-03-08,7.7,3,8,1,1,5,3,5,178.5,55,
8968,90,2026-03-09,8.2,3,8,1,1,5,2,4,175.6,56,
8969,90,2026-03-10,7.0,1,8,4,1,3,2,4,176.2,58,
8970,90,2026-03-11,8.4,4,9,2,1,5,2,5,175.3,58,
8971,90,2026-03-12,6.8,3,8,2,1,4,3,4,176.9,56,
8972,90,2026-03-13,8.5,4,8,1,4,5,3,4,177.0,54,
8973,90,2026-03-14,8.8,4,8,5,2,5,2,4,178.4,54,
8974,90,2026-03-15,7.7,3,8,1,1,5,4,4,175.2,59,
8975,90,2026-03-16,7.2,1,8,2,2,4,5,4,174.3,59,
8976,90,2026-03-17,7.1,2,8,2,2,5,3,5,176.8,56,
8977,90,2026-03-18,9.1,3,8,2,1,5,4,5,176.8,58,
8978,90,2026-03-19,7.8,2,7,1,0,4,3,4,176.1,55,
8979,90,2026-03-20,7.0,2,6,2,1,5,3,5,178.2,56,
8980,90,2026-03-21,9.5,4,7,1,0,5,1,5,175.2,51,
8981,90,2026-03-22,8.0,3,7,2,2,5,3,5,177.4,57,
8982,90,2026-03-23,7.4,2,6,2,0,5,2,5,173.7,56,
8983,90,2026-03-24,8.2,4,5,1,0,5,3,5,177.2,52,
8984,90,2026-03-25,6.4,2,6,1,0,5,3,5,176.9,52,
8985,90,2026-03-26,8.5,4,7,3,1,5,3,4,173.4,54,
8986,90,2026-03-27,7.1,2,7,3,2,5,2,4,177.3,53,
8987,90,2026-03-28,8.8,4,7,1,0,5,4,5,174.3,55,
8988,90,2026-03-29,9.5,5,7,1,1,5,4,4,175.0,56,
8989,90,2026-03-30,8.7,4,7,2,1,5,3,5,178.9,55,
8990,90,2026-03-31,7.1,3,6,3,1,5,2,4,176.0,54,
8991,90,2026-04-01,8.0,3,5,1,1,5,1,5,175.3,55,
8992,90,2026-04-02,8.6,4,6,2,1,5,2,4,175.7,54,
8993,90,2026-04-03,7.8,3,6,1,0,5,4,5,177.1,52,
8994,90,2026-04-04,8.1,3,7,3,1,5,4,5,177.1,55,
8995,90,2026-04-05,8.2,3,8,4,3,5,4,5,174.9,52,
8996,90,2026-04-06,7.9,3,9,2,3,4,3,5,175.9,58,
8997,90,2026-04-07,8.6,3,8,1,3,5,3,5,173.4,55,
8998,90,2026-04-08,6.5,2,8,1,1,5,4,5,176.1,56,
8999,90,2026-04-09,7.6,3,8,3,1,5,1,5,175.8,54,
9000,90,2026-04-10,7.7,3,9,4,1,2,3,3,174.2,55,
9001,91,2026-01-01,6.9,2,4,4,2,5,3,4,201.7,59,
9002,91,2026-01-02,7.0,3,3,0,1,5,3,4,199.7,55,
9003,91,2026-01-03,8.2,2,3,1,0,4,4,3,198.7,59,
9004,91,2026-01-04,8.0,4,4,0,2,5,3,4,198.9,62,
9005,91,2026-01-05,7.4,3,5,1,1,5,3,5,200.0,58,
9006,91,2026-01-06,7.0,3,6,2,0,5,3,5,201.3,60,
9007,91,2026-01-07,8.3,4,6,0,0,5,4,5,201.9,58,
9008,91,2026-01-08,8.0,3,6,2,0,4,3,5,203.0,59,
9009,91,2026-01-09,7.3,3,6,1,1,5,1,5,198.8,64,
9010,91,2026-01-10,7.4,3,6,1,0,5,1,4,200.1,60,
9011,91,2026-01-11,8.1,4,7,1,1,5,4,5,201.6,61,
9012,91,2026-01-12,7.6,2,8,1,1,5,3,4,201.5,58,
9013,91,2026-01-13,6.0,1,8,2,1,4,3,5,199.3,64,
9014,91,2026-01-14,6.9,4,9,1,2,5,4,5,201.9,62,
9015,91,2026-01-15,7.0,3,10,3,2,3,2,2,197.1,62,
9016,91,2026-01-16,7.5,3,10,2,2,2,3,2,198.2,64,
9017,91,2026-01-17,7.7,4,10,1,2,4,2,4,196.6,64,
9018,91,2026-01-18,7.7,4,10,1,2,4,1,4,198.2,64,
9019,91,2026-01-19,7.3,4,10,1,4,5,2,5,197.4,65,
9020,91,2026-01-20,8.9,5,10,2,2,5,2,5,201.8,60,
9021,91,2026-01-21,7.6,2,10,1,2,4,3,3,200.0,60,
9022,91,2026-01-22,7.9,3,10,2,1,4,2,4,201.7,62,
9023,91,2026-01-23,7.5,3,10,1,2,5,1,5,198.1,65,
9024,91,2026-01-24,7.4,3,10,1,3,4,2,5,200.6,65,
9025,91,2026-01-25,7.4,3,10,3,2,5,3,4,197.0,63,
9026,91,2026-01-26,7.9,3,9,1,1,5,4,5,200.0,60,
9027,91,2026-01-27,7.1,3,10,1,1,4,3,5,199.7,62,
9028,91,2026-01-28,8.1,3,10,3,1,3,2,3,197.2,62,
9029,91,2026-01-29,8.1,4,10,1,1,5,3,5,200.9,61,
9030,91,2026-01-30,7.0,1,9,2,1,5,2,5,198.1,65,
9031,91,2026-01-31,8.0,3,9,1,3,5,3,5,199.5,63,
9032,91,2026-02-01,7.4,2,8,1,1,4,2,4,199.2,65,
9033,91,2026-02-02,6.9,2,7,3,1,5,3,5,198.6,59,
9034,91,2026-02-03,6.8,2,7,2,1,5,4,5,197.2,63,
9035,91,2026-02-04,6.0,2,7,5,1,5,3,5,198.0,57,
9036,91,2026-02-05,9.1,5,7,3,0,5,3,4,197.5,59,
9037,91,2026-02-06,6.7,3,8,1,2,5,2,5,198.6,60,
9038,91,2026-02-07,7.7,4,8,2,3,4,2,4,199.5,63,
9039,91,2026-02-08,7.7,3,8,1,1,5,4,5,200.2,65,
9040,91,2026-02-09,7.8,4,8,1,1,5,2,5,199.0,59,
9041,91,2026-02-10,7.2,2,9,3,3,4,4,3,202.4,62,
9042,91,2026-02-11,7.0,4,9,2,1,5,4,5,199.8,63,
9043,91,2026-02-12,7.6,2,8,3,1,4,3,4,199.6,64,
9044,91,2026-02-13,7.3,2,9,4,2,5,2,4,199.2,63,
9045,91,2026-02-14,7.7,3,9,2,2,5,4,4,202.5,60,
9046,91,2026-02-15,8.3,3,9,2,1,4,1,4,199.1,63,
9047,91,2026-02-16,7.1,2,10,2,1,4,2,3,198.6,64,
9048,91,2026-02-17,6.5,2,10,3,3,5,3,5,197.8,60,
9049,91,2026-02-18,7.5,3,10,1,3,3,4,4,198.9,61,
9050,91,2026-02-19,7.6,2,10,2,1,5,3,5,199.3,65,
9051,91,2026-02-20,7.0,1,9,3,1,3,2,4,200.9,65,
9052,91,2026-02-21,7.3,3,9,4,1,5,1,4,201.8,62,
9053,91,2026-02-22,7.2,2,9,2,2,5,2,5,197.3,60,
9054,91,2026-02-23,7.3,2,9,1,2,5,3,5,200.6,62,
9055,91,2026-02-24,7.8,3,8,1,3,5,4,5,198.9,61,
9056,91,2026-02-25,6.6,3,8,2,2,3,4,3,200.8,66,
9057,91,2026-02-26,6.0,2,8,2,3,4,3,3,202.0,62,
9058,91,2026-02-27,7.4,2,8,4,1,4,1,5,201.5,65,
9059,91,2026-02-28,8.5,4,8,2,2,5,3,3,202.9,62,
9060,91,2026-03-01,8.0,3,8,3,3,4,5,5,197.4,61,
9061,91,2026-03-02,7.7,3,9,1,2,5,3,4,201.4,59,
9062,91,2026-03-03,7.5,2,10,2,2,5,4,5,201.4,61,
9063,91,2026-03-04,7.8,1,10,1,2,4,2,5,199.1,64,
9064,91,2026-03-05,7.0,3,10,1,2,5,1,5,198.1,65,
9065,91,2026-03-06,7.8,4,9,1,1,5,2,5,199.7,61,
9066,91,2026-03-07,8.5,4,9,1,1,5,3,5,198.2,63,
9067,91,2026-03-08,7.0,3,9,2,2,5,4,5,199.2,65,
9068,91,2026-03-09,7.3,3,10,3,1,5,2,5,201.3,64,
9069,91,2026-03-10,7.2,3,10,3,2,5,2,5,199.2,65,
9070,91,2026-03-11,8.2,3,9,3,1,5,2,4,198.7,62,
9071,91,2026-03-12,6.3,2,9,2,2,3,4,3,200.1,62,
9072,91,2026-03-13,5.8,1,9,3,2,4,3,4,198.6,62,
9073,91,2026-03-14,6.9,2,9,6,1,3,4,3,200.4,59,
9074,91,2026-03-15,5.6,1,10,2,1,4,1,4,197.6,63,
9075,91,2026-03-16,8.6,3,10,1,1,5,3,5,198.7,63,
9076,91,2026-03-17,6.5,3,10,1,1,4,3,1,199.3,63,
9077,91,2026-03-18,7.2,2,10,2,2,4,5,3,200.3,65,
9078,91,2026-03-19,7.8,2,10,1,4,4,2,4,201.1,65,
9079,91,2026-03-20,6.6,2,10,1,2,4,3,5,201.9,63,
9080,91,2026-03-21,8.7,4,9,2,2,5,3,5,198.2,63,
9081,91,2026-03-22,8.7,4,9,2,1,4,3,5,198.7,61,
9082,91,2026-03-23,8.2,3,10,1,1,5,4,4,201.4,61,
9083,91,2026-03-24,7.5,2,10,3,1,4,3,3,200.6,65,
9084,91,2026-03-25,6.9,3,10,1,3,5,4,5,199.0,61,
9085,91,2026-03-26,7.6,3,10,1,1,4,3,4,199.5,63,
9086,91,2026-03-27,6.3,2,10,2,1,4,3,4,200.7,63,
9087,91,2026-03-28,8.4,3,10,2,1,3,3,3,199.1,65,
9088,91,2026-03-29,6.0,2,9,1,2,5,5,5,198.5,62,
9089,91,2026-03-30,7.3,2,10,2,1,3,2,3,201.0,63,
9090,91,2026-03-31,8.6,5,10,1,1,5,4,5,198.9,66,
9091,91,2026-04-01,6.3,2,10,2,2,4,3,3,200.9,63,
9092,91,2026-04-02,7.1,2,10,2,2,4,2,4,197.5,66,
9093,91,2026-04-03,6.0,2,9,3,1,4,1,3,198.5,58,
9094,91,2026-04-04,7.8,3,9,3,3,4,4,4,198.0,62,
9095,91,2026-04-05,8.4,3,9,1,3,3,4,3,198.4,61,
9096,91,2026-04-06,7.8,3,8,2,1,4,4,4,198.0,62,
9097,91,2026-04-07,8.1,3,7,1,2,5,2,5,197.5,61,
9098,91,2026-04-08,8.4,4,7,1,0,5,3,5,195.2,56,
9099,91,2026-04-09,7.7,1,6,2,0,3,2,3,198.2,63,
9100,91,2026-04-10,7.8,2,5,0,3,5,3,5,198.2,60,
9101,92,2026-01-01,8.8,4,3,0,2,5,3,4,186.5,59,
9102,92,2026-01-02,8.6,4,3,1,0,5,2,5,184.7,55,
9103,92,2026-01-03,8.0,3,3,1,0,5,2,5,184.2,58,
9104,92,2026-01-04,8.0,3,3,1,3,5,3,5,184.6,59,
9105,92,2026-01-05,8.2,4,3,1,1,5,3,5,185.0,58,
9106,92,2026-01-06,8.8,3,2,2,2,5,3,4,183.6,57,
9107,92,2026-01-07,7.9,4,2,0,1,5,3,5,185.7,56,
9108,92,2026-01-08,7.6,3,2,1,0,5,4,5,185.6,55,
9109,92,2026-01-09,8.1,3,2,0,0,5,1,5,181.8,57,
9110,92,2026-01-10,9.2,4,2,2,0,5,5,5,186.6,59,
9111,92,2026-01-11,8.3,4,3,1,2,5,1,5,185.2,56,
9112,92,2026-01-12,7.0,3,4,0,0,5,4,5,186.3,57,
9113,92,2026-01-13,8.8,3,4,0,1,5,4,5,189.2,56,
9114,92,2026-01-14,7.9,3,4,1,0,5,4,4,187.2,59,
9115,92,2026-01-15,8.5,3,3,3,1,5,3,5,184.0,56,
9116,92,2026-01-16,7.0,2,3,1,0,5,4,3,182.9,58,
9117,92,2026-01-17,9.0,5,4,2,1,5,4,5,185.2,63,
9118,92,2026-01-18,9.4,3,4,1,1,5,2,5,185.8,57,
9119,92,2026-01-19,7.1,4,4,1,0,5,4,5,184.2,55,
9120,92,2026-01-20,8.1,4,4,2,0,5,3,4,185.2,57,
9121,92,2026-01-21,8.6,4,4,2,0,5,4,4,184.7,60,
9122,92,2026-01-22,8.2,3,3,0,0,5,4,5,186.3,58,
9123,92,2026-01-23,8.4,3,4,2,1,5,3,5,181.8,58,
9124,92,2026-01-24,8.5,4,5,0,1,5,2,4,184.5,60,
9125,92,2026-01-25,8.1,4,5,0,0,5,4,3,186.8,63,
9126,92,2026-01-26,8.8,3,5,2,0,5,3,5,182.6,59,
9127,92,2026-01-27,7.0,3,6,3,0,5,2,5,183.0,60,
9128,92,2026-01-28,8.4,4,7,2,2,5,2,5,182.4,59,
9129,92,2026-01-29,8.5,3,7,1,0,5,2,4,183.7,62,
9130,92,2026-01-30,9.5,5,7,2,0,5,3,5,182.5,60,
9131,92,2026-01-31,8.4,3,7,2,1,5,2,5,182.7,63,
9132,92,2026-02-01,9.5,5,7,2,0,5,3,5,184.6,60,
9133,92,2026-02-02,7.5,2,7,2,0,5,4,4,184.7,63,
9134,92,2026-02-03,8.8,5,6,2,3,5,2,4,185.2,62,
9135,92,2026-02-04,7.1,2,6,2,0,5,1,4,184.6,56,
9136,92,2026-02-05,7.5,3,6,0,0,5,3,5,186.8,57,
9137,92,2026-02-06,9.0,4,6,3,1,5,3,5,188.2,60,
9138,92,2026-02-07,8.5,4,6,1,1,5,4,4,185.8,58,
9139,92,2026-02-08,9.3,4,6,2,0,5,4,4,185.1,57,
9140,92,2026-02-09,7.8,3,6,0,1,5,3,5,185.1,59,
9141,92,2026-02-10,9.1,5,6,2,1,5,2,5,183.1,59,
9142,92,2026-02-11,8.3,4,7,3,0,5,4,4,186.2,63,
9143,92,2026-02-12,7.5,3,7,3,0,5,3,4,184.4,65,
9144,92,2026-02-13,7.5,3,7,2,0,5,4,5,185.2,60,
9145,92,2026-02-14,9.4,4,8,1,2,5,2,5,182.0,60,
9146,92,2026-02-15,8.1,3,9,4,1,4,3,5,182.2,60,
9147,92,2026-02-16,8.9,4,8,2,2,5,2,5,182.7,63,
9148,92,2026-02-17,8.6,3,8,2,2,5,3,4,182.3,59,
9149,92,2026-02-18,9.5,4,7,2,0,5,4,5,182.7,59,
9150,92,2026-02-19,7.8,3,8,5,1,5,2,5,183.5,58,
9151,92,2026-02-20,8.1,3,8,2,2,5,2,5,188.0,64,
9152,92,2026-02-21,8.9,5,8,2,1,5,4,5,186.4,59,
9153,92,2026-02-22,8.7,4,9,2,1,4,5,3,185.8,61,
9154,92,2026-02-23,8.0,3,9,1,6,5,2,4,182.9,61,
9155,92,2026-02-24,8.7,4,10,2,3,5,3,5,185.3,57,
9156,92,2026-02-25,8.8,3,10,1,2,4,2,4,186.3,62,
9157,92,2026-02-26,8.7,4,10,1,1,3,3,3,183.4,60,
9158,92,2026-02-27,8.1,3,9,1,2,5,3,5,184.4,65,
9159,92,2026-02-28,7.9,2,8,2,1,5,4,4,184.9,59,
9160,92,2026-03-01,8.2,3,7,2,0,5,4,5,183.5,64,
9161,92,2026-03-02,8.3,2,7,1,0,5,3,4,184.8,60,
9162,92,2026-03-03,7.3,4,8,1,2,5,3,5,184.4,64,
9163,92,2026-03-04,8.1,4,8,3,1,5,3,4,185.6,59,
9164,92,2026-03-05,8.1,3,8,1,1,5,4,5,182.0,59,
9165,92,2026-03-06,7.7,3,8,2,2,4,5,4,180.7,62,
9166,92,2026-03-07,7.9,4,9,1,2,5,3,5,182.9,62,
9167,92,2026-03-08,9.3,4,9,1,1,5,3,5,185.8,62,
9168,92,2026-03-09,8.9,4,10,1,2,5,5,5,183.1,63,
9169,92,2026-03-10,7.9,4,9,2,2,5,2,5,183.6,62,
9170,92,2026-03-11,7.9,3,9,3,3,4,2,3,183.1,62,
9171,92,2026-03-12,9.4,3,10,2,2,3,3,4,184.2,60,
9172,92,2026-03-13,9.5,3,10,1,2,4,3,4,182.4,65,
9173,92,2026-03-14,7.8,3,10,3,2,3,3,3,182.7,62,
9174,92,2026-03-15,9.5,5,10,3,1,5,3,4,183.8,63,
9175,92,2026-03-16,9.0,5,10,1,2,5,2,5,185.0,60,
9176,92,2026-03-17,9.0,3,10,3,2,5,2,5,182.3,62,
9177,92,2026-03-18,8.8,3,10,2,2,4,4,3,184.3,63,
9178,92,2026-03-19,8.1,3,10,3,2,5,1,5,183.5,64,
9179,92,2026-03-20,7.6,3,10,1,1,5,2,5,186.2,62,
9180,92,2026-03-21,9.0,4,9,4,1,5,4,5,181.9,59,
9181,92,2026-03-22,7.8,4,10,1,1,5,2,5,182.6,62,
9182,92,2026-03-23,8.3,3,10,1,1,3,2,3,181.4,64,
9183,92,2026-03-24,8.6,4,10,2,1,5,3,5,184.1,63,
9184,92,2026-03-25,9.0,4,10,3,3,5,3,3,181.7,63,
9185,92,2026-03-26,7.4,2,10,3,4,4,3,3,181.6,63,
9186,92,2026-03-27,7.6,4,10,1,1,4,4,4,183.0,63,
9187,92,2026-03-28,9.1,4,9,2,1,5,3,5,183.9,63,
9188,92,2026-03-29,9.1,5,10,5,1,5,4,5,182.1,61,
9189,92,2026-03-30,7.6,4,9,1,2,4,4,4,184.3,62,
9190,92,2026-03-31,8.7,3,10,1,1,5,4,5,183.3,61,
9191,92,2026-04-01,7.7,3,9,1,3,4,4,3,182.3,62,
9192,92,2026-04-02,9.5,4,9,1,1,5,4,5,184.0,61,
9193,92,2026-04-03,6.9,2,9,2,2,4,3,3,185.0,63,
9194,92,2026-04-04,9.5,5,9,1,1,5,3,5,185.7,65,
9195,92,2026-04-05,8.2,3,8,2,3,5,2,5,181.6,62,
9196,92,2026-04-06,7.6,3,8,3,1,5,3,5,184.2,64,
9197,92,2026-04-07,8.4,3,7,4,0,5,3,5,184.4,60,
9198,92,2026-04-08,9.5,5,8,4,1,5,3,5,182.0,61,
9199,92,2026-04-09,8.7,5,7,3,0,5,3,5,184.0,62,
9200,92,2026-04-10,8.4,4,7,2,0,5,4,5,183.2,64,
9201,93,2026-01-01,7.4,4,4,0,1,5,4,5,176.8,49,
9202,93,2026-01-02,8.1,3,4,2,2,5,3,5,176.8,45,
9203,93,2026-01-03,8.7,5,5,1,1,5,2,5,176.5,51,
9204,93,2026-01-04,7.7,3,5,1,3,5,1,4,180.4,49,
9205,93,2026-01-05,8.7,3,5,2,1,5,3,5,173.8,48,
9206,93,2026-01-06,9.1,4,5,1,0,5,3,5,179.4,48,
9207,93,2026-01-07,7.9,3,5,0,1,5,1,5,174.6,50,
9208,93,2026-01-08,7.4,3,5,3,0,5,4,5,174.4,48,
9209,93,2026-01-09,7.5,3,6,0,1,5,5,5,178.4,48,
9210,93,2026-01-10,7.8,3,6,2,0,5,1,4,177.4,49,
9211,93,2026-01-11,6.7,2,6,2,1,5,2,5,176.8,52,
9212,93,2026-01-12,8.4,4,5,3,1,5,4,4,173.6,50,
9213,93,2026-01-13,6.2,2,5,1,0,5,4,5,177.5,47,
9214,93,2026-01-14,6.7,1,4,1,1,5,1,4,174.8,53,
9215,93,2026-01-15,6.9,2,4,1,0,5,2,5,178.9,49,
9216,93,2026-01-16,7.3,2,4,1,2,5,3,5,174.0,45,
9217,93,2026-01-17,7.4,4,3,0,2,5,4,5,175.5,48,
9218,93,2026-01-18,8.2,4,3,0,1,5,3,3,173.9,48,
9219,93,2026-01-19,8.1,2,2,0,1,5,4,5,174.6,46,
9220,93,2026-01-20,7.6,4,1,4,1,5,2,5,173.9,49,
9221,93,2026-01-21,6.5,2,2,0,1,5,5,3,177.1,48,
9222,93,2026-01-22,8.3,1,2,0,0,5,4,3,175.6,46,
9223,93,2026-01-23,8.7,4,2,0,1,5,3,5,179.2,45,
9224,93,2026-01-24,7.2,3,3,3,0,5,1,4,177.1,46,
9225,93,2026-01-25,8.8,5,3,1,0,5,4,5,178.3,47,
9226,93,2026-01-26,6.9,2,4,2,1,5,4,5,177.7,50,
9227,93,2026-01-27,6.7,2,5,0,0,5,2,5,177.0,46,
9228,93,2026-01-28,6.6,1,4,0,1,5,3,5,179.5,49,
9229,93,2026-01-29,7.5,3,4,2,3,5,4,4,176.9,45,
9230,93,2026-01-30,8.5,4,3,4,1,5,3,4,175.9,49,
9231,93,2026-01-31,7.5,3,2,1,3,5,5,5,176.5,45,
9232,93,2026-02-01,7.9,2,2,1,1,5,3,5,175.5,48,
9233,93,2026-02-02,8.2,3,2,4,0,5,1,5,176.2,46,
9234,93,2026-02-03,7.2,1,3,0,1,5,2,5,174.2,46,
9235,93,2026-02-04,7.7,3,3,0,0,5,3,4,173.6,49,
9236,93,2026-02-05,8.3,3,3,1,0,5,4,4,174.3,48,
9237,93,2026-02-06,6.6,3,3,0,0,5,3,5,173.6,47,
9238,93,2026-02-07,7.6,3,4,0,2,5,3,5,176.0,48,
9239,93,2026-02-08,6.9,2,4,0,1,5,2,5,172.4,49,
9240,93,2026-02-09,7.3,2,4,3,0,5,4,5,177.2,48,
9241,93,2026-02-10,7.7,3,5,0,0,5,2,5,176.5,46,
9242,93,2026-02-11,6.9,2,5,3,0,5,3,4,176.9,48,
9243,93,2026-02-12,8.4,3,4,0,0,5,3,5,177.1,48,
9244,93,2026-02-13,7.4,3,4,0,1,5,4,5,174.9,51,
9245,93,2026-02-14,7.1,2,4,0,0,5,1,5,175.3,47,
9246,93,2026-02-15,7.4,3,4,2,1,5,3,5,174.6,48,
9247,93,2026-02-16,7.9,3,4,1,0,5,2,4,174.9,47,
9248,93,2026-02-17,8.5,3,5,0,1,4,4,5,176.7,48,
9249,93,2026-02-18,6.2,1,6,2,2,4,3,4,176.9,50,
9250,93,2026-02-19,7.7,3,7,3,1,5,2,5,174.6,52,
9251,93,2026-02-20,7.5,3,8,2,1,3,3,3,174.6,54,
9252,93,2026-02-21,8.7,4,7,3,0,5,2,4,175.8,47,
9253,93,2026-02-22,8.3,4,8,2,2,5,2,4,175.3,51,
9254,93,2026-02-23,7.4,2,9,1,1,3,4,3,178.8,48,
9255,93,2026-02-24,9.4,4,10,5,2,5,4,5,175.2,50,
9256,93,2026-02-25,8.3,4,9,3,1,5,4,5,175.3,51,
9257,93,2026-02-26,9.2,5,10,4,2,4,4,4,175.9,50,
9258,93,2026-02-27,7.9,3,10,1,2,5,3,5,176.6,52,
9259,93,2026-02-28,8.0,3,10,4,2,4,3,4,173.7,51,
9260,93,2026-03-01,7.4,3,9,2,4,5,3,5,175.3,51,
9261,93,2026-03-02,7.5,3,10,2,1,4,3,4,176.4,54,
9262,93,2026-03-03,8.9,4,10,3,1,5,3,5,174.9,54,
9263,93,2026-03-04,7.6,3,10,2,3,3,3,2,175.4,53,
9264,93,2026-03-05,7.7,2,10,3,1,3,4,4,176.1,56,
9265,93,2026-03-06,8.2,2,10,2,4,4,3,5,173.8,54,
9266,93,2026-03-07,9.0,4,10,1,1,5,4,5,172.4,51,
9267,93,2026-03-08,8.3,4,10,1,2,3,2,2,173.6,51,
9268,93,2026-03-09,7.6,1,10,4,3,4,4,4,173.9,52,
9269,93,2026-03-10,7.4,4,9,2,1,5,4,5,177.1,50,
9270,93,2026-03-11,8.0,3,9,3,1,5,3,5,175.6,49,
9271,93,2026-03-12,7.6,3,8,1,1,5,3,4,175.5,55,
9272,93,2026-03-13,7.1,2,8,1,2,4,3,4,174.8,55,
9273,93,2026-03-14,7.8,3,8,2,1,5,2,5,175.5,52,
9274,93,2026-03-15,8.2,3,8,2,2,5,4,5,177.2,50,
9275,93,2026-03-16,6.9,2,9,2,1,4,4,5,173.6,54,
9276,93,2026-03-17,8.2,4,9,1,2,5,2,5,175.0,52,
9277,93,2026-03-18,7.0,2,8,3,1,3,3,3,176.6,52,
9278,93,2026-03-19,8.0,3,9,2,1,3,1,4,178.3,51,
9279,93,2026-03-20,7.7,3,9,3,2,5,3,5,177.4,52,
9280,93,2026-03-21,8.6,4,10,2,1,4,4,4,175.1,53,
9281,93,2026-03-22,8.2,3,10,2,1,5,2,5,174.4,52,
9282,93,2026-03-23,7.9,3,10,2,1,5,3,4,173.9,53,
9283,93,2026-03-24,7.6,2,10,3,4,4,3,3,176.3,54,
9284,93,2026-03-25,6.9,2,10,3,1,4,2,3,173.4,51,
9285,93,2026-03-26,8.1,2,10,3,2,5,4,5,175.8,50,
9286,93,2026-03-27,8.4,2,10,4,2,4,2,5,173.7,52,
9287,93,2026-03-28,7.4,2,10,1,1,5,3,5,175.4,49,
9288,93,2026-03-29,7.4,3,10,3,2,4,4,3,173.9,54,
9289,93,2026-03-30,6.5,3,9,1,1,4,3,4,174.9,52,
9290,93,2026-03-31,8.1,3,10,3,1,4,3,4,172.1,53,
9291,93,2026-04-01,7.5,3,10,2,1,4,4,4,176.5,52,
9292,93,2026-04-02,8.3,3,10,1,1,4,3,5,177.2,51,
9293,93,2026-04-03,6.3,1,10,1,1,4,5,5,175.8,55,
9294,93,2026-04-04,8.1,3,10,3,1,5,3,5,176.5,52,
9295,93,2026-04-05,7.7,1,9,4,1,3,1,4,172.6,55,
9296,93,2026-04-06,8.3,3,8,2,2,5,4,5,173.3,52,
9297,93,2026-04-07,6.7,2,7,2,0,4,5,5,172.0,49,
9298,93,2026-04-08,9.5,5,7,1,0,5,2,4,175.1,49,
9299,93,2026-04-09,7.4,4,6,0,1,5,2,5,175.4,51,
9300,93,2026-04-10,6.9,2,6,1,1,5,3,4,172.9,45,
9301,94,2026-01-01,9.5,5,4,1,0,5,3,5,189.7,53,
9302,94,2026-01-02,7.3,3,3,0,1,5,3,5,188.1,57,
9303,94,2026-01-03,8.7,5,2,1,0,5,2,5,190.5,57,
9304,94,2026-01-04,8.5,4,2,1,0,5,4,4,189.3,52,
9305,94,2026-01-05,8.6,2,3,0,2,5,5,5,190.0,55,
9306,94,2026-01-06,7.4,3,3,0,1,5,4,5,188.2,56,
9307,94,2026-01-07,5.9,2,3,2,0,5,4,4,188.7,57,
9308,94,2026-01-08,8.3,3,3,0,3,5,3,5,189.6,55,
9309,94,2026-01-09,7.3,3,3,0,1,5,4,5,190.9,56,
9310,94,2026-01-10,7.7,3,2,1,2,5,2,5,186.8,54,
9311,94,2026-01-11,6.8,2,1,2,1,5,4,5,190.1,56,
9312,94,2026-01-12,8.5,4,1,1,5,5,4,5,189.8,54,
9313,94,2026-01-13,8.4,4,1,1,1,5,2,5,189.9,54,
9314,94,2026-01-14,7.6,2,1,0,2,5,4,5,188.7,54,
9315,94,2026-01-15,9.2,5,1,0,1,5,5,4,190.2,53,
9316,94,2026-01-16,7.8,4,2,1,1,5,2,5,190.1,57,
9317,94,2026-01-17,7.9,2,2,1,0,5,2,5,190.7,57,
9318,94,2026-01-18,7.5,4,2,3,0,5,2,5,188.7,52,
9319,94,2026-01-19,8.5,4,2,1,1,5,5,4,188.7,55,
9320,94,2026-01-20,7.0,2,2,0,0,5,4,5,190.6,55,
9321,94,2026-01-21,7.0,2,3,2,2,5,3,3,187.3,57,
9322,94,2026-01-22,8.5,4,4,0,2,5,4,4,190.2,57,
9323,94,2026-01-23,8.1,3,5,1,0,5,4,5,190.7,57,
9324,94,2026-01-24,9.1,5,5,2,1,5,3,5,190.4,57,
9325,94,2026-01-25,7.9,3,5,2,2,5,4,5,189.0,58,
9326,94,2026-01-26,8.3,4,5,4,1,5,4,4,189.4,54,
9327,94,2026-01-27,7.4,3,5,1,1,5,4,5,187.6,59,
9328,94,2026-01-28,7.6,2,4,1,3,5,1,5,188.1,55,
9329,94,2026-01-29,7.4,3,5,0,0,5,4,5,190.4,54,
9330,94,2026-01-30,6.9,2,5,2,0,5,5,5,193.5,54,
9331,94,2026-01-31,8.2,2,4,0,0,5,5,5,189.4,63,
9332,94,2026-02-01,8.2,4,4,0,2,5,2,4,186.7,55,
9333,94,2026-02-02,8.1,4,3,2,2,5,3,5,189.3,49,
9334,94,2026-02-03,6.8,2,3,2,1,5,3,5,190.4,51,
9335,94,2026-02-04,8.4,3,4,1,0,5,4,5,188.6,54,
9336,94,2026-02-05,7.9,3,3,0,0,5,1,5,189.1,54,
9337,94,2026-02-06,8.8,3,2,1,0,5,4,4,187.1,53,
9338,94,2026-02-07,9.0,4,3,0,1,5,1,5,188.0,51,
9339,94,2026-02-08,7.9,3,3,1,0,5,2,5,187.9,58,
9340,94,2026-02-09,7.5,3,2,2,0,5,3,5,190.8,54,
9341,94,2026-02-10,7.6,3,2,2,0,5,3,5,187.5,52,
9342,94,2026-02-11,7.7,4,1,1,1,5,4,5,188.9,52,
9343,94,2026-02-12,7.9,3,1,1,0,5,4,5,187.5,56,
9344,94,2026-02-13,6.4,3,2,0,1,5,4,5,189.5,53,
9345,94,2026-02-14,8.4,4,2,2,0,5,2,5,187.4,53,
9346,94,2026-02-15,7.3,3,3,2,1,5,3,5,190.6,54,
9347,94,2026-02-16,7.1,2,4,3,1,5,2,5,188.5,55,
9348,94,2026-02-17,8.3,4,4,0,0,5,2,5,188.5,56,
9349,94,2026-02-18,7.8,3,5,0,0,5,1,4,189.0,56,
9350,94,2026-02-19,7.1,3,5,1,1,4,2,4,186.2,55,
9351,94,2026-02-20,8.9,4,5,1,0,5,4,5,184.5,61,
9352,94,2026-02-21,8.7,3,5,1,2,4,2,4,188.3,55,
9353,94,2026-02-22,7.3,3,5,0,0,5,2,5,189.6,57,
9354,94,2026-02-23,8.2,3,6,1,1,4,4,5,191.5,58,
9355,94,2026-02-24,7.9,3,6,0,0,5,5,5,190.6,55,
9356,94,2026-02-25,7.8,3,6,2,2,4,1,4,187.6,57,
9357,94,2026-02-26,6.9,2,5,2,0,5,4,4,191.1,56,
9358,94,2026-02-27,8.4,3,5,0,1,5,3,5,188.2,63,
9359,94,2026-02-28,8.7,3,6,0,1,5,2,5,186.5,57,
9360,94,2026-03-01,8.5,3,6,1,1,5,4,5,188.9,60,
9361,94,2026-03-02,8.2,2,6,0,0,5,3,5,188.0,62,
9362,94,2026-03-03,6.7,2,6,2,2,5,2,4,187.5,56,
9363,94,2026-03-04,6.7,2,6,0,0,5,3,5,188.2,62,
9364,94,2026-03-05,6.8,1,6,0,0,5,3,5,184.5,58,
9365,94,2026-03-06,8.4,4,6,0,0,5,1,5,187.0,59,
9366,94,2026-03-07,6.7,3,7,3,0,5,4,5,188.2,61,
9367,94,2026-03-08,8.9,4,7,1,0,5,4,5,185.8,57,
9368,94,2026-03-09,7.4,2,7,1,1,5,3,4,188.3,57,
9369,94,2026-03-10,7.6,2,8,1,2,4,4,3,189.1,60,
9370,94,2026-03-11,7.1,1,9,2,1,3,4,4,188.8,61,
9371,94,2026-03-12,7.6,1,9,1,2,3,3,4,188.6,59,
9372,94,2026-03-13,7.4,2,10,2,1,4,3,4,188.2,61,
9373,94,2026-03-14,8.1,4,10,1,1,5,2,5,188.4,61,
9374,94,2026-03-15,7.5,3,9,3,1,5,3,5,187.9,62,
9375,94,2026-03-16,8.2,4,8,3,1,5,4,5,185.8,59,
9376,94,2026-03-17,7.2,2,8,1,1,4,4,4,190.0,58,
9377,94,2026-03-18,7.4,1,8,4,3,4,1,4,187.2,57,
9378,94,2026-03-19,7.0,3,8,2,3,5,5,5,188.8,62,
9379,94,2026-03-20,7.7,3,9,3,2,5,2,5,188.8,66,
9380,94,2026-03-21,8.7,3,9,2,2,5,2,5,187.0,60,
9381,94,2026-03-22,7.7,4,10,2,2,5,3,5,188.9,61,
9382,94,2026-03-23,8.3,4,10,1,1,5,3,5,187.5,61,
9383,94,2026-03-24,7.9,3,10,3,1,5,4,5,190.0,60,
9384,94,2026-03-25,8.7,4,10,3,1,4,1,4,188.6,62,
9385,94,2026-03-26,6.1,2,10,1,1,5,3,5,187.7,61,
9386,94,2026-03-27,8.0,3,10,3,1,4,4,5,188.1,61,
9387,94,2026-03-28,9.4,4,9,2,1,5,2,5,184.9,59,
9388,94,2026-03-29,8.1,4,9,2,4,5,3,5,188.1,63,
9389,94,2026-03-30,7.0,3,9,2,2,5,2,5,192.3,57,
9390,94,2026-03-31,8.4,4,10,1,1,5,2,4,187.6,58,
9391,94,2026-04-01,8.2,4,10,3,6,5,3,5,189.2,61,
9392,94,2026-04-02,7.4,3,10,1,2,4,3,4,187.3,60,
9393,94,2026-04-03,8.4,4,10,3,5,4,1,4,189.5,57,
9394,94,2026-04-04,8.2,4,10,3,4,5,2,5,189.6,55,
9395,94,2026-04-05,7.4,3,10,4,2,3,1,4,188.2,61,
9396,94,2026-04-06,8.9,4,10,1,2,5,4,5,188.2,58,
9397,94,2026-04-07,6.7,2,10,3,1,3,4,4,187.6,61,
9398,94,2026-04-08,7.7,2,10,3,2,4,4,3,189.1,59,
9399,94,2026-04-09,7.9,4,10,1,1,4,3,4,189.2,58,
9400,94,2026-04-10,7.6,2,10,3,1,4,3,4,185.7,61,
9401,95,2026-01-01,7.5,3,4,0,0,5,4,5,220.8,52,
9402,95,2026-01-02,6.2,1,5,0,1,5,3,5,221.5,54,
9403,95,2026-01-03,6.9,2,4,1,1,5,3,4,221.9,58,
9404,95,2026-01-04,8.8,5,3,0,0,5,4,5,220.0,53,
9405,95,2026-01-05,6.0,2,4,3,2,5,3,5,222.2,53,
9406,95,2026-01-06,7.0,3,3,3,0,5,3,5,219.7,54,
9407,95,2026-01-07,7.3,3,2,0,2,5,2,5,222.4,51,
9408,95,2026-01-08,6.8,1,3,0,2,5,3,4,221.2,54,
9409,95,2026-01-09,7.0,2,4,3,0,5,3,5,219.4,54,
9410,95,2026-01-10,7.7,4,3,0,2,5,3,4,220.2,57,
9411,95,2026-01-11,6.2,2,3,2,0,5,3,5,222.1,56,
9412,95,2026-01-12,7.5,2,3,3,0,5,4,5,221.3,52,
9413,95,2026-01-13,7.0,1,3,0,3,5,3,5,221.6,55,
9414,95,2026-01-14,5.8,2,3,0,1,5,2,5,222.0,54,
9415,95,2026-01-15,7.1,3,3,1,4,5,2,5,222.8,52,
9416,95,2026-01-16,6.6,2,3,2,3,5,2,4,221.6,51,
9417,95,2026-01-17,6.7,2,4,0,1,5,1,5,222.1,56,
9418,95,2026-01-18,7.1,1,5,0,1,4,3,5,222.9,55,
9419,95,2026-01-19,7.9,3,6,1,0,5,1,4,220.8,58,
9420,95,2026-01-20,6.8,3,6,2,1,5,2,5,221.7,56,
9421,95,2026-01-21,7.9,3,6,3,0,5,1,5,223.0,56,
9422,95,2026-01-22,6.6,2,7,2,0,5,2,5,221.8,61,
9423,95,2026-01-23,6.9,1,7,1,0,5,1,4,221.0,60,
9424,95,2026-01-24,7.8,3,6,0,0,4,3,5,222.1,56,
9425,95,2026-01-25,7.3,3,5,3,0,5,2,4,222.2,55,
9426,95,2026-01-26,6.5,2,4,2,2,5,2,4,222.2,54,
9427,95,2026-01-27,6.5,3,5,3,0,5,2,4,218.2,56,
9428,95,2026-01-28,7.1,1,5,0,1,5,3,5,220.7,56,
9429,95,2026-01-29,7.0,2,5,1,1,5,2,4,222.2,56,
9430,95,2026-01-30,7.0,4,5,1,1,5,4,5,219.9,57,
9431,95,2026-01-31,6.6,4,5,0,1,5,4,4,221.8,56,
9432,95,2026-02-01,6.1,1,4,1,2,5,3,5,218.5,57,
9433,95,2026-02-02,7.5,3,4,0,2,5,1,5,220.5,56,
9434,95,2026-02-03,7.3,3,4,0,2,5,4,4,219.6,57,
9435,95,2026-02-04,7.7,2,3,1,2,5,3,5,220.9,55,
9436,95,2026-02-05,7.2,3,3,1,2,5,1,5,220.2,52,
9437,95,2026-02-06,7.5,2,3,3,1,5,3,5,220.2,54,
9438,95,2026-02-07,6.5,2,3,0,1,5,3,5,220.6,53,
9439,95,2026-02-08,7.2,3,2,2,1,5,3,5,221.2,55,
9440,95,2026-02-09,5.4,2,2,0,2,5,3,4,222.8,56,
9441,95,2026-02-10,6.9,2,2,2,0,5,2,5,222.3,53,
9442,95,2026-02-11,7.2,3,1,1,0,5,3,5,218.8,52,
9443,95,2026-02-12,6.6,1,1,0,1,5,4,5,220.7,54,
9444,95,2026-02-13,7.3,2,1,2,0,5,2,5,220.3,52,
9445,95,2026-02-14,7.9,4,1,1,0,5,4,5,221.0,54,
9446,95,2026-02-15,8.2,3,1,0,1,5,3,5,221.5,53,
9447,95,2026-02-16,6.7,1,2,2,0,5,5,5,221.3,55,
9448,95,2026-02-17,6.4,2,1,3,0,5,3,5,222.9,52,
9449,95,2026-02-18,6.3,1,1,0,2,5,3,5,220.1,54,
9450,95,2026-02-19,7.2,2,2,4,1,5,2,5,221.8,53,
9451,95,2026-02-20,6.9,2,2,1,0,5,4,5,222.8,56,
9452,95,2026-02-21,8.5,4,2,2,1,5,4,5,221.1,53,
9453,95,2026-02-22,7.9,3,2,2,1,5,4,5,219.1,49,
9454,95,2026-02-23,6.7,3,2,0,1,5,3,3,222.6,53,
9455,95,2026-02-24,7.2,3,2,1,1,5,3,4,222.2,50,
9456,95,2026-02-25,6.4,2,1,1,1,5,2,5,219.2,54,
9457,95,2026-02-26,7.7,2,2,2,0,5,3,4,222.2,51,
9458,95,2026-02-27,5.2,1,2,0,1,5,1,5,223.5,53,
9459,95,2026-02-28,7.6,2,1,1,0,5,3,5,222.7,50,
9460,95,2026-03-01,7.7,2,1,0,0,5,3,5,219.3,51,
9461,95,2026-03-02,9.1,4,1,2,0,5,2,5,218.9,53,
9462,95,2026-03-03,6.7,3,2,3,0,5,2,5,219.1,53,
9463,95,2026-03-04,7.6,2,1,1,1,5,3,5,220.5,55,
9464,95,2026-03-05,6.5,1,2,0,0,5,4,5,221.3,56,
9465,95,2026-03-06,8.0,3,1,0,1,5,4,4,219.6,51,
9466,95,2026-03-07,6.5,3,1,1,1,5,3,5,220.7,54,
9467,95,2026-03-08,6.6,1,1,1,1,5,2,4,220.4,53,
9468,95,2026-03-09,8.1,4,2,1,2,5,3,4,221.2,51,
9469,95,2026-03-10,5.7,1,3,1,0,5,4,5,218.4,55,
9470,95,2026-03-11,7.4,3,4,0,0,5,4,5,220.5,54,
9471,95,2026-03-12,6.8,2,5,0,0,5,2,5,220.8,56,
9472,95,2026-03-13,6.0,2,5,0,1,5,4,4,220.7,57,
9473,95,2026-03-14,8.8,4,5,2,1,5,2,5,219.3,56,
9474,95,2026-03-15,8.5,4,4,1,2,5,3,4,218.2,54,
9475,95,2026-03-16,6.8,2,5,0,0,5,1,5,220.4,55,
9476,95,2026-03-17,7.0,1,6,0,0,5,2,4,219.2,59,
9477,95,2026-03-18,7.0,3,6,3,2,5,4,5,221.5,59,
9478,95,2026-03-19,7.1,2,5,1,1,5,3,5,221.5,55,
9479,95,2026-03-20,6.7,2,6,1,1,5,3,5,218.8,57,
9480,95,2026-03-21,7.1,4,5,2,1,5,3,5,220.8,56,
9481,95,2026-03-22,7.8,3,6,0,0,4,3,5,220.7,50,
9482,95,2026-03-23,7.1,2,5,2,0,5,1,5,219.9,54,
9483,95,2026-03-24,7.8,3,4,3,0,5,4,5,219.3,54,
9484,95,2026-03-25,7.9,4,3,0,0,5,3,5,220.2,54,
9485,95,2026-03-26,7.5,3,3,0,1,5,2,4,219.4,53,
9486,95,2026-03-27,7.1,1,3,1,1,5,3,5,219.1,54,
9487,95,2026-03-28,6.8,2,3,1,0,5,2,5,219.2,54,
9488,95,2026-03-29,7.2,3,3,1,1,5,3,5,220.5,54,
9489,95,2026-03-30,6.7,2,3,1,2,5,3,5,222.8,55,
9490,95,2026-03-31,6.3,3,3,1,0,5,3,5,220.2,56,
9491,95,2026-04-01,6.5,1,3,0,0,5,2,5,219.5,58,
9492,95,2026-04-02,7.0,3,2,1,0,5,3,5,219.8,53,
9493,95,2026-04-03,6.2,2,3,3,0,5,4,5,220.5,56,
9494,95,2026-04-04,6.8,1,3,3,1,5,3,5,220.4,54,
9495,95,2026-04-05,7.4,3,4,1,0,5,2,5,220.9,56,
9496,95,2026-04-06,7.2,2,3,2,1,5,3,5,220.2,55,
9497,95,2026-04-07,7.0,2,3,1,0,5,2,5,218.9,57,
9498,95,2026-04-08,7.4,2,3,1,2,5,4,4,219.1,50,
9499,95,2026-04-09,6.3,2,2,0,3,5,3,4,221.3,58,
9500,95,2026-04-10,7.9,2,2,2,1,5,2,5,219.1,52,
9501,96,2026-01-01,8.1,3,2,0,2,5,3,5,187.3,45,
9502,96,2026-01-02,7.3,3,1,0,0,5,4,5,188.0,49,
9503,96,2026-01-03,7.9,2,2,1,0,5,3,4,189.2,46,
9504,96,2026-01-04,7.5,3,1,3,0,5,1,5,190.5,46,
9505,96,2026-01-05,8.8,4,2,1,0,5,3,5,188.8,46,
9506,96,2026-01-06,7.3,2,2,0,1,5,3,5,189.9,51,
9507,96,2026-01-07,8.5,4,3,3,0,5,4,5,189.1,47,
9508,96,2026-01-08,7.2,3,3,0,0,5,3,5,190.1,50,
9509,96,2026-01-09,7.4,1,3,1,0,4,3,3,187.0,45,
9510,96,2026-01-10,7.2,2,2,1,0,5,4,5,190.3,48,
9511,96,2026-01-11,7.2,3,2,1,0,5,2,5,189.6,45,
9512,96,2026-01-12,7.6,2,2,0,1,5,3,5,187.3,48,
9513,96,2026-01-13,7.5,2,3,1,1,5,2,5,187.5,45,
9514,96,2026-01-14,8.1,2,3,2,2,5,2,5,187.4,47,
9515,96,2026-01-15,7.3,2,3,2,1,5,3,5,187.2,49,
9516,96,2026-01-16,6.5,1,3,0,1,5,2,3,188.3,50,
9517,96,2026-01-17,6.4,2,3,1,0,5,3,5,186.0,47,
9518,96,2026-01-18,8.2,2,2,1,1,5,3,5,188.8,45,
9519,96,2026-01-19,7.5,3,2,1,1,5,3,5,188.9,47,
9520,96,2026-01-20,7.0,3,1,0,1,5,4,5,186.0,48,
9521,96,2026-01-21,7.6,4,1,2,0,5,3,4,186.9,47,
9522,96,2026-01-22,9.0,4,1,1,1,5,2,4,187.4,45,
9523,96,2026-01-23,5.8,1,1,1,1,5,4,5,189.1,45,
9524,96,2026-01-24,8.1,1,1,0,0,5,4,5,189.3,46,
9525,96,2026-01-25,6.5,2,1,0,0,5,3,5,190.2,46,
9526,96,2026-01-26,7.5,3,1,1,0,5,3,5,186.5,45,
9527,96,2026-01-27,7.7,4,1,0,0,5,4,5,186.8,49,
9528,96,2026-01-28,7.6,3,2,3,0,5,2,5,189.2,45,
9529,96,2026-01-29,6.5,2,2,0,1,5,5,4,191.2,46,
9530,96,2026-01-30,5.8,1,2,0,1,5,4,4,185.4,46,
9531,96,2026-01-31,7.1,2,2,0,2,5,2,5,188.4,45,
9532,96,2026-02-01,8.7,4,2,2,3,5,5,5,187.8,48,
9533,96,2026-02-02,8.5,3,1,1,0,5,2,5,184.4,45,
9534,96,2026-02-03,8.0,3,2,1,0,5,4,3,188.2,45,
9535,96,2026-02-04,7.9,3,1,1,3,5,5,5,188.5,47,
9536,96,2026-02-05,7.1,3,1,3,1,5,4,5,186.7,45,
9537,96,2026-02-06,6.9,2,1,1,0,5,5,5,185.8,46,
9538,96,2026-02-07,7.8,3,1,0,0,5,3,4,188.9,45,
9539,96,2026-02-08,8.6,5,1,3,2,5,4,5,186.6,45,
9540,96,2026-02-09,7.9,2,1,1,3,5,2,5,187.6,47,
9541,96,2026-02-10,8.2,3,1,1,0,5,4,4,186.2,45,
9542,96,2026-02-11,7.3,3,1,2,1,5,4,5,188.7,45,
9543,96,2026-02-12,6.9,3,2,1,1,5,3,4,186.9,50,
9544,96,2026-02-13,7.8,3,2,0,1,5,4,4,185.3,46,
9545,96,2026-02-14,7.7,3,2,0,0,5,4,4,186.1,47,
9546,96,2026-02-15,8.1,4,2,2,0,5,3,5,186.0,46,
9547,96,2026-02-16,7.4,2,1,1,1,5,4,4,187.6,47,
9548,96,2026-02-17,7.9,4,1,2,0,5,3,5,187.9,47,
9549,96,2026-02-18,6.4,2,2,1,1,5,1,5,186.2,50,
9550,96,2026-02-19,7.0,4,2,1,0,5,4,5,187.2,46,
9551,96,2026-02-20,8.1,5,2,1,1,5,2,5,187.1,46,
9552,96,2026-02-21,8.5,4,3,1,0,5,3,5,186.8,48,
9553,96,2026-02-22,8.2,3,3,2,2,5,2,5,187.4,47,
9554,96,2026-02-23,8.0,2,2,2,0,5,4,5,186.2,47,
9555,96,2026-02-24,9.3,4,1,0,1,5,2,5,187.1,45,
9556,96,2026-02-25,8.3,3,2,0,0,5,1,5,188.8,47,
9557,96,2026-02-26,8.4,5,1,0,0,5,4,5,187.2,45,
9558,96,2026-02-27,7.1,2,2,1,1,5,5,5,187.1,48,
9559,96,2026-02-28,7.6,2,2,0,0,5,2,5,187.1,49,
9560,96,2026-03-01,8.2,3,3,0,3,5,3,4,185.4,45,
9561,96,2026-03-02,6.7,2,2,1,0,5,4,5,188.4,45,
9562,96,2026-03-03,7.8,2,3,2,1,5,1,5,190.3,49,
9563,96,2026-03-04,7.5,2,4,3,1,5,2,5,187.4,48,
9564,96,2026-03-05,8.2,3,4,2,0,5,2,5,186.0,47,
9565,96,2026-03-06,7.1,2,5,2,1,5,2,4,187.2,48,
9566,96,2026-03-07,8.1,4,6,1,1,5,4,5,186.2,46,
9567,96,2026-03-08,7.3,2,7,1,0,4,2,4,186.6,49,
9568,96,2026-03-09,7.8,3,8,2,2,4,2,3,185.3,52,
9569,96,2026-03-10,6.7,3,8,3,3,5,4,5,185.9,52,
9570,96,2026-03-11,7.1,2,7,3,2,4,4,4,185.6,53,
9571,96,2026-03-12,7.7,3,7,2,2,5,3,5,184.7,53,
9572,96,2026-03-13,8.3,3,8,1,2,5,4,5,183.8,49,
9573,96,2026-03-14,6.9,2,8,2,1,5,2,5,186.0,50,
9574,96,2026-03-15,8.0,1,9,4,1,4,4,3,185.6,51,
9575,96,2026-03-16,8.6,4,8,1,1,5,2,5,185.1,52,
9576,96,2026-03-17,5.9,2,8,1,2,4,2,4,187.4,54,
9577,96,2026-03-18,6.5,1,7,1,2,5,3,5,187.1,50,
9578,96,2026-03-19,7.5,2,8,3,1,5,2,5,187.0,48,
9579,96,2026-03-20,7.9,4,8,1,1,5,3,5,185.2,55,
9580,96,2026-03-21,6.9,2,9,3,5,5,3,5,186.9,52,
9581,96,2026-03-22,7.5,3,8,3,4,4,1,4,183.7,52,
9582,96,2026-03-23,8.1,3,9,1,1,5,1,4,185.9,52,
9583,96,2026-03-24,7.6,3,8,2,1,5,4,5,187.5,54,
9584,96,2026-03-25,7.5,3,7,2,0,5,2,4,184.8,47,
9585,96,2026-03-26,7.7,3,8,1,1,5,2,5,185.3,49,
9586,96,2026-03-27,7.4,3,8,1,2,3,3,4,185.8,54,
9587,96,2026-03-28,7.9,3,7,2,0,5,1,5,186.2,52,
9588,96,2026-03-29,7.0,2,6,0,0,5,4,5,186.1,47,
9589,96,2026-03-30,7.5,3,5,0,1,5,2,5,187.2,51,
9590,96,2026-03-31,6.9,2,4,1,0,5,3,4,187.3,47,
9591,96,2026-04-01,6.6,1,3,0,2,5,2,5,186.9,50,
9592,96,2026-04-02,7.3,2,2,2,0,5,2,5,184.8,47,
9593,96,2026-04-03,6.7,3,2,2,1,5,5,5,184.6,46,
9594,96,2026-04-04,8.9,5,2,2,0,5,3,5,184.0,48,
9595,96,2026-04-05,8.4,5,3,2,0,5,3,5,186.8,48,
9596,96,2026-04-06,5.9,3,3,0,2,5,3,4,183.8,49,
9597,96,2026-04-07,6.5,2,3,1,1,5,3,5,184.4,49,
9598,96,2026-04-08,7.6,3,3,1,2,5,3,5,187.3,47,
9599,96,2026-04-09,7.0,3,4,2,0,5,3,5,185.2,47,
9600,96,2026-04-10,7.3,3,5,1,0,5,3,5,186.7,48,
9601,97,2026-01-01,7.7,4,2,1,0,5,3,5,169.6,61,
9602,97,2026-01-02,8.0,3,2,0,2,5,4,5,169.2,64,
9603,97,2026-01-03,6.9,2,2,1,1,5,1,5,169.3,65,
9604,97,2026-01-04,6.7,2,1,0,1,5,2,4,167.8,63,
9605,97,2026-01-05,8.5,5,1,1,2,5,3,5,169.4,61,
9606,97,2026-01-06,6.7,2,1,1,4,5,2,4,170.5,67,
9607,97,2026-01-07,7.2,3,1,1,1,5,1,5,169.5,68,
9608,97,2026-01-08,7.4,1,2,1,0,5,3,4,170.6,66,
9609,97,2026-01-09,7.1,2,1,1,0,5,2,4,172.7,64,
9610,97,2026-01-10,7.5,3,1,3,1,5,2,5,170.1,64,
9611,97,2026-01-11,8.0,3,1,5,1,5,3,4,169.6,60,
9612,97,2026-01-12,8.2,2,1,3,2,5,2,5,171.7,58,
9613,97,2026-01-13,7.6,2,1,3,0,5,5,5,171.7,63,
9614,97,2026-01-14,6.1,2,1,1,0,5,4,5,170.4,61,
9615,97,2026-01-15,7.0,1,1,2,2,5,4,5,170.9,61,
9616,97,2026-01-16,6.7,2,1,2,2,5,2,5,167.4,65,
9617,97,2026-01-17,8.4,2,1,0,1,5,2,4,172.0,63,
9618,97,2026-01-18,7.9,3,2,1,1,5,3,5,168.7,66,
9619,97,2026-01-19,6.7,3,2,3,0,5,1,5,169.9,63,
9620,97,2026-01-20,7.4,1,2,1,1,5,2,5,168.7,63,
9621,97,2026-01-21,7.7,4,2,4,0,5,2,5,170.6,62,
9622,97,2026-01-22,6.9,3,2,0,0,5,3,4,168.2,64,
9623,97,2026-01-23,8.3,4,1,0,2,5,3,5,167.7,63,
9624,97,2026-01-24,7.5,3,1,0,0,5,2,5,168.3,66,
9625,97,2026-01-25,7.8,2,2,0,2,5,4,4,169.4,65,
9626,97,2026-01-26,7.8,3,3,0,0,5,3,3,172.1,64,
9627,97,2026-01-27,6.5,2,3,0,1,5,2,5,169.2,66,
9628,97,2026-01-28,6.9,2,4,4,0,5,3,5,169.5,64,
9629,97,2026-01-29,6.6,2,4,2,1,5,5,3,169.6,68,
9630,97,2026-01-30,6.7,3,4,0,1,5,1,5,171.5,66,
9631,97,2026-01-31,7.0,3,5,3,0,5,4,5,168.2,66,
9632,97,2026-02-01,7.5,3,5,0,0,5,1,5,171.9,68,
9633,97,2026-02-02,7.3,1,6,1,0,3,4,3,166.7,69,
9634,97,2026-02-03,7.2,2,6,1,1,5,2,5,169.3,66,
9635,97,2026-02-04,7.7,2,5,0,1,5,4,5,169.6,67,
9636,97,2026-02-05,6.9,2,5,1,3,5,3,5,171.1,66,
9637,97,2026-02-06,6.7,2,5,3,0,5,3,4,166.4,67,
9638,97,2026-02-07,8.4,2,5,1,1,5,2,5,168.8,66,
9639,97,2026-02-08,7.2,2,6,0,2,5,2,5,172.4,67,
9640,97,2026-02-09,6.0,2,7,1,1,5,2,3,170.0,71,
9641,97,2026-02-10,8.4,4,7,2,1,5,2,4,170.5,69,
9642,97,2026-02-11,6.6,1,6,1,1,5,3,5,169.7,70,
9643,97,2026-02-12,6.3,2,7,2,0,5,2,5,168.3,68,
9644,97,2026-02-13,7.1,3,7,2,1,5,2,5,172.4,68,
9645,97,2026-02-14,8.8,4,7,1,2,5,3,5,171.1,69,
9646,97,2026-02-15,7.8,3,8,3,1,4,2,3,170.9,69,
9647,97,2026-02-16,7.6,2,8,2,2,5,1,5,170.1,70,
9648,97,2026-02-17,6.8,3,7,1,0,5,4,4,168.6,70,
9649,97,2026-02-18,7.6,1,6,2,2,5,4,4,169.2,68,
9650,97,2026-02-19,7.6,3,6,1,0,5,2,4,167.3,65,
9651,97,2026-02-20,7.3,2,6,0,0,5,4,5,168.5,67,
9652,97,2026-02-21,7.7,3,7,2,2,5,4,5,169.1,63,
9653,97,2026-02-22,7.9,4,6,2,1,5,5,4,169.4,64,
9654,97,2026-02-23,7.6,3,7,2,1,5,2,5,168.9,70,
9655,97,2026-02-24,7.0,3,7,3,0,5,4,5,172.3,67,
9656,97,2026-02-25,6.8,1,7,5,4,5,4,3,169.3,68,
9657,97,2026-02-26,8.0,5,8,1,2,5,2,5,169.2,68,
9658,97,2026-02-27,7.5,2,9,1,1,5,1,5,171.5,68,
9659,97,2026-02-28,7.8,4,8,1,1,5,2,3,169.5,67,
9660,97,2026-03-01,7.9,3,8,1,1,4,4,3,169.5,69,
9661,97,2026-03-02,6.7,1,7,1,3,3,5,3,168.5,67,
9662,97,2026-03-03,8.8,4,7,2,0,5,5,5,170.0,67,
9663,97,2026-03-04,7.4,2,8,4,1,5,3,5,169.1,71,
9664,97,2026-03-05,8.5,4,8,1,2,5,4,5,171.2,68,
9665,97,2026-03-06,7.1,2,9,2,2,5,4,5,170.9,71,
9666,97,2026-03-07,6.5,2,9,1,2,4,4,4,166.9,71,
9667,97,2026-03-08,8.3,4,9,2,1,5,3,4,169.5,69,
9668,97,2026-03-09,6.8,2,10,2,1,5,4,4,170.5,68,
9669,97,2026-03-10,6.2,1,9,3,1,4,1,4,167.3,70,
9670,97,2026-03-11,7.3,4,9,2,1,5,2,5,166.8,71,
9671,97,2026-03-12,6.8,1,10,1,2,4,2,4,168.5,72,
9672,97,2026-03-13,6.8,3,10,2,2,4,2,3,169.3,69,
9673,97,2026-03-14,8.8,2,10,3,2,3,3,2,170.3,69,
9674,97,2026-03-15,7.9,4,10,3,1,5,3,5,170.2,69,
9675,97,2026-03-16,7.7,4,10,1,4,5,3,5,168.2,71,
9676,97,2026-03-17,6.3,3,9,2,1,5,2,4,171.0,66,
9677,97,2026-03-18,7.6,4,10,2,2,5,1,5,167.2,70,
9678,97,2026-03-19,8.6,3,9,2,1,5,5,5,172.2,69,
9679,97,2026-03-20,7.0,2,9,3,2,4,1,3,168.0,68,
9680,97,2026-03-21,7.9,4,8,1,2,5,4,5,172.0,71,
9681,97,2026-03-22,9.3,5,9,1,2,5,4,5,168.9,71,
9682,97,2026-03-23,8.1,3,8,1,3,5,3,5,169.0,70,
9683,97,2026-03-24,7.9,3,8,2,2,5,2,5,166.2,67,
9684,97,2026-03-25,8.8,3,9,4,1,5,3,5,169.1,71,
9685,97,2026-03-26,8.1,4,10,2,1,5,2,5,168.4,66,
9686,97,2026-03-27,7.1,2,9,2,1,5,2,4,168.7,69,
9687,97,2026-03-28,8.2,2,10,2,1,4,1,4,169.3,70,
9688,97,2026-03-29,8.1,3,10,4,4,4,4,5,169.0,69,
9689,97,2026-03-30,6.9,2,10,1,2,4,5,3,167.7,70,
9690,97,2026-03-31,8.0,5,9,3,1,4,4,4,168.7,68,
9691,97,2026-04-01,8.1,3,8,2,2,5,1,4,170.5,66,
9692,97,2026-04-02,5.8,1,7,2,0,5,3,4,169.5,67,
9693,97,2026-04-03,8.2,4,7,2,3,5,3,4,170.8,68,
9694,97,2026-04-04,7.3,3,7,3,0,5,3,5,169.8,69,
9695,97,2026-04-05,7.2,2,7,1,1,5,2,4,171.7,67,
9696,97,2026-04-06,7.2,2,7,5,1,4,1,3,166.1,64,
9697,97,2026-04-07,8.8,4,7,4,0,5,5,4,168.8,69,
9698,97,2026-04-08,8.2,3,7,3,0,5,3,4,167.6,68,
9699,97,2026-04-09,7.9,2,8,3,2,5,3,5,169.6,69,
9700,97,2026-04-10,7.6,2,7,1,1,5,3,5,170.6,69,
9701,98,2026-01-01,7.1,2,4,1,2,5,3,5,195.1,50,
9702,98,2026-01-02,8.2,4,3,1,0,5,3,5,193.1,54,
9703,98,2026-01-03,7.7,3,2,1,0,5,2,5,193.5,53,
9704,98,2026-01-04,8.5,5,3,0,3,5,4,5,194.4,54,
9705,98,2026-01-05,6.7,3,3,1,0,5,2,5,194.8,58,
9706,98,2026-01-06,7.2,2,3,3,1,5,3,5,193.9,54,
9707,98,2026-01-07,7.8,3,3,1,0,5,2,5,195.2,53,
9708,98,2026-01-08,6.8,2,2,2,1,5,4,5,196.5,54,
9709,98,2026-01-09,7.1,3,1,2,0,5,5,4,193.9,52,
9710,98,2026-01-10,8.1,3,1,1,2,5,3,5,193.9,52,
9711,98,2026-01-11,5.0,1,1,1,0,5,3,5,196.4,53,
9712,98,2026-01-12,7.3,2,2,1,0,5,2,5,194.9,55,
9713,98,2026-01-13,7.0,1,2,3,2,5,3,5,193.9,50,
9714,98,2026-01-14,7.8,3,2,1,0,5,2,5,192.2,54,
9715,98,2026-01-15,7.6,3,1,1,0,5,3,4,191.6,59,
9716,98,2026-01-16,6.2,1,2,3,0,5,3,5,192.9,54,
9717,98,2026-01-17,6.5,2,2,1,1,5,3,4,192.2,50,
9718,98,2026-01-18,7.2,2,2,3,1,5,3,5,196.9,50,
9719,98,2026-01-19,6.9,2,2,0,0,5,3,5,192.3,58,
9720,98,2026-01-20,7.5,3,1,2,0,5,3,5,190.3,54,
9721,98,2026-01-21,6.3,1,2,3,1,5,4,4,194.1,51,
9722,98,2026-01-22,5.3,1,2,1,2,5,3,5,193.1,52,
9723,98,2026-01-23,8.7,4,1,1,1,5,3,5,192.4,55,
9724,98,2026-01-24,7.6,3,2,2,0,5,2,5,194.6,54,
9725,98,2026-01-25,7.5,2,2,0,1,5,3,4,192.5,55,
9726,98,2026-01-26,6.8,1,2,1,1,5,4,4,194.2,51,
9727,98,2026-01-27,6.8,2,1,2,0,5,2,5,193.2,54,
9728,98,2026-01-28,7.4,4,1,1,0,5,2,4,196.5,53,
9729,98,2026-01-29,8.4,3,1,0,0,4,3,5,192.4,50,
9730,98,2026-01-30,5.5,2,1,2,0,5,3,4,194.3,49,
9731,98,2026-01-31,8.4,3,1,2,0,5,4,5,190.8,55,
9732,98,2026-02-01,7.4,3,2,2,1,5,4,4,192.3,52,
9733,98,2026-02-02,7.0,3,1,0,0,5,3,5,190.6,51,
9734,98,2026-02-03,7.0,1,2,2,1,5,3,4,192.9,52,
9735,98,2026-02-04,7.1,3,2,2,3,5,3,4,192.3,55,
9736,98,2026-02-05,7.4,3,2,1,3,5,3,5,194.7,53,
9737,98,2026-02-06,6.7,1,3,1,1,5,3,4,192.3,54,
9738,98,2026-02-07,8.6,3,3,2,1,5,3,5,192.7,52,
9739,98,2026-02-08,6.9,2,4,0,0,5,2,5,194.3,55,
9740,98,2026-02-09,7.5,2,4,0,0,5,4,5,193.1,56,
9741,98,2026-02-10,6.6,2,4,1,1,5,3,5,192.3,56,
9742,98,2026-02-11,6.6,2,4,3,0,5,5,5,193.5,59,
9743,98,2026-02-12,5.4,1,3,1,0,5,4,5,192.3,57,
9744,98,2026-02-13,6.9,2,2,2,1,5,3,5,192.0,56,
9745,98,2026-02-14,7.2,2,3,2,1,5,1,5,192.8,54,
9746,98,2026-02-15,7.9,2,3,0,1,5,2,4,195.0,57,
9747,98,2026-02-16,6.3,1,2,4,0,5,2,5,194.5,56,
9748,98,2026-02-17,7.8,3,2,2,1,5,2,5,193.7,53,
9749,98,2026-02-18,7.6,3,1,0,1,5,3,5,193.3,49,
9750,98,2026-02-19,6.6,3,1,0,0,5,4,5,192.0,55,
9751,98,2026-02-20,6.0,1,1,2,2,5,5,4,192.7,54,
9752,98,2026-02-21,6.8,3,1,2,0,5,2,5,190.4,53,
9753,98,2026-02-22,7.3,2,1,0,0,5,2,5,192.0,54,
9754,98,2026-02-23,6.5,2,1,2,1,5,4,5,192.6,52,
9755,98,2026-02-24,7.5,2,2,1,1,5,3,4,192.0,51,
9756,98,2026-02-25,8.0,4,3,3,0,5,3,5,195.5,54,
9757,98,2026-02-26,6.6,1,2,1,2,5,2,4,193.6,55,
9758,98,2026-02-27,7.3,2,3,0,0,5,5,3,193.1,52,
9759,98,2026-02-28,5.6,2,4,0,1,5,3,4,193.6,55,
9760,98,2026-03-01,7.3,3,3,1,3,5,4,5,191.9,57,
9761,98,2026-03-02,7.4,4,4,2,0,5,3,5,191.2,59,
9762,98,2026-03-03,7.2,2,4,1,0,5,3,5,193.3,61,
9763,98,2026-03-04,7.8,3,4,0,4,5,4,4,194.9,51,
9764,98,2026-03-05,7.4,3,4,1,0,5,2,5,192.5,54,
9765,98,2026-03-06,6.3,2,3,2,1,5,2,5,191.4,54,
9766,98,2026-03-07,8.4,3,4,1,0,5,3,4,194.9,55,
9767,98,2026-03-08,6.8,1,3,0,0,5,2,5,191.1,55,
9768,98,2026-03-09,7.7,3,4,0,0,5,2,5,192.1,53,
9769,98,2026-03-10,8.0,4,4,1,1,5,4,5,191.7,57,
9770,98,2026-03-11,8.2,4,5,0,0,5,4,5,193.4,59,
9771,98,2026-03-12,8.4,3,5,1,1,5,2,5,192.6,54,
9772,98,2026-03-13,6.4,3,5,0,0,5,2,5,192.4,58,
9773,98,2026-03-14,6.0,2,5,0,2,5,2,4,193.4,55,
9774,98,2026-03-15,6.5,1,4,0,0,5,4,5,192.6,56,
9775,98,2026-03-16,7.9,3,3,4,2,5,3,5,195.8,54,
9776,98,2026-03-17,7.7,3,3,1,0,5,2,4,191.5,57,
9777,98,2026-03-18,7.8,4,3,0,0,5,1,4,192.1,54,
9778,98,2026-03-19,6.6,3,4,1,1,5,2,5,193.5,58,
9779,98,2026-03-20,8.0,3,4,0,0,5,1,4,190.0,49,
9780,98,2026-03-21,7.8,4,4,1,2,5,3,5,193.0,56,
9781,98,2026-03-22,7.9,3,4,1,1,5,3,5,190.6,53,
9782,98,2026-03-23,7.5,3,5,2,2,5,2,5,188.4,57,
9783,98,2026-03-24,7.6,4,4,1,0,5,2,4,191.0,58,
9784,98,2026-03-25,6.7,3,5,0,0,5,3,5,192.9,55,
9785,98,2026-03-26,6.3,1,5,2,0,5,3,4,191.2,57,
9786,98,2026-03-27,7.7,3,6,1,1,5,3,4,191.2,61,
9787,98,2026-03-28,7.0,2,6,1,0,5,3,5,191.3,57,
9788,98,2026-03-29,6.8,2,7,2,1,5,3,5,193.8,59,
9789,98,2026-03-30,5.2,1,7,3,1,4,2,2,191.9,61,
9790,98,2026-03-31,6.8,2,6,0,0,5,2,5,191.6,57,
9791,98,2026-04-01,6.6,2,6,0,1,5,2,4,190.4,60,
9792,98,2026-04-02,6.4,2,5,2,1,5,4,5,189.9,53,
9793,98,2026-04-03,6.1,3,5,1,0,5,1,5,192.6,57,
9794,98,2026-04-04,6.8,3,5,0,1,5,3,5,193.5,55,
9795,98,2026-04-05,7.3,3,4,2,3,5,2,5,190.8,55,
9796,98,2026-04-06,8.1,4,4,0,1,5,3,5,195.1,56,
9797,98,2026-04-07,6.7,2,4,1,1,5,3,5,190.2,58,
9798,98,2026-04-08,6.9,2,3,2,0,5,4,5,189.6,52,
9799,98,2026-04-09,6.5,2,4,0,1,5,1,5,189.1,56,
9800,98,2026-04-10,7.7,3,5,0,0,5,4,4,190.9,57,
9801,99,2026-01-01,7.9,4,2,1,1,5,3,5,195.6,63,
9802,99,2026-01-02,7.1,3,2,3,2,5,3,5,195.9,63,
9803,99,2026-01-03,7.2,2,2,3,2,5,1,5,195.0,60,
9804,99,2026-01-04,8.8,4,1,1,3,5,3,5,191.5,56,
9805,99,2026-01-05,6.5,3,1,3,1,5,4,5,194.5,60,
9806,99,2026-01-06,7.9,4,2,0,0,5,3,4,194.9,60,
9807,99,2026-01-07,7.0,3,2,0,0,5,2,5,193.3,60,
9808,99,2026-01-08,7.2,3,2,1,0,5,2,4,195.6,59,
9809,99,2026-01-09,6.9,2,3,2,2,5,4,5,195.8,66,
9810,99,2026-01-10,7.5,1,3,0,0,5,4,5,197.0,59,
9811,99,2026-01-11,9.1,5,3,2,0,5,3,4,194.0,59,
9812,99,2026-01-12,6.9,3,3,0,1,5,2,5,192.9,60,
9813,99,2026-01-13,7.4,3,3,0,0,5,3,5,195.4,63,
9814,99,2026-01-14,7.6,4,3,3,2,5,2,5,193.9,63,
9815,99,2026-01-15,7.8,3,3,0,1,5,4,5,194.8,59,
9816,99,2026-01-16,8.0,3,2,0,1,5,5,4,192.2,62,
9817,99,2026-01-17,7.8,3,2,1,1,5,5,5,191.9,63,
9818,99,2026-01-18,7.7,4,2,2,0,5,2,4,191.1,63,
9819,99,2026-01-19,8.2,4,2,0,1,5,5,4,195.5,59,
9820,99,2026-01-20,8.3,3,3,1,2,5,3,4,194.4,65,
9821,99,2026-01-21,6.3,1,3,1,0,5,5,5,196.9,62,
9822,99,2026-01-22,8.9,5,3,2,0,5,4,5,195.4,60,
9823,99,2026-01-23,7.1,3,3,0,1,5,3,5,194.3,65,
9824,99,2026-01-24,7.7,4,2,2,1,5,3,5,193.0,64,
9825,99,2026-01-25,7.9,3,3,0,1,5,4,5,193.4,64,
9826,99,2026-01-26,7.6,4,3,1,0,5,4,5,194.1,60,
9827,99,2026-01-27,7.1,1,3,2,1,5,4,5,192.5,65,
9828,99,2026-01-28,8.0,3,3,2,0,5,3,5,195.2,61,
9829,99,2026-01-29,7.8,2,2,1,0,5,1,5,190.4,61,
9830,99,2026-01-30,8.6,3,1,0,2,5,2,5,195.7,63,
9831,99,2026-01-31,7.9,2,1,0,0,5,4,5,193.5,61,
9832,99,2026-02-01,8.5,3,2,1,2,5,2,3,194.5,60,
9833,99,2026-02-02,7.3,2,2,2,0,5,4,4,194.3,62,
9834,99,2026-02-03,8.0,2,2,3,0,5,3,5,195.5,65,
9835,99,2026-02-04,7.3,3,2,2,0,5,2,5,195.8,65,
9836,99,2026-02-05,7.6,2,2,1,1,5,3,5,192.6,63,
9837,99,2026-02-06,7.5,3,2,0,1,5,3,5,195.8,63,
9838,99,2026-02-07,8.1,3,2,1,1,5,3,4,194.4,59,
9839,99,2026-02-08,8.8,5,2,1,0,5,3,5,193.8,65,
9840,99,2026-02-09,7.4,2,1,2,1,5,2,4,196.1,59,
9841,99,2026-02-10,7.4,3,1,1,1,5,4,5,191.9,60,
9842,99,2026-02-11,7.4,3,1,1,1,5,2,4,193.5,62,
9843,99,2026-02-12,8.2,2,1,2,2,5,2,5,193.6,62,
9844,99,2026-02-13,8.7,3,1,1,1,5,4,3,192.8,58,
9845,99,2026-02-14,7.2,3,1,4,0,5,2,4,193.2,63,
9846,99,2026-02-15,8.3,4,2,1,0,5,1,5,192.6,61,
9847,99,2026-02-16,7.6,2,3,3,0,5,4,5,194.7,61,
9848,99,2026-02-17,6.8,2,3,0,2,5,4,5,190.0,63,
9849,99,2026-02-18,7.9,3,3,3,1,5,2,4,194.3,62,
9850,99,2026-02-19,7.2,2,3,0,0,5,4,4,196.1,61,
9851,99,2026-02-20,8.5,3,3,0,0,5,5,4,193.8,65,
9852,99,2026-02-21,8.8,4,3,1,0,5,4,4,193.9,67,
9853,99,2026-02-22,7.4,2,4,1,1,5,2,4,192.1,64,
9854,99,2026-02-23,7.3,4,5,1,1,5,3,4,195.5,68,
9855,99,2026-02-24,8.0,3,4,0,1,4,4,4,196.7,66,
9856,99,2026-02-25,8.8,3,3,0,0,5,2,5,193.3,61,
9857,99,2026-02-26,7.2,3,3,1,1,5,4,5,193.9,63,
9858,99,2026-02-27,8.4,4,3,5,1,5,2,5,192.1,62,
9859,99,2026-02-28,6.9,3,2,4,0,5,2,5,193.4,63,
9860,99,2026-03-01,7.6,4,3,2,1,5,4,5,193.3,61,
9861,99,2026-03-02,6.6,2,3,1,1,5,2,5,193.0,64,
9862,99,2026-03-03,7.4,3,2,2,0,5,4,5,193.2,63,
9863,99,2026-03-04,8.8,4,3,0,1,5,3,5,192.4,57,
9864,99,2026-03-05,7.8,4,2,1,1,5,5,5,195.0,64,
9865,99,2026-03-06,8.8,4,2,2,1,5,3,4,193.8,62,
9866,99,2026-03-07,8.1,3,1,0,2,5,4,5,193.7,61,
9867,99,2026-03-08,6.9,3,1,0,0,5,4,4,193.2,61,
9868,99,2026-03-09,7.9,3,1,0,1,5,2,5,194.4,62,
9869,99,2026-03-10,8.1,2,1,0,2,5,2,5,194.5,60,
9870,99,2026-03-11,7.8,3,1,0,0,5,4,5,196.8,62,
9871,99,2026-03-12,7.0,1,1,3,1,4,2,4,194.3,61,
9872,99,2026-03-13,8.8,4,2,1,1,5,4,5,193.2,61,
9873,99,2026-03-14,6.5,1,3,1,1,4,4,3,193.4,65,
9874,99,2026-03-15,7.4,3,3,0,1,5,3,5,193.9,62,
9875,99,2026-03-16,6.8,2,3,1,0,5,3,5,193.8,62,
9876,99,2026-03-17,7.7,3,3,1,2,5,4,5,193.9,62,
9877,99,2026-03-18,8.6,3,2,1,0,5,2,5,190.0,61,
9878,99,2026-03-19,7.1,2,1,2,3,5,3,5,190.9,63,
9879,99,2026-03-20,7.2,3,1,3,2,5,3,5,195.8,59,
9880,99,2026-03-21,8.3,3,1,0,1,5,4,5,193.1,60,
9881,99,2026-03-22,8.5,4,1,5,2,5,2,5,191.9,58,
9882,99,2026-03-23,6.0,2,2,1,2,5,2,5,193.2,65,
9883,99,2026-03-24,7.2,2,1,0,0,5,3,5,193.6,59,
9884,99,2026-03-25,6.2,1,1,2,1,5,3,5,193.5,61,
9885,99,2026-03-26,8.8,3,2,0,1,5,3,5,192.6,60,
9886,99,2026-03-27,6.8,3,2,0,0,5,2,4,194.1,64,
9887,99,2026-03-28,7.1,2,3,1,1,5,3,4,193.3,62,
9888,99,2026-03-29,7.1,2,4,3,1,5,3,5,194.1,64,
9889,99,2026-03-30,7.2,4,4,2,0,5,3,5,192.7,64,
9890,99,2026-03-31,7.4,3,5,2,2,5,2,5,192.4,66,
9891,99,2026-04-01,7.6,2,5,1,0,5,2,4,193.1,61,
9892,99,2026-04-02,7.4,3,6,1,1,5,2,4,194.0,65,
9893,99,2026-04-03,7.2,1,7,1,1,5,4,5,191.6,65,
9894,99,2026-04-04,8.0,4,6,1,1,5,3,5,195.5,66,
9895,99,2026-04-05,7.9,3,6,4,1,5,4,5,193.3,65,
9896,99,2026-04-06,6.7,2,5,0,0,5,1,5,189.7,61,
9897,99,2026-04-07,7.3,3,5,1,0,5,4,5,192.9,64,
9898,99,2026-04-08,8.0,4,6,0,0,5,4,5,193.3,65,
9899,99,2026-04-09,8.2,3,6,0,0,5,3,4,193.7,69,
9900,99,2026-04-10,7.8,4,6,0,2,5,3,5,191.5,65,
9901,100,2026-01-01,5.3,1,2,0,1,5,3,4,190.6,59,
9902,100,2026-01-02,5.1,1,3,0,3,4,1,3,187.4,53,
9903,100,2026-01-03,7.4,4,3,0,1,5,2,5,186.1,56,
9904,100,2026-01-04,7.0,2,3,1,1,5,3,5,191.6,57,
9905,100,2026-01-05,6.3,1,2,1,1,5,3,5,187.0,56,
9906,100,2026-01-06,6.8,2,2,0,2,5,3,5,190.2,56,
9907,100,2026-01-07,6.6,3,1,3,0,5,4,5,189.0,57,
9908,100,2026-01-08,6.9,3,1,1,1,5,4,5,187.3,54,
9909,100,2026-01-09,7.0,4,1,1,1,5,4,5,190.3,54,
9910,100,2026-01-10,7.3,2,1,2,1,5,2,5,185.0,55,
9911,100,2026-01-11,5.6,1,1,2,1,5,3,5,188.8,52,
9912,100,2026-01-12,7.5,3,1,1,0,5,2,4,190.0,51,
9913,100,2026-01-13,7.4,2,1,4,0,5,3,4,188.0,55,
9914,100,2026-01-14,5.9,1,2,4,0,5,5,5,190.0,53,
9915,100,2026-01-15,6.3,1,2,1,1,4,3,3,189.9,56,
9916,100,2026-01-16,5.7,2,3,1,1,5,4,4,186.7,52,
9917,100,2026-01-17,7.4,4,2,2,1,5,3,4,187.8,55,
9918,100,2026-01-18,5.6,1,2,3,0,5,2,5,188.8,56,
9919,100,2026-01-19,6.4,1,2,0,0,5,2,5,187.1,56,
9920,100,2026-01-20,5.4,1,2,0,1,5,1,5,188.8,55,
9921,100,2026-01-21,7.3,4,1,2,1,5,4,4,187.9,55,
9922,100,2026-01-22,7.7,4,1,0,0,5,3,3,186.9,54,
9923,100,2026-01-23,7.1,2,1,1,2,5,5,5,187.4,57,
9924,100,2026-01-24,6.9,1,1,0,0,5,3,4,190.4,55,
9925,100,2026-01-25,6.1,2,1,3,1,5,3,5,188.8,56,
9926,100,2026-01-26,5.4,1,1,1,1,5,3,5,185.5,53,
9927,100,2026-01-27,7.2,3,1,1,0,5,1,4,188.6,56,
9928,100,2026-01-28,7.2,2,1,1,2,5,2,5,188.3,57,
9929,100,2026-01-29,6.7,2,2,3,0,5,5,5,191.7,57,
9930,100,2026-01-30,6.2,2,3,0,0,5,4,4,190.6,58,
9931,100,2026-01-31,7.3,3,2,1,0,5,2,5,188.9,58,
9932,100,2026-02-01,6.3,1,1,1,1,5,4,5,185.5,54,
9933,100,2026-02-02,6.4,2,1,0,0,5,3,5,190.2,58,
9934,100,2026-02-03,6.2,2,1,2,0,5,2,5,185.7,55,
9935,100,2026-02-04,6.1,1,1,2,0,5,4,4,188.0,56,
9936,100,2026-02-05,6.6,2,1,2,1,5,2,5,187.5,55,
9937,100,2026-02-06,6.8,2,1,3,0,5,5,5,191.9,51,
9938,100,2026-02-07,7.9,2,2,0,0,5,5,4,187.2,53,
9939,100,2026-02-08,5.6,1,2,1,0,5,4,5,184.6,55,
9940,100,2026-02-09,7.5,2,1,2,6,5,3,5,189.2,54,
9941,100,2026-02-10,6.7,2,2,1,0,5,4,5,188.0,56,
9942,100,2026-02-11,6.9,2,1,0,1,5,3,5,187.8,57,
9943,100,2026-02-12,5.3,1,1,1,0,5,4,4,186.9,53,
9944,100,2026-02-13,5.6,1,1,1,0,5,5,5,187.7,52,
9945,100,2026-02-14,7.5,3,1,1,1,5,4,4,188.5,56,
9946,100,2026-02-15,6.9,2,1,2,0,5,3,4,187.7,53,
9947,100,2026-02-16,5.2,1,2,3,3,5,3,5,188.5,56,
9948,100,2026-02-17,6.6,2,2,1,2,5,1,3,189.4,56,
9949,100,2026-02-18,5.7,1,1,4,0,5,3,5,188.5,57,
9950,100,2026-02-19,5.2,1,2,3,2,5,2,5,186.7,51,
9951,100,2026-02-20,6.0,2,3,3,1,5,2,5,188.3,54,
9952,100,2026-02-21,5.7,2,4,0,3,5,3,5,188.8,58,
9953,100,2026-02-22,8.0,4,3,1,0,5,3,5,187.3,57,
9954,100,2026-02-23,6.8,2,2,1,0,5,3,5,189.9,55,
9955,100,2026-02-24,5.7,2,2,2,0,5,4,5,188.6,52,
9956,100,2026-02-25,7.3,2,1,0,2,5,3,5,188.7,54,
9957,100,2026-02-26,5.5,2,1,0,1,5,3,5,186.6,58,
9958,100,2026-02-27,6.6,2,1,0,1,5,3,5,189.2,54,
9959,100,2026-02-28,6.3,2,2,1,2,5,2,5,187.8,54,
9960,100,2026-03-01,6.5,3,2,1,1,5,4,5,185.7,50,
9961,100,2026-03-02,7.3,3,3,4,0,5,4,5,184.8,57,
9962,100,2026-03-03,5.4,1,3,0,3,5,3,4,186.2,60,
9963,100,2026-03-04,6.6,2,4,0,1,5,3,5,189.3,57,
9964,100,2026-03-05,6.8,1,5,1,1,5,2,5,186.3,61,
9965,100,2026-03-06,7.7,3,6,2,0,5,2,5,188.1,56,
9966,100,2026-03-07,6.5,1,7,4,1,4,2,3,186.5,62,
9967,100,2026-03-08,7.3,3,7,2,0,5,3,5,185.5,57,
9968,100,2026-03-09,5.9,1,8,1,5,4,4,4,186.3,60,
9969,100,2026-03-10,5.9,1,7,3,1,5,4,5,187.1,62,
9970,100,2026-03-11,6.7,2,7,2,1,5,3,5,186.0,62,
9971,100,2026-03-12,5.9,1,6,2,0,5,3,5,189.3,60,
9972,100,2026-03-13,7.0,3,6,0,2,5,1,5,186.1,58,
9973,100,2026-03-14,5.6,1,6,1,3,4,4,5,187.2,59,
9974,100,2026-03-15,7.1,1,7,2,1,5,3,4,187.3,57,
9975,100,2026-03-16,7.0,2,7,2,2,5,5,5,190.1,59,
9976,100,2026-03-17,6.2,2,8,2,1,4,3,5,187.5,59,
9977,100,2026-03-18,7.3,2,9,3,2,4,5,4,189.4,60,
9978,100,2026-03-19,8.0,4,9,1,1,5,3,4,186.7,59,
9979,100,2026-03-20,6.2,1,8,4,2,3,4,4,185.5,59,
9980,100,2026-03-21,6.1,2,9,3,2,5,2,5,185.9,62,
9981,100,2026-03-22,6.0,2,10,1,2,5,3,5,185.7,62,
9982,100,2026-03-23,7.6,3,10,2,2,4,2,5,191.0,62,
9983,100,2026-03-24,7.7,4,10,2,3,5,4,5,184.1,62,
9984,100,2026-03-25,6.8,2,9,2,1,5,3,5,186.5,59,
9985,100,2026-03-26,6.1,2,8,2,1,5,4,5,188.4,59,
9986,100,2026-03-27,6.9,1,8,1,2,5,3,4,184.9,62,
9987,100,2026-03-28,5.1,1,9,2,2,4,2,4,188.0,60,
9988,100,2026-03-29,6.3,1,9,2,2,4,1,4,187.9,62,
9989,100,2026-03-30,6.6,2,9,1,2,5,4,4,187.8,64,
9990,100,2026-03-31,6.2,1,10,4,2,4,3,5,186.8,63,
9991,100,2026-04-01,6.7,1,10,1,2,4,3,5,187.0,61,
9992,100,2026-04-02,6.8,2,9,2,1,5,3,4,187.9,61,
9993,100,2026-04-03,6.2,2,9,2,1,4,2,2,187.0,61,
9994,100,2026-04-04,5.8,1,9,1,1,4,5,4,186.1,62,
9995,100,2026-04-05,6.3,2,9,2,1,3,2,4,186.0,58,
9996,100,2026-04-06,6.7,1,10,2,2,5,3,5,187.7,62,
9997,100,2026-04-07,7.0,2,10,5,1,4,4,4,187.9,60,
9998,100,2026-04-08,6.3,1,10,2,1,4,4,4,187.6,62,
9999,100,2026-04-09,5.9,1,10,2,2,4,2,4,184.0,62,
10000,100,2026-04-10,7.2,1,9,2,3,3,1,3,189.5,60,
