session_id,athlete_id,block_id,session_date,session_type,session_focus,duration_minutes,intensity_rpe,session_load,location,completed,notes
1,1,1,2026-01-01,recovery,Mobility and low-intensity recovery,25,4,100,Gym,1,
2,1,1,2026-01-02,strength,Upper-body strength,44,9,396,Court,1,
3,1,1,2026-01-03,volleyball,Open gym or tournament,64,6,384,Gym,1,
4,1,1,2026-01-04,rest,Full rest day,0,0,0,Gym,1,
5,1,1,2026-01-05,strength,Lower-body strength,54,6,324,Home,1,
6,1,1,2026-01-06,plyometric,Jump power and elasticity,28,6,168,Gym,1,
7,1,1,2026-01-07,volleyball,Skill practice and gameplay,116,8,928,Court,1,
8,1,1,2026-01-08,recovery,Mobility and low-intensity recovery,51,3,153,Court,1,
9,1,1,2026-01-09,strength,Upper-body strength,85,8,680,Home,1,
10,1,1,2026-01-10,volleyball,Open gym or tournament,75,7,525,Court,1,
11,1,1,2026-01-11,rest,Full rest day,0,0,0,Track,1,
12,1,1,2026-01-12,strength,Lower-body strength,58,8,464,Home,1,
13,1,1,2026-01-13,plyometric,Jump power and elasticity,29,6,174,Court,1,
14,1,1,2026-01-14,volleyball,Skill practice and gameplay,82,7,574,Court,1,
15,1,1,2026-01-15,recovery,Mobility and low-intensity recovery,35,2,70,Track,1,
16,1,1,2026-01-16,strength,Upper-body strength,64,7,448,Home,1,
17,1,1,2026-01-17,volleyball,Open gym or tournament,78,9,702,Track,1,
18,1,1,2026-01-18,rest,Full rest day,0,0,0,Home,1,
19,1,1,2026-01-19,strength,Lower-body strength,49,7,343,Home,1,
20,1,1,2026-01-20,plyometric,Jump power and elasticity,45,8,360,Gym,1,
21,1,1,2026-01-21,volleyball,Skill practice and gameplay,78,6,468,Court,1,
22,1,1,2026-01-22,recovery,Mobility and low-intensity recovery,46,1,46,Court,1,
23,1,1,2026-01-23,strength,Upper-body strength,51,6,306,Gym,1,
24,1,1,2026-01-24,volleyball,Open gym or tournament,88,9,792,Track,1,
25,1,1,2026-01-25,rest,Full rest day,0,0,0,Gym,1,
26,1,2,2026-01-26,strength,Lower-body strength,70,7,490,Court,1,
27,1,2,2026-01-27,plyometric,Jump power and elasticity,49,7,343,Court,1,
28,1,2,2026-01-28,volleyball,Skill practice and gameplay,87,7,609,Gym,1,
29,1,2,2026-01-29,recovery,Mobility and low-intensity recovery,34,3,102,Gym,1,
30,1,2,2026-01-30,strength,Upper-body strength,70,7,490,Gym,1,
31,1,2,2026-01-31,volleyball,Open gym or tournament,111,7,777,Court,1,
32,1,2,2026-02-01,rest,Full rest day,0,0,0,Gym,1,
33,1,2,2026-02-02,strength,Lower-body strength,67,7,469,Gym,1,
34,1,2,2026-02-03,plyometric,Jump power and elasticity,36,7,252,Track,1,
35,1,2,2026-02-04,volleyball,Skill practice and gameplay,112,7,784,Gym,1,
36,1,2,2026-02-05,recovery,Mobility and low-intensity recovery,45,3,135,Court,1,
37,1,2,2026-02-06,strength,Upper-body strength,51,8,408,Track,1,
38,1,2,2026-02-07,volleyball,Open gym or tournament,41,5,205,Home,1,
39,1,2,2026-02-08,rest,Full rest day,0,0,0,Court,1,
40,1,2,2026-02-09,strength,Lower-body strength,79,7,553,Court,1,
41,1,2,2026-02-10,plyometric,Jump power and elasticity,41,8,328,Home,1,
42,1,2,2026-02-11,volleyball,Skill practice and gameplay,139,8,1112,Court,1,
43,1,2,2026-02-12,recovery,Mobility and low-intensity recovery,33,3,99,Home,1,
44,1,2,2026-02-13,strength,Upper-body strength,71,6,426,Home,1,
45,1,2,2026-02-14,volleyball,Open gym or tournament,120,4,480,Court,1,
46,1,2,2026-02-15,rest,Full rest day,0,0,0,Gym,1,
47,1,2,2026-02-16,strength,Lower-body strength,87,8,696,Gym,1,
48,1,2,2026-02-17,plyometric,Jump power and elasticity,53,7,371,Home,1,
49,1,2,2026-02-18,volleyball,Skill practice and gameplay,130,7,910,Track,1,
50,1,2,2026-02-19,recovery,Mobility and low-intensity recovery,34,3,102,Home,1,
51,1,3,2026-02-20,strength,Upper-body strength,75,8,600,Home,1,
52,1,3,2026-02-21,volleyball,Open gym or tournament,111,7,777,Home,1,
53,1,3,2026-02-22,rest,Full rest day,0,0,0,Gym,1,
54,1,3,2026-02-23,strength,Lower-body strength,63,7,441,Gym,1,
55,1,3,2026-02-24,rest,Full rest day,0,0,0,Gym,1,
56,1,3,2026-02-25,rest,Full rest day,0,0,0,Home,1,
57,1,3,2026-02-26,recovery,Mobility and low-intensity recovery,32,2,64,Track,1,
58,1,3,2026-02-27,strength,Upper-body strength,63,8,504,Gym,1,
59,1,3,2026-02-28,volleyball,Open gym or tournament,162,6,972,Court,1,
60,1,3,2026-03-01,rest,Full rest day,0,0,0,Court,1,
61,1,3,2026-03-02,strength,Lower-body strength,56,8,448,Court,1,
62,1,3,2026-03-03,rest,Full rest day,0,0,0,Home,1,
63,1,3,2026-03-04,volleyball,Skill practice and gameplay,97,5,485,Court,1,
64,1,3,2026-03-05,recovery,Mobility and low-intensity recovery,32,3,96,Home,1,
65,1,3,2026-03-06,strength,Upper-body strength,87,6,522,Court,1,
66,1,3,2026-03-07,volleyball,Open gym or tournament,65,8,520,Track,1,
67,1,3,2026-03-08,rest,Full rest day,0,0,0,Home,1,
68,1,3,2026-03-09,strength,Lower-body strength,70,8,560,Court,1,
69,1,3,2026-03-10,plyometric,Jump power and elasticity,35,7,245,Gym,1,
70,1,3,2026-03-11,volleyball,Skill practice and gameplay,91,7,637,Home,1,
71,1,3,2026-03-12,recovery,Mobility and low-intensity recovery,30,4,120,Gym,1,
72,1,3,2026-03-13,strength,Upper-body strength,73,6,438,Gym,1,
73,1,3,2026-03-14,volleyball,Open gym or tournament,92,6,552,Gym,1,
74,1,3,2026-03-15,rest,Full rest day,0,0,0,Gym,1,
75,1,3,2026-03-16,rest,Full rest day,0,0,0,Court,1,
76,1,4,2026-03-17,rest,Full rest day,0,0,0,Court,1,
77,1,4,2026-03-18,volleyball,Skill practice and gameplay,116,7,812,Home,1,
78,1,4,2026-03-19,recovery,Mobility and low-intensity recovery,54,4,216,Home,1,
79,1,4,2026-03-20,strength,Upper-body strength,70,8,560,Home,1,
80,1,4,2026-03-21,volleyball,Open gym or tournament,86,4,344,Court,1,
81,1,4,2026-03-22,rest,Full rest day,0,0,0,Home,1,
82,1,4,2026-03-23,strength,Lower-body strength,54,7,378,Gym,1,
83,1,4,2026-03-24,plyometric,Jump power and elasticity,35,9,315,Court,1,
84,1,4,2026-03-25,volleyball,Skill practice and gameplay,102,8,816,Home,1,
85,1,4,2026-03-26,recovery,Mobility and low-intensity recovery,35,1,35,Gym,1,
86,1,4,2026-03-27,strength,Upper-body strength,59,7,413,Home,1,
87,1,4,2026-03-28,volleyball,Open gym or tournament,66,8,528,Track,1,
88,1,4,2026-03-29,rest,Full rest day,0,0,0,Home,1,
89,1,4,2026-03-30,strength,Lower-body strength,66,6,396,Track,1,
90,1,4,2026-03-31,plyometric,Jump power and elasticity,44,8,352,Home,1,
91,1,4,2026-04-01,volleyball,Skill practice and gameplay,113,7,791,Home,1,
92,1,4,2026-04-02,recovery,Mobility and low-intensity recovery,49,2,98,Court,1,
93,1,4,2026-04-03,strength,Upper-body strength,70,6,420,Court,1,
94,1,4,2026-04-04,volleyball,Open gym or tournament,105,8,840,Track,1,
95,1,4,2026-04-05,rest,Full rest day,0,0,0,Court,1,
96,1,4,2026-04-06,strength,Lower-body strength,84,7,588,Gym,1,
97,1,4,2026-04-07,plyometric,Jump power and elasticity,41,6,246,Gym,1,
98,1,4,2026-04-08,volleyball,Skill practice and gameplay,68,8,544,Track,1,
99,1,4,2026-04-09,recovery,Mobility and low-intensity recovery,38,4,152,Gym,1,
100,1,4,2026-04-10,strength,Upper-body strength,62,8,496,Gym,1,
101,2,5,2026-01-01,rest,Full rest day,0,0,0,Home,1,
102,2,5,2026-01-02,strength,Upper-body strength,46,7,322,Court,1,
103,2,5,2026-01-03,volleyball,Open gym or tournament,117,7,819,Gym,1,
104,2,5,2026-01-04,rest,Full rest day,0,0,0,Gym,1,
105,2,5,2026-01-05,strength,Lower-body strength,73,9,657,Court,1,
106,2,5,2026-01-06,plyometric,Jump power and elasticity,46,6,276,Gym,1,
107,2,5,2026-01-07,volleyball,Skill practice and gameplay,82,9,738,Gym,1,
108,2,5,2026-01-08,recovery,Mobility and low-intensity recovery,48,1,48,Court,1,
109,2,5,2026-01-09,strength,Upper-body strength,59,5,295,Home,1,
110,2,5,2026-01-10,volleyball,Open gym or tournament,155,8,1240,Gym,1,
111,2,5,2026-01-11,rest,Full rest day,0,0,0,Court,1,
112,2,5,2026-01-12,strength,Lower-body strength,64,7,448,Gym,1,
113,2,5,2026-01-13,plyometric,Jump power and elasticity,41,8,328,Gym,1,
114,2,5,2026-01-14,volleyball,Skill practice and gameplay,78,5,390,Home,1,
115,2,5,2026-01-15,recovery,Mobility and low-intensity recovery,17,3,51,Track,1,
116,2,5,2026-01-16,strength,Upper-body strength,75,5,375,Track,1,
117,2,5,2026-01-17,rest,Full rest day,0,0,0,Court,1,
118,2,5,2026-01-18,rest,Full rest day,0,0,0,Track,1,
119,2,5,2026-01-19,strength,Lower-body strength,51,7,357,Court,1,
120,2,5,2026-01-20,plyometric,Jump power and elasticity,53,8,424,Track,1,
121,2,5,2026-01-21,volleyball,Skill practice and gameplay,98,8,784,Home,1,
122,2,5,2026-01-22,recovery,Mobility and low-intensity recovery,42,3,126,Court,1,
123,2,5,2026-01-23,strength,Upper-body strength,56,8,448,Track,1,
124,2,5,2026-01-24,volleyball,Open gym or tournament,76,8,608,Home,1,
125,2,5,2026-01-25,rest,Full rest day,0,0,0,Track,1,
126,2,6,2026-01-26,strength,Lower-body strength,61,8,488,Gym,1,
127,2,6,2026-01-27,plyometric,Jump power and elasticity,50,8,400,Gym,1,
128,2,6,2026-01-28,volleyball,Skill practice and gameplay,96,6,576,Home,1,
129,2,6,2026-01-29,recovery,Mobility and low-intensity recovery,35,2,70,Gym,1,
130,2,6,2026-01-30,strength,Upper-body strength,53,8,424,Gym,1,
131,2,6,2026-01-31,volleyball,Open gym or tournament,94,6,564,Court,1,
132,2,6,2026-02-01,rest,Full rest day,0,0,0,Track,1,
133,2,6,2026-02-02,strength,Lower-body strength,71,7,497,Court,1,
134,2,6,2026-02-03,plyometric,Jump power and elasticity,41,8,328,Track,1,
135,2,6,2026-02-04,volleyball,Skill practice and gameplay,84,7,588,Gym,1,
136,2,6,2026-02-05,rest,Full rest day,0,0,0,Court,1,
137,2,6,2026-02-06,strength,Upper-body strength,58,6,348,Track,1,
138,2,6,2026-02-07,volleyball,Open gym or tournament,72,9,648,Track,1,
139,2,6,2026-02-08,rest,Full rest day,0,0,0,Court,1,
140,2,6,2026-02-09,strength,Lower-body strength,74,7,518,Home,1,
141,2,6,2026-02-10,plyometric,Jump power and elasticity,38,5,190,Track,1,
142,2,6,2026-02-11,volleyball,Skill practice and gameplay,94,7,658,Gym,1,
143,2,6,2026-02-12,recovery,Mobility and low-intensity recovery,29,2,58,Track,1,
144,2,6,2026-02-13,strength,Upper-body strength,75,6,450,Gym,1,
145,2,6,2026-02-14,volleyball,Open gym or tournament,48,8,384,Court,1,
146,2,6,2026-02-15,rest,Full rest day,0,0,0,Track,1,
147,2,6,2026-02-16,strength,Lower-body strength,77,7,539,Gym,1,
148,2,6,2026-02-17,plyometric,Jump power and elasticity,71,5,355,Gym,1,
149,2,6,2026-02-18,volleyball,Skill practice and gameplay,127,9,1143,Court,1,
150,2,6,2026-02-19,recovery,Mobility and low-intensity recovery,27,4,108,Track,1,
151,2,7,2026-02-20,strength,Upper-body strength,56,9,504,Track,1,
152,2,7,2026-02-21,rest,Full rest day,0,0,0,Court,1,
153,2,7,2026-02-22,rest,Full rest day,0,0,0,Track,1,
154,2,7,2026-02-23,strength,Lower-body strength,34,8,272,Court,1,
155,2,7,2026-02-24,plyometric,Jump power and elasticity,36,6,216,Track,1,
156,2,7,2026-02-25,volleyball,Skill practice and gameplay,88,6,528,Home,1,
157,2,7,2026-02-26,recovery,Mobility and low-intensity recovery,41,3,123,Track,1,
158,2,7,2026-02-27,strength,Upper-body strength,79,8,632,Gym,1,
159,2,7,2026-02-28,volleyball,Open gym or tournament,141,6,846,Gym,1,
160,2,7,2026-03-01,rest,Full rest day,0,0,0,Home,1,
161,2,7,2026-03-02,strength,Lower-body strength,49,6,294,Track,1,
162,2,7,2026-03-03,plyometric,Jump power and elasticity,50,6,300,Gym,1,
163,2,7,2026-03-04,volleyball,Skill practice and gameplay,67,9,603,Gym,1,
164,2,7,2026-03-05,recovery,Mobility and low-intensity recovery,44,3,132,Track,1,
165,2,7,2026-03-06,strength,Upper-body strength,54,8,432,Court,1,
166,2,7,2026-03-07,rest,Full rest day,0,0,0,Track,1,
167,2,7,2026-03-08,rest,Full rest day,0,0,0,Court,1,
168,2,7,2026-03-09,strength,Lower-body strength,63,8,504,Home,1,
169,2,7,2026-03-10,plyometric,Jump power and elasticity,45,7,315,Home,1,
170,2,7,2026-03-11,volleyball,Skill practice and gameplay,88,5,440,Gym,1,
171,2,7,2026-03-12,recovery,Mobility and low-intensity recovery,33,2,66,Gym,1,
172,2,7,2026-03-13,strength,Upper-body strength,58,8,464,Gym,1,
173,2,7,2026-03-14,volleyball,Open gym or tournament,89,6,534,Court,1,
174,2,7,2026-03-15,rest,Full rest day,0,0,0,Gym,1,
175,2,7,2026-03-16,rest,Full rest day,0,0,0,Track,1,
176,2,8,2026-03-17,plyometric,Jump power and elasticity,40,7,280,Court,1,
177,2,8,2026-03-18,volleyball,Skill practice and gameplay,129,7,903,Home,1,
178,2,8,2026-03-19,recovery,Mobility and low-intensity recovery,39,4,156,Court,1,
179,2,8,2026-03-20,strength,Upper-body strength,89,5,445,Gym,1,
180,2,8,2026-03-21,volleyball,Open gym or tournament,98,7,686,Track,1,
181,2,8,2026-03-22,rest,Full rest day,0,0,0,Track,1,
182,2,8,2026-03-23,strength,Lower-body strength,63,8,504,Gym,1,
183,2,8,2026-03-24,plyometric,Jump power and elasticity,63,8,504,Track,1,
184,2,8,2026-03-25,volleyball,Skill practice and gameplay,87,9,783,Court,1,
185,2,8,2026-03-26,recovery,Mobility and low-intensity recovery,30,4,120,Court,1,
186,2,8,2026-03-27,strength,Upper-body strength,58,6,348,Gym,1,
187,2,8,2026-03-28,volleyball,Open gym or tournament,107,5,535,Track,1,
188,2,8,2026-03-29,rest,Full rest day,0,0,0,Home,1,
189,2,8,2026-03-30,strength,Lower-body strength,88,8,704,Court,1,
190,2,8,2026-03-31,plyometric,Jump power and elasticity,50,8,400,Court,1,
191,2,8,2026-04-01,volleyball,Skill practice and gameplay,123,9,1107,Court,1,
192,2,8,2026-04-02,recovery,Mobility and low-intensity recovery,46,3,138,Court,1,
193,2,8,2026-04-03,strength,Upper-body strength,55,8,440,Home,1,
194,2,8,2026-04-04,volleyball,Open gym or tournament,127,9,1143,Gym,1,
195,2,8,2026-04-05,rest,Full rest day,0,0,0,Court,1,
196,2,8,2026-04-06,strength,Lower-body strength,69,6,414,Track,1,
197,2,8,2026-04-07,plyometric,Jump power and elasticity,36,6,216,Home,1,
198,2,8,2026-04-08,volleyball,Skill practice and gameplay,89,6,534,Court,1,
199,2,8,2026-04-09,recovery,Mobility and low-intensity recovery,31,4,124,Track,1,
200,2,8,2026-04-10,strength,Upper-body strength,79,9,711,Court,1,
201,3,9,2026-01-01,recovery,Mobility and low-intensity recovery,23,5,115,Gym,1,
202,3,9,2026-01-02,strength,Upper-body strength,70,8,560,Home,1,
203,3,9,2026-01-03,volleyball,Open gym or tournament,110,8,880,Gym,1,
204,3,9,2026-01-04,rest,Full rest day,0,0,0,Home,1,
205,3,9,2026-01-05,strength,Lower-body strength,72,7,504,Court,1,
206,3,9,2026-01-06,plyometric,Jump power and elasticity,46,6,276,Court,1,
207,3,9,2026-01-07,volleyball,Skill practice and gameplay,112,7,784,Home,1,
208,3,9,2026-01-08,recovery,Mobility and low-intensity recovery,38,3,114,Track,1,
209,3,9,2026-01-09,rest,Full rest day,0,0,0,Track,1,
210,3,9,2026-01-10,rest,Full rest day,0,0,0,Court,1,
211,3,9,2026-01-11,rest,Full rest day,0,0,0,Court,1,
212,3,9,2026-01-12,strength,Lower-body strength,81,6,486,Gym,1,
213,3,9,2026-01-13,plyometric,Jump power and elasticity,38,7,266,Court,1,
214,3,9,2026-01-14,volleyball,Skill practice and gameplay,78,9,702,Home,1,
215,3,9,2026-01-15,recovery,Mobility and low-intensity recovery,20,5,100,Track,1,
216,3,9,2026-01-16,rest,Full rest day,0,0,0,Track,1,
217,3,9,2026-01-17,volleyball,Open gym or tournament,91,5,455,Gym,1,
218,3,9,2026-01-18,rest,Full rest day,0,0,0,Track,1,
219,3,9,2026-01-19,strength,Lower-body strength,44,5,220,Track,1,
220,3,9,2026-01-20,plyometric,Jump power and elasticity,30,7,210,Home,1,
221,3,9,2026-01-21,volleyball,Skill practice and gameplay,67,7,469,Track,1,
222,3,9,2026-01-22,recovery,Mobility and low-intensity recovery,41,3,123,Gym,1,
223,3,9,2026-01-23,strength,Upper-body strength,52,7,364,Gym,1,
224,3,9,2026-01-24,volleyball,Open gym or tournament,100,7,700,Track,1,
225,3,9,2026-01-25,rest,Full rest day,0,0,0,Court,1,
226,3,10,2026-01-26,strength,Lower-body strength,67,7,469,Track,1,
227,3,10,2026-01-27,plyometric,Jump power and elasticity,45,5,225,Gym,1,
228,3,10,2026-01-28,volleyball,Skill practice and gameplay,135,7,945,Gym,1,
229,3,10,2026-01-29,rest,Full rest day,0,0,0,Home,1,
230,3,10,2026-01-30,strength,Upper-body strength,54,6,324,Track,1,
231,3,10,2026-01-31,volleyball,Open gym or tournament,94,6,564,Track,1,
232,3,10,2026-02-01,rest,Full rest day,0,0,0,Home,1,
233,3,10,2026-02-02,strength,Lower-body strength,64,7,448,Gym,1,
234,3,10,2026-02-03,plyometric,Jump power and elasticity,38,7,266,Home,1,
235,3,10,2026-02-04,volleyball,Skill practice and gameplay,112,7,784,Court,1,
236,3,10,2026-02-05,rest,Full rest day,0,0,0,Track,1,
237,3,10,2026-02-06,strength,Upper-body strength,27,6,162,Gym,1,
238,3,10,2026-02-07,volleyball,Open gym or tournament,99,6,594,Home,1,
239,3,10,2026-02-08,rest,Full rest day,0,0,0,Gym,1,
240,3,10,2026-02-09,strength,Lower-body strength,91,8,728,Court,1,
241,3,10,2026-02-10,plyometric,Jump power and elasticity,44,7,308,Track,1,
242,3,10,2026-02-11,volleyball,Skill practice and gameplay,141,7,987,Home,1,
243,3,10,2026-02-12,recovery,Mobility and low-intensity recovery,26,1,26,Gym,1,
244,3,10,2026-02-13,strength,Upper-body strength,40,7,280,Track,1,
245,3,10,2026-02-14,volleyball,Open gym or tournament,71,6,426,Track,1,
246,3,10,2026-02-15,rest,Full rest day,0,0,0,Gym,1,
247,3,10,2026-02-16,strength,Lower-body strength,61,7,427,Track,1,
248,3,10,2026-02-17,plyometric,Jump power and elasticity,41,9,369,Track,1,
249,3,10,2026-02-18,volleyball,Skill practice and gameplay,97,6,582,Home,1,
250,3,10,2026-02-19,recovery,Mobility and low-intensity recovery,22,3,66,Track,1,
251,3,11,2026-02-20,strength,Upper-body strength,62,7,434,Home,1,
252,3,11,2026-02-21,volleyball,Open gym or tournament,100,5,500,Track,1,
253,3,11,2026-02-22,rest,Full rest day,0,0,0,Court,1,
254,3,11,2026-02-23,strength,Lower-body strength,51,6,306,Court,1,
255,3,11,2026-02-24,plyometric,Jump power and elasticity,39,7,273,Home,1,
256,3,11,2026-02-25,volleyball,Skill practice and gameplay,119,7,833,Home,1,
257,3,11,2026-02-26,recovery,Mobility and low-intensity recovery,30,3,90,Court,1,
258,3,11,2026-02-27,strength,Upper-body strength,78,6,468,Track,1,
259,3,11,2026-02-28,volleyball,Open gym or tournament,126,5,630,Home,1,
260,3,11,2026-03-01,rest,Full rest day,0,0,0,Gym,1,
261,3,11,2026-03-02,rest,Full rest day,0,0,0,Track,1,
262,3,11,2026-03-03,plyometric,Jump power and elasticity,45,6,270,Track,1,
263,3,11,2026-03-04,volleyball,Skill practice and gameplay,107,7,749,Court,1,
264,3,11,2026-03-05,recovery,Mobility and low-intensity recovery,22,2,44,Home,1,
265,3,11,2026-03-06,strength,Upper-body strength,89,7,623,Track,1,
266,3,11,2026-03-07,volleyball,Open gym or tournament,92,5,460,Home,1,
267,3,11,2026-03-08,rest,Full rest day,0,0,0,Home,1,
268,3,11,2026-03-09,strength,Lower-body strength,85,7,595,Home,1,
269,3,11,2026-03-10,plyometric,Jump power and elasticity,42,9,378,Court,1,
270,3,11,2026-03-11,volleyball,Skill practice and gameplay,102,7,714,Home,1,
271,3,11,2026-03-12,recovery,Mobility and low-intensity recovery,30,3,90,Court,1,
272,3,11,2026-03-13,rest,Full rest day,0,0,0,Gym,1,
273,3,11,2026-03-14,volleyball,Open gym or tournament,105,5,525,Track,1,
274,3,11,2026-03-15,rest,Full rest day,0,0,0,Track,1,
275,3,11,2026-03-16,strength,Lower-body strength,74,9,666,Gym,1,
276,3,12,2026-03-17,plyometric,Jump power and elasticity,34,7,238,Court,1,
277,3,12,2026-03-18,volleyball,Skill practice and gameplay,83,8,664,Track,1,
278,3,12,2026-03-19,recovery,Mobility and low-intensity recovery,46,4,184,Court,1,
279,3,12,2026-03-20,strength,Upper-body strength,58,7,406,Court,1,
280,3,12,2026-03-21,volleyball,Open gym or tournament,109,7,763,Court,1,
281,3,12,2026-03-22,rest,Full rest day,0,0,0,Gym,1,
282,3,12,2026-03-23,strength,Lower-body strength,49,7,343,Gym,1,
283,3,12,2026-03-24,plyometric,Jump power and elasticity,36,8,288,Court,1,
284,3,12,2026-03-25,volleyball,Skill practice and gameplay,86,5,430,Home,1,
285,3,12,2026-03-26,recovery,Mobility and low-intensity recovery,43,2,86,Gym,1,
286,3,12,2026-03-27,strength,Upper-body strength,56,7,392,Home,1,
287,3,12,2026-03-28,volleyball,Open gym or tournament,91,6,546,Home,1,
288,3,12,2026-03-29,rest,Full rest day,0,0,0,Court,1,
289,3,12,2026-03-30,strength,Lower-body strength,65,6,390,Home,1,
290,3,12,2026-03-31,plyometric,Jump power and elasticity,39,7,273,Home,1,
291,3,12,2026-04-01,volleyball,Skill practice and gameplay,89,8,712,Home,1,
292,3,12,2026-04-02,rest,Full rest day,0,0,0,Court,1,
293,3,12,2026-04-03,strength,Upper-body strength,44,6,264,Court,1,
294,3,12,2026-04-04,volleyball,Open gym or tournament,67,6,402,Gym,1,
295,3,12,2026-04-05,rest,Full rest day,0,0,0,Gym,1,
296,3,12,2026-04-06,strength,Lower-body strength,61,8,488,Home,1,
297,3,12,2026-04-07,rest,Full rest day,0,0,0,Court,1,
298,3,12,2026-04-08,volleyball,Skill practice and gameplay,143,7,1001,Court,1,
299,3,12,2026-04-09,recovery,Mobility and low-intensity recovery,34,3,102,Home,1,
300,3,12,2026-04-10,strength,Upper-body strength,60,8,480,Gym,1,
301,4,13,2026-01-01,recovery,Mobility and low-intensity recovery,31,1,31,Court,1,
302,4,13,2026-01-02,strength,Upper-body strength,72,9,648,Gym,1,
303,4,13,2026-01-03,volleyball,Open gym or tournament,90,6,540,Home,1,
304,4,13,2026-01-04,rest,Full rest day,0,0,0,Court,1,
305,4,13,2026-01-05,strength,Lower-body strength,69,8,552,Home,1,
306,4,13,2026-01-06,plyometric,Jump power and elasticity,48,7,336,Track,1,
307,4,13,2026-01-07,volleyball,Skill practice and gameplay,105,6,630,Home,1,
308,4,13,2026-01-08,recovery,Mobility and low-intensity recovery,47,2,94,Home,1,
309,4,13,2026-01-09,strength,Upper-body strength,47,7,329,Home,1,
310,4,13,2026-01-10,volleyball,Open gym or tournament,103,8,824,Court,1,
311,4,13,2026-01-11,rest,Full rest day,0,0,0,Home,1,
312,4,13,2026-01-12,strength,Lower-body strength,57,9,513,Home,1,
313,4,13,2026-01-13,plyometric,Jump power and elasticity,38,6,228,Track,1,
314,4,13,2026-01-14,volleyball,Skill practice and gameplay,89,7,623,Court,1,
315,4,13,2026-01-15,recovery,Mobility and low-intensity recovery,40,4,160,Track,1,
316,4,13,2026-01-16,strength,Upper-body strength,59,7,413,Home,1,
317,4,13,2026-01-17,volleyball,Open gym or tournament,113,8,904,Court,1,
318,4,13,2026-01-18,rest,Full rest day,0,0,0,Track,1,
319,4,13,2026-01-19,strength,Lower-body strength,56,8,448,Home,1,
320,4,13,2026-01-20,plyometric,Jump power and elasticity,41,6,246,Gym,1,
321,4,13,2026-01-21,volleyball,Skill practice and gameplay,49,7,343,Track,1,
322,4,13,2026-01-22,recovery,Mobility and low-intensity recovery,46,4,184,Court,1,
323,4,13,2026-01-23,strength,Upper-body strength,51,6,306,Track,1,
324,4,13,2026-01-24,volleyball,Open gym or tournament,115,8,920,Track,1,
325,4,13,2026-01-25,rest,Full rest day,0,0,0,Track,1,
326,4,14,2026-01-26,strength,Lower-body strength,86,7,602,Gym,1,
327,4,14,2026-01-27,plyometric,Jump power and elasticity,48,7,336,Court,1,
328,4,14,2026-01-28,volleyball,Skill practice and gameplay,90,9,810,Court,1,
329,4,14,2026-01-29,recovery,Mobility and low-intensity recovery,28,3,84,Court,1,
330,4,14,2026-01-30,strength,Upper-body strength,54,6,324,Home,1,
331,4,14,2026-01-31,volleyball,Open gym or tournament,148,9,1332,Court,1,
332,4,14,2026-02-01,rest,Full rest day,0,0,0,Court,1,
333,4,14,2026-02-02,strength,Lower-body strength,58,7,406,Gym,1,
334,4,14,2026-02-03,plyometric,Jump power and elasticity,25,7,175,Home,1,
335,4,14,2026-02-04,volleyball,Skill practice and gameplay,94,8,752,Home,1,
336,4,14,2026-02-05,rest,Full rest day,0,0,0,Track,1,
337,4,14,2026-02-06,strength,Upper-body strength,64,7,448,Home,1,
338,4,14,2026-02-07,rest,Full rest day,0,0,0,Home,1,
339,4,14,2026-02-08,rest,Full rest day,0,0,0,Gym,1,
340,4,14,2026-02-09,strength,Lower-body strength,76,7,532,Court,1,
341,4,14,2026-02-10,plyometric,Jump power and elasticity,42,7,294,Home,1,
342,4,14,2026-02-11,rest,Full rest day,0,0,0,Home,1,
343,4,14,2026-02-12,recovery,Mobility and low-intensity recovery,22,3,66,Gym,1,
344,4,14,2026-02-13,strength,Upper-body strength,60,7,420,Home,1,
345,4,14,2026-02-14,volleyball,Open gym or tournament,72,7,504,Home,1,
346,4,14,2026-02-15,rest,Full rest day,0,0,0,Gym,1,
347,4,14,2026-02-16,strength,Lower-body strength,63,7,441,Track,1,
348,4,14,2026-02-17,plyometric,Jump power and elasticity,57,7,399,Track,1,
349,4,14,2026-02-18,volleyball,Skill practice and gameplay,79,8,632,Home,1,
350,4,14,2026-02-19,recovery,Mobility and low-intensity recovery,33,3,99,Home,1,
351,4,15,2026-02-20,strength,Upper-body strength,43,5,215,Court,1,
352,4,15,2026-02-21,volleyball,Open gym or tournament,76,9,684,Home,1,
353,4,15,2026-02-22,rest,Full rest day,0,0,0,Court,1,
354,4,15,2026-02-23,strength,Lower-body strength,69,8,552,Track,1,
355,4,15,2026-02-24,plyometric,Jump power and elasticity,44,7,308,Home,1,
356,4,15,2026-02-25,volleyball,Skill practice and gameplay,124,7,868,Home,1,
357,4,15,2026-02-26,recovery,Mobility and low-intensity recovery,42,4,168,Gym,1,
358,4,15,2026-02-27,strength,Upper-body strength,61,6,366,Home,1,
359,4,15,2026-02-28,volleyball,Open gym or tournament,143,9,1287,Track,1,
360,4,15,2026-03-01,rest,Full rest day,0,0,0,Home,1,
361,4,15,2026-03-02,strength,Lower-body strength,69,6,414,Court,1,
362,4,15,2026-03-03,plyometric,Jump power and elasticity,38,7,266,Home,1,
363,4,15,2026-03-04,volleyball,Skill practice and gameplay,114,6,684,Court,1,
364,4,15,2026-03-05,recovery,Mobility and low-intensity recovery,39,2,78,Gym,1,
365,4,15,2026-03-06,rest,Full rest day,0,0,0,Home,1,
366,4,15,2026-03-07,volleyball,Open gym or tournament,87,5,435,Gym,1,
367,4,15,2026-03-08,rest,Full rest day,0,0,0,Gym,1,
368,4,15,2026-03-09,rest,Full rest day,0,0,0,Home,1,
369,4,15,2026-03-10,plyometric,Jump power and elasticity,27,8,216,Court,1,
370,4,15,2026-03-11,rest,Full rest day,0,0,0,Home,1,
371,4,15,2026-03-12,recovery,Mobility and low-intensity recovery,32,4,128,Court,1,
372,4,15,2026-03-13,strength,Upper-body strength,70,7,490,Gym,1,
373,4,15,2026-03-14,volleyball,Open gym or tournament,100,6,600,Track,1,
374,4,15,2026-03-15,rest,Full rest day,0,0,0,Home,1,
375,4,15,2026-03-16,strength,Lower-body strength,74,8,592,Track,1,
376,4,16,2026-03-17,plyometric,Jump power and elasticity,61,8,488,Court,1,
377,4,16,2026-03-18,volleyball,Skill practice and gameplay,65,8,520,Home,1,
378,4,16,2026-03-19,recovery,Mobility and low-intensity recovery,35,4,140,Track,1,
379,4,16,2026-03-20,strength,Upper-body strength,73,5,365,Track,1,
380,4,16,2026-03-21,volleyball,Open gym or tournament,56,5,280,Home,1,
381,4,16,2026-03-22,rest,Full rest day,0,0,0,Track,1,
382,4,16,2026-03-23,strength,Lower-body strength,56,6,336,Home,1,
383,4,16,2026-03-24,plyometric,Jump power and elasticity,28,7,196,Track,1,
384,4,16,2026-03-25,volleyball,Skill practice and gameplay,96,8,768,Gym,1,
385,4,16,2026-03-26,recovery,Mobility and low-intensity recovery,36,3,108,Home,1,
386,4,16,2026-03-27,strength,Upper-body strength,59,6,354,Gym,1,
387,4,16,2026-03-28,volleyball,Open gym or tournament,133,8,1064,Gym,1,
388,4,16,2026-03-29,rest,Full rest day,0,0,0,Track,1,
389,4,16,2026-03-30,strength,Lower-body strength,70,6,420,Court,1,
390,4,16,2026-03-31,plyometric,Jump power and elasticity,30,7,210,Gym,1,
391,4,16,2026-04-01,volleyball,Skill practice and gameplay,97,5,485,Gym,1,
392,4,16,2026-04-02,recovery,Mobility and low-intensity recovery,39,3,117,Gym,1,
393,4,16,2026-04-03,rest,Full rest day,0,0,0,Court,1,
394,4,16,2026-04-04,volleyball,Open gym or tournament,97,7,679,Court,1,
395,4,16,2026-04-05,rest,Full rest day,0,0,0,Gym,1,
396,4,16,2026-04-06,strength,Lower-body strength,61,7,427,Court,1,
397,4,16,2026-04-07,plyometric,Jump power and elasticity,31,9,279,Court,1,
398,4,16,2026-04-08,volleyball,Skill practice and gameplay,115,7,805,Court,1,
399,4,16,2026-04-09,recovery,Mobility and low-intensity recovery,41,1,41,Home,1,
400,4,16,2026-04-10,strength,Upper-body strength,41,7,287,Gym,1,
401,5,17,2026-01-01,recovery,Mobility and low-intensity recovery,33,3,99,Court,1,
402,5,17,2026-01-02,strength,Upper-body strength,45,8,360,Home,1,
403,5,17,2026-01-03,volleyball,Open gym or tournament,103,8,824,Track,1,
404,5,17,2026-01-04,rest,Full rest day,0,0,0,Track,1,
405,5,17,2026-01-05,strength,Lower-body strength,72,8,576,Court,1,
406,5,17,2026-01-06,plyometric,Jump power and elasticity,29,7,203,Gym,1,
407,5,17,2026-01-07,volleyball,Skill practice and gameplay,71,7,497,Court,1,
408,5,17,2026-01-08,recovery,Mobility and low-intensity recovery,44,4,176,Track,1,
409,5,17,2026-01-09,strength,Upper-body strength,33,6,198,Gym,1,
410,5,17,2026-01-10,volleyball,Open gym or tournament,75,7,525,Gym,1,
411,5,17,2026-01-11,rest,Full rest day,0,0,0,Track,1,
412,5,17,2026-01-12,rest,Full rest day,0,0,0,Home,1,
413,5,17,2026-01-13,plyometric,Jump power and elasticity,57,7,399,Home,1,
414,5,17,2026-01-14,volleyball,Skill practice and gameplay,104,6,624,Court,1,
415,5,17,2026-01-15,recovery,Mobility and low-intensity recovery,38,4,152,Gym,1,
416,5,17,2026-01-16,strength,Upper-body strength,53,6,318,Court,1,
417,5,17,2026-01-17,volleyball,Open gym or tournament,79,6,474,Gym,1,
418,5,17,2026-01-18,rest,Full rest day,0,0,0,Track,1,
419,5,17,2026-01-19,strength,Lower-body strength,72,7,504,Gym,1,
420,5,17,2026-01-20,plyometric,Jump power and elasticity,45,7,315,Gym,1,
421,5,17,2026-01-21,volleyball,Skill practice and gameplay,145,9,1305,Track,1,
422,5,17,2026-01-22,recovery,Mobility and low-intensity recovery,35,3,105,Home,1,
423,5,17,2026-01-23,strength,Upper-body strength,58,7,406,Track,1,
424,5,17,2026-01-24,volleyball,Open gym or tournament,80,8,640,Gym,1,
425,5,17,2026-01-25,rest,Full rest day,0,0,0,Track,1,
426,5,18,2026-01-26,strength,Lower-body strength,58,8,464,Gym,1,
427,5,18,2026-01-27,plyometric,Jump power and elasticity,47,9,423,Home,1,
428,5,18,2026-01-28,volleyball,Skill practice and gameplay,108,7,756,Home,1,
429,5,18,2026-01-29,recovery,Mobility and low-intensity recovery,33,4,132,Gym,1,
430,5,18,2026-01-30,strength,Upper-body strength,36,8,288,Home,1,
431,5,18,2026-01-31,volleyball,Open gym or tournament,130,8,1040,Track,1,
432,5,18,2026-02-01,rest,Full rest day,0,0,0,Home,1,
433,5,18,2026-02-02,strength,Lower-body strength,53,6,318,Court,1,
434,5,18,2026-02-03,plyometric,Jump power and elasticity,39,5,195,Home,1,
435,5,18,2026-02-04,volleyball,Skill practice and gameplay,74,8,592,Court,1,
436,5,18,2026-02-05,recovery,Mobility and low-intensity recovery,29,3,87,Track,1,
437,5,18,2026-02-06,rest,Full rest day,0,0,0,Home,1,
438,5,18,2026-02-07,volleyball,Open gym or tournament,99,6,594,Home,1,
439,5,18,2026-02-08,rest,Full rest day,0,0,0,Home,1,
440,5,18,2026-02-09,strength,Lower-body strength,65,8,520,Track,1,
441,5,18,2026-02-10,plyometric,Jump power and elasticity,35,8,280,Track,1,
442,5,18,2026-02-11,volleyball,Skill practice and gameplay,61,6,366,Court,1,
443,5,18,2026-02-12,recovery,Mobility and low-intensity recovery,31,2,62,Gym,1,
444,5,18,2026-02-13,strength,Upper-body strength,61,6,366,Track,1,
445,5,18,2026-02-14,volleyball,Open gym or tournament,87,8,696,Home,1,
446,5,18,2026-02-15,rest,Full rest day,0,0,0,Court,1,
447,5,18,2026-02-16,strength,Lower-body strength,60,8,480,Home,1,
448,5,18,2026-02-17,plyometric,Jump power and elasticity,37,7,259,Home,1,
449,5,18,2026-02-18,volleyball,Skill practice and gameplay,105,9,945,Track,1,
450,5,18,2026-02-19,recovery,Mobility and low-intensity recovery,38,3,114,Gym,1,
451,5,19,2026-02-20,strength,Upper-body strength,65,6,390,Home,1,
452,5,19,2026-02-21,volleyball,Open gym or tournament,83,6,498,Track,1,
453,5,19,2026-02-22,rest,Full rest day,0,0,0,Court,1,
454,5,19,2026-02-23,strength,Lower-body strength,68,5,340,Home,1,
455,5,19,2026-02-24,plyometric,Jump power and elasticity,45,7,315,Court,1,
456,5,19,2026-02-25,volleyball,Skill practice and gameplay,92,6,552,Track,1,
457,5,19,2026-02-26,rest,Full rest day,0,0,0,Track,1,
458,5,19,2026-02-27,strength,Upper-body strength,63,6,378,Track,1,
459,5,19,2026-02-28,volleyball,Open gym or tournament,76,8,608,Track,1,
460,5,19,2026-03-01,rest,Full rest day,0,0,0,Track,1,
461,5,19,2026-03-02,strength,Lower-body strength,78,8,624,Gym,1,
462,5,19,2026-03-03,plyometric,Jump power and elasticity,64,8,512,Court,1,
463,5,19,2026-03-04,volleyball,Skill practice and gameplay,109,6,654,Gym,1,
464,5,19,2026-03-05,recovery,Mobility and low-intensity recovery,40,2,80,Court,1,
465,5,19,2026-03-06,strength,Upper-body strength,60,7,420,Home,1,
466,5,19,2026-03-07,volleyball,Open gym or tournament,86,8,688,Home,1,
467,5,19,2026-03-08,rest,Full rest day,0,0,0,Court,1,
468,5,19,2026-03-09,strength,Lower-body strength,48,6,288,Home,1,
469,5,19,2026-03-10,plyometric,Jump power and elasticity,39,7,273,Home,1,
470,5,19,2026-03-11,volleyball,Skill practice and gameplay,103,9,927,Home,1,
471,5,19,2026-03-12,recovery,Mobility and low-intensity recovery,38,3,114,Gym,1,
472,5,19,2026-03-13,strength,Upper-body strength,65,8,520,Gym,1,
473,5,19,2026-03-14,volleyball,Open gym or tournament,87,6,522,Track,1,
474,5,19,2026-03-15,rest,Full rest day,0,0,0,Court,1,
475,5,19,2026-03-16,strength,Lower-body strength,56,7,392,Home,1,
476,5,20,2026-03-17,plyometric,Jump power and elasticity,46,6,276,Court,1,
477,5,20,2026-03-18,volleyball,Skill practice and gameplay,115,8,920,Track,1,
478,5,20,2026-03-19,recovery,Mobility and low-intensity recovery,28,2,56,Track,1,
479,5,20,2026-03-20,strength,Upper-body strength,70,8,560,Home,1,
480,5,20,2026-03-21,volleyball,Open gym or tournament,110,7,770,Track,1,
481,5,20,2026-03-22,rest,Full rest day,0,0,0,Home,1,
482,5,20,2026-03-23,strength,Lower-body strength,76,8,608,Track,1,
483,5,20,2026-03-24,plyometric,Jump power and elasticity,38,6,228,Track,1,
484,5,20,2026-03-25,volleyball,Skill practice and gameplay,85,7,595,Home,1,
485,5,20,2026-03-26,recovery,Mobility and low-intensity recovery,36,3,108,Track,1,
486,5,20,2026-03-27,strength,Upper-body strength,65,6,390,Track,1,
487,5,20,2026-03-28,volleyball,Open gym or tournament,131,6,786,Track,1,
488,5,20,2026-03-29,rest,Full rest day,0,0,0,Court,1,
489,5,20,2026-03-30,strength,Lower-body strength,69,6,414,Gym,1,
490,5,20,2026-03-31,plyometric,Jump power and elasticity,49,8,392,Court,1,
491,5,20,2026-04-01,volleyball,Skill practice and gameplay,86,7,602,Track,1,
492,5,20,2026-04-02,recovery,Mobility and low-intensity recovery,13,3,39,Gym,1,
493,5,20,2026-04-03,strength,Upper-body strength,73,6,438,Court,1,
494,5,20,2026-04-04,volleyball,Open gym or tournament,68,8,544,Court,1,
495,5,20,2026-04-05,rest,Full rest day,0,0,0,Court,1,
496,5,20,2026-04-06,strength,Lower-body strength,59,6,354,Home,1,
497,5,20,2026-04-07,plyometric,Jump power and elasticity,52,7,364,Track,1,
498,5,20,2026-04-08,volleyball,Skill practice and gameplay,88,7,616,Track,1,
499,5,20,2026-04-09,recovery,Mobility and low-intensity recovery,38,5,190,Gym,1,
500,5,20,2026-04-10,strength,Upper-body strength,40,7,280,Court,1,
501,6,21,2026-01-01,recovery,Mobility and low-intensity recovery,33,4,132,Track,1,
502,6,21,2026-01-02,strength,Upper-body strength,67,7,469,Court,1,
503,6,21,2026-01-03,volleyball,Open gym or tournament,88,7,616,Track,1,
504,6,21,2026-01-04,rest,Full rest day,0,0,0,Court,1,
505,6,21,2026-01-05,strength,Lower-body strength,75,8,600,Track,1,
506,6,21,2026-01-06,plyometric,Jump power and elasticity,62,8,496,Gym,1,
507,6,21,2026-01-07,volleyball,Skill practice and gameplay,95,8,760,Court,1,
508,6,21,2026-01-08,recovery,Mobility and low-intensity recovery,29,3,87,Track,1,
509,6,21,2026-01-09,strength,Upper-body strength,64,7,448,Gym,1,
510,6,21,2026-01-10,volleyball,Open gym or tournament,115,7,805,Gym,1,
511,6,21,2026-01-11,rest,Full rest day,0,0,0,Track,1,
512,6,21,2026-01-12,strength,Lower-body strength,59,7,413,Court,1,
513,6,21,2026-01-13,plyometric,Jump power and elasticity,34,8,272,Home,1,
514,6,21,2026-01-14,volleyball,Skill practice and gameplay,112,7,784,Gym,1,
515,6,21,2026-01-15,recovery,Mobility and low-intensity recovery,31,3,93,Gym,1,
516,6,21,2026-01-16,rest,Full rest day,0,0,0,Track,1,
517,6,21,2026-01-17,volleyball,Open gym or tournament,110,8,880,Home,1,
518,6,21,2026-01-18,rest,Full rest day,0,0,0,Home,1,
519,6,21,2026-01-19,strength,Lower-body strength,50,9,450,Home,1,
520,6,21,2026-01-20,plyometric,Jump power and elasticity,42,9,378,Track,1,
521,6,21,2026-01-21,volleyball,Skill practice and gameplay,86,5,430,Court,1,
522,6,21,2026-01-22,recovery,Mobility and low-intensity recovery,27,3,81,Gym,1,
523,6,21,2026-01-23,strength,Upper-body strength,58,7,406,Track,1,
524,6,21,2026-01-24,volleyball,Open gym or tournament,84,7,588,Home,1,
525,6,21,2026-01-25,rest,Full rest day,0,0,0,Gym,1,
526,6,22,2026-01-26,strength,Lower-body strength,59,7,413,Gym,1,
527,6,22,2026-01-27,plyometric,Jump power and elasticity,57,8,456,Home,1,
528,6,22,2026-01-28,volleyball,Skill practice and gameplay,111,8,888,Home,1,
529,6,22,2026-01-29,recovery,Mobility and low-intensity recovery,39,4,156,Gym,1,
530,6,22,2026-01-30,strength,Upper-body strength,68,8,544,Gym,1,
531,6,22,2026-01-31,volleyball,Open gym or tournament,106,7,742,Court,1,
532,6,22,2026-02-01,rest,Full rest day,0,0,0,Court,1,
533,6,22,2026-02-02,strength,Lower-body strength,59,8,472,Track,1,
534,6,22,2026-02-03,plyometric,Jump power and elasticity,48,7,336,Gym,1,
535,6,22,2026-02-04,volleyball,Skill practice and gameplay,77,7,539,Court,1,
536,6,22,2026-02-05,recovery,Mobility and low-intensity recovery,34,4,136,Gym,1,
537,6,22,2026-02-06,strength,Upper-body strength,79,6,474,Home,1,
538,6,22,2026-02-07,volleyball,Open gym or tournament,88,5,440,Court,1,
539,6,22,2026-02-08,rest,Full rest day,0,0,0,Home,1,
540,6,22,2026-02-09,strength,Lower-body strength,62,7,434,Home,1,
541,6,22,2026-02-10,plyometric,Jump power and elasticity,32,5,160,Home,1,
542,6,22,2026-02-11,volleyball,Skill practice and gameplay,114,7,798,Track,1,
543,6,22,2026-02-12,recovery,Mobility and low-intensity recovery,52,4,208,Home,1,
544,6,22,2026-02-13,rest,Full rest day,0,0,0,Track,1,
545,6,22,2026-02-14,volleyball,Open gym or tournament,105,6,630,Gym,1,
546,6,22,2026-02-15,rest,Full rest day,0,0,0,Gym,1,
547,6,22,2026-02-16,strength,Lower-body strength,53,7,371,Court,1,
548,6,22,2026-02-17,plyometric,Jump power and elasticity,33,8,264,Court,1,
549,6,22,2026-02-18,volleyball,Skill practice and gameplay,106,8,848,Track,1,
550,6,22,2026-02-19,recovery,Mobility and low-intensity recovery,42,4,168,Gym,1,
551,6,23,2026-02-20,strength,Upper-body strength,46,9,414,Court,1,
552,6,23,2026-02-21,rest,Full rest day,0,0,0,Court,1,
553,6,23,2026-02-22,rest,Full rest day,0,0,0,Court,1,
554,6,23,2026-02-23,strength,Lower-body strength,67,6,402,Gym,1,
555,6,23,2026-02-24,plyometric,Jump power and elasticity,49,7,343,Court,1,
556,6,23,2026-02-25,volleyball,Skill practice and gameplay,100,8,800,Gym,1,
557,6,23,2026-02-26,recovery,Mobility and low-intensity recovery,32,2,64,Home,1,
558,6,23,2026-02-27,strength,Upper-body strength,69,9,621,Home,1,
559,6,23,2026-02-28,volleyball,Open gym or tournament,92,7,644,Home,1,
560,6,23,2026-03-01,rest,Full rest day,0,0,0,Track,1,
561,6,23,2026-03-02,strength,Lower-body strength,66,8,528,Gym,1,
562,6,23,2026-03-03,plyometric,Jump power and elasticity,49,7,343,Court,1,
563,6,23,2026-03-04,rest,Full rest day,0,0,0,Track,1,
564,6,23,2026-03-05,rest,Full rest day,0,0,0,Track,1,
565,6,23,2026-03-06,rest,Full rest day,0,0,0,Home,1,
566,6,23,2026-03-07,volleyball,Open gym or tournament,57,5,285,Gym,1,
567,6,23,2026-03-08,rest,Full rest day,0,0,0,Court,1,
568,6,23,2026-03-09,strength,Lower-body strength,57,8,456,Track,1,
569,6,23,2026-03-10,rest,Full rest day,0,0,0,Court,1,
570,6,23,2026-03-11,volleyball,Skill practice and gameplay,101,8,808,Home,1,
571,6,23,2026-03-12,recovery,Mobility and low-intensity recovery,38,3,114,Gym,1,
572,6,23,2026-03-13,strength,Upper-body strength,59,6,354,Court,1,
573,6,23,2026-03-14,volleyball,Open gym or tournament,65,6,390,Court,1,
574,6,23,2026-03-15,rest,Full rest day,0,0,0,Track,1,
575,6,23,2026-03-16,strength,Lower-body strength,63,7,441,Court,1,
576,6,24,2026-03-17,rest,Full rest day,0,0,0,Gym,1,
577,6,24,2026-03-18,volleyball,Skill practice and gameplay,89,8,712,Gym,1,
578,6,24,2026-03-19,recovery,Mobility and low-intensity recovery,24,3,72,Court,1,
579,6,24,2026-03-20,strength,Upper-body strength,55,8,440,Track,1,
580,6,24,2026-03-21,volleyball,Open gym or tournament,113,9,1017,Track,1,
581,6,24,2026-03-22,rest,Full rest day,0,0,0,Home,1,
582,6,24,2026-03-23,strength,Lower-body strength,56,8,448,Gym,1,
583,6,24,2026-03-24,plyometric,Jump power and elasticity,26,6,156,Home,1,
584,6,24,2026-03-25,volleyball,Skill practice and gameplay,87,7,609,Track,1,
585,6,24,2026-03-26,recovery,Mobility and low-intensity recovery,34,4,136,Home,1,
586,6,24,2026-03-27,strength,Upper-body strength,62,9,558,Track,1,
587,6,24,2026-03-28,volleyball,Open gym or tournament,83,7,581,Home,1,
588,6,24,2026-03-29,rest,Full rest day,0,0,0,Home,1,
589,6,24,2026-03-30,strength,Lower-body strength,60,8,480,Gym,1,
590,6,24,2026-03-31,rest,Full rest day,0,0,0,Gym,1,
591,6,24,2026-04-01,volleyball,Skill practice and gameplay,78,6,468,Home,1,
592,6,24,2026-04-02,recovery,Mobility and low-intensity recovery,29,3,87,Track,1,
593,6,24,2026-04-03,strength,Upper-body strength,64,8,512,Track,1,
594,6,24,2026-04-04,volleyball,Open gym or tournament,97,6,582,Gym,1,
595,6,24,2026-04-05,rest,Full rest day,0,0,0,Gym,1,
596,6,24,2026-04-06,rest,Full rest day,0,0,0,Court,1,
597,6,24,2026-04-07,plyometric,Jump power and elasticity,40,7,280,Gym,1,
598,6,24,2026-04-08,volleyball,Skill practice and gameplay,98,5,490,Track,1,
599,6,24,2026-04-09,recovery,Mobility and low-intensity recovery,40,2,80,Gym,1,
600,6,24,2026-04-10,strength,Upper-body strength,80,7,560,Court,1,
601,7,25,2026-01-01,recovery,Mobility and low-intensity recovery,44,1,44,Home,1,
602,7,25,2026-01-02,strength,Upper-body strength,60,8,480,Home,1,
603,7,25,2026-01-03,volleyball,Open gym or tournament,72,6,432,Track,1,
604,7,25,2026-01-04,rest,Full rest day,0,0,0,Court,1,
605,7,25,2026-01-05,strength,Lower-body strength,52,8,416,Home,1,
606,7,25,2026-01-06,plyometric,Jump power and elasticity,45,7,315,Home,1,
607,7,25,2026-01-07,volleyball,Skill practice and gameplay,81,7,567,Gym,1,
608,7,25,2026-01-08,recovery,Mobility and low-intensity recovery,37,3,111,Home,1,
609,7,25,2026-01-09,strength,Upper-body strength,72,6,432,Track,1,
610,7,25,2026-01-10,volleyball,Open gym or tournament,118,5,590,Home,1,
611,7,25,2026-01-11,rest,Full rest day,0,0,0,Track,1,
612,7,25,2026-01-12,strength,Lower-body strength,71,7,497,Track,1,
613,7,25,2026-01-13,plyometric,Jump power and elasticity,31,7,217,Gym,1,
614,7,25,2026-01-14,volleyball,Skill practice and gameplay,86,8,688,Court,1,
615,7,25,2026-01-15,recovery,Mobility and low-intensity recovery,29,2,58,Track,1,
616,7,25,2026-01-16,strength,Upper-body strength,69,7,483,Home,1,
617,7,25,2026-01-17,volleyball,Open gym or tournament,140,8,1120,Home,1,
618,7,25,2026-01-18,rest,Full rest day,0,0,0,Track,1,
619,7,25,2026-01-19,strength,Lower-body strength,81,7,567,Home,1,
620,7,25,2026-01-20,plyometric,Jump power and elasticity,48,7,336,Gym,1,
621,7,25,2026-01-21,rest,Full rest day,0,0,0,Home,1,
622,7,25,2026-01-22,recovery,Mobility and low-intensity recovery,19,1,19,Gym,1,
623,7,25,2026-01-23,strength,Upper-body strength,74,7,518,Track,1,
624,7,25,2026-01-24,volleyball,Open gym or tournament,103,6,618,Track,1,
625,7,25,2026-01-25,rest,Full rest day,0,0,0,Track,1,
626,7,26,2026-01-26,strength,Lower-body strength,63,6,378,Gym,1,
627,7,26,2026-01-27,plyometric,Jump power and elasticity,38,5,190,Home,1,
628,7,26,2026-01-28,volleyball,Skill practice and gameplay,97,8,776,Gym,1,
629,7,26,2026-01-29,recovery,Mobility and low-intensity recovery,35,4,140,Home,1,
630,7,26,2026-01-30,strength,Upper-body strength,57,6,342,Home,1,
631,7,26,2026-01-31,volleyball,Open gym or tournament,68,8,544,Gym,1,
632,7,26,2026-02-01,rest,Full rest day,0,0,0,Court,1,
633,7,26,2026-02-02,strength,Lower-body strength,70,7,490,Track,1,
634,7,26,2026-02-03,plyometric,Jump power and elasticity,37,7,259,Home,1,
635,7,26,2026-02-04,volleyball,Skill practice and gameplay,112,8,896,Home,1,
636,7,26,2026-02-05,recovery,Mobility and low-intensity recovery,35,4,140,Gym,1,
637,7,26,2026-02-06,strength,Upper-body strength,44,6,264,Court,1,
638,7,26,2026-02-07,volleyball,Open gym or tournament,117,6,702,Track,1,
639,7,26,2026-02-08,rest,Full rest day,0,0,0,Court,1,
640,7,26,2026-02-09,strength,Lower-body strength,76,7,532,Track,1,
641,7,26,2026-02-10,plyometric,Jump power and elasticity,32,6,192,Home,1,
642,7,26,2026-02-11,volleyball,Skill practice and gameplay,65,7,455,Home,1,
643,7,26,2026-02-12,recovery,Mobility and low-intensity recovery,38,3,114,Gym,1,
644,7,26,2026-02-13,strength,Upper-body strength,68,7,476,Gym,1,
645,7,26,2026-02-14,volleyball,Open gym or tournament,146,5,730,Court,1,
646,7,26,2026-02-15,rest,Full rest day,0,0,0,Court,1,
647,7,26,2026-02-16,rest,Full rest day,0,0,0,Track,1,
648,7,26,2026-02-17,plyometric,Jump power and elasticity,40,7,280,Gym,1,
649,7,26,2026-02-18,volleyball,Skill practice and gameplay,76,8,608,Home,1,
650,7,26,2026-02-19,rest,Full rest day,0,0,0,Gym,1,
651,7,27,2026-02-20,strength,Upper-body strength,64,6,384,Court,1,
652,7,27,2026-02-21,volleyball,Open gym or tournament,78,5,390,Gym,1,
653,7,27,2026-02-22,rest,Full rest day,0,0,0,Home,1,
654,7,27,2026-02-23,strength,Lower-body strength,70,9,630,Gym,1,
655,7,27,2026-02-24,plyometric,Jump power and elasticity,60,8,480,Court,1,
656,7,27,2026-02-25,volleyball,Skill practice and gameplay,113,7,791,Home,1,
657,7,27,2026-02-26,recovery,Mobility and low-intensity recovery,28,2,56,Track,1,
658,7,27,2026-02-27,rest,Full rest day,0,0,0,Track,1,
659,7,27,2026-02-28,volleyball,Open gym or tournament,153,6,918,Home,1,
660,7,27,2026-03-01,rest,Full rest day,0,0,0,Home,1,
661,7,27,2026-03-02,strength,Lower-body strength,77,7,539,Home,1,
662,7,27,2026-03-03,rest,Full rest day,0,0,0,Court,1,
663,7,27,2026-03-04,volleyball,Skill practice and gameplay,47,9,423,Home,1,
664,7,27,2026-03-05,recovery,Mobility and low-intensity recovery,27,3,81,Court,1,
665,7,27,2026-03-06,strength,Upper-body strength,76,8,608,Home,1,
666,7,27,2026-03-07,volleyball,Open gym or tournament,143,6,858,Court,1,
667,7,27,2026-03-08,rest,Full rest day,0,0,0,Court,1,
668,7,27,2026-03-09,strength,Lower-body strength,72,7,504,Gym,1,
669,7,27,2026-03-10,rest,Full rest day,0,0,0,Track,1,
670,7,27,2026-03-11,volleyball,Skill practice and gameplay,49,4,196,Home,1,
671,7,27,2026-03-12,recovery,Mobility and low-intensity recovery,25,2,50,Track,1,
672,7,27,2026-03-13,strength,Upper-body strength,70,7,490,Track,1,
673,7,27,2026-03-14,volleyball,Open gym or tournament,89,8,712,Gym,1,
674,7,27,2026-03-15,rest,Full rest day,0,0,0,Track,1,
675,7,27,2026-03-16,strength,Lower-body strength,71,6,426,Track,1,
676,7,28,2026-03-17,plyometric,Jump power and elasticity,46,6,276,Home,1,
677,7,28,2026-03-18,volleyball,Skill practice and gameplay,58,6,348,Court,1,
678,7,28,2026-03-19,rest,Full rest day,0,0,0,Home,1,
679,7,28,2026-03-20,strength,Upper-body strength,78,9,702,Home,1,
680,7,28,2026-03-21,volleyball,Open gym or tournament,75,8,600,Track,1,
681,7,28,2026-03-22,rest,Full rest day,0,0,0,Track,1,
682,7,28,2026-03-23,strength,Lower-body strength,82,9,738,Home,1,
683,7,28,2026-03-24,plyometric,Jump power and elasticity,41,7,287,Home,1,
684,7,28,2026-03-25,volleyball,Skill practice and gameplay,91,7,637,Track,1,
685,7,28,2026-03-26,recovery,Mobility and low-intensity recovery,25,2,50,Court,1,
686,7,28,2026-03-27,strength,Upper-body strength,31,7,217,Court,1,
687,7,28,2026-03-28,volleyball,Open gym or tournament,73,7,511,Home,1,
688,7,28,2026-03-29,rest,Full rest day,0,0,0,Court,1,
689,7,28,2026-03-30,strength,Lower-body strength,52,7,364,Home,1,
690,7,28,2026-03-31,plyometric,Jump power and elasticity,33,6,198,Gym,1,
691,7,28,2026-04-01,volleyball,Skill practice and gameplay,87,7,609,Track,1,
692,7,28,2026-04-02,recovery,Mobility and low-intensity recovery,32,5,160,Home,1,
693,7,28,2026-04-03,strength,Upper-body strength,40,7,280,Home,1,
694,7,28,2026-04-04,volleyball,Open gym or tournament,121,8,968,Home,1,
695,7,28,2026-04-05,rest,Full rest day,0,0,0,Court,1,
696,7,28,2026-04-06,strength,Lower-body strength,67,7,469,Home,1,
697,7,28,2026-04-07,plyometric,Jump power and elasticity,33,7,231,Gym,1,
698,7,28,2026-04-08,volleyball,Skill practice and gameplay,71,6,426,Court,1,
699,7,28,2026-04-09,recovery,Mobility and low-intensity recovery,32,5,160,Track,1,
700,7,28,2026-04-10,rest,Full rest day,0,0,0,Gym,1,
701,8,29,2026-01-01,recovery,Mobility and low-intensity recovery,18,3,54,Home,1,
702,8,29,2026-01-02,strength,Upper-body strength,54,7,378,Gym,1,
703,8,29,2026-01-03,volleyball,Open gym or tournament,130,5,650,Home,1,
704,8,29,2026-01-04,rest,Full rest day,0,0,0,Gym,1,
705,8,29,2026-01-05,strength,Lower-body strength,60,8,480,Court,1,
706,8,29,2026-01-06,plyometric,Jump power and elasticity,50,7,350,Home,1,
707,8,29,2026-01-07,volleyball,Skill practice and gameplay,98,8,784,Court,1,
708,8,29,2026-01-08,recovery,Mobility and low-intensity recovery,32,3,96,Gym,1,
709,8,29,2026-01-09,strength,Upper-body strength,63,6,378,Home,1,
710,8,29,2026-01-10,volleyball,Open gym or tournament,99,6,594,Track,1,
711,8,29,2026-01-11,rest,Full rest day,0,0,0,Track,1,
712,8,29,2026-01-12,strength,Lower-body strength,61,6,366,Home,1,
713,8,29,2026-01-13,plyometric,Jump power and elasticity,57,8,456,Gym,1,
714,8,29,2026-01-14,volleyball,Skill practice and gameplay,59,5,295,Track,1,
715,8,29,2026-01-15,recovery,Mobility and low-intensity recovery,44,4,176,Home,1,
716,8,29,2026-01-16,strength,Upper-body strength,61,6,366,Track,1,
717,8,29,2026-01-17,volleyball,Open gym or tournament,106,7,742,Home,1,
718,8,29,2026-01-18,rest,Full rest day,0,0,0,Gym,1,
719,8,29,2026-01-19,strength,Lower-body strength,64,8,512,Gym,1,
720,8,29,2026-01-20,plyometric,Jump power and elasticity,35,8,280,Court,1,
721,8,29,2026-01-21,volleyball,Skill practice and gameplay,111,8,888,Track,1,
722,8,29,2026-01-22,recovery,Mobility and low-intensity recovery,37,3,111,Court,1,
723,8,29,2026-01-23,strength,Upper-body strength,74,6,444,Gym,1,
724,8,29,2026-01-24,volleyball,Open gym or tournament,129,7,903,Home,1,
725,8,29,2026-01-25,rest,Full rest day,0,0,0,Gym,1,
726,8,30,2026-01-26,strength,Lower-body strength,63,7,441,Gym,1,
727,8,30,2026-01-27,plyometric,Jump power and elasticity,61,6,366,Home,1,
728,8,30,2026-01-28,volleyball,Skill practice and gameplay,111,8,888,Court,1,
729,8,30,2026-01-29,recovery,Mobility and low-intensity recovery,35,3,105,Track,1,
730,8,30,2026-01-30,rest,Full rest day,0,0,0,Gym,1,
731,8,30,2026-01-31,volleyball,Open gym or tournament,108,6,648,Gym,1,
732,8,30,2026-02-01,rest,Full rest day,0,0,0,Track,1,
733,8,30,2026-02-02,strength,Lower-body strength,64,7,448,Gym,1,
734,8,30,2026-02-03,rest,Full rest day,0,0,0,Track,1,
735,8,30,2026-02-04,volleyball,Skill practice and gameplay,91,7,637,Track,1,
736,8,30,2026-02-05,rest,Full rest day,0,0,0,Track,1,
737,8,30,2026-02-06,strength,Upper-body strength,65,8,520,Home,1,
738,8,30,2026-02-07,volleyball,Open gym or tournament,81,8,648,Court,1,
739,8,30,2026-02-08,rest,Full rest day,0,0,0,Court,1,
740,8,30,2026-02-09,strength,Lower-body strength,70,8,560,Home,1,
741,8,30,2026-02-10,rest,Full rest day,0,0,0,Court,1,
742,8,30,2026-02-11,volleyball,Skill practice and gameplay,123,6,738,Court,1,
743,8,30,2026-02-12,recovery,Mobility and low-intensity recovery,20,3,60,Court,1,
744,8,30,2026-02-13,strength,Upper-body strength,61,7,427,Gym,1,
745,8,30,2026-02-14,volleyball,Open gym or tournament,104,7,728,Home,1,
746,8,30,2026-02-15,rest,Full rest day,0,0,0,Court,1,
747,8,30,2026-02-16,rest,Full rest day,0,0,0,Home,1,
748,8,30,2026-02-17,plyometric,Jump power and elasticity,58,9,522,Court,1,
749,8,30,2026-02-18,volleyball,Skill practice and gameplay,68,7,476,Court,1,
750,8,30,2026-02-19,recovery,Mobility and low-intensity recovery,37,3,111,Home,1,
751,8,31,2026-02-20,strength,Upper-body strength,72,7,504,Track,1,
752,8,31,2026-02-21,volleyball,Open gym or tournament,104,6,624,Home,1,
753,8,31,2026-02-22,rest,Full rest day,0,0,0,Track,1,
754,8,31,2026-02-23,strength,Lower-body strength,69,6,414,Gym,1,
755,8,31,2026-02-24,plyometric,Jump power and elasticity,22,7,154,Home,1,
756,8,31,2026-02-25,volleyball,Skill practice and gameplay,130,7,910,Track,1,
757,8,31,2026-02-26,recovery,Mobility and low-intensity recovery,29,3,87,Court,1,
758,8,31,2026-02-27,rest,Full rest day,0,0,0,Gym,1,
759,8,31,2026-02-28,volleyball,Open gym or tournament,59,9,531,Home,1,
760,8,31,2026-03-01,rest,Full rest day,0,0,0,Track,1,
761,8,31,2026-03-02,strength,Lower-body strength,75,6,450,Track,1,
762,8,31,2026-03-03,plyometric,Jump power and elasticity,35,6,210,Home,1,
763,8,31,2026-03-04,volleyball,Skill practice and gameplay,65,7,455,Track,1,
764,8,31,2026-03-05,recovery,Mobility and low-intensity recovery,33,4,132,Home,1,
765,8,31,2026-03-06,strength,Upper-body strength,72,8,576,Track,1,
766,8,31,2026-03-07,volleyball,Open gym or tournament,114,6,684,Court,1,
767,8,31,2026-03-08,rest,Full rest day,0,0,0,Home,1,
768,8,31,2026-03-09,strength,Lower-body strength,56,9,504,Home,1,
769,8,31,2026-03-10,plyometric,Jump power and elasticity,44,8,352,Gym,1,
770,8,31,2026-03-11,volleyball,Skill practice and gameplay,124,5,620,Court,1,
771,8,31,2026-03-12,recovery,Mobility and low-intensity recovery,26,3,78,Home,1,
772,8,31,2026-03-13,strength,Upper-body strength,69,6,414,Track,1,
773,8,31,2026-03-14,volleyball,Open gym or tournament,107,6,642,Track,1,
774,8,31,2026-03-15,rest,Full rest day,0,0,0,Track,1,
775,8,31,2026-03-16,strength,Lower-body strength,91,8,728,Gym,1,
776,8,32,2026-03-17,plyometric,Jump power and elasticity,41,7,287,Home,1,
777,8,32,2026-03-18,volleyball,Skill practice and gameplay,118,8,944,Track,1,
778,8,32,2026-03-19,recovery,Mobility and low-intensity recovery,42,3,126,Gym,1,
779,8,32,2026-03-20,rest,Full rest day,0,0,0,Gym,1,
780,8,32,2026-03-21,volleyball,Open gym or tournament,101,7,707,Home,1,
781,8,32,2026-03-22,rest,Full rest day,0,0,0,Track,1,
782,8,32,2026-03-23,strength,Lower-body strength,42,8,336,Court,1,
783,8,32,2026-03-24,plyometric,Jump power and elasticity,52,7,364,Track,1,
784,8,32,2026-03-25,volleyball,Skill practice and gameplay,96,7,672,Court,1,
785,8,32,2026-03-26,recovery,Mobility and low-intensity recovery,18,4,72,Court,1,
786,8,32,2026-03-27,strength,Upper-body strength,67,6,402,Track,1,
787,8,32,2026-03-28,volleyball,Open gym or tournament,83,6,498,Court,1,
788,8,32,2026-03-29,rest,Full rest day,0,0,0,Gym,1,
789,8,32,2026-03-30,strength,Lower-body strength,53,7,371,Gym,1,
790,8,32,2026-03-31,plyometric,Jump power and elasticity,49,7,343,Track,1,
791,8,32,2026-04-01,volleyball,Skill practice and gameplay,59,8,472,Home,1,
792,8,32,2026-04-02,recovery,Mobility and low-intensity recovery,47,4,188,Gym,1,
793,8,32,2026-04-03,strength,Upper-body strength,57,8,456,Track,1,
794,8,32,2026-04-04,volleyball,Open gym or tournament,70,9,630,Court,1,
795,8,32,2026-04-05,rest,Full rest day,0,0,0,Gym,1,
796,8,32,2026-04-06,strength,Lower-body strength,73,6,438,Track,1,
797,8,32,2026-04-07,plyometric,Jump power and elasticity,49,7,343,Track,1,
798,8,32,2026-04-08,volleyball,Skill practice and gameplay,92,10,920,Home,1,
799,8,32,2026-04-09,recovery,Mobility and low-intensity recovery,37,1,37,Court,1,
800,8,32,2026-04-10,strength,Upper-body strength,44,7,308,Court,1,
801,9,33,2026-01-01,recovery,Mobility and low-intensity recovery,39,1,39,Court,1,
802,9,33,2026-01-02,strength,Upper-body strength,56,7,392,Track,1,
803,9,33,2026-01-03,volleyball,Open gym or tournament,109,9,981,Track,1,
804,9,33,2026-01-04,rest,Full rest day,0,0,0,Court,1,
805,9,33,2026-01-05,strength,Lower-body strength,71,7,497,Track,1,
806,9,33,2026-01-06,plyometric,Jump power and elasticity,57,8,456,Home,1,
807,9,33,2026-01-07,volleyball,Skill practice and gameplay,67,6,402,Track,1,
808,9,33,2026-01-08,recovery,Mobility and low-intensity recovery,38,3,114,Track,1,
809,9,33,2026-01-09,strength,Upper-body strength,55,9,495,Gym,1,
810,9,33,2026-01-10,volleyball,Open gym or tournament,89,9,801,Home,1,
811,9,33,2026-01-11,rest,Full rest day,0,0,0,Gym,1,
812,9,33,2026-01-12,strength,Lower-body strength,38,6,228,Court,1,
813,9,33,2026-01-13,rest,Full rest day,0,0,0,Court,1,
814,9,33,2026-01-14,volleyball,Skill practice and gameplay,144,6,864,Home,1,
815,9,33,2026-01-15,recovery,Mobility and low-intensity recovery,34,4,136,Track,1,
816,9,33,2026-01-16,strength,Upper-body strength,43,7,301,Gym,1,
817,9,33,2026-01-17,volleyball,Open gym or tournament,105,6,630,Home,1,
818,9,33,2026-01-18,rest,Full rest day,0,0,0,Gym,1,
819,9,33,2026-01-19,strength,Lower-body strength,62,7,434,Track,1,
820,9,33,2026-01-20,plyometric,Jump power and elasticity,55,7,385,Gym,1,
821,9,33,2026-01-21,volleyball,Skill practice and gameplay,114,7,798,Home,1,
822,9,33,2026-01-22,recovery,Mobility and low-intensity recovery,26,4,104,Track,1,
823,9,33,2026-01-23,strength,Upper-body strength,45,6,270,Track,1,
824,9,33,2026-01-24,volleyball,Open gym or tournament,119,8,952,Home,1,
825,9,33,2026-01-25,rest,Full rest day,0,0,0,Track,1,
826,9,34,2026-01-26,strength,Lower-body strength,50,6,300,Gym,1,
827,9,34,2026-01-27,rest,Full rest day,0,0,0,Court,1,
828,9,34,2026-01-28,rest,Full rest day,0,0,0,Home,1,
829,9,34,2026-01-29,recovery,Mobility and low-intensity recovery,34,2,68,Gym,1,
830,9,34,2026-01-30,strength,Upper-body strength,47,7,329,Track,1,
831,9,34,2026-01-31,volleyball,Open gym or tournament,91,5,455,Court,1,
832,9,34,2026-02-01,rest,Full rest day,0,0,0,Gym,1,
833,9,34,2026-02-02,strength,Lower-body strength,63,7,441,Home,1,
834,9,34,2026-02-03,plyometric,Jump power and elasticity,37,8,296,Track,1,
835,9,34,2026-02-04,volleyball,Skill practice and gameplay,76,6,456,Home,1,
836,9,34,2026-02-05,recovery,Mobility and low-intensity recovery,31,1,31,Gym,1,
837,9,34,2026-02-06,strength,Upper-body strength,63,7,441,Court,1,
838,9,34,2026-02-07,volleyball,Open gym or tournament,70,5,350,Gym,1,
839,9,34,2026-02-08,rest,Full rest day,0,0,0,Gym,1,
840,9,34,2026-02-09,strength,Lower-body strength,53,6,318,Track,1,
841,9,34,2026-02-10,plyometric,Jump power and elasticity,38,5,190,Home,1,
842,9,34,2026-02-11,volleyball,Skill practice and gameplay,87,9,783,Gym,1,
843,9,34,2026-02-12,recovery,Mobility and low-intensity recovery,47,4,188,Gym,1,
844,9,34,2026-02-13,strength,Upper-body strength,68,6,408,Court,1,
845,9,34,2026-02-14,volleyball,Open gym or tournament,106,8,848,Court,1,
846,9,34,2026-02-15,rest,Full rest day,0,0,0,Home,1,
847,9,34,2026-02-16,rest,Full rest day,0,0,0,Home,1,
848,9,34,2026-02-17,plyometric,Jump power and elasticity,29,7,203,Track,1,
849,9,34,2026-02-18,volleyball,Skill practice and gameplay,86,8,688,Home,1,
850,9,34,2026-02-19,recovery,Mobility and low-intensity recovery,43,3,129,Court,1,
851,9,35,2026-02-20,strength,Upper-body strength,79,8,632,Home,1,
852,9,35,2026-02-21,volleyball,Open gym or tournament,53,7,371,Gym,1,
853,9,35,2026-02-22,rest,Full rest day,0,0,0,Home,1,
854,9,35,2026-02-23,strength,Lower-body strength,56,9,504,Home,1,
855,9,35,2026-02-24,plyometric,Jump power and elasticity,39,7,273,Track,1,
856,9,35,2026-02-25,volleyball,Skill practice and gameplay,97,8,776,Gym,1,
857,9,35,2026-02-26,recovery,Mobility and low-intensity recovery,27,3,81,Track,1,
858,9,35,2026-02-27,strength,Upper-body strength,52,7,364,Court,1,
859,9,35,2026-02-28,volleyball,Open gym or tournament,94,7,658,Home,1,
860,9,35,2026-03-01,rest,Full rest day,0,0,0,Home,1,
861,9,35,2026-03-02,strength,Lower-body strength,46,6,276,Court,1,
862,9,35,2026-03-03,plyometric,Jump power and elasticity,38,6,228,Track,1,
863,9,35,2026-03-04,rest,Full rest day,0,0,0,Gym,1,
864,9,35,2026-03-05,recovery,Mobility and low-intensity recovery,42,5,210,Track,1,
865,9,35,2026-03-06,strength,Upper-body strength,82,7,574,Track,1,
866,9,35,2026-03-07,volleyball,Open gym or tournament,86,6,516,Gym,1,
867,9,35,2026-03-08,rest,Full rest day,0,0,0,Home,1,
868,9,35,2026-03-09,strength,Lower-body strength,44,6,264,Track,1,
869,9,35,2026-03-10,plyometric,Jump power and elasticity,58,9,522,Court,1,
870,9,35,2026-03-11,volleyball,Skill practice and gameplay,108,7,756,Gym,1,
871,9,35,2026-03-12,recovery,Mobility and low-intensity recovery,38,5,190,Home,1,
872,9,35,2026-03-13,strength,Upper-body strength,86,8,688,Gym,1,
873,9,35,2026-03-14,volleyball,Open gym or tournament,98,7,686,Court,1,
874,9,35,2026-03-15,rest,Full rest day,0,0,0,Gym,1,
875,9,35,2026-03-16,strength,Lower-body strength,68,6,408,Gym,1,
876,9,36,2026-03-17,plyometric,Jump power and elasticity,71,8,568,Track,1,
877,9,36,2026-03-18,volleyball,Skill practice and gameplay,103,8,824,Court,1,
878,9,36,2026-03-19,recovery,Mobility and low-intensity recovery,31,2,62,Court,1,
879,9,36,2026-03-20,strength,Upper-body strength,63,7,441,Court,1,
880,9,36,2026-03-21,volleyball,Open gym or tournament,79,8,632,Gym,1,
881,9,36,2026-03-22,rest,Full rest day,0,0,0,Court,1,
882,9,36,2026-03-23,strength,Lower-body strength,58,8,464,Court,1,
883,9,36,2026-03-24,plyometric,Jump power and elasticity,51,7,357,Court,1,
884,9,36,2026-03-25,volleyball,Skill practice and gameplay,123,9,1107,Track,1,
885,9,36,2026-03-26,recovery,Mobility and low-intensity recovery,31,4,124,Court,1,
886,9,36,2026-03-27,strength,Upper-body strength,66,6,396,Gym,1,
887,9,36,2026-03-28,volleyball,Open gym or tournament,95,7,665,Track,1,
888,9,36,2026-03-29,rest,Full rest day,0,0,0,Court,1,
889,9,36,2026-03-30,strength,Lower-body strength,68,6,408,Court,1,
890,9,36,2026-03-31,plyometric,Jump power and elasticity,62,9,558,Track,1,
891,9,36,2026-04-01,volleyball,Skill practice and gameplay,120,5,600,Court,1,
892,9,36,2026-04-02,recovery,Mobility and low-intensity recovery,33,3,99,Gym,1,
893,9,36,2026-04-03,strength,Upper-body strength,84,9,756,Gym,1,
894,9,36,2026-04-04,volleyball,Open gym or tournament,102,6,612,Court,1,
895,9,36,2026-04-05,rest,Full rest day,0,0,0,Gym,1,
896,9,36,2026-04-06,strength,Lower-body strength,85,6,510,Track,1,
897,9,36,2026-04-07,plyometric,Jump power and elasticity,52,7,364,Court,1,
898,9,36,2026-04-08,volleyball,Skill practice and gameplay,122,9,1098,Track,1,
899,9,36,2026-04-09,recovery,Mobility and low-intensity recovery,27,3,81,Gym,1,
900,9,36,2026-04-10,strength,Upper-body strength,72,6,432,Court,1,
901,10,37,2026-01-01,recovery,Mobility and low-intensity recovery,19,2,38,Track,1,
902,10,37,2026-01-02,strength,Upper-body strength,50,7,350,Gym,1,
903,10,37,2026-01-03,volleyball,Open gym or tournament,137,9,1233,Court,1,
904,10,37,2026-01-04,rest,Full rest day,0,0,0,Home,1,
905,10,37,2026-01-05,strength,Lower-body strength,75,6,450,Gym,1,
906,10,37,2026-01-06,plyometric,Jump power and elasticity,41,8,328,Gym,1,
907,10,37,2026-01-07,volleyball,Skill practice and gameplay,130,7,910,Home,1,
908,10,37,2026-01-08,recovery,Mobility and low-intensity recovery,41,4,164,Home,1,
909,10,37,2026-01-09,strength,Upper-body strength,48,5,240,Track,1,
910,10,37,2026-01-10,rest,Full rest day,0,0,0,Gym,1,
911,10,37,2026-01-11,rest,Full rest day,0,0,0,Home,1,
912,10,37,2026-01-12,strength,Lower-body strength,94,7,658,Court,1,
913,10,37,2026-01-13,plyometric,Jump power and elasticity,44,7,308,Gym,1,
914,10,37,2026-01-14,rest,Full rest day,0,0,0,Track,1,
915,10,37,2026-01-15,recovery,Mobility and low-intensity recovery,35,2,70,Home,1,
916,10,37,2026-01-16,strength,Upper-body strength,90,6,540,Gym,1,
917,10,37,2026-01-17,volleyball,Open gym or tournament,89,5,445,Gym,1,
918,10,37,2026-01-18,rest,Full rest day,0,0,0,Home,1,
919,10,37,2026-01-19,strength,Lower-body strength,66,6,396,Home,1,
920,10,37,2026-01-20,plyometric,Jump power and elasticity,48,6,288,Home,1,
921,10,37,2026-01-21,volleyball,Skill practice and gameplay,131,8,1048,Gym,1,
922,10,37,2026-01-22,recovery,Mobility and low-intensity recovery,36,3,108,Home,1,
923,10,37,2026-01-23,strength,Upper-body strength,49,8,392,Home,1,
924,10,37,2026-01-24,volleyball,Open gym or tournament,123,6,738,Gym,1,
925,10,37,2026-01-25,rest,Full rest day,0,0,0,Gym,1,
926,10,38,2026-01-26,strength,Lower-body strength,82,7,574,Track,1,
927,10,38,2026-01-27,plyometric,Jump power and elasticity,38,6,228,Court,1,
928,10,38,2026-01-28,volleyball,Skill practice and gameplay,84,5,420,Gym,1,
929,10,38,2026-01-29,recovery,Mobility and low-intensity recovery,37,3,111,Court,1,
930,10,38,2026-01-30,strength,Upper-body strength,62,7,434,Track,1,
931,10,38,2026-01-31,volleyball,Open gym or tournament,104,7,728,Track,1,
932,10,38,2026-02-01,rest,Full rest day,0,0,0,Home,1,
933,10,38,2026-02-02,strength,Lower-body strength,61,7,427,Track,1,
934,10,38,2026-02-03,plyometric,Jump power and elasticity,37,7,259,Home,1,
935,10,38,2026-02-04,volleyball,Skill practice and gameplay,118,5,590,Home,1,
936,10,38,2026-02-05,recovery,Mobility and low-intensity recovery,37,4,148,Gym,1,
937,10,38,2026-02-06,strength,Upper-body strength,53,6,318,Gym,1,
938,10,38,2026-02-07,volleyball,Open gym or tournament,102,7,714,Court,1,
939,10,38,2026-02-08,rest,Full rest day,0,0,0,Home,1,
940,10,38,2026-02-09,strength,Lower-body strength,57,7,399,Home,1,
941,10,38,2026-02-10,plyometric,Jump power and elasticity,53,6,318,Court,1,
942,10,38,2026-02-11,volleyball,Skill practice and gameplay,85,7,595,Home,1,
943,10,38,2026-02-12,recovery,Mobility and low-intensity recovery,47,2,94,Track,1,
944,10,38,2026-02-13,strength,Upper-body strength,42,8,336,Home,1,
945,10,38,2026-02-14,volleyball,Open gym or tournament,92,7,644,Home,1,
946,10,38,2026-02-15,rest,Full rest day,0,0,0,Home,1,
947,10,38,2026-02-16,strength,Lower-body strength,78,8,624,Gym,1,
948,10,38,2026-02-17,plyometric,Jump power and elasticity,41,6,246,Track,1,
949,10,38,2026-02-18,volleyball,Skill practice and gameplay,88,8,704,Home,1,
950,10,38,2026-02-19,recovery,Mobility and low-intensity recovery,25,4,100,Track,1,
951,10,39,2026-02-20,strength,Upper-body strength,66,8,528,Track,1,
952,10,39,2026-02-21,volleyball,Open gym or tournament,116,8,928,Track,1,
953,10,39,2026-02-22,rest,Full rest day,0,0,0,Court,1,
954,10,39,2026-02-23,strength,Lower-body strength,76,8,608,Home,1,
955,10,39,2026-02-24,plyometric,Jump power and elasticity,42,5,210,Gym,1,
956,10,39,2026-02-25,volleyball,Skill practice and gameplay,106,7,742,Gym,1,
957,10,39,2026-02-26,recovery,Mobility and low-intensity recovery,31,3,93,Gym,1,
958,10,39,2026-02-27,strength,Upper-body strength,57,8,456,Gym,1,
959,10,39,2026-02-28,volleyball,Open gym or tournament,120,7,840,Home,1,
960,10,39,2026-03-01,rest,Full rest day,0,0,0,Gym,1,
961,10,39,2026-03-02,strength,Lower-body strength,63,7,441,Track,1,
962,10,39,2026-03-03,plyometric,Jump power and elasticity,46,6,276,Court,1,
963,10,39,2026-03-04,volleyball,Skill practice and gameplay,122,8,976,Gym,1,
964,10,39,2026-03-05,recovery,Mobility and low-intensity recovery,30,2,60,Track,1,
965,10,39,2026-03-06,strength,Upper-body strength,66,8,528,Gym,1,
966,10,39,2026-03-07,volleyball,Open gym or tournament,104,7,728,Home,1,
967,10,39,2026-03-08,rest,Full rest day,0,0,0,Track,1,
968,10,39,2026-03-09,strength,Lower-body strength,58,9,522,Home,1,
969,10,39,2026-03-10,plyometric,Jump power and elasticity,53,7,371,Gym,1,
970,10,39,2026-03-11,volleyball,Skill practice and gameplay,110,8,880,Track,1,
971,10,39,2026-03-12,recovery,Mobility and low-intensity recovery,20,3,60,Track,1,
972,10,39,2026-03-13,rest,Full rest day,0,0,0,Track,1,
973,10,39,2026-03-14,volleyball,Open gym or tournament,102,6,612,Gym,1,
974,10,39,2026-03-15,rest,Full rest day,0,0,0,Court,1,
975,10,39,2026-03-16,strength,Lower-body strength,64,8,512,Court,1,
976,10,40,2026-03-17,plyometric,Jump power and elasticity,58,9,522,Home,1,
977,10,40,2026-03-18,volleyball,Skill practice and gameplay,62,7,434,Court,1,
978,10,40,2026-03-19,recovery,Mobility and low-intensity recovery,46,2,92,Gym,1,
979,10,40,2026-03-20,strength,Upper-body strength,71,7,497,Track,1,
980,10,40,2026-03-21,volleyball,Open gym or tournament,79,6,474,Track,1,
981,10,40,2026-03-22,rest,Full rest day,0,0,0,Gym,1,
982,10,40,2026-03-23,strength,Lower-body strength,54,8,432,Track,1,
983,10,40,2026-03-24,plyometric,Jump power and elasticity,33,8,264,Court,1,
984,10,40,2026-03-25,volleyball,Skill practice and gameplay,86,7,602,Home,1,
985,10,40,2026-03-26,recovery,Mobility and low-intensity recovery,39,4,156,Gym,1,
986,10,40,2026-03-27,strength,Upper-body strength,55,5,275,Track,1,
987,10,40,2026-03-28,rest,Full rest day,0,0,0,Gym,1,
988,10,40,2026-03-29,rest,Full rest day,0,0,0,Court,1,
989,10,40,2026-03-30,strength,Lower-body strength,50,6,300,Track,1,
990,10,40,2026-03-31,plyometric,Jump power and elasticity,61,6,366,Track,1,
991,10,40,2026-04-01,volleyball,Skill practice and gameplay,57,7,399,Track,1,
992,10,40,2026-04-02,recovery,Mobility and low-intensity recovery,39,2,78,Track,1,
993,10,40,2026-04-03,strength,Upper-body strength,71,6,426,Gym,1,
994,10,40,2026-04-04,volleyball,Open gym or tournament,147,8,1176,Court,1,
995,10,40,2026-04-05,rest,Full rest day,0,0,0,Court,1,
996,10,40,2026-04-06,strength,Lower-body strength,75,7,525,Home,1,
997,10,40,2026-04-07,plyometric,Jump power and elasticity,64,7,448,Gym,1,
998,10,40,2026-04-08,volleyball,Skill practice and gameplay,60,7,420,Court,1,
999,10,40,2026-04-09,recovery,Mobility and low-intensity recovery,36,4,144,Gym,1,
1000,10,40,2026-04-10,strength,Upper-body strength,67,8,536,Gym,1,
1001,11,41,2026-01-01,recovery,Mobility and low-intensity recovery,35,4,140,Court,1,
1002,11,41,2026-01-02,strength,Upper-body strength,70,6,420,Home,1,
1003,11,41,2026-01-03,volleyball,Open gym or tournament,92,9,828,Home,1,
1004,11,41,2026-01-04,rest,Full rest day,0,0,0,Home,1,
1005,11,41,2026-01-05,strength,Lower-body strength,44,7,308,Track,1,
1006,11,41,2026-01-06,plyometric,Jump power and elasticity,48,5,240,Court,1,
1007,11,41,2026-01-07,volleyball,Skill practice and gameplay,81,9,729,Track,1,
1008,11,41,2026-01-08,recovery,Mobility and low-intensity recovery,35,4,140,Track,1,
1009,11,41,2026-01-09,strength,Upper-body strength,51,5,255,Track,1,
1010,11,41,2026-01-10,volleyball,Open gym or tournament,101,7,707,Gym,1,
1011,11,41,2026-01-11,rest,Full rest day,0,0,0,Gym,1,
1012,11,41,2026-01-12,strength,Lower-body strength,70,6,420,Court,1,
1013,11,41,2026-01-13,plyometric,Jump power and elasticity,41,8,328,Court,1,
1014,11,41,2026-01-14,volleyball,Skill practice and gameplay,57,5,285,Gym,1,
1015,11,41,2026-01-15,recovery,Mobility and low-intensity recovery,40,3,120,Gym,1,
1016,11,41,2026-01-16,strength,Upper-body strength,98,7,686,Track,1,
1017,11,41,2026-01-17,volleyball,Open gym or tournament,116,6,696,Home,1,
1018,11,41,2026-01-18,rest,Full rest day,0,0,0,Home,1,
1019,11,41,2026-01-19,strength,Lower-body strength,71,6,426,Home,1,
1020,11,41,2026-01-20,plyometric,Jump power and elasticity,25,6,150,Home,1,
1021,11,41,2026-01-21,volleyball,Skill practice and gameplay,113,6,678,Home,1,
1022,11,41,2026-01-22,recovery,Mobility and low-intensity recovery,31,2,62,Track,1,
1023,11,41,2026-01-23,strength,Upper-body strength,54,5,270,Court,1,
1024,11,41,2026-01-24,volleyball,Open gym or tournament,57,8,456,Gym,1,
1025,11,41,2026-01-25,rest,Full rest day,0,0,0,Track,1,
1026,11,42,2026-01-26,strength,Lower-body strength,55,7,385,Home,1,
1027,11,42,2026-01-27,plyometric,Jump power and elasticity,37,7,259,Gym,1,
1028,11,42,2026-01-28,volleyball,Skill practice and gameplay,119,5,595,Track,1,
1029,11,42,2026-01-29,recovery,Mobility and low-intensity recovery,25,3,75,Home,1,
1030,11,42,2026-01-30,strength,Upper-body strength,67,7,469,Track,1,
1031,11,42,2026-01-31,volleyball,Open gym or tournament,75,7,525,Gym,1,
1032,11,42,2026-02-01,rest,Full rest day,0,0,0,Court,1,
1033,11,42,2026-02-02,strength,Lower-body strength,68,8,544,Home,1,
1034,11,42,2026-02-03,plyometric,Jump power and elasticity,34,5,170,Gym,1,
1035,11,42,2026-02-04,volleyball,Skill practice and gameplay,84,6,504,Gym,1,
1036,11,42,2026-02-05,recovery,Mobility and low-intensity recovery,27,3,81,Court,1,
1037,11,42,2026-02-06,strength,Upper-body strength,55,9,495,Track,1,
1038,11,42,2026-02-07,volleyball,Open gym or tournament,140,9,1260,Court,1,
1039,11,42,2026-02-08,rest,Full rest day,0,0,0,Court,1,
1040,11,42,2026-02-09,strength,Lower-body strength,51,6,306,Track,1,
1041,11,42,2026-02-10,plyometric,Jump power and elasticity,44,8,352,Track,1,
1042,11,42,2026-02-11,volleyball,Skill practice and gameplay,78,8,624,Track,1,
1043,11,42,2026-02-12,recovery,Mobility and low-intensity recovery,23,1,23,Gym,1,
1044,11,42,2026-02-13,strength,Upper-body strength,72,7,504,Gym,1,
1045,11,42,2026-02-14,volleyball,Open gym or tournament,107,8,856,Home,1,
1046,11,42,2026-02-15,rest,Full rest day,0,0,0,Home,1,
1047,11,42,2026-02-16,strength,Lower-body strength,74,7,518,Court,1,
1048,11,42,2026-02-17,rest,Full rest day,0,0,0,Court,1,
1049,11,42,2026-02-18,volleyball,Skill practice and gameplay,108,6,648,Home,1,
1050,11,42,2026-02-19,recovery,Mobility and low-intensity recovery,52,4,208,Court,1,
1051,11,43,2026-02-20,strength,Upper-body strength,77,5,385,Track,1,
1052,11,43,2026-02-21,volleyball,Open gym or tournament,46,7,322,Gym,1,
1053,11,43,2026-02-22,rest,Full rest day,0,0,0,Home,1,
1054,11,43,2026-02-23,strength,Lower-body strength,105,9,945,Gym,1,
1055,11,43,2026-02-24,plyometric,Jump power and elasticity,46,6,276,Home,1,
1056,11,43,2026-02-25,volleyball,Skill practice and gameplay,109,6,654,Gym,1,
1057,11,43,2026-02-26,recovery,Mobility and low-intensity recovery,27,1,27,Home,1,
1058,11,43,2026-02-27,rest,Full rest day,0,0,0,Gym,1,
1059,11,43,2026-02-28,volleyball,Open gym or tournament,108,6,648,Track,1,
1060,11,43,2026-03-01,rest,Full rest day,0,0,0,Home,1,
1061,11,43,2026-03-02,rest,Full rest day,0,0,0,Home,1,
1062,11,43,2026-03-03,plyometric,Jump power and elasticity,46,6,276,Home,1,
1063,11,43,2026-03-04,volleyball,Skill practice and gameplay,105,6,630,Track,1,
1064,11,43,2026-03-05,recovery,Mobility and low-intensity recovery,41,5,205,Gym,1,
1065,11,43,2026-03-06,strength,Upper-body strength,80,6,480,Home,1,
1066,11,43,2026-03-07,volleyball,Open gym or tournament,95,6,570,Gym,1,
1067,11,43,2026-03-08,rest,Full rest day,0,0,0,Track,1,
1068,11,43,2026-03-09,strength,Lower-body strength,51,9,459,Court,1,
1069,11,43,2026-03-10,plyometric,Jump power and elasticity,38,7,266,Home,1,
1070,11,43,2026-03-11,volleyball,Skill practice and gameplay,93,10,930,Track,1,
1071,11,43,2026-03-12,recovery,Mobility and low-intensity recovery,27,5,135,Gym,1,
1072,11,43,2026-03-13,strength,Upper-body strength,60,6,360,Home,1,
1073,11,43,2026-03-14,volleyball,Open gym or tournament,123,6,738,Gym,1,
1074,11,43,2026-03-15,rest,Full rest day,0,0,0,Court,1,
1075,11,43,2026-03-16,strength,Lower-body strength,71,7,497,Home,1,
1076,11,44,2026-03-17,plyometric,Jump power and elasticity,50,9,450,Home,1,
1077,11,44,2026-03-18,volleyball,Skill practice and gameplay,124,8,992,Gym,1,
1078,11,44,2026-03-19,recovery,Mobility and low-intensity recovery,41,4,164,Home,1,
1079,11,44,2026-03-20,strength,Upper-body strength,81,7,567,Track,1,
1080,11,44,2026-03-21,volleyball,Open gym or tournament,102,9,918,Track,1,
1081,11,44,2026-03-22,rest,Full rest day,0,0,0,Court,1,
1082,11,44,2026-03-23,strength,Lower-body strength,67,8,536,Track,1,
1083,11,44,2026-03-24,plyometric,Jump power and elasticity,43,7,301,Court,1,
1084,11,44,2026-03-25,rest,Full rest day,0,0,0,Gym,1,
1085,11,44,2026-03-26,recovery,Mobility and low-intensity recovery,21,4,84,Gym,1,
1086,11,44,2026-03-27,strength,Upper-body strength,52,6,312,Court,1,
1087,11,44,2026-03-28,volleyball,Open gym or tournament,92,7,644,Track,1,
1088,11,44,2026-03-29,rest,Full rest day,0,0,0,Track,1,
1089,11,44,2026-03-30,strength,Lower-body strength,73,6,438,Court,1,
1090,11,44,2026-03-31,plyometric,Jump power and elasticity,27,5,135,Court,1,
1091,11,44,2026-04-01,rest,Full rest day,0,0,0,Gym,1,
1092,11,44,2026-04-02,recovery,Mobility and low-intensity recovery,39,3,117,Court,1,
1093,11,44,2026-04-03,rest,Full rest day,0,0,0,Track,1,
1094,11,44,2026-04-04,volleyball,Open gym or tournament,84,8,672,Court,1,
1095,11,44,2026-04-05,rest,Full rest day,0,0,0,Court,1,
1096,11,44,2026-04-06,rest,Full rest day,0,0,0,Court,1,
1097,11,44,2026-04-07,plyometric,Jump power and elasticity,40,6,240,Gym,1,
1098,11,44,2026-04-08,volleyball,Skill practice and gameplay,106,7,742,Court,1,
1099,11,44,2026-04-09,rest,Full rest day,0,0,0,Home,1,
1100,11,44,2026-04-10,strength,Upper-body strength,47,6,282,Home,1,
1101,12,45,2026-01-01,recovery,Mobility and low-intensity recovery,51,3,153,Home,1,
1102,12,45,2026-01-02,rest,Full rest day,0,0,0,Track,1,
1103,12,45,2026-01-03,volleyball,Open gym or tournament,104,7,728,Track,1,
1104,12,45,2026-01-04,rest,Full rest day,0,0,0,Court,1,
1105,12,45,2026-01-05,rest,Full rest day,0,0,0,Home,1,
1106,12,45,2026-01-06,plyometric,Jump power and elasticity,35,7,245,Gym,1,
1107,12,45,2026-01-07,volleyball,Skill practice and gameplay,110,7,770,Home,1,
1108,12,45,2026-01-08,recovery,Mobility and low-intensity recovery,32,1,32,Home,1,
1109,12,45,2026-01-09,strength,Upper-body strength,62,6,372,Track,1,
1110,12,45,2026-01-10,volleyball,Open gym or tournament,125,7,875,Track,1,
1111,12,45,2026-01-11,rest,Full rest day,0,0,0,Gym,1,
1112,12,45,2026-01-12,strength,Lower-body strength,53,7,371,Track,1,
1113,12,45,2026-01-13,plyometric,Jump power and elasticity,36,7,252,Gym,1,
1114,12,45,2026-01-14,volleyball,Skill practice and gameplay,82,8,656,Track,1,
1115,12,45,2026-01-15,recovery,Mobility and low-intensity recovery,18,2,36,Home,1,
1116,12,45,2026-01-16,strength,Upper-body strength,75,6,450,Home,1,
1117,12,45,2026-01-17,volleyball,Open gym or tournament,118,8,944,Gym,1,
1118,12,45,2026-01-18,rest,Full rest day,0,0,0,Gym,1,
1119,12,45,2026-01-19,strength,Lower-body strength,66,6,396,Track,1,
1120,12,45,2026-01-20,plyometric,Jump power and elasticity,28,7,196,Track,1,
1121,12,45,2026-01-21,volleyball,Skill practice and gameplay,91,7,637,Gym,1,
1122,12,45,2026-01-22,recovery,Mobility and low-intensity recovery,30,2,60,Gym,1,
1123,12,45,2026-01-23,strength,Upper-body strength,59,5,295,Home,1,
1124,12,45,2026-01-24,volleyball,Open gym or tournament,88,7,616,Home,1,
1125,12,45,2026-01-25,rest,Full rest day,0,0,0,Gym,1,
1126,12,46,2026-01-26,strength,Lower-body strength,56,8,448,Home,1,
1127,12,46,2026-01-27,plyometric,Jump power and elasticity,55,6,330,Court,1,
1128,12,46,2026-01-28,volleyball,Skill practice and gameplay,40,6,240,Track,1,
1129,12,46,2026-01-29,recovery,Mobility and low-intensity recovery,29,3,87,Home,1,
1130,12,46,2026-01-30,rest,Full rest day,0,0,0,Court,1,
1131,12,46,2026-01-31,volleyball,Open gym or tournament,94,7,658,Gym,1,
1132,12,46,2026-02-01,rest,Full rest day,0,0,0,Home,1,
1133,12,46,2026-02-02,strength,Lower-body strength,72,6,432,Gym,1,
1134,12,46,2026-02-03,rest,Full rest day,0,0,0,Track,1,
1135,12,46,2026-02-04,volleyball,Skill practice and gameplay,113,4,452,Gym,1,
1136,12,46,2026-02-05,recovery,Mobility and low-intensity recovery,34,4,136,Court,1,
1137,12,46,2026-02-06,strength,Upper-body strength,62,5,310,Gym,1,
1138,12,46,2026-02-07,volleyball,Open gym or tournament,96,8,768,Court,1,
1139,12,46,2026-02-08,rest,Full rest day,0,0,0,Home,1,
1140,12,46,2026-02-09,strength,Lower-body strength,37,8,296,Home,1,
1141,12,46,2026-02-10,plyometric,Jump power and elasticity,52,6,312,Court,1,
1142,12,46,2026-02-11,volleyball,Skill practice and gameplay,76,9,684,Track,1,
1143,12,46,2026-02-12,recovery,Mobility and low-intensity recovery,46,4,184,Track,1,
1144,12,46,2026-02-13,strength,Upper-body strength,51,6,306,Track,1,
1145,12,46,2026-02-14,volleyball,Open gym or tournament,92,6,552,Home,1,
1146,12,46,2026-02-15,rest,Full rest day,0,0,0,Home,1,
1147,12,46,2026-02-16,strength,Lower-body strength,48,6,288,Track,1,
1148,12,46,2026-02-17,plyometric,Jump power and elasticity,53,9,477,Gym,1,
1149,12,46,2026-02-18,rest,Full rest day,0,0,0,Track,1,
1150,12,46,2026-02-19,recovery,Mobility and low-intensity recovery,31,4,124,Gym,1,
1151,12,47,2026-02-20,strength,Upper-body strength,66,8,528,Track,1,
1152,12,47,2026-02-21,volleyball,Open gym or tournament,108,6,648,Gym,1,
1153,12,47,2026-02-22,rest,Full rest day,0,0,0,Home,1,
1154,12,47,2026-02-23,strength,Lower-body strength,72,8,576,Track,1,
1155,12,47,2026-02-24,plyometric,Jump power and elasticity,49,9,441,Track,1,
1156,12,47,2026-02-25,volleyball,Skill practice and gameplay,142,5,710,Court,1,
1157,12,47,2026-02-26,recovery,Mobility and low-intensity recovery,28,2,56,Track,1,
1158,12,47,2026-02-27,strength,Upper-body strength,51,7,357,Gym,1,
1159,12,47,2026-02-28,volleyball,Open gym or tournament,106,9,954,Court,1,
1160,12,47,2026-03-01,rest,Full rest day,0,0,0,Track,1,
1161,12,47,2026-03-02,strength,Lower-body strength,57,7,399,Track,1,
1162,12,47,2026-03-03,plyometric,Jump power and elasticity,51,7,357,Home,1,
1163,12,47,2026-03-04,volleyball,Skill practice and gameplay,93,4,372,Court,1,
1164,12,47,2026-03-05,recovery,Mobility and low-intensity recovery,43,4,172,Gym,1,
1165,12,47,2026-03-06,strength,Upper-body strength,63,5,315,Track,1,
1166,12,47,2026-03-07,volleyball,Open gym or tournament,92,10,920,Home,1,
1167,12,47,2026-03-08,rest,Full rest day,0,0,0,Track,1,
1168,12,47,2026-03-09,strength,Lower-body strength,55,7,385,Court,1,
1169,12,47,2026-03-10,plyometric,Jump power and elasticity,64,6,384,Gym,1,
1170,12,47,2026-03-11,volleyball,Skill practice and gameplay,74,6,444,Home,1,
1171,12,47,2026-03-12,recovery,Mobility and low-intensity recovery,34,3,102,Track,1,
1172,12,47,2026-03-13,strength,Upper-body strength,44,7,308,Gym,1,
1173,12,47,2026-03-14,volleyball,Open gym or tournament,103,8,824,Track,1,
1174,12,47,2026-03-15,rest,Full rest day,0,0,0,Track,1,
1175,12,47,2026-03-16,strength,Lower-body strength,61,5,305,Court,1,
1176,12,48,2026-03-17,plyometric,Jump power and elasticity,21,7,147,Court,1,
1177,12,48,2026-03-18,volleyball,Skill practice and gameplay,126,9,1134,Track,1,
1178,12,48,2026-03-19,recovery,Mobility and low-intensity recovery,31,3,93,Home,1,
1179,12,48,2026-03-20,strength,Upper-body strength,51,6,306,Court,1,
1180,12,48,2026-03-21,volleyball,Open gym or tournament,94,8,752,Court,1,
1181,12,48,2026-03-22,rest,Full rest day,0,0,0,Court,1,
1182,12,48,2026-03-23,strength,Lower-body strength,53,8,424,Court,1,
1183,12,48,2026-03-24,plyometric,Jump power and elasticity,47,5,235,Gym,1,
1184,12,48,2026-03-25,rest,Full rest day,0,0,0,Track,1,
1185,12,48,2026-03-26,recovery,Mobility and low-intensity recovery,40,4,160,Gym,1,
1186,12,48,2026-03-27,strength,Upper-body strength,73,6,438,Gym,1,
1187,12,48,2026-03-28,volleyball,Open gym or tournament,145,6,870,Track,1,
1188,12,48,2026-03-29,rest,Full rest day,0,0,0,Court,1,
1189,12,48,2026-03-30,strength,Lower-body strength,58,6,348,Home,1,
1190,12,48,2026-03-31,plyometric,Jump power and elasticity,35,6,210,Court,1,
1191,12,48,2026-04-01,volleyball,Skill practice and gameplay,96,9,864,Court,1,
1192,12,48,2026-04-02,rest,Full rest day,0,0,0,Court,1,
1193,12,48,2026-04-03,strength,Upper-body strength,75,5,375,Court,1,
1194,12,48,2026-04-04,volleyball,Open gym or tournament,143,7,1001,Home,1,
1195,12,48,2026-04-05,rest,Full rest day,0,0,0,Gym,1,
1196,12,48,2026-04-06,strength,Lower-body strength,73,7,511,Home,1,
1197,12,48,2026-04-07,plyometric,Jump power and elasticity,34,7,238,Track,1,
1198,12,48,2026-04-08,volleyball,Skill practice and gameplay,78,6,468,Court,1,
1199,12,48,2026-04-09,rest,Full rest day,0,0,0,Home,1,
1200,12,48,2026-04-10,strength,Upper-body strength,79,7,553,Track,1,
1201,13,49,2026-01-01,recovery,Mobility and low-intensity recovery,33,3,99,Home,1,
1202,13,49,2026-01-02,strength,Upper-body strength,82,6,492,Court,1,
1203,13,49,2026-01-03,volleyball,Open gym or tournament,138,8,1104,Court,1,
1204,13,49,2026-01-04,rest,Full rest day,0,0,0,Track,1,
1205,13,49,2026-01-05,strength,Lower-body strength,57,7,399,Home,1,
1206,13,49,2026-01-06,plyometric,Jump power and elasticity,38,7,266,Court,1,
1207,13,49,2026-01-07,volleyball,Skill practice and gameplay,95,5,475,Track,1,
1208,13,49,2026-01-08,recovery,Mobility and low-intensity recovery,27,4,108,Home,1,
1209,13,49,2026-01-09,strength,Upper-body strength,64,7,448,Home,1,
1210,13,49,2026-01-10,volleyball,Open gym or tournament,94,7,658,Track,1,
1211,13,49,2026-01-11,rest,Full rest day,0,0,0,Home,1,
1212,13,49,2026-01-12,strength,Lower-body strength,47,7,329,Home,1,
1213,13,49,2026-01-13,plyometric,Jump power and elasticity,25,7,175,Court,1,
1214,13,49,2026-01-14,volleyball,Skill practice and gameplay,85,7,595,Court,1,
1215,13,49,2026-01-15,recovery,Mobility and low-intensity recovery,40,2,80,Court,1,
1216,13,49,2026-01-16,rest,Full rest day,0,0,0,Track,1,
1217,13,49,2026-01-17,rest,Full rest day,0,0,0,Gym,1,
1218,13,49,2026-01-18,rest,Full rest day,0,0,0,Home,1,
1219,13,49,2026-01-19,strength,Lower-body strength,85,7,595,Track,1,
1220,13,49,2026-01-20,plyometric,Jump power and elasticity,48,8,384,Gym,1,
1221,13,49,2026-01-21,volleyball,Skill practice and gameplay,99,8,792,Gym,1,
1222,13,49,2026-01-22,recovery,Mobility and low-intensity recovery,37,2,74,Track,1,
1223,13,49,2026-01-23,strength,Upper-body strength,61,9,549,Gym,1,
1224,13,49,2026-01-24,volleyball,Open gym or tournament,95,8,760,Court,1,
1225,13,49,2026-01-25,rest,Full rest day,0,0,0,Track,1,
1226,13,50,2026-01-26,strength,Lower-body strength,78,5,390,Home,1,
1227,13,50,2026-01-27,plyometric,Jump power and elasticity,49,7,343,Court,1,
1228,13,50,2026-01-28,volleyball,Skill practice and gameplay,98,8,784,Home,1,
1229,13,50,2026-01-29,recovery,Mobility and low-intensity recovery,44,2,88,Gym,1,
1230,13,50,2026-01-30,strength,Upper-body strength,63,7,441,Court,1,
1231,13,50,2026-01-31,volleyball,Open gym or tournament,93,5,465,Home,1,
1232,13,50,2026-02-01,rest,Full rest day,0,0,0,Track,1,
1233,13,50,2026-02-02,strength,Lower-body strength,72,7,504,Gym,1,
1234,13,50,2026-02-03,plyometric,Jump power and elasticity,36,8,288,Home,1,
1235,13,50,2026-02-04,volleyball,Skill practice and gameplay,64,9,576,Gym,1,
1236,13,50,2026-02-05,recovery,Mobility and low-intensity recovery,38,2,76,Home,1,
1237,13,50,2026-02-06,strength,Upper-body strength,57,9,513,Track,1,
1238,13,50,2026-02-07,volleyball,Open gym or tournament,113,7,791,Court,1,
1239,13,50,2026-02-08,rest,Full rest day,0,0,0,Home,1,
1240,13,50,2026-02-09,strength,Lower-body strength,77,6,462,Gym,1,
1241,13,50,2026-02-10,plyometric,Jump power and elasticity,48,5,240,Track,1,
1242,13,50,2026-02-11,volleyball,Skill practice and gameplay,119,7,833,Court,1,
1243,13,50,2026-02-12,recovery,Mobility and low-intensity recovery,26,2,52,Gym,1,
1244,13,50,2026-02-13,strength,Upper-body strength,76,7,532,Track,1,
1245,13,50,2026-02-14,volleyball,Open gym or tournament,83,9,747,Gym,1,
1246,13,50,2026-02-15,rest,Full rest day,0,0,0,Track,1,
1247,13,50,2026-02-16,strength,Lower-body strength,65,7,455,Court,1,
1248,13,50,2026-02-17,plyometric,Jump power and elasticity,71,6,426,Court,1,
1249,13,50,2026-02-18,volleyball,Skill practice and gameplay,64,8,512,Gym,1,
1250,13,50,2026-02-19,recovery,Mobility and low-intensity recovery,23,4,92,Track,1,
1251,13,51,2026-02-20,strength,Upper-body strength,66,6,396,Home,1,
1252,13,51,2026-02-21,volleyball,Open gym or tournament,84,8,672,Court,1,
1253,13,51,2026-02-22,rest,Full rest day,0,0,0,Home,1,
1254,13,51,2026-02-23,strength,Lower-body strength,79,6,474,Home,1,
1255,13,51,2026-02-24,plyometric,Jump power and elasticity,56,8,448,Gym,1,
1256,13,51,2026-02-25,volleyball,Skill practice and gameplay,111,9,999,Gym,1,
1257,13,51,2026-02-26,recovery,Mobility and low-intensity recovery,46,3,138,Gym,1,
1258,13,51,2026-02-27,strength,Upper-body strength,62,6,372,Track,1,
1259,13,51,2026-02-28,volleyball,Open gym or tournament,83,7,581,Court,1,
1260,13,51,2026-03-01,rest,Full rest day,0,0,0,Court,1,
1261,13,51,2026-03-02,strength,Lower-body strength,82,7,574,Home,1,
1262,13,51,2026-03-03,plyometric,Jump power and elasticity,43,9,387,Gym,1,
1263,13,51,2026-03-04,volleyball,Skill practice and gameplay,126,7,882,Track,1,
1264,13,51,2026-03-05,recovery,Mobility and low-intensity recovery,34,2,68,Court,1,
1265,13,51,2026-03-06,strength,Upper-body strength,55,7,385,Track,1,
1266,13,51,2026-03-07,volleyball,Open gym or tournament,94,4,376,Gym,1,
1267,13,51,2026-03-08,rest,Full rest day,0,0,0,Gym,1,
1268,13,51,2026-03-09,strength,Lower-body strength,48,7,336,Court,1,
1269,13,51,2026-03-10,plyometric,Jump power and elasticity,64,9,576,Home,1,
1270,13,51,2026-03-11,volleyball,Skill practice and gameplay,121,10,1210,Home,1,
1271,13,51,2026-03-12,recovery,Mobility and low-intensity recovery,30,4,120,Gym,1,
1272,13,51,2026-03-13,strength,Upper-body strength,75,8,600,Gym,1,
1273,13,51,2026-03-14,volleyball,Open gym or tournament,58,6,348,Home,1,
1274,13,51,2026-03-15,rest,Full rest day,0,0,0,Gym,1,
1275,13,51,2026-03-16,strength,Lower-body strength,66,9,594,Court,1,
1276,13,52,2026-03-17,plyometric,Jump power and elasticity,38,9,342,Court,1,
1277,13,52,2026-03-18,volleyball,Skill practice and gameplay,53,6,318,Track,1,
1278,13,52,2026-03-19,recovery,Mobility and low-intensity recovery,55,2,110,Home,1,
1279,13,52,2026-03-20,strength,Upper-body strength,30,7,210,Gym,1,
1280,13,52,2026-03-21,volleyball,Open gym or tournament,127,9,1143,Track,1,
1281,13,52,2026-03-22,rest,Full rest day,0,0,0,Court,1,
1282,13,52,2026-03-23,strength,Lower-body strength,54,9,486,Home,1,
1283,13,52,2026-03-24,plyometric,Jump power and elasticity,42,5,210,Court,1,
1284,13,52,2026-03-25,volleyball,Skill practice and gameplay,124,7,868,Gym,1,
1285,13,52,2026-03-26,recovery,Mobility and low-intensity recovery,37,3,111,Track,1,
1286,13,52,2026-03-27,rest,Full rest day,0,0,0,Gym,1,
1287,13,52,2026-03-28,volleyball,Open gym or tournament,97,6,582,Gym,1,
1288,13,52,2026-03-29,rest,Full rest day,0,0,0,Home,1,
1289,13,52,2026-03-30,strength,Lower-body strength,84,8,672,Home,1,
1290,13,52,2026-03-31,plyometric,Jump power and elasticity,49,9,441,Gym,1,
1291,13,52,2026-04-01,volleyball,Skill practice and gameplay,79,6,474,Home,1,
1292,13,52,2026-04-02,recovery,Mobility and low-intensity recovery,24,4,96,Track,1,
1293,13,52,2026-04-03,strength,Upper-body strength,46,8,368,Track,1,
1294,13,52,2026-04-04,volleyball,Open gym or tournament,43,8,344,Gym,1,
1295,13,52,2026-04-05,rest,Full rest day,0,0,0,Track,1,
1296,13,52,2026-04-06,strength,Lower-body strength,70,7,490,Gym,1,
1297,13,52,2026-04-07,plyometric,Jump power and elasticity,57,7,399,Track,1,
1298,13,52,2026-04-08,volleyball,Skill practice and gameplay,122,7,854,Court,1,
1299,13,52,2026-04-09,recovery,Mobility and low-intensity recovery,33,4,132,Gym,1,
1300,13,52,2026-04-10,strength,Upper-body strength,58,7,406,Track,1,
1301,14,53,2026-01-01,recovery,Mobility and low-intensity recovery,38,2,76,Court,1,
1302,14,53,2026-01-02,strength,Upper-body strength,76,6,456,Gym,1,
1303,14,53,2026-01-03,volleyball,Open gym or tournament,116,5,580,Track,1,
1304,14,53,2026-01-04,rest,Full rest day,0,0,0,Track,1,
1305,14,53,2026-01-05,strength,Lower-body strength,47,9,423,Court,1,
1306,14,53,2026-01-06,plyometric,Jump power and elasticity,48,7,336,Home,1,
1307,14,53,2026-01-07,volleyball,Skill practice and gameplay,112,9,1008,Home,1,
1308,14,53,2026-01-08,recovery,Mobility and low-intensity recovery,28,4,112,Court,1,
1309,14,53,2026-01-09,strength,Upper-body strength,45,7,315,Court,1,
1310,14,53,2026-01-10,volleyball,Open gym or tournament,119,6,714,Gym,1,
1311,14,53,2026-01-11,rest,Full rest day,0,0,0,Home,1,
1312,14,53,2026-01-12,rest,Full rest day,0,0,0,Gym,1,
1313,14,53,2026-01-13,plyometric,Jump power and elasticity,45,9,405,Track,1,
1314,14,53,2026-01-14,volleyball,Skill practice and gameplay,79,10,790,Court,1,
1315,14,53,2026-01-15,recovery,Mobility and low-intensity recovery,37,2,74,Gym,1,
1316,14,53,2026-01-16,rest,Full rest day,0,0,0,Court,1,
1317,14,53,2026-01-17,volleyball,Open gym or tournament,124,4,496,Gym,1,
1318,14,53,2026-01-18,rest,Full rest day,0,0,0,Track,1,
1319,14,53,2026-01-19,strength,Lower-body strength,69,8,552,Track,1,
1320,14,53,2026-01-20,plyometric,Jump power and elasticity,45,6,270,Home,1,
1321,14,53,2026-01-21,volleyball,Skill practice and gameplay,138,6,828,Home,1,
1322,14,53,2026-01-22,recovery,Mobility and low-intensity recovery,33,2,66,Track,1,
1323,14,53,2026-01-23,strength,Upper-body strength,41,6,246,Gym,1,
1324,14,53,2026-01-24,volleyball,Open gym or tournament,92,6,552,Court,1,
1325,14,53,2026-01-25,rest,Full rest day,0,0,0,Track,1,
1326,14,54,2026-01-26,strength,Lower-body strength,58,5,290,Track,1,
1327,14,54,2026-01-27,plyometric,Jump power and elasticity,56,7,392,Gym,1,
1328,14,54,2026-01-28,volleyball,Skill practice and gameplay,138,6,828,Track,1,
1329,14,54,2026-01-29,rest,Full rest day,0,0,0,Track,1,
1330,14,54,2026-01-30,strength,Upper-body strength,65,7,455,Gym,1,
1331,14,54,2026-01-31,volleyball,Open gym or tournament,119,6,714,Track,1,
1332,14,54,2026-02-01,rest,Full rest day,0,0,0,Home,1,
1333,14,54,2026-02-02,strength,Lower-body strength,70,7,490,Home,1,
1334,14,54,2026-02-03,plyometric,Jump power and elasticity,30,7,210,Home,1,
1335,14,54,2026-02-04,volleyball,Skill practice and gameplay,91,7,637,Home,1,
1336,14,54,2026-02-05,recovery,Mobility and low-intensity recovery,29,3,87,Track,1,
1337,14,54,2026-02-06,strength,Upper-body strength,66,8,528,Court,1,
1338,14,54,2026-02-07,rest,Full rest day,0,0,0,Home,1,
1339,14,54,2026-02-08,rest,Full rest day,0,0,0,Home,1,
1340,14,54,2026-02-09,strength,Lower-body strength,50,6,300,Track,1,
1341,14,54,2026-02-10,plyometric,Jump power and elasticity,45,7,315,Track,1,
1342,14,54,2026-02-11,volleyball,Skill practice and gameplay,86,7,602,Gym,1,
1343,14,54,2026-02-12,recovery,Mobility and low-intensity recovery,28,3,84,Home,1,
1344,14,54,2026-02-13,strength,Upper-body strength,75,6,450,Gym,1,
1345,14,54,2026-02-14,volleyball,Open gym or tournament,125,8,1000,Home,1,
1346,14,54,2026-02-15,rest,Full rest day,0,0,0,Court,1,
1347,14,54,2026-02-16,strength,Lower-body strength,84,7,588,Track,1,
1348,14,54,2026-02-17,plyometric,Jump power and elasticity,49,8,392,Track,1,
1349,14,54,2026-02-18,volleyball,Skill practice and gameplay,102,7,714,Gym,1,
1350,14,54,2026-02-19,recovery,Mobility and low-intensity recovery,32,2,64,Gym,1,
1351,14,55,2026-02-20,strength,Upper-body strength,67,7,469,Track,1,
1352,14,55,2026-02-21,volleyball,Open gym or tournament,110,6,660,Track,1,
1353,14,55,2026-02-22,rest,Full rest day,0,0,0,Track,1,
1354,14,55,2026-02-23,strength,Lower-body strength,53,7,371,Home,1,
1355,14,55,2026-02-24,plyometric,Jump power and elasticity,40,6,240,Home,1,
1356,14,55,2026-02-25,volleyball,Skill practice and gameplay,79,7,553,Court,1,
1357,14,55,2026-02-26,recovery,Mobility and low-intensity recovery,35,3,105,Home,1,
1358,14,55,2026-02-27,rest,Full rest day,0,0,0,Track,1,
1359,14,55,2026-02-28,volleyball,Open gym or tournament,111,8,888,Home,1,
1360,14,55,2026-03-01,rest,Full rest day,0,0,0,Gym,1,
1361,14,55,2026-03-02,strength,Lower-body strength,43,7,301,Track,1,
1362,14,55,2026-03-03,rest,Full rest day,0,0,0,Home,1,
1363,14,55,2026-03-04,rest,Full rest day,0,0,0,Track,1,
1364,14,55,2026-03-05,recovery,Mobility and low-intensity recovery,22,4,88,Gym,1,
1365,14,55,2026-03-06,strength,Upper-body strength,51,7,357,Gym,1,
1366,14,55,2026-03-07,volleyball,Open gym or tournament,58,7,406,Home,1,
1367,14,55,2026-03-08,rest,Full rest day,0,0,0,Track,1,
1368,14,55,2026-03-09,strength,Lower-body strength,46,7,322,Court,1,
1369,14,55,2026-03-10,plyometric,Jump power and elasticity,23,5,115,Gym,1,
1370,14,55,2026-03-11,volleyball,Skill practice and gameplay,108,7,756,Court,1,
1371,14,55,2026-03-12,recovery,Mobility and low-intensity recovery,38,3,114,Home,1,
1372,14,55,2026-03-13,strength,Upper-body strength,70,6,420,Gym,1,
1373,14,55,2026-03-14,volleyball,Open gym or tournament,85,5,425,Court,1,
1374,14,55,2026-03-15,rest,Full rest day,0,0,0,Gym,1,
1375,14,55,2026-03-16,strength,Lower-body strength,65,7,455,Court,1,
1376,14,56,2026-03-17,plyometric,Jump power and elasticity,53,6,318,Track,1,
1377,14,56,2026-03-18,volleyball,Skill practice and gameplay,87,8,696,Track,1,
1378,14,56,2026-03-19,recovery,Mobility and low-intensity recovery,28,3,84,Home,1,
1379,14,56,2026-03-20,strength,Upper-body strength,78,5,390,Gym,1,
1380,14,56,2026-03-21,volleyball,Open gym or tournament,112,7,784,Court,1,
1381,14,56,2026-03-22,rest,Full rest day,0,0,0,Home,1,
1382,14,56,2026-03-23,strength,Lower-body strength,63,8,504,Track,1,
1383,14,56,2026-03-24,plyometric,Jump power and elasticity,45,7,315,Track,1,
1384,14,56,2026-03-25,volleyball,Skill practice and gameplay,113,8,904,Home,1,
1385,14,56,2026-03-26,recovery,Mobility and low-intensity recovery,21,1,21,Gym,1,
1386,14,56,2026-03-27,strength,Upper-body strength,69,8,552,Court,1,
1387,14,56,2026-03-28,volleyball,Open gym or tournament,97,7,679,Track,1,
1388,14,56,2026-03-29,rest,Full rest day,0,0,0,Home,1,
1389,14,56,2026-03-30,strength,Lower-body strength,74,7,518,Track,1,
1390,14,56,2026-03-31,plyometric,Jump power and elasticity,42,9,378,Track,1,
1391,14,56,2026-04-01,rest,Full rest day,0,0,0,Court,1,
1392,14,56,2026-04-02,recovery,Mobility and low-intensity recovery,30,4,120,Gym,1,
1393,14,56,2026-04-03,strength,Upper-body strength,72,7,504,Gym,1,
1394,14,56,2026-04-04,volleyball,Open gym or tournament,95,4,380,Court,1,
1395,14,56,2026-04-05,rest,Full rest day,0,0,0,Home,1,
1396,14,56,2026-04-06,rest,Full rest day,0,0,0,Home,1,
1397,14,56,2026-04-07,plyometric,Jump power and elasticity,45,8,360,Gym,1,
1398,14,56,2026-04-08,volleyball,Skill practice and gameplay,65,7,455,Track,1,
1399,14,56,2026-04-09,recovery,Mobility and low-intensity recovery,40,4,160,Track,1,
1400,14,56,2026-04-10,strength,Upper-body strength,78,7,546,Home,1,
1401,15,57,2026-01-01,recovery,Mobility and low-intensity recovery,48,3,144,Court,1,
1402,15,57,2026-01-02,strength,Upper-body strength,58,7,406,Track,1,
1403,15,57,2026-01-03,volleyball,Open gym or tournament,102,8,816,Home,1,
1404,15,57,2026-01-04,rest,Full rest day,0,0,0,Court,1,
1405,15,57,2026-01-05,strength,Lower-body strength,79,7,553,Gym,1,
1406,15,57,2026-01-06,plyometric,Jump power and elasticity,39,7,273,Court,1,
1407,15,57,2026-01-07,rest,Full rest day,0,0,0,Gym,1,
1408,15,57,2026-01-08,recovery,Mobility and low-intensity recovery,40,3,120,Home,1,
1409,15,57,2026-01-09,strength,Upper-body strength,68,8,544,Court,1,
1410,15,57,2026-01-10,volleyball,Open gym or tournament,139,5,695,Home,1,
1411,15,57,2026-01-11,rest,Full rest day,0,0,0,Gym,1,
1412,15,57,2026-01-12,strength,Lower-body strength,62,8,496,Track,1,
1413,15,57,2026-01-13,plyometric,Jump power and elasticity,46,7,322,Track,1,
1414,15,57,2026-01-14,volleyball,Skill practice and gameplay,133,8,1064,Gym,1,
1415,15,57,2026-01-15,recovery,Mobility and low-intensity recovery,43,3,129,Track,1,
1416,15,57,2026-01-16,strength,Upper-body strength,58,7,406,Track,1,
1417,15,57,2026-01-17,volleyball,Open gym or tournament,50,7,350,Court,1,
1418,15,57,2026-01-18,rest,Full rest day,0,0,0,Court,1,
1419,15,57,2026-01-19,strength,Lower-body strength,78,9,702,Track,1,
1420,15,57,2026-01-20,rest,Full rest day,0,0,0,Court,1,
1421,15,57,2026-01-21,volleyball,Skill practice and gameplay,131,8,1048,Gym,1,
1422,15,57,2026-01-22,recovery,Mobility and low-intensity recovery,40,3,120,Court,1,
1423,15,57,2026-01-23,strength,Upper-body strength,48,6,288,Court,1,
1424,15,57,2026-01-24,volleyball,Open gym or tournament,133,8,1064,Court,1,
1425,15,57,2026-01-25,rest,Full rest day,0,0,0,Home,1,
1426,15,58,2026-01-26,strength,Lower-body strength,77,7,539,Gym,1,
1427,15,58,2026-01-27,plyometric,Jump power and elasticity,36,6,216,Track,1,
1428,15,58,2026-01-28,volleyball,Skill practice and gameplay,81,6,486,Track,1,
1429,15,58,2026-01-29,recovery,Mobility and low-intensity recovery,22,4,88,Home,1,
1430,15,58,2026-01-30,strength,Upper-body strength,57,8,456,Court,1,
1431,15,58,2026-01-31,volleyball,Open gym or tournament,128,7,896,Gym,1,
1432,15,58,2026-02-01,rest,Full rest day,0,0,0,Gym,1,
1433,15,58,2026-02-02,strength,Lower-body strength,55,6,330,Track,1,
1434,15,58,2026-02-03,plyometric,Jump power and elasticity,36,6,216,Home,1,
1435,15,58,2026-02-04,volleyball,Skill practice and gameplay,90,9,810,Home,1,
1436,15,58,2026-02-05,recovery,Mobility and low-intensity recovery,23,4,92,Home,1,
1437,15,58,2026-02-06,strength,Upper-body strength,53,5,265,Home,1,
1438,15,58,2026-02-07,volleyball,Open gym or tournament,74,7,518,Gym,1,
1439,15,58,2026-02-08,rest,Full rest day,0,0,0,Court,1,
1440,15,58,2026-02-09,strength,Lower-body strength,59,7,413,Track,1,
1441,15,58,2026-02-10,plyometric,Jump power and elasticity,45,7,315,Gym,1,
1442,15,58,2026-02-11,volleyball,Skill practice and gameplay,124,7,868,Home,1,
1443,15,58,2026-02-12,recovery,Mobility and low-intensity recovery,54,3,162,Home,1,
1444,15,58,2026-02-13,strength,Upper-body strength,39,8,312,Track,1,
1445,15,58,2026-02-14,volleyball,Open gym or tournament,157,8,1256,Court,1,
1446,15,58,2026-02-15,rest,Full rest day,0,0,0,Court,1,
1447,15,58,2026-02-16,rest,Full rest day,0,0,0,Court,1,
1448,15,58,2026-02-17,rest,Full rest day,0,0,0,Home,1,
1449,15,58,2026-02-18,volleyball,Skill practice and gameplay,76,8,608,Gym,1,
1450,15,58,2026-02-19,recovery,Mobility and low-intensity recovery,33,2,66,Gym,1,
1451,15,59,2026-02-20,strength,Upper-body strength,68,7,476,Court,1,
1452,15,59,2026-02-21,volleyball,Open gym or tournament,66,7,462,Track,1,
1453,15,59,2026-02-22,rest,Full rest day,0,0,0,Court,1,
1454,15,59,2026-02-23,strength,Lower-body strength,51,8,408,Court,1,
1455,15,59,2026-02-24,plyometric,Jump power and elasticity,46,5,230,Track,1,
1456,15,59,2026-02-25,volleyball,Skill practice and gameplay,75,6,450,Court,1,
1457,15,59,2026-02-26,recovery,Mobility and low-intensity recovery,34,2,68,Track,1,
1458,15,59,2026-02-27,rest,Full rest day,0,0,0,Track,1,
1459,15,59,2026-02-28,rest,Full rest day,0,0,0,Gym,1,
1460,15,59,2026-03-01,rest,Full rest day,0,0,0,Track,1,
1461,15,59,2026-03-02,strength,Lower-body strength,50,7,350,Court,1,
1462,15,59,2026-03-03,plyometric,Jump power and elasticity,51,7,357,Track,1,
1463,15,59,2026-03-04,volleyball,Skill practice and gameplay,88,7,616,Court,1,
1464,15,59,2026-03-05,recovery,Mobility and low-intensity recovery,31,3,93,Track,1,
1465,15,59,2026-03-06,strength,Upper-body strength,77,5,385,Gym,1,
1466,15,59,2026-03-07,volleyball,Open gym or tournament,84,8,672,Court,1,
1467,15,59,2026-03-08,rest,Full rest day,0,0,0,Court,1,
1468,15,59,2026-03-09,strength,Lower-body strength,57,6,342,Court,1,
1469,15,59,2026-03-10,plyometric,Jump power and elasticity,37,7,259,Track,1,
1470,15,59,2026-03-11,volleyball,Skill practice and gameplay,113,7,791,Gym,1,
1471,15,59,2026-03-12,recovery,Mobility and low-intensity recovery,29,3,87,Gym,1,
1472,15,59,2026-03-13,strength,Upper-body strength,66,8,528,Gym,1,
1473,15,59,2026-03-14,volleyball,Open gym or tournament,116,9,1044,Gym,1,
1474,15,59,2026-03-15,rest,Full rest day,0,0,0,Track,1,
1475,15,59,2026-03-16,strength,Lower-body strength,75,7,525,Court,1,
1476,15,60,2026-03-17,plyometric,Jump power and elasticity,45,8,360,Home,1,
1477,15,60,2026-03-18,volleyball,Skill practice and gameplay,115,7,805,Gym,1,
1478,15,60,2026-03-19,recovery,Mobility and low-intensity recovery,38,4,152,Home,1,
1479,15,60,2026-03-20,strength,Upper-body strength,75,5,375,Track,1,
1480,15,60,2026-03-21,rest,Full rest day,0,0,0,Track,1,
1481,15,60,2026-03-22,rest,Full rest day,0,0,0,Home,1,
1482,15,60,2026-03-23,strength,Lower-body strength,70,6,420,Court,1,
1483,15,60,2026-03-24,plyometric,Jump power and elasticity,41,7,287,Home,1,
1484,15,60,2026-03-25,volleyball,Skill practice and gameplay,52,6,312,Track,1,
1485,15,60,2026-03-26,recovery,Mobility and low-intensity recovery,21,5,105,Home,1,
1486,15,60,2026-03-27,strength,Upper-body strength,41,7,287,Gym,1,
1487,15,60,2026-03-28,rest,Full rest day,0,0,0,Gym,1,
1488,15,60,2026-03-29,rest,Full rest day,0,0,0,Court,1,
1489,15,60,2026-03-30,strength,Lower-body strength,52,8,416,Home,1,
1490,15,60,2026-03-31,plyometric,Jump power and elasticity,51,6,306,Home,1,
1491,15,60,2026-04-01,volleyball,Skill practice and gameplay,116,8,928,Home,1,
1492,15,60,2026-04-02,recovery,Mobility and low-intensity recovery,40,2,80,Home,1,
1493,15,60,2026-04-03,strength,Upper-body strength,64,7,448,Court,1,
1494,15,60,2026-04-04,volleyball,Open gym or tournament,122,8,976,Track,1,
1495,15,60,2026-04-05,rest,Full rest day,0,0,0,Court,1,
1496,15,60,2026-04-06,strength,Lower-body strength,89,5,445,Track,1,
1497,15,60,2026-04-07,plyometric,Jump power and elasticity,50,8,400,Track,1,
1498,15,60,2026-04-08,volleyball,Skill practice and gameplay,85,7,595,Track,1,
1499,15,60,2026-04-09,recovery,Mobility and low-intensity recovery,27,3,81,Home,1,
1500,15,60,2026-04-10,strength,Upper-body strength,50,6,300,Court,1,
1501,16,61,2026-01-01,recovery,Mobility and low-intensity recovery,38,3,114,Track,1,
1502,16,61,2026-01-02,strength,Upper-body strength,65,8,520,Gym,1,
1503,16,61,2026-01-03,volleyball,Open gym or tournament,91,7,637,Track,1,
1504,16,61,2026-01-04,rest,Full rest day,0,0,0,Court,1,
1505,16,61,2026-01-05,strength,Lower-body strength,78,7,546,Home,1,
1506,16,61,2026-01-06,plyometric,Jump power and elasticity,61,7,427,Gym,1,
1507,16,61,2026-01-07,rest,Full rest day,0,0,0,Track,1,
1508,16,61,2026-01-08,recovery,Mobility and low-intensity recovery,34,2,68,Home,1,
1509,16,61,2026-01-09,strength,Upper-body strength,47,7,329,Court,1,
1510,16,61,2026-01-10,volleyball,Open gym or tournament,123,9,1107,Court,1,
1511,16,61,2026-01-11,rest,Full rest day,0,0,0,Gym,1,
1512,16,61,2026-01-12,strength,Lower-body strength,39,7,273,Gym,1,
1513,16,61,2026-01-13,plyometric,Jump power and elasticity,45,6,270,Track,1,
1514,16,61,2026-01-14,volleyball,Skill practice and gameplay,89,7,623,Home,1,
1515,16,61,2026-01-15,recovery,Mobility and low-intensity recovery,33,2,66,Home,1,
1516,16,61,2026-01-16,strength,Upper-body strength,54,8,432,Court,1,
1517,16,61,2026-01-17,volleyball,Open gym or tournament,113,8,904,Court,1,
1518,16,61,2026-01-18,rest,Full rest day,0,0,0,Track,1,
1519,16,61,2026-01-19,rest,Full rest day,0,0,0,Track,1,
1520,16,61,2026-01-20,plyometric,Jump power and elasticity,46,7,322,Court,1,
1521,16,61,2026-01-21,volleyball,Skill practice and gameplay,93,7,651,Court,1,
1522,16,61,2026-01-22,recovery,Mobility and low-intensity recovery,35,3,105,Home,1,
1523,16,61,2026-01-23,strength,Upper-body strength,64,5,320,Home,1,
1524,16,61,2026-01-24,volleyball,Open gym or tournament,67,6,402,Home,1,
1525,16,61,2026-01-25,rest,Full rest day,0,0,0,Track,1,
1526,16,62,2026-01-26,strength,Lower-body strength,49,8,392,Home,1,
1527,16,62,2026-01-27,plyometric,Jump power and elasticity,35,8,280,Gym,1,
1528,16,62,2026-01-28,rest,Full rest day,0,0,0,Gym,1,
1529,16,62,2026-01-29,recovery,Mobility and low-intensity recovery,20,3,60,Home,1,
1530,16,62,2026-01-30,strength,Upper-body strength,56,7,392,Home,1,
1531,16,62,2026-01-31,volleyball,Open gym or tournament,85,8,680,Court,1,
1532,16,62,2026-02-01,rest,Full rest day,0,0,0,Court,1,
1533,16,62,2026-02-02,strength,Lower-body strength,63,7,441,Track,1,
1534,16,62,2026-02-03,rest,Full rest day,0,0,0,Gym,1,
1535,16,62,2026-02-04,volleyball,Skill practice and gameplay,131,6,786,Gym,1,
1536,16,62,2026-02-05,recovery,Mobility and low-intensity recovery,36,4,144,Track,1,
1537,16,62,2026-02-06,strength,Upper-body strength,53,7,371,Home,1,
1538,16,62,2026-02-07,volleyball,Open gym or tournament,84,5,420,Home,1,
1539,16,62,2026-02-08,rest,Full rest day,0,0,0,Track,1,
1540,16,62,2026-02-09,strength,Lower-body strength,34,9,306,Gym,1,
1541,16,62,2026-02-10,plyometric,Jump power and elasticity,42,7,294,Gym,1,
1542,16,62,2026-02-11,volleyball,Skill practice and gameplay,101,7,707,Home,1,
1543,16,62,2026-02-12,recovery,Mobility and low-intensity recovery,33,3,99,Court,1,
1544,16,62,2026-02-13,strength,Upper-body strength,52,7,364,Track,1,
1545,16,62,2026-02-14,volleyball,Open gym or tournament,93,7,651,Track,1,
1546,16,62,2026-02-15,rest,Full rest day,0,0,0,Home,1,
1547,16,62,2026-02-16,strength,Lower-body strength,80,5,400,Track,1,
1548,16,62,2026-02-17,plyometric,Jump power and elasticity,23,8,184,Gym,1,
1549,16,62,2026-02-18,volleyball,Skill practice and gameplay,97,4,388,Home,1,
1550,16,62,2026-02-19,recovery,Mobility and low-intensity recovery,36,4,144,Gym,1,
1551,16,63,2026-02-20,strength,Upper-body strength,65,7,455,Court,1,
1552,16,63,2026-02-21,rest,Full rest day,0,0,0,Track,1,
1553,16,63,2026-02-22,rest,Full rest day,0,0,0,Track,1,
1554,16,63,2026-02-23,strength,Lower-body strength,63,7,441,Gym,1,
1555,16,63,2026-02-24,plyometric,Jump power and elasticity,44,7,308,Home,1,
1556,16,63,2026-02-25,volleyball,Skill practice and gameplay,68,7,476,Home,1,
1557,16,63,2026-02-26,recovery,Mobility and low-intensity recovery,30,3,90,Track,1,
1558,16,63,2026-02-27,strength,Upper-body strength,51,8,408,Gym,1,
1559,16,63,2026-02-28,volleyball,Open gym or tournament,109,9,981,Court,1,
1560,16,63,2026-03-01,rest,Full rest day,0,0,0,Gym,1,
1561,16,63,2026-03-02,strength,Lower-body strength,85,8,680,Home,1,
1562,16,63,2026-03-03,rest,Full rest day,0,0,0,Track,1,
1563,16,63,2026-03-04,volleyball,Skill practice and gameplay,103,6,618,Track,1,
1564,16,63,2026-03-05,recovery,Mobility and low-intensity recovery,31,4,124,Track,1,
1565,16,63,2026-03-06,strength,Upper-body strength,69,7,483,Court,1,
1566,16,63,2026-03-07,volleyball,Open gym or tournament,128,6,768,Court,1,
1567,16,63,2026-03-08,rest,Full rest day,0,0,0,Home,1,
1568,16,63,2026-03-09,strength,Lower-body strength,73,7,511,Gym,1,
1569,16,63,2026-03-10,plyometric,Jump power and elasticity,28,7,196,Gym,1,
1570,16,63,2026-03-11,volleyball,Skill practice and gameplay,134,9,1206,Gym,1,
1571,16,63,2026-03-12,recovery,Mobility and low-intensity recovery,19,3,57,Court,1,
1572,16,63,2026-03-13,strength,Upper-body strength,81,7,567,Track,1,
1573,16,63,2026-03-14,volleyball,Open gym or tournament,116,8,928,Home,1,
1574,16,63,2026-03-15,rest,Full rest day,0,0,0,Home,1,
1575,16,63,2026-03-16,strength,Lower-body strength,70,5,350,Court,1,
1576,16,64,2026-03-17,plyometric,Jump power and elasticity,53,8,424,Court,1,
1577,16,64,2026-03-18,volleyball,Skill practice and gameplay,52,9,468,Track,1,
1578,16,64,2026-03-19,recovery,Mobility and low-intensity recovery,36,3,108,Track,1,
1579,16,64,2026-03-20,strength,Upper-body strength,74,9,666,Court,1,
1580,16,64,2026-03-21,volleyball,Open gym or tournament,106,5,530,Home,1,
1581,16,64,2026-03-22,rest,Full rest day,0,0,0,Track,1,
1582,16,64,2026-03-23,strength,Lower-body strength,77,6,462,Track,1,
1583,16,64,2026-03-24,rest,Full rest day,0,0,0,Home,1,
1584,16,64,2026-03-25,volleyball,Skill practice and gameplay,102,8,816,Track,1,
1585,16,64,2026-03-26,recovery,Mobility and low-intensity recovery,46,3,138,Home,1,
1586,16,64,2026-03-27,strength,Upper-body strength,84,7,588,Gym,1,
1587,16,64,2026-03-28,volleyball,Open gym or tournament,123,5,615,Track,1,
1588,16,64,2026-03-29,rest,Full rest day,0,0,0,Track,1,
1589,16,64,2026-03-30,strength,Lower-body strength,72,6,432,Gym,1,
1590,16,64,2026-03-31,plyometric,Jump power and elasticity,53,6,318,Home,1,
1591,16,64,2026-04-01,volleyball,Skill practice and gameplay,74,6,444,Track,1,
1592,16,64,2026-04-02,recovery,Mobility and low-intensity recovery,37,4,148,Gym,1,
1593,16,64,2026-04-03,strength,Upper-body strength,59,6,354,Home,1,
1594,16,64,2026-04-04,volleyball,Open gym or tournament,87,7,609,Track,1,
1595,16,64,2026-04-05,rest,Full rest day,0,0,0,Court,1,
1596,16,64,2026-04-06,strength,Lower-body strength,65,7,455,Gym,1,
1597,16,64,2026-04-07,plyometric,Jump power and elasticity,42,7,294,Home,1,
1598,16,64,2026-04-08,volleyball,Skill practice and gameplay,83,6,498,Court,1,
1599,16,64,2026-04-09,recovery,Mobility and low-intensity recovery,36,4,144,Home,1,
1600,16,64,2026-04-10,rest,Full rest day,0,0,0,Court,1,
1601,17,65,2026-01-01,recovery,Mobility and low-intensity recovery,36,4,144,Court,1,
1602,17,65,2026-01-02,strength,Upper-body strength,81,7,567,Gym,1,
1603,17,65,2026-01-03,volleyball,Open gym or tournament,62,8,496,Gym,1,
1604,17,65,2026-01-04,rest,Full rest day,0,0,0,Court,1,
1605,17,65,2026-01-05,strength,Lower-body strength,61,7,427,Gym,1,
1606,17,65,2026-01-06,plyometric,Jump power and elasticity,47,6,282,Home,1,
1607,17,65,2026-01-07,rest,Full rest day,0,0,0,Track,1,
1608,17,65,2026-01-08,recovery,Mobility and low-intensity recovery,39,2,78,Home,1,
1609,17,65,2026-01-09,strength,Upper-body strength,42,7,294,Court,1,
1610,17,65,2026-01-10,volleyball,Open gym or tournament,106,8,848,Home,1,
1611,17,65,2026-01-11,rest,Full rest day,0,0,0,Court,1,
1612,17,65,2026-01-12,strength,Lower-body strength,41,7,287,Home,1,
1613,17,65,2026-01-13,plyometric,Jump power and elasticity,74,7,518,Home,1,
1614,17,65,2026-01-14,volleyball,Skill practice and gameplay,76,7,532,Gym,1,
1615,17,65,2026-01-15,recovery,Mobility and low-intensity recovery,37,4,148,Court,1,
1616,17,65,2026-01-16,strength,Upper-body strength,89,7,623,Court,1,
1617,17,65,2026-01-17,volleyball,Open gym or tournament,69,7,483,Track,1,
1618,17,65,2026-01-18,rest,Full rest day,0,0,0,Home,1,
1619,17,65,2026-01-19,strength,Lower-body strength,89,7,623,Home,1,
1620,17,65,2026-01-20,plyometric,Jump power and elasticity,34,6,204,Track,1,
1621,17,65,2026-01-21,volleyball,Skill practice and gameplay,93,6,558,Court,1,
1622,17,65,2026-01-22,recovery,Mobility and low-intensity recovery,32,4,128,Home,1,
1623,17,65,2026-01-23,strength,Upper-body strength,67,8,536,Track,1,
1624,17,65,2026-01-24,volleyball,Open gym or tournament,69,7,483,Track,1,
1625,17,65,2026-01-25,rest,Full rest day,0,0,0,Track,1,
1626,17,66,2026-01-26,strength,Lower-body strength,79,7,553,Home,1,
1627,17,66,2026-01-27,plyometric,Jump power and elasticity,44,8,352,Court,1,
1628,17,66,2026-01-28,volleyball,Skill practice and gameplay,93,6,558,Court,1,
1629,17,66,2026-01-29,recovery,Mobility and low-intensity recovery,32,3,96,Track,1,
1630,17,66,2026-01-30,strength,Upper-body strength,63,7,441,Track,1,
1631,17,66,2026-01-31,volleyball,Open gym or tournament,88,8,704,Court,1,
1632,17,66,2026-02-01,rest,Full rest day,0,0,0,Track,1,
1633,17,66,2026-02-02,strength,Lower-body strength,46,8,368,Track,1,
1634,17,66,2026-02-03,plyometric,Jump power and elasticity,32,8,256,Court,1,
1635,17,66,2026-02-04,volleyball,Skill practice and gameplay,137,8,1096,Home,1,
1636,17,66,2026-02-05,recovery,Mobility and low-intensity recovery,40,3,120,Track,1,
1637,17,66,2026-02-06,strength,Upper-body strength,40,6,240,Home,1,
1638,17,66,2026-02-07,volleyball,Open gym or tournament,136,8,1088,Track,1,
1639,17,66,2026-02-08,rest,Full rest day,0,0,0,Track,1,
1640,17,66,2026-02-09,strength,Lower-body strength,62,7,434,Track,1,
1641,17,66,2026-02-10,rest,Full rest day,0,0,0,Gym,1,
1642,17,66,2026-02-11,volleyball,Skill practice and gameplay,99,10,990,Home,1,
1643,17,66,2026-02-12,recovery,Mobility and low-intensity recovery,22,3,66,Home,1,
1644,17,66,2026-02-13,strength,Upper-body strength,64,6,384,Track,1,
1645,17,66,2026-02-14,volleyball,Open gym or tournament,121,8,968,Court,1,
1646,17,66,2026-02-15,rest,Full rest day,0,0,0,Track,1,
1647,17,66,2026-02-16,strength,Lower-body strength,63,5,315,Gym,1,
1648,17,66,2026-02-17,rest,Full rest day,0,0,0,Track,1,
1649,17,66,2026-02-18,rest,Full rest day,0,0,0,Gym,1,
1650,17,66,2026-02-19,recovery,Mobility and low-intensity recovery,45,2,90,Track,1,
1651,17,67,2026-02-20,strength,Upper-body strength,65,8,520,Home,1,
1652,17,67,2026-02-21,volleyball,Open gym or tournament,77,8,616,Track,1,
1653,17,67,2026-02-22,rest,Full rest day,0,0,0,Home,1,
1654,17,67,2026-02-23,strength,Lower-body strength,71,7,497,Court,1,
1655,17,67,2026-02-24,plyometric,Jump power and elasticity,31,7,217,Court,1,
1656,17,67,2026-02-25,volleyball,Skill practice and gameplay,79,7,553,Track,1,
1657,17,67,2026-02-26,recovery,Mobility and low-intensity recovery,28,3,84,Track,1,
1658,17,67,2026-02-27,strength,Upper-body strength,79,9,711,Court,1,
1659,17,67,2026-02-28,volleyball,Open gym or tournament,147,8,1176,Gym,1,
1660,17,67,2026-03-01,rest,Full rest day,0,0,0,Court,1,
1661,17,67,2026-03-02,strength,Lower-body strength,67,7,469,Court,1,
1662,17,67,2026-03-03,plyometric,Jump power and elasticity,25,9,225,Gym,1,
1663,17,67,2026-03-04,volleyball,Skill practice and gameplay,58,8,464,Court,1,
1664,17,67,2026-03-05,recovery,Mobility and low-intensity recovery,27,3,81,Court,1,
1665,17,67,2026-03-06,strength,Upper-body strength,64,6,384,Gym,1,
1666,17,67,2026-03-07,volleyball,Open gym or tournament,77,8,616,Gym,1,
1667,17,67,2026-03-08,rest,Full rest day,0,0,0,Home,1,
1668,17,67,2026-03-09,strength,Lower-body strength,54,6,324,Track,1,
1669,17,67,2026-03-10,plyometric,Jump power and elasticity,44,6,264,Home,1,
1670,17,67,2026-03-11,volleyball,Skill practice and gameplay,173,7,1211,Gym,1,
1671,17,67,2026-03-12,rest,Full rest day,0,0,0,Court,1,
1672,17,67,2026-03-13,strength,Upper-body strength,100,8,800,Gym,1,
1673,17,67,2026-03-14,volleyball,Open gym or tournament,111,7,777,Court,1,
1674,17,67,2026-03-15,rest,Full rest day,0,0,0,Home,1,
1675,17,67,2026-03-16,strength,Lower-body strength,65,9,585,Home,1,
1676,17,68,2026-03-17,plyometric,Jump power and elasticity,38,6,228,Home,1,
1677,17,68,2026-03-18,volleyball,Skill practice and gameplay,81,8,648,Court,1,
1678,17,68,2026-03-19,recovery,Mobility and low-intensity recovery,30,4,120,Track,1,
1679,17,68,2026-03-20,strength,Upper-body strength,68,9,612,Track,1,
1680,17,68,2026-03-21,volleyball,Open gym or tournament,93,8,744,Track,1,
1681,17,68,2026-03-22,rest,Full rest day,0,0,0,Gym,1,
1682,17,68,2026-03-23,strength,Lower-body strength,58,7,406,Gym,1,
1683,17,68,2026-03-24,plyometric,Jump power and elasticity,34,5,170,Court,1,
1684,17,68,2026-03-25,volleyball,Skill practice and gameplay,116,5,580,Gym,1,
1685,17,68,2026-03-26,recovery,Mobility and low-intensity recovery,30,4,120,Court,1,
1686,17,68,2026-03-27,strength,Upper-body strength,52,8,416,Home,1,
1687,17,68,2026-03-28,rest,Full rest day,0,0,0,Court,1,
1688,17,68,2026-03-29,rest,Full rest day,0,0,0,Gym,1,
1689,17,68,2026-03-30,strength,Lower-body strength,64,9,576,Home,1,
1690,17,68,2026-03-31,plyometric,Jump power and elasticity,54,5,270,Home,1,
1691,17,68,2026-04-01,volleyball,Skill practice and gameplay,106,8,848,Court,1,
1692,17,68,2026-04-02,recovery,Mobility and low-intensity recovery,34,4,136,Track,1,
1693,17,68,2026-04-03,strength,Upper-body strength,69,8,552,Gym,1,
1694,17,68,2026-04-04,rest,Full rest day,0,0,0,Gym,1,
1695,17,68,2026-04-05,rest,Full rest day,0,0,0,Track,1,
1696,17,68,2026-04-06,strength,Lower-body strength,56,8,448,Gym,1,
1697,17,68,2026-04-07,plyometric,Jump power and elasticity,42,7,294,Track,1,
1698,17,68,2026-04-08,volleyball,Skill practice and gameplay,104,7,728,Track,1,
1699,17,68,2026-04-09,recovery,Mobility and low-intensity recovery,46,3,138,Home,1,
1700,17,68,2026-04-10,strength,Upper-body strength,72,7,504,Home,1,
1701,18,69,2026-01-01,rest,Full rest day,0,0,0,Court,1,
1702,18,69,2026-01-02,strength,Upper-body strength,83,7,581,Home,1,
1703,18,69,2026-01-03,volleyball,Open gym or tournament,124,6,744,Track,1,
1704,18,69,2026-01-04,rest,Full rest day,0,0,0,Court,1,
1705,18,69,2026-01-05,rest,Full rest day,0,0,0,Gym,1,
1706,18,69,2026-01-06,plyometric,Jump power and elasticity,46,8,368,Track,1,
1707,18,69,2026-01-07,volleyball,Skill practice and gameplay,84,6,504,Court,1,
1708,18,69,2026-01-08,recovery,Mobility and low-intensity recovery,23,3,69,Home,1,
1709,18,69,2026-01-09,strength,Upper-body strength,79,7,553,Track,1,
1710,18,69,2026-01-10,volleyball,Open gym or tournament,80,9,720,Court,1,
1711,18,69,2026-01-11,rest,Full rest day,0,0,0,Gym,1,
1712,18,69,2026-01-12,strength,Lower-body strength,73,7,511,Track,1,
1713,18,69,2026-01-13,rest,Full rest day,0,0,0,Track,1,
1714,18,69,2026-01-14,volleyball,Skill practice and gameplay,125,8,1000,Court,1,
1715,18,69,2026-01-15,recovery,Mobility and low-intensity recovery,37,3,111,Court,1,
1716,18,69,2026-01-16,strength,Upper-body strength,65,8,520,Home,1,
1717,18,69,2026-01-17,volleyball,Open gym or tournament,99,7,693,Home,1,
1718,18,69,2026-01-18,rest,Full rest day,0,0,0,Track,1,
1719,18,69,2026-01-19,strength,Lower-body strength,59,7,413,Gym,1,
1720,18,69,2026-01-20,plyometric,Jump power and elasticity,49,8,392,Home,1,
1721,18,69,2026-01-21,volleyball,Skill practice and gameplay,123,6,738,Gym,1,
1722,18,69,2026-01-22,recovery,Mobility and low-intensity recovery,36,2,72,Court,1,
1723,18,69,2026-01-23,strength,Upper-body strength,65,8,520,Court,1,
1724,18,69,2026-01-24,volleyball,Open gym or tournament,103,9,927,Home,1,
1725,18,69,2026-01-25,rest,Full rest day,0,0,0,Track,1,
1726,18,70,2026-01-26,strength,Lower-body strength,55,8,440,Court,1,
1727,18,70,2026-01-27,plyometric,Jump power and elasticity,64,6,384,Gym,1,
1728,18,70,2026-01-28,volleyball,Skill practice and gameplay,71,6,426,Track,1,
1729,18,70,2026-01-29,recovery,Mobility and low-intensity recovery,21,3,63,Home,1,
1730,18,70,2026-01-30,strength,Upper-body strength,56,8,448,Court,1,
1731,18,70,2026-01-31,volleyball,Open gym or tournament,168,6,1008,Home,1,
1732,18,70,2026-02-01,rest,Full rest day,0,0,0,Track,1,
1733,18,70,2026-02-02,strength,Lower-body strength,51,6,306,Track,1,
1734,18,70,2026-02-03,plyometric,Jump power and elasticity,40,8,320,Track,1,
1735,18,70,2026-02-04,volleyball,Skill practice and gameplay,112,7,784,Gym,1,
1736,18,70,2026-02-05,recovery,Mobility and low-intensity recovery,30,4,120,Track,1,
1737,18,70,2026-02-06,strength,Upper-body strength,72,6,432,Track,1,
1738,18,70,2026-02-07,volleyball,Open gym or tournament,82,9,738,Court,1,
1739,18,70,2026-02-08,rest,Full rest day,0,0,0,Gym,1,
1740,18,70,2026-02-09,strength,Lower-body strength,72,6,432,Gym,1,
1741,18,70,2026-02-10,plyometric,Jump power and elasticity,27,5,135,Home,1,
1742,18,70,2026-02-11,volleyball,Skill practice and gameplay,101,8,808,Track,1,
1743,18,70,2026-02-12,recovery,Mobility and low-intensity recovery,39,3,117,Court,1,
1744,18,70,2026-02-13,strength,Upper-body strength,66,7,462,Home,1,
1745,18,70,2026-02-14,rest,Full rest day,0,0,0,Track,1,
1746,18,70,2026-02-15,rest,Full rest day,0,0,0,Gym,1,
1747,18,70,2026-02-16,strength,Lower-body strength,66,8,528,Track,1,
1748,18,70,2026-02-17,plyometric,Jump power and elasticity,42,7,294,Track,1,
1749,18,70,2026-02-18,volleyball,Skill practice and gameplay,60,7,420,Court,1,
1750,18,70,2026-02-19,recovery,Mobility and low-intensity recovery,41,1,41,Court,1,
1751,18,71,2026-02-20,strength,Upper-body strength,56,9,504,Court,1,
1752,18,71,2026-02-21,volleyball,Open gym or tournament,116,5,580,Home,1,
1753,18,71,2026-02-22,rest,Full rest day,0,0,0,Court,1,
1754,18,71,2026-02-23,strength,Lower-body strength,52,8,416,Home,1,
1755,18,71,2026-02-24,rest,Full rest day,0,0,0,Track,1,
1756,18,71,2026-02-25,volleyball,Skill practice and gameplay,118,6,708,Home,1,
1757,18,71,2026-02-26,recovery,Mobility and low-intensity recovery,20,3,60,Home,1,
1758,18,71,2026-02-27,strength,Upper-body strength,47,7,329,Court,1,
1759,18,71,2026-02-28,volleyball,Open gym or tournament,62,8,496,Court,1,
1760,18,71,2026-03-01,rest,Full rest day,0,0,0,Gym,1,
1761,18,71,2026-03-02,strength,Lower-body strength,70,7,490,Home,1,
1762,18,71,2026-03-03,plyometric,Jump power and elasticity,57,8,456,Track,1,
1763,18,71,2026-03-04,volleyball,Skill practice and gameplay,103,8,824,Gym,1,
1764,18,71,2026-03-05,recovery,Mobility and low-intensity recovery,38,5,190,Gym,1,
1765,18,71,2026-03-06,strength,Upper-body strength,67,8,536,Gym,1,
1766,18,71,2026-03-07,volleyball,Open gym or tournament,103,9,927,Court,1,
1767,18,71,2026-03-08,rest,Full rest day,0,0,0,Court,1,
1768,18,71,2026-03-09,rest,Full rest day,0,0,0,Court,1,
1769,18,71,2026-03-10,plyometric,Jump power and elasticity,35,9,315,Track,1,
1770,18,71,2026-03-11,volleyball,Skill practice and gameplay,105,7,735,Home,1,
1771,18,71,2026-03-12,recovery,Mobility and low-intensity recovery,38,2,76,Gym,1,
1772,18,71,2026-03-13,strength,Upper-body strength,96,8,768,Court,1,
1773,18,71,2026-03-14,volleyball,Open gym or tournament,66,7,462,Home,1,
1774,18,71,2026-03-15,rest,Full rest day,0,0,0,Gym,1,
1775,18,71,2026-03-16,strength,Lower-body strength,72,6,432,Home,1,
1776,18,72,2026-03-17,plyometric,Jump power and elasticity,54,6,324,Gym,1,
1777,18,72,2026-03-18,volleyball,Skill practice and gameplay,79,7,553,Home,1,
1778,18,72,2026-03-19,recovery,Mobility and low-intensity recovery,23,5,115,Court,1,
1779,18,72,2026-03-20,strength,Upper-body strength,77,8,616,Home,1,
1780,18,72,2026-03-21,volleyball,Open gym or tournament,104,7,728,Home,1,
1781,18,72,2026-03-22,rest,Full rest day,0,0,0,Gym,1,
1782,18,72,2026-03-23,strength,Lower-body strength,54,7,378,Home,1,
1783,18,72,2026-03-24,plyometric,Jump power and elasticity,52,7,364,Track,1,
1784,18,72,2026-03-25,volleyball,Skill practice and gameplay,127,6,762,Gym,1,
1785,18,72,2026-03-26,recovery,Mobility and low-intensity recovery,17,4,68,Home,1,
1786,18,72,2026-03-27,strength,Upper-body strength,54,8,432,Track,1,
1787,18,72,2026-03-28,volleyball,Open gym or tournament,96,6,576,Gym,1,
1788,18,72,2026-03-29,rest,Full rest day,0,0,0,Court,1,
1789,18,72,2026-03-30,strength,Lower-body strength,74,7,518,Gym,1,
1790,18,72,2026-03-31,plyometric,Jump power and elasticity,44,6,264,Gym,1,
1791,18,72,2026-04-01,volleyball,Skill practice and gameplay,88,7,616,Home,1,
1792,18,72,2026-04-02,recovery,Mobility and low-intensity recovery,36,3,108,Track,1,
1793,18,72,2026-04-03,strength,Upper-body strength,75,7,525,Gym,1,
1794,18,72,2026-04-04,volleyball,Open gym or tournament,109,6,654,Gym,1,
1795,18,72,2026-04-05,rest,Full rest day,0,0,0,Gym,1,
1796,18,72,2026-04-06,strength,Lower-body strength,68,5,340,Home,1,
1797,18,72,2026-04-07,plyometric,Jump power and elasticity,61,6,366,Gym,1,
1798,18,72,2026-04-08,volleyball,Skill practice and gameplay,110,9,990,Track,1,
1799,18,72,2026-04-09,recovery,Mobility and low-intensity recovery,43,4,172,Home,1,
1800,18,72,2026-04-10,strength,Upper-body strength,53,6,318,Court,1,
1801,19,73,2026-01-01,recovery,Mobility and low-intensity recovery,39,3,117,Court,1,
1802,19,73,2026-01-02,strength,Upper-body strength,50,6,300,Home,1,
1803,19,73,2026-01-03,volleyball,Open gym or tournament,139,8,1112,Track,1,
1804,19,73,2026-01-04,rest,Full rest day,0,0,0,Home,1,
1805,19,73,2026-01-05,strength,Lower-body strength,77,8,616,Home,1,
1806,19,73,2026-01-06,plyometric,Jump power and elasticity,49,6,294,Home,1,
1807,19,73,2026-01-07,volleyball,Skill practice and gameplay,121,8,968,Home,1,
1808,19,73,2026-01-08,recovery,Mobility and low-intensity recovery,23,4,92,Gym,1,
1809,19,73,2026-01-09,strength,Upper-body strength,56,9,504,Court,1,
1810,19,73,2026-01-10,volleyball,Open gym or tournament,65,9,585,Track,1,
1811,19,73,2026-01-11,rest,Full rest day,0,0,0,Gym,1,
1812,19,73,2026-01-12,strength,Lower-body strength,55,8,440,Court,1,
1813,19,73,2026-01-13,plyometric,Jump power and elasticity,35,7,245,Home,1,
1814,19,73,2026-01-14,volleyball,Skill practice and gameplay,144,8,1152,Court,1,
1815,19,73,2026-01-15,recovery,Mobility and low-intensity recovery,29,3,87,Court,1,
1816,19,73,2026-01-16,strength,Upper-body strength,67,8,536,Gym,1,
1817,19,73,2026-01-17,volleyball,Open gym or tournament,82,8,656,Gym,1,
1818,19,73,2026-01-18,rest,Full rest day,0,0,0,Track,1,
1819,19,73,2026-01-19,strength,Lower-body strength,32,6,192,Home,1,
1820,19,73,2026-01-20,plyometric,Jump power and elasticity,57,9,513,Home,1,
1821,19,73,2026-01-21,rest,Full rest day,0,0,0,Home,1,
1822,19,73,2026-01-22,rest,Full rest day,0,0,0,Court,1,
1823,19,73,2026-01-23,strength,Upper-body strength,57,7,399,Court,1,
1824,19,73,2026-01-24,volleyball,Open gym or tournament,123,6,738,Home,1,
1825,19,73,2026-01-25,rest,Full rest day,0,0,0,Track,1,
1826,19,74,2026-01-26,strength,Lower-body strength,64,7,448,Court,1,
1827,19,74,2026-01-27,plyometric,Jump power and elasticity,49,9,441,Track,1,
1828,19,74,2026-01-28,rest,Full rest day,0,0,0,Court,1,
1829,19,74,2026-01-29,recovery,Mobility and low-intensity recovery,37,1,37,Gym,1,
1830,19,74,2026-01-30,strength,Upper-body strength,50,6,300,Gym,1,
1831,19,74,2026-01-31,volleyball,Open gym or tournament,78,6,468,Home,1,
1832,19,74,2026-02-01,rest,Full rest day,0,0,0,Gym,1,
1833,19,74,2026-02-02,strength,Lower-body strength,47,7,329,Court,1,
1834,19,74,2026-02-03,rest,Full rest day,0,0,0,Court,1,
1835,19,74,2026-02-04,volleyball,Skill practice and gameplay,107,5,535,Gym,1,
1836,19,74,2026-02-05,recovery,Mobility and low-intensity recovery,40,3,120,Gym,1,
1837,19,74,2026-02-06,strength,Upper-body strength,69,7,483,Gym,1,
1838,19,74,2026-02-07,volleyball,Open gym or tournament,93,5,465,Home,1,
1839,19,74,2026-02-08,rest,Full rest day,0,0,0,Gym,1,
1840,19,74,2026-02-09,strength,Lower-body strength,49,8,392,Court,1,
1841,19,74,2026-02-10,plyometric,Jump power and elasticity,33,7,231,Gym,1,
1842,19,74,2026-02-11,volleyball,Skill practice and gameplay,77,9,693,Home,1,
1843,19,74,2026-02-12,recovery,Mobility and low-intensity recovery,35,4,140,Home,1,
1844,19,74,2026-02-13,strength,Upper-body strength,54,7,378,Court,1,
1845,19,74,2026-02-14,volleyball,Open gym or tournament,92,8,736,Court,1,
1846,19,74,2026-02-15,rest,Full rest day,0,0,0,Gym,1,
1847,19,74,2026-02-16,strength,Lower-body strength,41,6,246,Court,1,
1848,19,74,2026-02-17,plyometric,Jump power and elasticity,36,9,324,Track,1,
1849,19,74,2026-02-18,volleyball,Skill practice and gameplay,116,7,812,Court,1,
1850,19,74,2026-02-19,recovery,Mobility and low-intensity recovery,57,2,114,Track,1,
1851,19,75,2026-02-20,strength,Upper-body strength,61,7,427,Track,1,
1852,19,75,2026-02-21,rest,Full rest day,0,0,0,Court,1,
1853,19,75,2026-02-22,rest,Full rest day,0,0,0,Track,1,
1854,19,75,2026-02-23,strength,Lower-body strength,76,8,608,Court,1,
1855,19,75,2026-02-24,plyometric,Jump power and elasticity,48,9,432,Court,1,
1856,19,75,2026-02-25,volleyball,Skill practice and gameplay,79,5,395,Home,1,
1857,19,75,2026-02-26,recovery,Mobility and low-intensity recovery,41,3,123,Track,1,
1858,19,75,2026-02-27,strength,Upper-body strength,98,5,490,Track,1,
1859,19,75,2026-02-28,volleyball,Open gym or tournament,113,5,565,Gym,1,
1860,19,75,2026-03-01,rest,Full rest day,0,0,0,Court,1,
1861,19,75,2026-03-02,strength,Lower-body strength,73,8,584,Home,1,
1862,19,75,2026-03-03,plyometric,Jump power and elasticity,44,9,396,Home,1,
1863,19,75,2026-03-04,volleyball,Skill practice and gameplay,107,10,1070,Gym,1,
1864,19,75,2026-03-05,rest,Full rest day,0,0,0,Track,1,
1865,19,75,2026-03-06,strength,Upper-body strength,59,8,472,Home,1,
1866,19,75,2026-03-07,volleyball,Open gym or tournament,108,6,648,Track,1,
1867,19,75,2026-03-08,rest,Full rest day,0,0,0,Home,1,
1868,19,75,2026-03-09,strength,Lower-body strength,41,5,205,Home,1,
1869,19,75,2026-03-10,plyometric,Jump power and elasticity,37,7,259,Court,1,
1870,19,75,2026-03-11,volleyball,Skill practice and gameplay,95,7,665,Track,1,
1871,19,75,2026-03-12,recovery,Mobility and low-intensity recovery,42,4,168,Home,1,
1872,19,75,2026-03-13,strength,Upper-body strength,53,7,371,Court,1,
1873,19,75,2026-03-14,volleyball,Open gym or tournament,125,9,1125,Home,1,
1874,19,75,2026-03-15,rest,Full rest day,0,0,0,Court,1,
1875,19,75,2026-03-16,strength,Lower-body strength,78,9,702,Court,1,
1876,19,76,2026-03-17,plyometric,Jump power and elasticity,47,8,376,Track,1,
1877,19,76,2026-03-18,volleyball,Skill practice and gameplay,118,8,944,Court,1,
1878,19,76,2026-03-19,recovery,Mobility and low-intensity recovery,22,3,66,Home,1,
1879,19,76,2026-03-20,strength,Upper-body strength,78,8,624,Gym,1,
1880,19,76,2026-03-21,volleyball,Open gym or tournament,141,5,705,Home,1,
1881,19,76,2026-03-22,rest,Full rest day,0,0,0,Home,1,
1882,19,76,2026-03-23,strength,Lower-body strength,69,6,414,Court,1,
1883,19,76,2026-03-24,plyometric,Jump power and elasticity,49,7,343,Home,1,
1884,19,76,2026-03-25,volleyball,Skill practice and gameplay,145,8,1160,Court,1,
1885,19,76,2026-03-26,recovery,Mobility and low-intensity recovery,29,5,145,Track,1,
1886,19,76,2026-03-27,rest,Full rest day,0,0,0,Court,1,
1887,19,76,2026-03-28,volleyball,Open gym or tournament,81,8,648,Track,1,
1888,19,76,2026-03-29,rest,Full rest day,0,0,0,Gym,1,
1889,19,76,2026-03-30,strength,Lower-body strength,45,5,225,Home,1,
1890,19,76,2026-03-31,plyometric,Jump power and elasticity,38,8,304,Track,1,
1891,19,76,2026-04-01,volleyball,Skill practice and gameplay,132,7,924,Gym,1,
1892,19,76,2026-04-02,recovery,Mobility and low-intensity recovery,23,3,69,Court,1,
1893,19,76,2026-04-03,strength,Upper-body strength,67,7,469,Gym,1,
1894,19,76,2026-04-04,volleyball,Open gym or tournament,145,6,870,Track,1,
1895,19,76,2026-04-05,rest,Full rest day,0,0,0,Home,1,
1896,19,76,2026-04-06,strength,Lower-body strength,97,5,485,Gym,1,
1897,19,76,2026-04-07,plyometric,Jump power and elasticity,41,9,369,Gym,1,
1898,19,76,2026-04-08,volleyball,Skill practice and gameplay,120,8,960,Court,1,
1899,19,76,2026-04-09,recovery,Mobility and low-intensity recovery,41,3,123,Court,1,
1900,19,76,2026-04-10,strength,Upper-body strength,78,7,546,Home,1,
1901,20,77,2026-01-01,recovery,Mobility and low-intensity recovery,30,4,120,Court,1,
1902,20,77,2026-01-02,strength,Upper-body strength,99,7,693,Track,1,
1903,20,77,2026-01-03,volleyball,Open gym or tournament,160,8,1280,Track,1,
1904,20,77,2026-01-04,rest,Full rest day,0,0,0,Gym,1,
1905,20,77,2026-01-05,strength,Lower-body strength,51,6,306,Court,1,
1906,20,77,2026-01-06,plyometric,Jump power and elasticity,43,9,387,Court,1,
1907,20,77,2026-01-07,volleyball,Skill practice and gameplay,158,6,948,Gym,1,
1908,20,77,2026-01-08,recovery,Mobility and low-intensity recovery,27,2,54,Home,1,
1909,20,77,2026-01-09,strength,Upper-body strength,80,7,560,Court,1,
1910,20,77,2026-01-10,volleyball,Open gym or tournament,90,7,630,Court,1,
1911,20,77,2026-01-11,rest,Full rest day,0,0,0,Home,1,
1912,20,77,2026-01-12,strength,Lower-body strength,64,7,448,Court,1,
1913,20,77,2026-01-13,plyometric,Jump power and elasticity,41,6,246,Track,1,
1914,20,77,2026-01-14,rest,Full rest day,0,0,0,Track,1,
1915,20,77,2026-01-15,recovery,Mobility and low-intensity recovery,35,4,140,Home,1,
1916,20,77,2026-01-16,strength,Upper-body strength,70,6,420,Home,1,
1917,20,77,2026-01-17,volleyball,Open gym or tournament,145,5,725,Track,1,
1918,20,77,2026-01-18,rest,Full rest day,0,0,0,Track,1,
1919,20,77,2026-01-19,strength,Lower-body strength,74,7,518,Track,1,
1920,20,77,2026-01-20,plyometric,Jump power and elasticity,40,6,240,Track,1,
1921,20,77,2026-01-21,volleyball,Skill practice and gameplay,115,5,575,Home,1,
1922,20,77,2026-01-22,recovery,Mobility and low-intensity recovery,36,3,108,Home,1,
1923,20,77,2026-01-23,strength,Upper-body strength,62,8,496,Gym,1,
1924,20,77,2026-01-24,volleyball,Open gym or tournament,101,6,606,Home,1,
1925,20,77,2026-01-25,rest,Full rest day,0,0,0,Track,1,
1926,20,78,2026-01-26,strength,Lower-body strength,60,7,420,Court,1,
1927,20,78,2026-01-27,rest,Full rest day,0,0,0,Track,1,
1928,20,78,2026-01-28,volleyball,Skill practice and gameplay,97,7,679,Track,1,
1929,20,78,2026-01-29,recovery,Mobility and low-intensity recovery,44,2,88,Home,1,
1930,20,78,2026-01-30,strength,Upper-body strength,88,6,528,Gym,1,
1931,20,78,2026-01-31,volleyball,Open gym or tournament,136,8,1088,Court,1,
1932,20,78,2026-02-01,rest,Full rest day,0,0,0,Court,1,
1933,20,78,2026-02-02,strength,Lower-body strength,58,7,406,Gym,1,
1934,20,78,2026-02-03,plyometric,Jump power and elasticity,36,7,252,Track,1,
1935,20,78,2026-02-04,volleyball,Skill practice and gameplay,111,8,888,Home,1,
1936,20,78,2026-02-05,recovery,Mobility and low-intensity recovery,38,2,76,Track,1,
1937,20,78,2026-02-06,strength,Upper-body strength,84,6,504,Court,1,
1938,20,78,2026-02-07,volleyball,Open gym or tournament,69,5,345,Court,1,
1939,20,78,2026-02-08,rest,Full rest day,0,0,0,Track,1,
1940,20,78,2026-02-09,strength,Lower-body strength,77,7,539,Court,1,
1941,20,78,2026-02-10,plyometric,Jump power and elasticity,43,6,258,Home,1,
1942,20,78,2026-02-11,volleyball,Skill practice and gameplay,44,7,308,Court,1,
1943,20,78,2026-02-12,recovery,Mobility and low-intensity recovery,38,5,190,Home,1,
1944,20,78,2026-02-13,strength,Upper-body strength,64,6,384,Track,1,
1945,20,78,2026-02-14,volleyball,Open gym or tournament,73,7,511,Track,1,
1946,20,78,2026-02-15,rest,Full rest day,0,0,0,Home,1,
1947,20,78,2026-02-16,strength,Lower-body strength,49,6,294,Home,1,
1948,20,78,2026-02-17,plyometric,Jump power and elasticity,41,7,287,Home,1,
1949,20,78,2026-02-18,volleyball,Skill practice and gameplay,69,8,552,Court,1,
1950,20,78,2026-02-19,recovery,Mobility and low-intensity recovery,29,3,87,Track,1,
1951,20,79,2026-02-20,strength,Upper-body strength,53,6,318,Court,1,
1952,20,79,2026-02-21,volleyball,Open gym or tournament,71,6,426,Court,1,
1953,20,79,2026-02-22,rest,Full rest day,0,0,0,Home,1,
1954,20,79,2026-02-23,strength,Lower-body strength,47,7,329,Court,1,
1955,20,79,2026-02-24,plyometric,Jump power and elasticity,51,8,408,Gym,1,
1956,20,79,2026-02-25,volleyball,Skill practice and gameplay,73,7,511,Gym,1,
1957,20,79,2026-02-26,recovery,Mobility and low-intensity recovery,40,3,120,Gym,1,
1958,20,79,2026-02-27,strength,Upper-body strength,66,6,396,Gym,1,
1959,20,79,2026-02-28,rest,Full rest day,0,0,0,Gym,1,
1960,20,79,2026-03-01,rest,Full rest day,0,0,0,Home,1,
1961,20,79,2026-03-02,strength,Lower-body strength,64,6,384,Court,1,
1962,20,79,2026-03-03,plyometric,Jump power and elasticity,58,8,464,Court,1,
1963,20,79,2026-03-04,volleyball,Skill practice and gameplay,92,5,460,Gym,1,
1964,20,79,2026-03-05,recovery,Mobility and low-intensity recovery,22,3,66,Court,1,
1965,20,79,2026-03-06,strength,Upper-body strength,81,8,648,Gym,1,
1966,20,79,2026-03-07,rest,Full rest day,0,0,0,Court,1,
1967,20,79,2026-03-08,rest,Full rest day,0,0,0,Home,1,
1968,20,79,2026-03-09,strength,Lower-body strength,84,7,588,Track,1,
1969,20,79,2026-03-10,plyometric,Jump power and elasticity,42,6,252,Gym,1,
1970,20,79,2026-03-11,rest,Full rest day,0,0,0,Home,1,
1971,20,79,2026-03-12,recovery,Mobility and low-intensity recovery,21,4,84,Home,1,
1972,20,79,2026-03-13,strength,Upper-body strength,70,7,490,Gym,1,
1973,20,79,2026-03-14,volleyball,Open gym or tournament,47,7,329,Gym,1,
1974,20,79,2026-03-15,rest,Full rest day,0,0,0,Home,1,
1975,20,79,2026-03-16,strength,Lower-body strength,49,6,294,Gym,1,
1976,20,80,2026-03-17,rest,Full rest day,0,0,0,Gym,1,
1977,20,80,2026-03-18,volleyball,Skill practice and gameplay,95,9,855,Track,1,
1978,20,80,2026-03-19,recovery,Mobility and low-intensity recovery,52,3,156,Track,1,
1979,20,80,2026-03-20,strength,Upper-body strength,57,9,513,Gym,1,
1980,20,80,2026-03-21,volleyball,Open gym or tournament,71,8,568,Home,1,
1981,20,80,2026-03-22,rest,Full rest day,0,0,0,Court,1,
1982,20,80,2026-03-23,strength,Lower-body strength,74,7,518,Gym,1,
1983,20,80,2026-03-24,plyometric,Jump power and elasticity,53,6,318,Gym,1,
1984,20,80,2026-03-25,rest,Full rest day,0,0,0,Court,1,
1985,20,80,2026-03-26,recovery,Mobility and low-intensity recovery,43,4,172,Court,1,
1986,20,80,2026-03-27,strength,Upper-body strength,60,6,360,Court,1,
1987,20,80,2026-03-28,volleyball,Open gym or tournament,111,7,777,Track,1,
1988,20,80,2026-03-29,rest,Full rest day,0,0,0,Track,1,
1989,20,80,2026-03-30,strength,Lower-body strength,67,6,402,Track,1,
1990,20,80,2026-03-31,plyometric,Jump power and elasticity,49,9,441,Home,1,
1991,20,80,2026-04-01,volleyball,Skill practice and gameplay,104,7,728,Gym,1,
1992,20,80,2026-04-02,rest,Full rest day,0,0,0,Track,1,
1993,20,80,2026-04-03,strength,Upper-body strength,77,8,616,Home,1,
1994,20,80,2026-04-04,volleyball,Open gym or tournament,99,8,792,Home,1,
1995,20,80,2026-04-05,rest,Full rest day,0,0,0,Court,1,
1996,20,80,2026-04-06,strength,Lower-body strength,75,8,600,Court,1,
1997,20,80,2026-04-07,plyometric,Jump power and elasticity,30,7,210,Track,1,
1998,20,80,2026-04-08,volleyball,Skill practice and gameplay,66,5,330,Gym,1,
1999,20,80,2026-04-09,recovery,Mobility and low-intensity recovery,41,3,123,Gym,1,
2000,20,80,2026-04-10,strength,Upper-body strength,80,8,640,Gym,1,
2001,21,81,2026-01-01,recovery,Mobility and low-intensity recovery,28,4,112,Home,1,
2002,21,81,2026-01-02,strength,Upper-body strength,68,7,476,Home,1,
2003,21,81,2026-01-03,volleyball,Open gym or tournament,82,5,410,Home,1,
2004,21,81,2026-01-04,rest,Full rest day,0,0,0,Home,1,
2005,21,81,2026-01-05,strength,Lower-body strength,54,7,378,Gym,1,
2006,21,81,2026-01-06,plyometric,Jump power and elasticity,50,9,450,Gym,1,
2007,21,81,2026-01-07,volleyball,Skill practice and gameplay,98,8,784,Court,1,
2008,21,81,2026-01-08,recovery,Mobility and low-intensity recovery,34,3,102,Gym,1,
2009,21,81,2026-01-09,strength,Upper-body strength,78,8,624,Home,1,
2010,21,81,2026-01-10,volleyball,Open gym or tournament,87,7,609,Home,1,
2011,21,81,2026-01-11,rest,Full rest day,0,0,0,Track,1,
2012,21,81,2026-01-12,strength,Lower-body strength,60,8,480,Gym,1,
2013,21,81,2026-01-13,plyometric,Jump power and elasticity,50,7,350,Gym,1,
2014,21,81,2026-01-14,volleyball,Skill practice and gameplay,138,8,1104,Court,1,
2015,21,81,2026-01-15,recovery,Mobility and low-intensity recovery,45,3,135,Court,1,
2016,21,81,2026-01-16,strength,Upper-body strength,57,7,399,Home,1,
2017,21,81,2026-01-17,volleyball,Open gym or tournament,102,7,714,Track,1,
2018,21,81,2026-01-18,rest,Full rest day,0,0,0,Gym,1,
2019,21,81,2026-01-19,strength,Lower-body strength,69,6,414,Gym,1,
2020,21,81,2026-01-20,plyometric,Jump power and elasticity,41,7,287,Track,1,
2021,21,81,2026-01-21,volleyball,Skill practice and gameplay,96,10,960,Gym,1,
2022,21,81,2026-01-22,recovery,Mobility and low-intensity recovery,20,2,40,Court,1,
2023,21,81,2026-01-23,rest,Full rest day,0,0,0,Track,1,
2024,21,81,2026-01-24,volleyball,Open gym or tournament,134,5,670,Gym,1,
2025,21,81,2026-01-25,rest,Full rest day,0,0,0,Court,1,
2026,21,82,2026-01-26,strength,Lower-body strength,71,8,568,Court,1,
2027,21,82,2026-01-27,plyometric,Jump power and elasticity,39,6,234,Home,1,
2028,21,82,2026-01-28,volleyball,Skill practice and gameplay,142,6,852,Gym,1,
2029,21,82,2026-01-29,recovery,Mobility and low-intensity recovery,34,3,102,Track,1,
2030,21,82,2026-01-30,strength,Upper-body strength,67,6,402,Court,1,
2031,21,82,2026-01-31,volleyball,Open gym or tournament,147,7,1029,Court,1,
2032,21,82,2026-02-01,rest,Full rest day,0,0,0,Home,1,
2033,21,82,2026-02-02,strength,Lower-body strength,67,6,402,Track,1,
2034,21,82,2026-02-03,plyometric,Jump power and elasticity,31,7,217,Home,1,
2035,21,82,2026-02-04,volleyball,Skill practice and gameplay,112,9,1008,Court,1,
2036,21,82,2026-02-05,recovery,Mobility and low-intensity recovery,28,3,84,Gym,1,
2037,21,82,2026-02-06,strength,Upper-body strength,62,7,434,Track,1,
2038,21,82,2026-02-07,volleyball,Open gym or tournament,90,9,810,Gym,1,
2039,21,82,2026-02-08,rest,Full rest day,0,0,0,Gym,1,
2040,21,82,2026-02-09,strength,Lower-body strength,72,7,504,Home,1,
2041,21,82,2026-02-10,plyometric,Jump power and elasticity,50,6,300,Court,1,
2042,21,82,2026-02-11,volleyball,Skill practice and gameplay,106,4,424,Gym,1,
2043,21,82,2026-02-12,recovery,Mobility and low-intensity recovery,31,1,31,Track,1,
2044,21,82,2026-02-13,strength,Upper-body strength,66,6,396,Home,1,
2045,21,82,2026-02-14,volleyball,Open gym or tournament,77,7,539,Track,1,
2046,21,82,2026-02-15,rest,Full rest day,0,0,0,Gym,1,
2047,21,82,2026-02-16,strength,Lower-body strength,64,8,512,Track,1,
2048,21,82,2026-02-17,plyometric,Jump power and elasticity,50,6,300,Home,1,
2049,21,82,2026-02-18,volleyball,Skill practice and gameplay,109,8,872,Home,1,
2050,21,82,2026-02-19,recovery,Mobility and low-intensity recovery,38,3,114,Court,1,
2051,21,83,2026-02-20,strength,Upper-body strength,75,8,600,Track,1,
2052,21,83,2026-02-21,volleyball,Open gym or tournament,157,7,1099,Home,1,
2053,21,83,2026-02-22,rest,Full rest day,0,0,0,Home,1,
2054,21,83,2026-02-23,strength,Lower-body strength,67,9,603,Court,1,
2055,21,83,2026-02-24,plyometric,Jump power and elasticity,33,7,231,Home,1,
2056,21,83,2026-02-25,volleyball,Skill practice and gameplay,75,6,450,Gym,1,
2057,21,83,2026-02-26,rest,Full rest day,0,0,0,Track,1,
2058,21,83,2026-02-27,strength,Upper-body strength,68,7,476,Court,1,
2059,21,83,2026-02-28,volleyball,Open gym or tournament,140,9,1260,Gym,1,
2060,21,83,2026-03-01,rest,Full rest day,0,0,0,Gym,1,
2061,21,83,2026-03-02,strength,Lower-body strength,74,7,518,Track,1,
2062,21,83,2026-03-03,plyometric,Jump power and elasticity,44,8,352,Court,1,
2063,21,83,2026-03-04,volleyball,Skill practice and gameplay,81,8,648,Home,1,
2064,21,83,2026-03-05,recovery,Mobility and low-intensity recovery,46,4,184,Court,1,
2065,21,83,2026-03-06,strength,Upper-body strength,51,7,357,Home,1,
2066,21,83,2026-03-07,volleyball,Open gym or tournament,66,7,462,Track,1,
2067,21,83,2026-03-08,rest,Full rest day,0,0,0,Track,1,
2068,21,83,2026-03-09,strength,Lower-body strength,55,8,440,Gym,1,
2069,21,83,2026-03-10,plyometric,Jump power and elasticity,25,6,150,Gym,1,
2070,21,83,2026-03-11,volleyball,Skill practice and gameplay,93,9,837,Gym,1,
2071,21,83,2026-03-12,recovery,Mobility and low-intensity recovery,29,2,58,Track,1,
2072,21,83,2026-03-13,strength,Upper-body strength,56,8,448,Home,1,
2073,21,83,2026-03-14,volleyball,Open gym or tournament,98,8,784,Track,1,
2074,21,83,2026-03-15,rest,Full rest day,0,0,0,Track,1,
2075,21,83,2026-03-16,strength,Lower-body strength,76,7,532,Gym,1,
2076,21,84,2026-03-17,plyometric,Jump power and elasticity,38,8,304,Court,1,
2077,21,84,2026-03-18,volleyball,Skill practice and gameplay,134,6,804,Gym,1,
2078,21,84,2026-03-19,recovery,Mobility and low-intensity recovery,35,3,105,Court,1,
2079,21,84,2026-03-20,strength,Upper-body strength,84,5,420,Home,1,
2080,21,84,2026-03-21,volleyball,Open gym or tournament,153,7,1071,Home,1,
2081,21,84,2026-03-22,rest,Full rest day,0,0,0,Home,1,
2082,21,84,2026-03-23,strength,Lower-body strength,66,7,462,Gym,1,
2083,21,84,2026-03-24,plyometric,Jump power and elasticity,42,7,294,Gym,1,
2084,21,84,2026-03-25,volleyball,Skill practice and gameplay,107,8,856,Gym,1,
2085,21,84,2026-03-26,recovery,Mobility and low-intensity recovery,22,3,66,Track,1,
2086,21,84,2026-03-27,strength,Upper-body strength,60,6,360,Gym,1,
2087,21,84,2026-03-28,volleyball,Open gym or tournament,71,8,568,Track,1,
2088,21,84,2026-03-29,rest,Full rest day,0,0,0,Home,1,
2089,21,84,2026-03-30,strength,Lower-body strength,56,5,280,Gym,1,
2090,21,84,2026-03-31,rest,Full rest day,0,0,0,Track,1,
2091,21,84,2026-04-01,volleyball,Skill practice and gameplay,99,6,594,Home,1,
2092,21,84,2026-04-02,recovery,Mobility and low-intensity recovery,32,3,96,Home,1,
2093,21,84,2026-04-03,strength,Upper-body strength,66,8,528,Gym,1,
2094,21,84,2026-04-04,volleyball,Open gym or tournament,43,8,344,Court,1,
2095,21,84,2026-04-05,rest,Full rest day,0,0,0,Court,1,
2096,21,84,2026-04-06,strength,Lower-body strength,73,8,584,Home,1,
2097,21,84,2026-04-07,plyometric,Jump power and elasticity,69,6,414,Court,1,
2098,21,84,2026-04-08,rest,Full rest day,0,0,0,Court,1,
2099,21,84,2026-04-09,recovery,Mobility and low-intensity recovery,29,4,116,Track,1,
2100,21,84,2026-04-10,strength,Upper-body strength,79,6,474,Track,1,
2101,22,85,2026-01-01,recovery,Mobility and low-intensity recovery,35,5,175,Track,1,
2102,22,85,2026-01-02,strength,Upper-body strength,68,6,408,Home,1,
2103,22,85,2026-01-03,volleyball,Open gym or tournament,119,7,833,Court,1,
2104,22,85,2026-01-04,rest,Full rest day,0,0,0,Gym,1,
2105,22,85,2026-01-05,rest,Full rest day,0,0,0,Court,1,
2106,22,85,2026-01-06,plyometric,Jump power and elasticity,35,6,210,Home,1,
2107,22,85,2026-01-07,volleyball,Skill practice and gameplay,112,6,672,Track,1,
2108,22,85,2026-01-08,recovery,Mobility and low-intensity recovery,28,1,28,Home,1,
2109,22,85,2026-01-09,strength,Upper-body strength,73,7,511,Track,1,
2110,22,85,2026-01-10,rest,Full rest day,0,0,0,Home,1,
2111,22,85,2026-01-11,rest,Full rest day,0,0,0,Gym,1,
2112,22,85,2026-01-12,rest,Full rest day,0,0,0,Track,1,
2113,22,85,2026-01-13,plyometric,Jump power and elasticity,38,7,266,Track,1,
2114,22,85,2026-01-14,volleyball,Skill practice and gameplay,72,9,648,Court,1,
2115,22,85,2026-01-15,recovery,Mobility and low-intensity recovery,31,4,124,Home,1,
2116,22,85,2026-01-16,strength,Upper-body strength,70,6,420,Court,1,
2117,22,85,2026-01-17,volleyball,Open gym or tournament,102,5,510,Home,1,
2118,22,85,2026-01-18,rest,Full rest day,0,0,0,Gym,1,
2119,22,85,2026-01-19,strength,Lower-body strength,49,6,294,Court,1,
2120,22,85,2026-01-20,plyometric,Jump power and elasticity,48,7,336,Track,1,
2121,22,85,2026-01-21,volleyball,Skill practice and gameplay,96,7,672,Gym,1,
2122,22,85,2026-01-22,recovery,Mobility and low-intensity recovery,34,1,34,Home,1,
2123,22,85,2026-01-23,strength,Upper-body strength,65,6,390,Track,1,
2124,22,85,2026-01-24,volleyball,Open gym or tournament,129,6,774,Home,1,
2125,22,85,2026-01-25,rest,Full rest day,0,0,0,Track,1,
2126,22,86,2026-01-26,strength,Lower-body strength,44,7,308,Home,1,
2127,22,86,2026-01-27,plyometric,Jump power and elasticity,55,7,385,Track,1,
2128,22,86,2026-01-28,volleyball,Skill practice and gameplay,79,7,553,Home,1,
2129,22,86,2026-01-29,recovery,Mobility and low-intensity recovery,34,2,68,Court,1,
2130,22,86,2026-01-30,strength,Upper-body strength,54,5,270,Track,1,
2131,22,86,2026-01-31,volleyball,Open gym or tournament,124,6,744,Track,1,
2132,22,86,2026-02-01,rest,Full rest day,0,0,0,Court,1,
2133,22,86,2026-02-02,strength,Lower-body strength,67,6,402,Home,1,
2134,22,86,2026-02-03,plyometric,Jump power and elasticity,60,7,420,Track,1,
2135,22,86,2026-02-04,volleyball,Skill practice and gameplay,78,7,546,Court,1,
2136,22,86,2026-02-05,recovery,Mobility and low-intensity recovery,26,3,78,Home,1,
2137,22,86,2026-02-06,strength,Upper-body strength,75,5,375,Track,1,
2138,22,86,2026-02-07,volleyball,Open gym or tournament,100,9,900,Track,1,
2139,22,86,2026-02-08,rest,Full rest day,0,0,0,Home,1,
2140,22,86,2026-02-09,strength,Lower-body strength,61,7,427,Court,1,
2141,22,86,2026-02-10,rest,Full rest day,0,0,0,Track,1,
2142,22,86,2026-02-11,volleyball,Skill practice and gameplay,37,5,185,Home,1,
2143,22,86,2026-02-12,recovery,Mobility and low-intensity recovery,23,2,46,Track,1,
2144,22,86,2026-02-13,strength,Upper-body strength,47,6,282,Home,1,
2145,22,86,2026-02-14,volleyball,Open gym or tournament,156,8,1248,Track,1,
2146,22,86,2026-02-15,rest,Full rest day,0,0,0,Gym,1,
2147,22,86,2026-02-16,strength,Lower-body strength,50,7,350,Court,1,
2148,22,86,2026-02-17,plyometric,Jump power and elasticity,45,7,315,Court,1,
2149,22,86,2026-02-18,volleyball,Skill practice and gameplay,68,8,544,Gym,1,
2150,22,86,2026-02-19,recovery,Mobility and low-intensity recovery,36,3,108,Home,1,
2151,22,87,2026-02-20,rest,Full rest day,0,0,0,Court,1,
2152,22,87,2026-02-21,volleyball,Open gym or tournament,60,9,540,Home,1,
2153,22,87,2026-02-22,rest,Full rest day,0,0,0,Track,1,
2154,22,87,2026-02-23,strength,Lower-body strength,65,6,390,Gym,1,
2155,22,87,2026-02-24,plyometric,Jump power and elasticity,56,6,336,Home,1,
2156,22,87,2026-02-25,volleyball,Skill practice and gameplay,46,7,322,Home,1,
2157,22,87,2026-02-26,recovery,Mobility and low-intensity recovery,25,2,50,Court,1,
2158,22,87,2026-02-27,strength,Upper-body strength,47,7,329,Track,1,
2159,22,87,2026-02-28,volleyball,Open gym or tournament,120,9,1080,Court,1,
2160,22,87,2026-03-01,rest,Full rest day,0,0,0,Track,1,
2161,22,87,2026-03-02,strength,Lower-body strength,67,7,469,Court,1,
2162,22,87,2026-03-03,plyometric,Jump power and elasticity,57,9,513,Home,1,
2163,22,87,2026-03-04,volleyball,Skill practice and gameplay,86,5,430,Home,1,
2164,22,87,2026-03-05,recovery,Mobility and low-intensity recovery,53,2,106,Gym,1,
2165,22,87,2026-03-06,strength,Upper-body strength,90,7,630,Home,1,
2166,22,87,2026-03-07,volleyball,Open gym or tournament,96,8,768,Home,1,
2167,22,87,2026-03-08,rest,Full rest day,0,0,0,Home,1,
2168,22,87,2026-03-09,strength,Lower-body strength,81,5,405,Home,1,
2169,22,87,2026-03-10,plyometric,Jump power and elasticity,32,7,224,Gym,1,
2170,22,87,2026-03-11,volleyball,Skill practice and gameplay,73,6,438,Track,1,
2171,22,87,2026-03-12,recovery,Mobility and low-intensity recovery,27,3,81,Gym,1,
2172,22,87,2026-03-13,strength,Upper-body strength,63,6,378,Gym,1,
2173,22,87,2026-03-14,volleyball,Open gym or tournament,90,9,810,Court,1,
2174,22,87,2026-03-15,rest,Full rest day,0,0,0,Track,1,
2175,22,87,2026-03-16,strength,Lower-body strength,55,7,385,Court,1,
2176,22,88,2026-03-17,plyometric,Jump power and elasticity,40,8,320,Gym,1,
2177,22,88,2026-03-18,volleyball,Skill practice and gameplay,126,8,1008,Home,1,
2178,22,88,2026-03-19,recovery,Mobility and low-intensity recovery,27,2,54,Track,1,
2179,22,88,2026-03-20,strength,Upper-body strength,72,6,432,Home,1,
2180,22,88,2026-03-21,volleyball,Open gym or tournament,110,5,550,Gym,1,
2181,22,88,2026-03-22,rest,Full rest day,0,0,0,Gym,1,
2182,22,88,2026-03-23,strength,Lower-body strength,64,9,576,Gym,1,
2183,22,88,2026-03-24,plyometric,Jump power and elasticity,43,8,344,Track,1,
2184,22,88,2026-03-25,rest,Full rest day,0,0,0,Court,1,
2185,22,88,2026-03-26,rest,Full rest day,0,0,0,Court,1,
2186,22,88,2026-03-27,strength,Upper-body strength,72,6,432,Home,1,
2187,22,88,2026-03-28,volleyball,Open gym or tournament,126,7,882,Track,1,
2188,22,88,2026-03-29,rest,Full rest day,0,0,0,Home,1,
2189,22,88,2026-03-30,rest,Full rest day,0,0,0,Home,1,
2190,22,88,2026-03-31,plyometric,Jump power and elasticity,49,6,294,Court,1,
2191,22,88,2026-04-01,volleyball,Skill practice and gameplay,91,7,637,Track,1,
2192,22,88,2026-04-02,recovery,Mobility and low-intensity recovery,39,4,156,Gym,1,
2193,22,88,2026-04-03,strength,Upper-body strength,45,7,315,Home,1,
2194,22,88,2026-04-04,volleyball,Open gym or tournament,124,7,868,Gym,1,
2195,22,88,2026-04-05,rest,Full rest day,0,0,0,Track,1,
2196,22,88,2026-04-06,strength,Lower-body strength,74,9,666,Home,1,
2197,22,88,2026-04-07,plyometric,Jump power and elasticity,41,7,287,Gym,1,
2198,22,88,2026-04-08,volleyball,Skill practice and gameplay,83,7,581,Gym,1,
2199,22,88,2026-04-09,recovery,Mobility and low-intensity recovery,10,3,30,Court,1,
2200,22,88,2026-04-10,strength,Upper-body strength,62,8,496,Track,1,
2201,23,89,2026-01-01,recovery,Mobility and low-intensity recovery,36,3,108,Track,1,
2202,23,89,2026-01-02,strength,Upper-body strength,76,8,608,Track,1,
2203,23,89,2026-01-03,volleyball,Open gym or tournament,74,10,740,Home,1,
2204,23,89,2026-01-04,rest,Full rest day,0,0,0,Court,1,
2205,23,89,2026-01-05,rest,Full rest day,0,0,0,Home,1,
2206,23,89,2026-01-06,plyometric,Jump power and elasticity,50,7,350,Track,1,
2207,23,89,2026-01-07,volleyball,Skill practice and gameplay,87,7,609,Home,1,
2208,23,89,2026-01-08,rest,Full rest day,0,0,0,Gym,1,
2209,23,89,2026-01-09,strength,Upper-body strength,51,6,306,Home,1,
2210,23,89,2026-01-10,volleyball,Open gym or tournament,103,5,515,Home,1,
2211,23,89,2026-01-11,rest,Full rest day,0,0,0,Track,1,
2212,23,89,2026-01-12,strength,Lower-body strength,58,8,464,Gym,1,
2213,23,89,2026-01-13,plyometric,Jump power and elasticity,34,8,272,Track,1,
2214,23,89,2026-01-14,volleyball,Skill practice and gameplay,128,8,1024,Gym,1,
2215,23,89,2026-01-15,recovery,Mobility and low-intensity recovery,33,3,99,Gym,1,
2216,23,89,2026-01-16,strength,Upper-body strength,46,8,368,Gym,1,
2217,23,89,2026-01-17,volleyball,Open gym or tournament,63,6,378,Track,1,
2218,23,89,2026-01-18,rest,Full rest day,0,0,0,Gym,1,
2219,23,89,2026-01-19,strength,Lower-body strength,67,6,402,Court,1,
2220,23,89,2026-01-20,plyometric,Jump power and elasticity,32,7,224,Court,1,
2221,23,89,2026-01-21,volleyball,Skill practice and gameplay,95,8,760,Court,1,
2222,23,89,2026-01-22,recovery,Mobility and low-intensity recovery,31,3,93,Court,1,
2223,23,89,2026-01-23,strength,Upper-body strength,61,8,488,Track,1,
2224,23,89,2026-01-24,volleyball,Open gym or tournament,121,7,847,Home,1,
2225,23,89,2026-01-25,rest,Full rest day,0,0,0,Home,1,
2226,23,90,2026-01-26,strength,Lower-body strength,85,8,680,Court,1,
2227,23,90,2026-01-27,plyometric,Jump power and elasticity,43,6,258,Home,1,
2228,23,90,2026-01-28,volleyball,Skill practice and gameplay,125,7,875,Court,1,
2229,23,90,2026-01-29,recovery,Mobility and low-intensity recovery,21,5,105,Court,1,
2230,23,90,2026-01-30,strength,Upper-body strength,58,6,348,Home,1,
2231,23,90,2026-01-31,volleyball,Open gym or tournament,131,6,786,Home,1,
2232,23,90,2026-02-01,rest,Full rest day,0,0,0,Gym,1,
2233,23,90,2026-02-02,strength,Lower-body strength,50,8,400,Court,1,
2234,23,90,2026-02-03,plyometric,Jump power and elasticity,44,6,264,Home,1,
2235,23,90,2026-02-04,volleyball,Skill practice and gameplay,96,8,768,Home,1,
2236,23,90,2026-02-05,recovery,Mobility and low-intensity recovery,33,1,33,Home,1,
2237,23,90,2026-02-06,strength,Upper-body strength,63,7,441,Gym,1,
2238,23,90,2026-02-07,volleyball,Open gym or tournament,117,10,1170,Court,1,
2239,23,90,2026-02-08,rest,Full rest day,0,0,0,Court,1,
2240,23,90,2026-02-09,strength,Lower-body strength,80,8,640,Track,1,
2241,23,90,2026-02-10,plyometric,Jump power and elasticity,36,8,288,Gym,1,
2242,23,90,2026-02-11,volleyball,Skill practice and gameplay,81,7,567,Gym,1,
2243,23,90,2026-02-12,recovery,Mobility and low-intensity recovery,26,2,52,Court,1,
2244,23,90,2026-02-13,rest,Full rest day,0,0,0,Track,1,
2245,23,90,2026-02-14,volleyball,Open gym or tournament,94,8,752,Track,1,
2246,23,90,2026-02-15,rest,Full rest day,0,0,0,Court,1,
2247,23,90,2026-02-16,strength,Lower-body strength,61,8,488,Home,1,
2248,23,90,2026-02-17,plyometric,Jump power and elasticity,45,6,270,Gym,1,
2249,23,90,2026-02-18,volleyball,Skill practice and gameplay,112,6,672,Track,1,
2250,23,90,2026-02-19,recovery,Mobility and low-intensity recovery,50,3,150,Home,1,
2251,23,91,2026-02-20,strength,Upper-body strength,54,7,378,Track,1,
2252,23,91,2026-02-21,volleyball,Open gym or tournament,76,7,532,Home,1,
2253,23,91,2026-02-22,rest,Full rest day,0,0,0,Home,1,
2254,23,91,2026-02-23,strength,Lower-body strength,64,7,448,Gym,1,
2255,23,91,2026-02-24,plyometric,Jump power and elasticity,38,8,304,Track,1,
2256,23,91,2026-02-25,volleyball,Skill practice and gameplay,111,7,777,Track,1,
2257,23,91,2026-02-26,recovery,Mobility and low-intensity recovery,26,2,52,Home,1,
2258,23,91,2026-02-27,strength,Upper-body strength,66,6,396,Court,1,
2259,23,91,2026-02-28,volleyball,Open gym or tournament,54,8,432,Track,1,
2260,23,91,2026-03-01,rest,Full rest day,0,0,0,Gym,1,
2261,23,91,2026-03-02,strength,Lower-body strength,68,7,476,Court,1,
2262,23,91,2026-03-03,plyometric,Jump power and elasticity,46,5,230,Track,1,
2263,23,91,2026-03-04,volleyball,Skill practice and gameplay,121,6,726,Gym,1,
2264,23,91,2026-03-05,recovery,Mobility and low-intensity recovery,36,2,72,Court,1,
2265,23,91,2026-03-06,strength,Upper-body strength,53,8,424,Track,1,
2266,23,91,2026-03-07,volleyball,Open gym or tournament,71,6,426,Gym,1,
2267,23,91,2026-03-08,rest,Full rest day,0,0,0,Court,1,
2268,23,91,2026-03-09,strength,Lower-body strength,76,7,532,Track,1,
2269,23,91,2026-03-10,plyometric,Jump power and elasticity,55,7,385,Court,1,
2270,23,91,2026-03-11,volleyball,Skill practice and gameplay,107,6,642,Home,1,
2271,23,91,2026-03-12,recovery,Mobility and low-intensity recovery,34,3,102,Home,1,
2272,23,91,2026-03-13,strength,Upper-body strength,73,8,584,Court,1,
2273,23,91,2026-03-14,volleyball,Open gym or tournament,133,6,798,Home,1,
2274,23,91,2026-03-15,rest,Full rest day,0,0,0,Home,1,
2275,23,91,2026-03-16,strength,Lower-body strength,76,7,532,Court,1,
2276,23,92,2026-03-17,plyometric,Jump power and elasticity,45,7,315,Home,1,
2277,23,92,2026-03-18,volleyball,Skill practice and gameplay,120,6,720,Court,1,
2278,23,92,2026-03-19,recovery,Mobility and low-intensity recovery,25,5,125,Court,1,
2279,23,92,2026-03-20,strength,Upper-body strength,73,7,511,Home,1,
2280,23,92,2026-03-21,volleyball,Open gym or tournament,75,5,375,Track,1,
2281,23,92,2026-03-22,rest,Full rest day,0,0,0,Court,1,
2282,23,92,2026-03-23,rest,Full rest day,0,0,0,Court,1,
2283,23,92,2026-03-24,plyometric,Jump power and elasticity,57,7,399,Track,1,
2284,23,92,2026-03-25,volleyball,Skill practice and gameplay,119,6,714,Home,1,
2285,23,92,2026-03-26,recovery,Mobility and low-intensity recovery,32,3,96,Gym,1,
2286,23,92,2026-03-27,strength,Upper-body strength,66,7,462,Track,1,
2287,23,92,2026-03-28,volleyball,Open gym or tournament,106,6,636,Gym,1,
2288,23,92,2026-03-29,rest,Full rest day,0,0,0,Home,1,
2289,23,92,2026-03-30,strength,Lower-body strength,74,8,592,Court,1,
2290,23,92,2026-03-31,plyometric,Jump power and elasticity,60,7,420,Court,1,
2291,23,92,2026-04-01,volleyball,Skill practice and gameplay,118,6,708,Home,1,
2292,23,92,2026-04-02,recovery,Mobility and low-intensity recovery,34,2,68,Home,1,
2293,23,92,2026-04-03,strength,Upper-body strength,74,5,370,Home,1,
2294,23,92,2026-04-04,volleyball,Open gym or tournament,109,7,763,Home,1,
2295,23,92,2026-04-05,rest,Full rest day,0,0,0,Home,1,
2296,23,92,2026-04-06,strength,Lower-body strength,87,7,609,Home,1,
2297,23,92,2026-04-07,plyometric,Jump power and elasticity,35,7,245,Home,1,
2298,23,92,2026-04-08,volleyball,Skill practice and gameplay,99,8,792,Court,1,
2299,23,92,2026-04-09,recovery,Mobility and low-intensity recovery,51,3,153,Gym,1,
2300,23,92,2026-04-10,strength,Upper-body strength,77,7,539,Gym,1,
2301,24,93,2026-01-01,rest,Full rest day,0,0,0,Court,1,
2302,24,93,2026-01-02,strength,Upper-body strength,47,8,376,Track,1,
2303,24,93,2026-01-03,volleyball,Open gym or tournament,117,8,936,Gym,1,
2304,24,93,2026-01-04,rest,Full rest day,0,0,0,Track,1,
2305,24,93,2026-01-05,strength,Lower-body strength,57,6,342,Court,1,
2306,24,93,2026-01-06,plyometric,Jump power and elasticity,49,7,343,Track,1,
2307,24,93,2026-01-07,volleyball,Skill practice and gameplay,91,7,637,Court,1,
2308,24,93,2026-01-08,recovery,Mobility and low-intensity recovery,35,3,105,Home,1,
2309,24,93,2026-01-09,strength,Upper-body strength,69,6,414,Home,1,
2310,24,93,2026-01-10,volleyball,Open gym or tournament,52,5,260,Gym,1,
2311,24,93,2026-01-11,rest,Full rest day,0,0,0,Gym,1,
2312,24,93,2026-01-12,strength,Lower-body strength,58,9,522,Track,1,
2313,24,93,2026-01-13,plyometric,Jump power and elasticity,55,8,440,Track,1,
2314,24,93,2026-01-14,volleyball,Skill practice and gameplay,115,6,690,Gym,1,
2315,24,93,2026-01-15,recovery,Mobility and low-intensity recovery,32,2,64,Home,1,
2316,24,93,2026-01-16,strength,Upper-body strength,65,6,390,Court,1,
2317,24,93,2026-01-17,volleyball,Open gym or tournament,72,5,360,Home,1,
2318,24,93,2026-01-18,rest,Full rest day,0,0,0,Gym,1,
2319,24,93,2026-01-19,strength,Lower-body strength,73,9,657,Court,1,
2320,24,93,2026-01-20,plyometric,Jump power and elasticity,42,9,378,Track,1,
2321,24,93,2026-01-21,volleyball,Skill practice and gameplay,71,7,497,Gym,1,
2322,24,93,2026-01-22,recovery,Mobility and low-intensity recovery,45,2,90,Home,1,
2323,24,93,2026-01-23,strength,Upper-body strength,66,7,462,Track,1,
2324,24,93,2026-01-24,volleyball,Open gym or tournament,115,7,805,Track,1,
2325,24,93,2026-01-25,rest,Full rest day,0,0,0,Gym,1,
2326,24,94,2026-01-26,strength,Lower-body strength,70,8,560,Home,1,
2327,24,94,2026-01-27,plyometric,Jump power and elasticity,48,8,384,Gym,1,
2328,24,94,2026-01-28,volleyball,Skill practice and gameplay,75,6,450,Court,1,
2329,24,94,2026-01-29,recovery,Mobility and low-intensity recovery,39,2,78,Court,1,
2330,24,94,2026-01-30,strength,Upper-body strength,74,7,518,Track,1,
2331,24,94,2026-01-31,volleyball,Open gym or tournament,84,6,504,Home,1,
2332,24,94,2026-02-01,rest,Full rest day,0,0,0,Court,1,
2333,24,94,2026-02-02,strength,Lower-body strength,69,8,552,Court,1,
2334,24,94,2026-02-03,plyometric,Jump power and elasticity,41,6,246,Court,1,
2335,24,94,2026-02-04,volleyball,Skill practice and gameplay,101,5,505,Court,1,
2336,24,94,2026-02-05,recovery,Mobility and low-intensity recovery,42,1,42,Gym,1,
2337,24,94,2026-02-06,strength,Upper-body strength,63,8,504,Track,1,
2338,24,94,2026-02-07,volleyball,Open gym or tournament,144,6,864,Track,1,
2339,24,94,2026-02-08,rest,Full rest day,0,0,0,Court,1,
2340,24,94,2026-02-09,strength,Lower-body strength,81,9,729,Track,1,
2341,24,94,2026-02-10,plyometric,Jump power and elasticity,56,7,392,Track,1,
2342,24,94,2026-02-11,volleyball,Skill practice and gameplay,98,6,588,Track,1,
2343,24,94,2026-02-12,recovery,Mobility and low-intensity recovery,34,4,136,Track,1,
2344,24,94,2026-02-13,strength,Upper-body strength,73,8,584,Gym,1,
2345,24,94,2026-02-14,volleyball,Open gym or tournament,154,7,1078,Court,1,
2346,24,94,2026-02-15,rest,Full rest day,0,0,0,Home,1,
2347,24,94,2026-02-16,strength,Lower-body strength,39,7,273,Gym,1,
2348,24,94,2026-02-17,plyometric,Jump power and elasticity,60,8,480,Track,1,
2349,24,94,2026-02-18,volleyball,Skill practice and gameplay,59,7,413,Court,1,
2350,24,94,2026-02-19,rest,Full rest day,0,0,0,Court,1,
2351,24,95,2026-02-20,strength,Upper-body strength,68,7,476,Court,1,
2352,24,95,2026-02-21,volleyball,Open gym or tournament,114,9,1026,Court,1,
2353,24,95,2026-02-22,rest,Full rest day,0,0,0,Track,1,
2354,24,95,2026-02-23,strength,Lower-body strength,66,7,462,Court,1,
2355,24,95,2026-02-24,plyometric,Jump power and elasticity,51,7,357,Home,1,
2356,24,95,2026-02-25,rest,Full rest day,0,0,0,Home,1,
2357,24,95,2026-02-26,recovery,Mobility and low-intensity recovery,37,3,111,Court,1,
2358,24,95,2026-02-27,strength,Upper-body strength,69,6,414,Track,1,
2359,24,95,2026-02-28,volleyball,Open gym or tournament,75,7,525,Home,1,
2360,24,95,2026-03-01,rest,Full rest day,0,0,0,Home,1,
2361,24,95,2026-03-02,strength,Lower-body strength,76,6,456,Home,1,
2362,24,95,2026-03-03,plyometric,Jump power and elasticity,40,5,200,Gym,1,
2363,24,95,2026-03-04,volleyball,Skill practice and gameplay,114,6,684,Gym,1,
2364,24,95,2026-03-05,rest,Full rest day,0,0,0,Home,1,
2365,24,95,2026-03-06,strength,Upper-body strength,62,5,310,Track,1,
2366,24,95,2026-03-07,volleyball,Open gym or tournament,104,7,728,Track,1,
2367,24,95,2026-03-08,rest,Full rest day,0,0,0,Home,1,
2368,24,95,2026-03-09,rest,Full rest day,0,0,0,Home,1,
2369,24,95,2026-03-10,plyometric,Jump power and elasticity,43,9,387,Track,1,
2370,24,95,2026-03-11,volleyball,Skill practice and gameplay,102,7,714,Gym,1,
2371,24,95,2026-03-12,recovery,Mobility and low-intensity recovery,55,4,220,Gym,1,
2372,24,95,2026-03-13,rest,Full rest day,0,0,0,Home,1,
2373,24,95,2026-03-14,volleyball,Open gym or tournament,104,7,728,Track,1,
2374,24,95,2026-03-15,rest,Full rest day,0,0,0,Gym,1,
2375,24,95,2026-03-16,strength,Lower-body strength,54,8,432,Home,1,
2376,24,96,2026-03-17,plyometric,Jump power and elasticity,27,7,189,Court,1,
2377,24,96,2026-03-18,volleyball,Skill practice and gameplay,120,8,960,Home,1,
2378,24,96,2026-03-19,recovery,Mobility and low-intensity recovery,46,3,138,Court,1,
2379,24,96,2026-03-20,strength,Upper-body strength,67,7,469,Home,1,
2380,24,96,2026-03-21,volleyball,Open gym or tournament,67,5,335,Track,1,
2381,24,96,2026-03-22,rest,Full rest day,0,0,0,Track,1,
2382,24,96,2026-03-23,strength,Lower-body strength,53,6,318,Track,1,
2383,24,96,2026-03-24,plyometric,Jump power and elasticity,29,8,232,Track,1,
2384,24,96,2026-03-25,volleyball,Skill practice and gameplay,118,9,1062,Court,1,
2385,24,96,2026-03-26,recovery,Mobility and low-intensity recovery,22,3,66,Home,1,
2386,24,96,2026-03-27,strength,Upper-body strength,67,7,469,Track,1,
2387,24,96,2026-03-28,volleyball,Open gym or tournament,105,8,840,Gym,1,
2388,24,96,2026-03-29,rest,Full rest day,0,0,0,Gym,1,
2389,24,96,2026-03-30,strength,Lower-body strength,46,7,322,Gym,1,
2390,24,96,2026-03-31,plyometric,Jump power and elasticity,46,7,322,Home,1,
2391,24,96,2026-04-01,volleyball,Skill practice and gameplay,115,9,1035,Gym,1,
2392,24,96,2026-04-02,recovery,Mobility and low-intensity recovery,39,2,78,Gym,1,
2393,24,96,2026-04-03,strength,Upper-body strength,70,9,630,Court,1,
2394,24,96,2026-04-04,volleyball,Open gym or tournament,116,7,812,Home,1,
2395,24,96,2026-04-05,rest,Full rest day,0,0,0,Home,1,
2396,24,96,2026-04-06,strength,Lower-body strength,61,6,366,Gym,1,
2397,24,96,2026-04-07,plyometric,Jump power and elasticity,32,8,256,Home,1,
2398,24,96,2026-04-08,volleyball,Skill practice and gameplay,72,9,648,Court,1,
2399,24,96,2026-04-09,recovery,Mobility and low-intensity recovery,42,5,210,Court,1,
2400,24,96,2026-04-10,strength,Upper-body strength,63,7,441,Track,1,
2401,25,97,2026-01-01,recovery,Mobility and low-intensity recovery,49,2,98,Court,1,
2402,25,97,2026-01-02,rest,Full rest day,0,0,0,Track,1,
2403,25,97,2026-01-03,volleyball,Open gym or tournament,54,8,432,Gym,1,
2404,25,97,2026-01-04,rest,Full rest day,0,0,0,Track,1,
2405,25,97,2026-01-05,strength,Lower-body strength,54,6,324,Track,1,
2406,25,97,2026-01-06,plyometric,Jump power and elasticity,49,7,343,Gym,1,
2407,25,97,2026-01-07,volleyball,Skill practice and gameplay,131,5,655,Track,1,
2408,25,97,2026-01-08,recovery,Mobility and low-intensity recovery,40,3,120,Court,1,
2409,25,97,2026-01-09,strength,Upper-body strength,52,5,260,Gym,1,
2410,25,97,2026-01-10,rest,Full rest day,0,0,0,Home,1,
2411,25,97,2026-01-11,rest,Full rest day,0,0,0,Track,1,
2412,25,97,2026-01-12,strength,Lower-body strength,76,6,456,Court,1,
2413,25,97,2026-01-13,plyometric,Jump power and elasticity,47,7,329,Home,1,
2414,25,97,2026-01-14,volleyball,Skill practice and gameplay,148,7,1036,Gym,1,
2415,25,97,2026-01-15,recovery,Mobility and low-intensity recovery,28,4,112,Gym,1,
2416,25,97,2026-01-16,strength,Upper-body strength,58,7,406,Gym,1,
2417,25,97,2026-01-17,volleyball,Open gym or tournament,121,6,726,Court,1,
2418,25,97,2026-01-18,rest,Full rest day,0,0,0,Home,1,
2419,25,97,2026-01-19,strength,Lower-body strength,64,6,384,Gym,1,
2420,25,97,2026-01-20,plyometric,Jump power and elasticity,46,7,322,Court,1,
2421,25,97,2026-01-21,volleyball,Skill practice and gameplay,113,6,678,Court,1,
2422,25,97,2026-01-22,recovery,Mobility and low-intensity recovery,42,2,84,Home,1,
2423,25,97,2026-01-23,strength,Upper-body strength,77,6,462,Gym,1,
2424,25,97,2026-01-24,volleyball,Open gym or tournament,113,8,904,Gym,1,
2425,25,97,2026-01-25,rest,Full rest day,0,0,0,Track,1,
2426,25,98,2026-01-26,rest,Full rest day,0,0,0,Gym,1,
2427,25,98,2026-01-27,plyometric,Jump power and elasticity,31,7,217,Home,1,
2428,25,98,2026-01-28,volleyball,Skill practice and gameplay,110,6,660,Court,1,
2429,25,98,2026-01-29,recovery,Mobility and low-intensity recovery,32,3,96,Home,1,
2430,25,98,2026-01-30,strength,Upper-body strength,52,6,312,Gym,1,
2431,25,98,2026-01-31,volleyball,Open gym or tournament,109,7,763,Court,1,
2432,25,98,2026-02-01,rest,Full rest day,0,0,0,Home,1,
2433,25,98,2026-02-02,strength,Lower-body strength,51,8,408,Gym,1,
2434,25,98,2026-02-03,plyometric,Jump power and elasticity,38,8,304,Gym,1,
2435,25,98,2026-02-04,volleyball,Skill practice and gameplay,83,7,581,Gym,1,
2436,25,98,2026-02-05,recovery,Mobility and low-intensity recovery,30,4,120,Track,1,
2437,25,98,2026-02-06,strength,Upper-body strength,65,6,390,Track,1,
2438,25,98,2026-02-07,volleyball,Open gym or tournament,83,7,581,Track,1,
2439,25,98,2026-02-08,rest,Full rest day,0,0,0,Court,1,
2440,25,98,2026-02-09,strength,Lower-body strength,74,6,444,Home,1,
2441,25,98,2026-02-10,plyometric,Jump power and elasticity,51,9,459,Court,1,
2442,25,98,2026-02-11,volleyball,Skill practice and gameplay,73,6,438,Court,1,
2443,25,98,2026-02-12,recovery,Mobility and low-intensity recovery,31,2,62,Gym,1,
2444,25,98,2026-02-13,strength,Upper-body strength,78,7,546,Gym,1,
2445,25,98,2026-02-14,volleyball,Open gym or tournament,84,5,420,Court,1,
2446,25,98,2026-02-15,rest,Full rest day,0,0,0,Home,1,
2447,25,98,2026-02-16,strength,Lower-body strength,66,6,396,Track,1,
2448,25,98,2026-02-17,plyometric,Jump power and elasticity,42,6,252,Court,1,
2449,25,98,2026-02-18,volleyball,Skill practice and gameplay,119,8,952,Court,1,
2450,25,98,2026-02-19,recovery,Mobility and low-intensity recovery,41,3,123,Home,1,
2451,25,99,2026-02-20,strength,Upper-body strength,57,6,342,Home,1,
2452,25,99,2026-02-21,volleyball,Open gym or tournament,84,6,504,Court,1,
2453,25,99,2026-02-22,rest,Full rest day,0,0,0,Gym,1,
2454,25,99,2026-02-23,strength,Lower-body strength,48,6,288,Gym,1,
2455,25,99,2026-02-24,plyometric,Jump power and elasticity,55,8,440,Court,1,
2456,25,99,2026-02-25,volleyball,Skill practice and gameplay,134,8,1072,Gym,1,
2457,25,99,2026-02-26,recovery,Mobility and low-intensity recovery,39,1,39,Home,1,
2458,25,99,2026-02-27,strength,Upper-body strength,63,7,441,Track,1,
2459,25,99,2026-02-28,volleyball,Open gym or tournament,130,8,1040,Home,1,
2460,25,99,2026-03-01,rest,Full rest day,0,0,0,Track,1,
2461,25,99,2026-03-02,strength,Lower-body strength,60,8,480,Court,1,
2462,25,99,2026-03-03,plyometric,Jump power and elasticity,51,6,306,Court,1,
2463,25,99,2026-03-04,volleyball,Skill practice and gameplay,113,7,791,Track,1,
2464,25,99,2026-03-05,recovery,Mobility and low-intensity recovery,39,3,117,Gym,1,
2465,25,99,2026-03-06,strength,Upper-body strength,62,8,496,Court,1,
2466,25,99,2026-03-07,volleyball,Open gym or tournament,46,7,322,Track,1,
2467,25,99,2026-03-08,rest,Full rest day,0,0,0,Gym,1,
2468,25,99,2026-03-09,rest,Full rest day,0,0,0,Track,1,
2469,25,99,2026-03-10,rest,Full rest day,0,0,0,Court,1,
2470,25,99,2026-03-11,volleyball,Skill practice and gameplay,94,8,752,Court,1,
2471,25,99,2026-03-12,recovery,Mobility and low-intensity recovery,50,2,100,Home,1,
2472,25,99,2026-03-13,strength,Upper-body strength,65,6,390,Track,1,
2473,25,99,2026-03-14,volleyball,Open gym or tournament,103,6,618,Gym,1,
2474,25,99,2026-03-15,rest,Full rest day,0,0,0,Court,1,
2475,25,99,2026-03-16,strength,Lower-body strength,73,7,511,Home,1,
2476,25,100,2026-03-17,plyometric,Jump power and elasticity,40,7,280,Home,1,
2477,25,100,2026-03-18,volleyball,Skill practice and gameplay,104,6,624,Gym,1,
2478,25,100,2026-03-19,recovery,Mobility and low-intensity recovery,35,3,105,Court,1,
2479,25,100,2026-03-20,strength,Upper-body strength,63,7,441,Home,1,
2480,25,100,2026-03-21,volleyball,Open gym or tournament,74,5,370,Gym,1,
2481,25,100,2026-03-22,rest,Full rest day,0,0,0,Gym,1,
2482,25,100,2026-03-23,strength,Lower-body strength,55,7,385,Track,1,
2483,25,100,2026-03-24,plyometric,Jump power and elasticity,44,8,352,Track,1,
2484,25,100,2026-03-25,volleyball,Skill practice and gameplay,136,7,952,Court,1,
2485,25,100,2026-03-26,recovery,Mobility and low-intensity recovery,27,3,81,Home,1,
2486,25,100,2026-03-27,strength,Upper-body strength,74,8,592,Home,1,
2487,25,100,2026-03-28,volleyball,Open gym or tournament,93,8,744,Track,1,
2488,25,100,2026-03-29,rest,Full rest day,0,0,0,Court,1,
2489,25,100,2026-03-30,strength,Lower-body strength,44,6,264,Home,1,
2490,25,100,2026-03-31,plyometric,Jump power and elasticity,41,7,287,Gym,1,
2491,25,100,2026-04-01,volleyball,Skill practice and gameplay,79,8,632,Gym,1,
2492,25,100,2026-04-02,recovery,Mobility and low-intensity recovery,40,3,120,Gym,1,
2493,25,100,2026-04-03,strength,Upper-body strength,65,8,520,Gym,1,
2494,25,100,2026-04-04,volleyball,Open gym or tournament,93,7,651,Track,1,
2495,25,100,2026-04-05,rest,Full rest day,0,0,0,Court,1,
2496,25,100,2026-04-06,strength,Lower-body strength,57,8,456,Gym,1,
2497,25,100,2026-04-07,plyometric,Jump power and elasticity,43,7,301,Gym,1,
2498,25,100,2026-04-08,volleyball,Skill practice and gameplay,122,9,1098,Home,1,
2499,25,100,2026-04-09,recovery,Mobility and low-intensity recovery,41,5,205,Track,1,
2500,25,100,2026-04-10,strength,Upper-body strength,60,5,300,Home,1,
2501,26,101,2026-01-01,recovery,Mobility and low-intensity recovery,35,1,35,Home,1,
2502,26,101,2026-01-02,strength,Upper-body strength,58,8,464,Home,1,
2503,26,101,2026-01-03,volleyball,Open gym or tournament,73,5,365,Gym,1,
2504,26,101,2026-01-04,rest,Full rest day,0,0,0,Court,1,
2505,26,101,2026-01-05,strength,Lower-body strength,46,7,322,Track,1,
2506,26,101,2026-01-06,plyometric,Jump power and elasticity,49,7,343,Gym,1,
2507,26,101,2026-01-07,volleyball,Skill practice and gameplay,71,5,355,Track,1,
2508,26,101,2026-01-08,recovery,Mobility and low-intensity recovery,31,4,124,Gym,1,
2509,26,101,2026-01-09,strength,Upper-body strength,52,8,416,Court,1,
2510,26,101,2026-01-10,volleyball,Open gym or tournament,113,9,1017,Court,1,
2511,26,101,2026-01-11,rest,Full rest day,0,0,0,Track,1,
2512,26,101,2026-01-12,strength,Lower-body strength,88,7,616,Home,1,
2513,26,101,2026-01-13,plyometric,Jump power and elasticity,33,7,231,Gym,1,
2514,26,101,2026-01-14,volleyball,Skill practice and gameplay,95,7,665,Track,1,
2515,26,101,2026-01-15,recovery,Mobility and low-intensity recovery,29,3,87,Home,1,
2516,26,101,2026-01-16,strength,Upper-body strength,64,7,448,Court,1,
2517,26,101,2026-01-17,volleyball,Open gym or tournament,122,6,732,Gym,1,
2518,26,101,2026-01-18,rest,Full rest day,0,0,0,Court,1,
2519,26,101,2026-01-19,strength,Lower-body strength,49,7,343,Gym,1,
2520,26,101,2026-01-20,rest,Full rest day,0,0,0,Home,1,
2521,26,101,2026-01-21,volleyball,Skill practice and gameplay,84,7,588,Gym,1,
2522,26,101,2026-01-22,recovery,Mobility and low-intensity recovery,23,4,92,Home,1,
2523,26,101,2026-01-23,strength,Upper-body strength,74,7,518,Gym,1,
2524,26,101,2026-01-24,volleyball,Open gym or tournament,96,8,768,Track,1,
2525,26,101,2026-01-25,rest,Full rest day,0,0,0,Court,1,
2526,26,102,2026-01-26,strength,Lower-body strength,62,6,372,Gym,1,
2527,26,102,2026-01-27,plyometric,Jump power and elasticity,47,8,376,Gym,1,
2528,26,102,2026-01-28,volleyball,Skill practice and gameplay,84,7,588,Court,1,
2529,26,102,2026-01-29,recovery,Mobility and low-intensity recovery,23,1,23,Gym,1,
2530,26,102,2026-01-30,strength,Upper-body strength,83,7,581,Court,1,
2531,26,102,2026-01-31,volleyball,Open gym or tournament,113,7,791,Home,1,
2532,26,102,2026-02-01,rest,Full rest day,0,0,0,Track,1,
2533,26,102,2026-02-02,strength,Lower-body strength,54,8,432,Track,1,
2534,26,102,2026-02-03,plyometric,Jump power and elasticity,42,7,294,Court,1,
2535,26,102,2026-02-04,volleyball,Skill practice and gameplay,65,8,520,Track,1,
2536,26,102,2026-02-05,recovery,Mobility and low-intensity recovery,46,2,92,Court,1,
2537,26,102,2026-02-06,strength,Upper-body strength,72,6,432,Track,1,
2538,26,102,2026-02-07,volleyball,Open gym or tournament,65,7,455,Gym,1,
2539,26,102,2026-02-08,rest,Full rest day,0,0,0,Gym,1,
2540,26,102,2026-02-09,strength,Lower-body strength,69,7,483,Track,1,
2541,26,102,2026-02-10,plyometric,Jump power and elasticity,43,7,301,Home,1,
2542,26,102,2026-02-11,rest,Full rest day,0,0,0,Track,1,
2543,26,102,2026-02-12,recovery,Mobility and low-intensity recovery,29,2,58,Gym,1,
2544,26,102,2026-02-13,strength,Upper-body strength,72,7,504,Track,1,
2545,26,102,2026-02-14,volleyball,Open gym or tournament,68,6,408,Gym,1,
2546,26,102,2026-02-15,rest,Full rest day,0,0,0,Home,1,
2547,26,102,2026-02-16,strength,Lower-body strength,87,7,609,Home,1,
2548,26,102,2026-02-17,plyometric,Jump power and elasticity,38,8,304,Track,1,
2549,26,102,2026-02-18,volleyball,Skill practice and gameplay,121,6,726,Gym,1,
2550,26,102,2026-02-19,recovery,Mobility and low-intensity recovery,32,5,160,Home,1,
2551,26,103,2026-02-20,strength,Upper-body strength,54,6,324,Court,1,
2552,26,103,2026-02-21,volleyball,Open gym or tournament,117,8,936,Track,1,
2553,26,103,2026-02-22,rest,Full rest day,0,0,0,Court,1,
2554,26,103,2026-02-23,strength,Lower-body strength,52,6,312,Track,1,
2555,26,103,2026-02-24,plyometric,Jump power and elasticity,50,6,300,Gym,1,
2556,26,103,2026-02-25,rest,Full rest day,0,0,0,Gym,1,
2557,26,103,2026-02-26,recovery,Mobility and low-intensity recovery,29,4,116,Court,1,
2558,26,103,2026-02-27,strength,Upper-body strength,81,8,648,Gym,1,
2559,26,103,2026-02-28,volleyball,Open gym or tournament,132,5,660,Gym,1,
2560,26,103,2026-03-01,rest,Full rest day,0,0,0,Gym,1,
2561,26,103,2026-03-02,strength,Lower-body strength,58,8,464,Court,1,
2562,26,103,2026-03-03,plyometric,Jump power and elasticity,55,8,440,Gym,1,
2563,26,103,2026-03-04,volleyball,Skill practice and gameplay,95,7,665,Home,1,
2564,26,103,2026-03-05,recovery,Mobility and low-intensity recovery,42,2,84,Track,1,
2565,26,103,2026-03-06,strength,Upper-body strength,66,6,396,Home,1,
2566,26,103,2026-03-07,volleyball,Open gym or tournament,133,7,931,Court,1,
2567,26,103,2026-03-08,rest,Full rest day,0,0,0,Court,1,
2568,26,103,2026-03-09,strength,Lower-body strength,57,7,399,Gym,1,
2569,26,103,2026-03-10,plyometric,Jump power and elasticity,45,8,360,Home,1,
2570,26,103,2026-03-11,volleyball,Skill practice and gameplay,95,7,665,Court,1,
2571,26,103,2026-03-12,recovery,Mobility and low-intensity recovery,32,1,32,Track,1,
2572,26,103,2026-03-13,strength,Upper-body strength,68,6,408,Court,1,
2573,26,103,2026-03-14,rest,Full rest day,0,0,0,Home,1,
2574,26,103,2026-03-15,rest,Full rest day,0,0,0,Track,1,
2575,26,103,2026-03-16,rest,Full rest day,0,0,0,Track,1,
2576,26,104,2026-03-17,plyometric,Jump power and elasticity,45,6,270,Gym,1,
2577,26,104,2026-03-18,volleyball,Skill practice and gameplay,123,4,492,Track,1,
2578,26,104,2026-03-19,recovery,Mobility and low-intensity recovery,34,2,68,Gym,1,
2579,26,104,2026-03-20,strength,Upper-body strength,49,6,294,Gym,1,
2580,26,104,2026-03-21,volleyball,Open gym or tournament,91,6,546,Court,1,
2581,26,104,2026-03-22,rest,Full rest day,0,0,0,Court,1,
2582,26,104,2026-03-23,strength,Lower-body strength,48,5,240,Gym,1,
2583,26,104,2026-03-24,plyometric,Jump power and elasticity,53,6,318,Home,1,
2584,26,104,2026-03-25,volleyball,Skill practice and gameplay,127,7,889,Gym,1,
2585,26,104,2026-03-26,rest,Full rest day,0,0,0,Home,1,
2586,26,104,2026-03-27,strength,Upper-body strength,56,8,448,Track,1,
2587,26,104,2026-03-28,volleyball,Open gym or tournament,99,8,792,Track,1,
2588,26,104,2026-03-29,rest,Full rest day,0,0,0,Track,1,
2589,26,104,2026-03-30,strength,Lower-body strength,87,5,435,Gym,1,
2590,26,104,2026-03-31,plyometric,Jump power and elasticity,39,9,351,Home,1,
2591,26,104,2026-04-01,volleyball,Skill practice and gameplay,70,6,420,Gym,1,
2592,26,104,2026-04-02,recovery,Mobility and low-intensity recovery,30,3,90,Track,1,
2593,26,104,2026-04-03,strength,Upper-body strength,63,7,441,Court,1,
2594,26,104,2026-04-04,volleyball,Open gym or tournament,84,7,588,Track,1,
2595,26,104,2026-04-05,rest,Full rest day,0,0,0,Track,1,
2596,26,104,2026-04-06,strength,Lower-body strength,74,6,444,Court,1,
2597,26,104,2026-04-07,plyometric,Jump power and elasticity,53,6,318,Home,1,
2598,26,104,2026-04-08,volleyball,Skill practice and gameplay,106,6,636,Track,1,
2599,26,104,2026-04-09,recovery,Mobility and low-intensity recovery,30,2,60,Home,1,
2600,26,104,2026-04-10,strength,Upper-body strength,65,8,520,Court,1,
2601,27,105,2026-01-01,recovery,Mobility and low-intensity recovery,30,3,90,Court,1,
2602,27,105,2026-01-02,strength,Upper-body strength,59,6,354,Court,1,
2603,27,105,2026-01-03,rest,Full rest day,0,0,0,Gym,1,
2604,27,105,2026-01-04,rest,Full rest day,0,0,0,Home,1,
2605,27,105,2026-01-05,strength,Lower-body strength,63,6,378,Gym,1,
2606,27,105,2026-01-06,plyometric,Jump power and elasticity,22,8,176,Court,1,
2607,27,105,2026-01-07,volleyball,Skill practice and gameplay,58,7,406,Track,1,
2608,27,105,2026-01-08,recovery,Mobility and low-intensity recovery,45,1,45,Gym,1,
2609,27,105,2026-01-09,rest,Full rest day,0,0,0,Track,1,
2610,27,105,2026-01-10,volleyball,Open gym or tournament,80,7,560,Gym,1,
2611,27,105,2026-01-11,rest,Full rest day,0,0,0,Home,1,
2612,27,105,2026-01-12,strength,Lower-body strength,59,7,413,Track,1,
2613,27,105,2026-01-13,plyometric,Jump power and elasticity,46,8,368,Gym,1,
2614,27,105,2026-01-14,volleyball,Skill practice and gameplay,102,8,816,Court,1,
2615,27,105,2026-01-15,recovery,Mobility and low-intensity recovery,29,5,145,Court,1,
2616,27,105,2026-01-16,strength,Upper-body strength,60,8,480,Home,1,
2617,27,105,2026-01-17,volleyball,Open gym or tournament,116,9,1044,Home,1,
2618,27,105,2026-01-18,rest,Full rest day,0,0,0,Gym,1,
2619,27,105,2026-01-19,strength,Lower-body strength,76,7,532,Court,1,
2620,27,105,2026-01-20,plyometric,Jump power and elasticity,27,6,162,Track,1,
2621,27,105,2026-01-21,rest,Full rest day,0,0,0,Gym,1,
2622,27,105,2026-01-22,recovery,Mobility and low-intensity recovery,29,3,87,Gym,1,
2623,27,105,2026-01-23,strength,Upper-body strength,76,6,456,Court,1,
2624,27,105,2026-01-24,volleyball,Open gym or tournament,104,6,624,Home,1,
2625,27,105,2026-01-25,rest,Full rest day,0,0,0,Track,1,
2626,27,106,2026-01-26,strength,Lower-body strength,52,8,416,Home,1,
2627,27,106,2026-01-27,plyometric,Jump power and elasticity,51,5,255,Gym,1,
2628,27,106,2026-01-28,volleyball,Skill practice and gameplay,176,6,1056,Gym,1,
2629,27,106,2026-01-29,recovery,Mobility and low-intensity recovery,43,2,86,Court,1,
2630,27,106,2026-01-30,strength,Upper-body strength,59,6,354,Home,1,
2631,27,106,2026-01-31,volleyball,Open gym or tournament,132,7,924,Gym,1,
2632,27,106,2026-02-01,rest,Full rest day,0,0,0,Gym,1,
2633,27,106,2026-02-02,strength,Lower-body strength,61,8,488,Home,1,
2634,27,106,2026-02-03,plyometric,Jump power and elasticity,63,6,378,Court,1,
2635,27,106,2026-02-04,volleyball,Skill practice and gameplay,107,8,856,Court,1,
2636,27,106,2026-02-05,recovery,Mobility and low-intensity recovery,31,3,93,Track,1,
2637,27,106,2026-02-06,strength,Upper-body strength,58,8,464,Track,1,
2638,27,106,2026-02-07,volleyball,Open gym or tournament,114,9,1026,Track,1,
2639,27,106,2026-02-08,rest,Full rest day,0,0,0,Home,1,
2640,27,106,2026-02-09,strength,Lower-body strength,72,7,504,Track,1,
2641,27,106,2026-02-10,plyometric,Jump power and elasticity,64,9,576,Track,1,
2642,27,106,2026-02-11,volleyball,Skill practice and gameplay,109,7,763,Home,1,
2643,27,106,2026-02-12,recovery,Mobility and low-intensity recovery,36,4,144,Track,1,
2644,27,106,2026-02-13,strength,Upper-body strength,53,8,424,Court,1,
2645,27,106,2026-02-14,volleyball,Open gym or tournament,61,6,366,Gym,1,
2646,27,106,2026-02-15,rest,Full rest day,0,0,0,Court,1,
2647,27,106,2026-02-16,strength,Lower-body strength,70,7,490,Court,1,
2648,27,106,2026-02-17,plyometric,Jump power and elasticity,25,9,225,Gym,1,
2649,27,106,2026-02-18,volleyball,Skill practice and gameplay,60,7,420,Court,1,
2650,27,106,2026-02-19,recovery,Mobility and low-intensity recovery,36,3,108,Gym,1,
2651,27,107,2026-02-20,strength,Upper-body strength,51,6,306,Court,1,
2652,27,107,2026-02-21,volleyball,Open gym or tournament,58,7,406,Home,1,
2653,27,107,2026-02-22,rest,Full rest day,0,0,0,Home,1,
2654,27,107,2026-02-23,strength,Lower-body strength,61,6,366,Track,1,
2655,27,107,2026-02-24,plyometric,Jump power and elasticity,51,9,459,Home,1,
2656,27,107,2026-02-25,volleyball,Skill practice and gameplay,108,7,756,Gym,1,
2657,27,107,2026-02-26,recovery,Mobility and low-intensity recovery,23,1,23,Track,1,
2658,27,107,2026-02-27,strength,Upper-body strength,73,7,511,Court,1,
2659,27,107,2026-02-28,volleyball,Open gym or tournament,114,6,684,Home,1,
2660,27,107,2026-03-01,rest,Full rest day,0,0,0,Track,1,
2661,27,107,2026-03-02,strength,Lower-body strength,69,7,483,Home,1,
2662,27,107,2026-03-03,plyometric,Jump power and elasticity,46,7,322,Track,1,
2663,27,107,2026-03-04,volleyball,Skill practice and gameplay,97,6,582,Gym,1,
2664,27,107,2026-03-05,recovery,Mobility and low-intensity recovery,38,2,76,Gym,1,
2665,27,107,2026-03-06,strength,Upper-body strength,66,6,396,Court,1,
2666,27,107,2026-03-07,volleyball,Open gym or tournament,69,6,414,Track,1,
2667,27,107,2026-03-08,rest,Full rest day,0,0,0,Gym,1,
2668,27,107,2026-03-09,strength,Lower-body strength,64,7,448,Court,1,
2669,27,107,2026-03-10,plyometric,Jump power and elasticity,52,7,364,Track,1,
2670,27,107,2026-03-11,volleyball,Skill practice and gameplay,86,8,688,Court,1,
2671,27,107,2026-03-12,recovery,Mobility and low-intensity recovery,26,5,130,Gym,1,
2672,27,107,2026-03-13,strength,Upper-body strength,52,7,364,Court,1,
2673,27,107,2026-03-14,volleyball,Open gym or tournament,129,7,903,Track,1,
2674,27,107,2026-03-15,rest,Full rest day,0,0,0,Home,1,
2675,27,107,2026-03-16,strength,Lower-body strength,66,8,528,Gym,1,
2676,27,108,2026-03-17,plyometric,Jump power and elasticity,47,7,329,Track,1,
2677,27,108,2026-03-18,volleyball,Skill practice and gameplay,109,6,654,Track,1,
2678,27,108,2026-03-19,rest,Full rest day,0,0,0,Court,1,
2679,27,108,2026-03-20,rest,Full rest day,0,0,0,Gym,1,
2680,27,108,2026-03-21,volleyball,Open gym or tournament,109,5,545,Home,1,
2681,27,108,2026-03-22,rest,Full rest day,0,0,0,Home,1,
2682,27,108,2026-03-23,strength,Lower-body strength,80,7,560,Court,1,
2683,27,108,2026-03-24,plyometric,Jump power and elasticity,40,8,320,Gym,1,
2684,27,108,2026-03-25,volleyball,Skill practice and gameplay,108,7,756,Home,1,
2685,27,108,2026-03-26,recovery,Mobility and low-intensity recovery,27,1,27,Gym,1,
2686,27,108,2026-03-27,strength,Upper-body strength,64,9,576,Court,1,
2687,27,108,2026-03-28,volleyball,Open gym or tournament,83,7,581,Gym,1,
2688,27,108,2026-03-29,rest,Full rest day,0,0,0,Gym,1,
2689,27,108,2026-03-30,strength,Lower-body strength,64,9,576,Gym,1,
2690,27,108,2026-03-31,plyometric,Jump power and elasticity,48,7,336,Court,1,
2691,27,108,2026-04-01,volleyball,Skill practice and gameplay,106,8,848,Court,1,
2692,27,108,2026-04-02,recovery,Mobility and low-intensity recovery,33,3,99,Court,1,
2693,27,108,2026-04-03,rest,Full rest day,0,0,0,Home,1,
2694,27,108,2026-04-04,volleyball,Open gym or tournament,110,5,550,Track,1,
2695,27,108,2026-04-05,rest,Full rest day,0,0,0,Gym,1,
2696,27,108,2026-04-06,strength,Lower-body strength,69,8,552,Track,1,
2697,27,108,2026-04-07,plyometric,Jump power and elasticity,38,7,266,Gym,1,
2698,27,108,2026-04-08,volleyball,Skill practice and gameplay,5,7,35,Gym,1,
2699,27,108,2026-04-09,recovery,Mobility and low-intensity recovery,42,3,126,Gym,1,
2700,27,108,2026-04-10,strength,Upper-body strength,79,7,553,Court,1,
2701,28,109,2026-01-01,recovery,Mobility and low-intensity recovery,39,4,156,Home,1,
2702,28,109,2026-01-02,strength,Upper-body strength,70,8,560,Court,1,
2703,28,109,2026-01-03,volleyball,Open gym or tournament,102,8,816,Gym,1,
2704,28,109,2026-01-04,rest,Full rest day,0,0,0,Track,1,
2705,28,109,2026-01-05,strength,Lower-body strength,43,5,215,Gym,1,
2706,28,109,2026-01-06,plyometric,Jump power and elasticity,48,7,336,Gym,1,
2707,28,109,2026-01-07,volleyball,Skill practice and gameplay,107,8,856,Home,1,
2708,28,109,2026-01-08,recovery,Mobility and low-intensity recovery,45,4,180,Gym,1,
2709,28,109,2026-01-09,strength,Upper-body strength,63,8,504,Court,1,
2710,28,109,2026-01-10,volleyball,Open gym or tournament,88,8,704,Home,1,
2711,28,109,2026-01-11,rest,Full rest day,0,0,0,Home,1,
2712,28,109,2026-01-12,strength,Lower-body strength,57,9,513,Home,1,
2713,28,109,2026-01-13,rest,Full rest day,0,0,0,Gym,1,
2714,28,109,2026-01-14,rest,Full rest day,0,0,0,Home,1,
2715,28,109,2026-01-15,recovery,Mobility and low-intensity recovery,40,3,120,Home,1,
2716,28,109,2026-01-16,strength,Upper-body strength,81,8,648,Court,1,
2717,28,109,2026-01-17,volleyball,Open gym or tournament,64,7,448,Track,1,
2718,28,109,2026-01-18,rest,Full rest day,0,0,0,Court,1,
2719,28,109,2026-01-19,strength,Lower-body strength,61,7,427,Court,1,
2720,28,109,2026-01-20,plyometric,Jump power and elasticity,34,6,204,Track,1,
2721,28,109,2026-01-21,volleyball,Skill practice and gameplay,130,8,1040,Track,1,
2722,28,109,2026-01-22,recovery,Mobility and low-intensity recovery,34,4,136,Home,1,
2723,28,109,2026-01-23,strength,Upper-body strength,69,7,483,Court,1,
2724,28,109,2026-01-24,volleyball,Open gym or tournament,94,6,564,Gym,1,
2725,28,109,2026-01-25,rest,Full rest day,0,0,0,Court,1,
2726,28,110,2026-01-26,strength,Lower-body strength,61,5,305,Track,1,
2727,28,110,2026-01-27,plyometric,Jump power and elasticity,38,8,304,Home,1,
2728,28,110,2026-01-28,volleyball,Skill practice and gameplay,62,7,434,Home,1,
2729,28,110,2026-01-29,rest,Full rest day,0,0,0,Home,1,
2730,28,110,2026-01-30,strength,Upper-body strength,62,6,372,Gym,1,
2731,28,110,2026-01-31,volleyball,Open gym or tournament,76,6,456,Gym,1,
2732,28,110,2026-02-01,rest,Full rest day,0,0,0,Track,1,
2733,28,110,2026-02-02,strength,Lower-body strength,82,6,492,Home,1,
2734,28,110,2026-02-03,plyometric,Jump power and elasticity,49,5,245,Court,1,
2735,28,110,2026-02-04,volleyball,Skill practice and gameplay,109,7,763,Home,1,
2736,28,110,2026-02-05,rest,Full rest day,0,0,0,Court,1,
2737,28,110,2026-02-06,strength,Upper-body strength,62,5,310,Court,1,
2738,28,110,2026-02-07,volleyball,Open gym or tournament,98,7,686,Gym,1,
2739,28,110,2026-02-08,rest,Full rest day,0,0,0,Home,1,
2740,28,110,2026-02-09,strength,Lower-body strength,63,7,441,Track,1,
2741,28,110,2026-02-10,plyometric,Jump power and elasticity,38,7,266,Home,1,
2742,28,110,2026-02-11,volleyball,Skill practice and gameplay,109,7,763,Home,1,
2743,28,110,2026-02-12,recovery,Mobility and low-intensity recovery,17,4,68,Track,1,
2744,28,110,2026-02-13,strength,Upper-body strength,63,8,504,Track,1,
2745,28,110,2026-02-14,volleyball,Open gym or tournament,99,7,693,Home,1,
2746,28,110,2026-02-15,rest,Full rest day,0,0,0,Track,1,
2747,28,110,2026-02-16,strength,Lower-body strength,69,7,483,Court,1,
2748,28,110,2026-02-17,plyometric,Jump power and elasticity,53,5,265,Gym,1,
2749,28,110,2026-02-18,volleyball,Skill practice and gameplay,145,5,725,Track,1,
2750,28,110,2026-02-19,recovery,Mobility and low-intensity recovery,37,4,148,Court,1,
2751,28,111,2026-02-20,strength,Upper-body strength,63,6,378,Gym,1,
2752,28,111,2026-02-21,volleyball,Open gym or tournament,120,8,960,Track,1,
2753,28,111,2026-02-22,rest,Full rest day,0,0,0,Gym,1,
2754,28,111,2026-02-23,strength,Lower-body strength,65,6,390,Home,1,
2755,28,111,2026-02-24,rest,Full rest day,0,0,0,Track,1,
2756,28,111,2026-02-25,volleyball,Skill practice and gameplay,106,5,530,Court,1,
2757,28,111,2026-02-26,recovery,Mobility and low-intensity recovery,30,3,90,Court,1,
2758,28,111,2026-02-27,strength,Upper-body strength,64,6,384,Gym,1,
2759,28,111,2026-02-28,volleyball,Open gym or tournament,86,7,602,Court,1,
2760,28,111,2026-03-01,rest,Full rest day,0,0,0,Court,1,
2761,28,111,2026-03-02,strength,Lower-body strength,64,6,384,Track,1,
2762,28,111,2026-03-03,plyometric,Jump power and elasticity,40,7,280,Gym,1,
2763,28,111,2026-03-04,volleyball,Skill practice and gameplay,130,5,650,Court,1,
2764,28,111,2026-03-05,recovery,Mobility and low-intensity recovery,35,2,70,Home,1,
2765,28,111,2026-03-06,rest,Full rest day,0,0,0,Track,1,
2766,28,111,2026-03-07,volleyball,Open gym or tournament,92,7,644,Court,1,
2767,28,111,2026-03-08,rest,Full rest day,0,0,0,Court,1,
2768,28,111,2026-03-09,strength,Lower-body strength,44,5,220,Court,1,
2769,28,111,2026-03-10,plyometric,Jump power and elasticity,50,6,300,Track,1,
2770,28,111,2026-03-11,volleyball,Skill practice and gameplay,85,7,595,Track,1,
2771,28,111,2026-03-12,recovery,Mobility and low-intensity recovery,35,3,105,Gym,1,
2772,28,111,2026-03-13,strength,Upper-body strength,41,7,287,Track,1,
2773,28,111,2026-03-14,volleyball,Open gym or tournament,130,6,780,Court,1,
2774,28,111,2026-03-15,rest,Full rest day,0,0,0,Court,1,
2775,28,111,2026-03-16,strength,Lower-body strength,47,8,376,Home,1,
2776,28,112,2026-03-17,plyometric,Jump power and elasticity,43,6,258,Track,1,
2777,28,112,2026-03-18,volleyball,Skill practice and gameplay,95,8,760,Court,1,
2778,28,112,2026-03-19,recovery,Mobility and low-intensity recovery,43,4,172,Home,1,
2779,28,112,2026-03-20,strength,Upper-body strength,51,8,408,Gym,1,
2780,28,112,2026-03-21,volleyball,Open gym or tournament,145,5,725,Gym,1,
2781,28,112,2026-03-22,rest,Full rest day,0,0,0,Gym,1,
2782,28,112,2026-03-23,strength,Lower-body strength,52,6,312,Court,1,
2783,28,112,2026-03-24,rest,Full rest day,0,0,0,Court,1,
2784,28,112,2026-03-25,volleyball,Skill practice and gameplay,111,6,666,Gym,1,
2785,28,112,2026-03-26,rest,Full rest day,0,0,0,Home,1,
2786,28,112,2026-03-27,strength,Upper-body strength,46,7,322,Gym,1,
2787,28,112,2026-03-28,volleyball,Open gym or tournament,109,6,654,Track,1,
2788,28,112,2026-03-29,rest,Full rest day,0,0,0,Court,1,
2789,28,112,2026-03-30,strength,Lower-body strength,50,6,300,Court,1,
2790,28,112,2026-03-31,plyometric,Jump power and elasticity,29,7,203,Track,1,
2791,28,112,2026-04-01,volleyball,Skill practice and gameplay,75,6,450,Court,1,
2792,28,112,2026-04-02,recovery,Mobility and low-intensity recovery,50,5,250,Track,1,
2793,28,112,2026-04-03,strength,Upper-body strength,62,7,434,Gym,1,
2794,28,112,2026-04-04,rest,Full rest day,0,0,0,Gym,1,
2795,28,112,2026-04-05,rest,Full rest day,0,0,0,Court,1,
2796,28,112,2026-04-06,strength,Lower-body strength,65,7,455,Court,1,
2797,28,112,2026-04-07,plyometric,Jump power and elasticity,54,7,378,Gym,1,
2798,28,112,2026-04-08,volleyball,Skill practice and gameplay,138,7,966,Track,1,
2799,28,112,2026-04-09,rest,Full rest day,0,0,0,Gym,1,
2800,28,112,2026-04-10,strength,Upper-body strength,65,7,455,Track,1,
2801,29,113,2026-01-01,recovery,Mobility and low-intensity recovery,48,2,96,Home,1,
2802,29,113,2026-01-02,strength,Upper-body strength,95,8,760,Gym,1,
2803,29,113,2026-01-03,volleyball,Open gym or tournament,106,7,742,Track,1,
2804,29,113,2026-01-04,rest,Full rest day,0,0,0,Track,1,
2805,29,113,2026-01-05,rest,Full rest day,0,0,0,Track,1,
2806,29,113,2026-01-06,plyometric,Jump power and elasticity,37,5,185,Court,1,
2807,29,113,2026-01-07,volleyball,Skill practice and gameplay,110,7,770,Court,1,
2808,29,113,2026-01-08,recovery,Mobility and low-intensity recovery,33,3,99,Home,1,
2809,29,113,2026-01-09,rest,Full rest day,0,0,0,Home,1,
2810,29,113,2026-01-10,volleyball,Open gym or tournament,78,10,780,Track,1,
2811,29,113,2026-01-11,rest,Full rest day,0,0,0,Court,1,
2812,29,113,2026-01-12,strength,Lower-body strength,57,7,399,Track,1,
2813,29,113,2026-01-13,plyometric,Jump power and elasticity,43,9,387,Court,1,
2814,29,113,2026-01-14,volleyball,Skill practice and gameplay,95,8,760,Court,1,
2815,29,113,2026-01-15,recovery,Mobility and low-intensity recovery,43,3,129,Home,1,
2816,29,113,2026-01-16,strength,Upper-body strength,53,6,318,Track,1,
2817,29,113,2026-01-17,volleyball,Open gym or tournament,142,7,994,Track,1,
2818,29,113,2026-01-18,rest,Full rest day,0,0,0,Court,1,
2819,29,113,2026-01-19,strength,Lower-body strength,57,6,342,Court,1,
2820,29,113,2026-01-20,rest,Full rest day,0,0,0,Gym,1,
2821,29,113,2026-01-21,volleyball,Skill practice and gameplay,91,8,728,Home,1,
2822,29,113,2026-01-22,recovery,Mobility and low-intensity recovery,22,4,88,Gym,1,
2823,29,113,2026-01-23,strength,Upper-body strength,73,8,584,Court,1,
2824,29,113,2026-01-24,volleyball,Open gym or tournament,64,7,448,Track,1,
2825,29,113,2026-01-25,rest,Full rest day,0,0,0,Court,1,
2826,29,114,2026-01-26,strength,Lower-body strength,85,6,510,Gym,1,
2827,29,114,2026-01-27,rest,Full rest day,0,0,0,Home,1,
2828,29,114,2026-01-28,volleyball,Skill practice and gameplay,111,5,555,Court,1,
2829,29,114,2026-01-29,recovery,Mobility and low-intensity recovery,28,2,56,Track,1,
2830,29,114,2026-01-30,strength,Upper-body strength,66,7,462,Gym,1,
2831,29,114,2026-01-31,volleyball,Open gym or tournament,103,8,824,Court,1,
2832,29,114,2026-02-01,rest,Full rest day,0,0,0,Track,1,
2833,29,114,2026-02-02,strength,Lower-body strength,51,8,408,Track,1,
2834,29,114,2026-02-03,plyometric,Jump power and elasticity,29,6,174,Court,1,
2835,29,114,2026-02-04,volleyball,Skill practice and gameplay,123,7,861,Gym,1,
2836,29,114,2026-02-05,recovery,Mobility and low-intensity recovery,31,3,93,Track,1,
2837,29,114,2026-02-06,strength,Upper-body strength,70,7,490,Home,1,
2838,29,114,2026-02-07,volleyball,Open gym or tournament,122,6,732,Gym,1,
2839,29,114,2026-02-08,rest,Full rest day,0,0,0,Track,1,
2840,29,114,2026-02-09,strength,Lower-body strength,44,7,308,Court,1,
2841,29,114,2026-02-10,plyometric,Jump power and elasticity,38,6,228,Court,1,
2842,29,114,2026-02-11,volleyball,Skill practice and gameplay,103,7,721,Gym,1,
2843,29,114,2026-02-12,recovery,Mobility and low-intensity recovery,33,2,66,Track,1,
2844,29,114,2026-02-13,strength,Upper-body strength,47,7,329,Track,1,
2845,29,114,2026-02-14,volleyball,Open gym or tournament,81,6,486,Gym,1,
2846,29,114,2026-02-15,rest,Full rest day,0,0,0,Gym,1,
2847,29,114,2026-02-16,strength,Lower-body strength,68,7,476,Gym,1,
2848,29,114,2026-02-17,plyometric,Jump power and elasticity,39,7,273,Home,1,
2849,29,114,2026-02-18,volleyball,Skill practice and gameplay,94,4,376,Home,1,
2850,29,114,2026-02-19,recovery,Mobility and low-intensity recovery,25,2,50,Home,1,
2851,29,115,2026-02-20,strength,Upper-body strength,75,6,450,Court,1,
2852,29,115,2026-02-21,volleyball,Open gym or tournament,94,6,564,Home,1,
2853,29,115,2026-02-22,rest,Full rest day,0,0,0,Home,1,
2854,29,115,2026-02-23,strength,Lower-body strength,75,8,600,Home,1,
2855,29,115,2026-02-24,plyometric,Jump power and elasticity,53,6,318,Track,1,
2856,29,115,2026-02-25,volleyball,Skill practice and gameplay,103,8,824,Home,1,
2857,29,115,2026-02-26,rest,Full rest day,0,0,0,Gym,1,
2858,29,115,2026-02-27,strength,Upper-body strength,76,6,456,Home,1,
2859,29,115,2026-02-28,volleyball,Open gym or tournament,117,6,702,Court,1,
2860,29,115,2026-03-01,rest,Full rest day,0,0,0,Court,1,
2861,29,115,2026-03-02,strength,Lower-body strength,56,9,504,Home,1,
2862,29,115,2026-03-03,rest,Full rest day,0,0,0,Gym,1,
2863,29,115,2026-03-04,volleyball,Skill practice and gameplay,100,7,700,Gym,1,
2864,29,115,2026-03-05,recovery,Mobility and low-intensity recovery,41,4,164,Track,1,
2865,29,115,2026-03-06,strength,Upper-body strength,77,6,462,Gym,1,
2866,29,115,2026-03-07,volleyball,Open gym or tournament,115,8,920,Track,1,
2867,29,115,2026-03-08,rest,Full rest day,0,0,0,Track,1,
2868,29,115,2026-03-09,strength,Lower-body strength,55,8,440,Gym,1,
2869,29,115,2026-03-10,plyometric,Jump power and elasticity,53,8,424,Gym,1,
2870,29,115,2026-03-11,volleyball,Skill practice and gameplay,111,6,666,Track,1,
2871,29,115,2026-03-12,recovery,Mobility and low-intensity recovery,23,4,92,Court,1,
2872,29,115,2026-03-13,strength,Upper-body strength,81,8,648,Home,1,
2873,29,115,2026-03-14,volleyball,Open gym or tournament,115,4,460,Court,1,
2874,29,115,2026-03-15,rest,Full rest day,0,0,0,Gym,1,
2875,29,115,2026-03-16,strength,Lower-body strength,57,8,456,Gym,1,
2876,29,116,2026-03-17,plyometric,Jump power and elasticity,38,7,266,Track,1,
2877,29,116,2026-03-18,volleyball,Skill practice and gameplay,100,7,700,Home,1,
2878,29,116,2026-03-19,recovery,Mobility and low-intensity recovery,25,3,75,Gym,1,
2879,29,116,2026-03-20,strength,Upper-body strength,76,7,532,Home,1,
2880,29,116,2026-03-21,volleyball,Open gym or tournament,100,9,900,Court,1,
2881,29,116,2026-03-22,rest,Full rest day,0,0,0,Home,1,
2882,29,116,2026-03-23,strength,Lower-body strength,43,6,258,Court,1,
2883,29,116,2026-03-24,plyometric,Jump power and elasticity,52,5,260,Gym,1,
2884,29,116,2026-03-25,volleyball,Skill practice and gameplay,115,8,920,Gym,1,
2885,29,116,2026-03-26,recovery,Mobility and low-intensity recovery,30,2,60,Track,1,
2886,29,116,2026-03-27,strength,Upper-body strength,65,7,455,Court,1,
2887,29,116,2026-03-28,volleyball,Open gym or tournament,49,6,294,Court,1,
2888,29,116,2026-03-29,rest,Full rest day,0,0,0,Home,1,
2889,29,116,2026-03-30,rest,Full rest day,0,0,0,Track,1,
2890,29,116,2026-03-31,plyometric,Jump power and elasticity,55,7,385,Track,1,
2891,29,116,2026-04-01,volleyball,Skill practice and gameplay,131,6,786,Track,1,
2892,29,116,2026-04-02,recovery,Mobility and low-intensity recovery,49,4,196,Court,1,
2893,29,116,2026-04-03,strength,Upper-body strength,54,7,378,Gym,1,
2894,29,116,2026-04-04,volleyball,Open gym or tournament,106,5,530,Gym,1,
2895,29,116,2026-04-05,rest,Full rest day,0,0,0,Home,1,
2896,29,116,2026-04-06,strength,Lower-body strength,70,8,560,Home,1,
2897,29,116,2026-04-07,plyometric,Jump power and elasticity,32,8,256,Court,1,
2898,29,116,2026-04-08,volleyball,Skill practice and gameplay,99,7,693,Gym,1,
2899,29,116,2026-04-09,rest,Full rest day,0,0,0,Track,1,
2900,29,116,2026-04-10,strength,Upper-body strength,73,8,584,Gym,1,
2901,30,117,2026-01-01,recovery,Mobility and low-intensity recovery,35,5,175,Home,1,
2902,30,117,2026-01-02,strength,Upper-body strength,56,7,392,Gym,1,
2903,30,117,2026-01-03,volleyball,Open gym or tournament,86,8,688,Track,1,
2904,30,117,2026-01-04,rest,Full rest day,0,0,0,Home,1,
2905,30,117,2026-01-05,rest,Full rest day,0,0,0,Court,1,
2906,30,117,2026-01-06,plyometric,Jump power and elasticity,62,9,558,Gym,1,
2907,30,117,2026-01-07,volleyball,Skill practice and gameplay,119,5,595,Gym,1,
2908,30,117,2026-01-08,recovery,Mobility and low-intensity recovery,53,3,159,Court,1,
2909,30,117,2026-01-09,strength,Upper-body strength,60,7,420,Court,1,
2910,30,117,2026-01-10,volleyball,Open gym or tournament,135,5,675,Track,1,
2911,30,117,2026-01-11,rest,Full rest day,0,0,0,Gym,1,
2912,30,117,2026-01-12,strength,Lower-body strength,72,9,648,Home,1,
2913,30,117,2026-01-13,plyometric,Jump power and elasticity,43,7,301,Gym,1,
2914,30,117,2026-01-14,volleyball,Skill practice and gameplay,137,6,822,Track,1,
2915,30,117,2026-01-15,recovery,Mobility and low-intensity recovery,47,1,47,Home,1,
2916,30,117,2026-01-16,strength,Upper-body strength,51,7,357,Home,1,
2917,30,117,2026-01-17,volleyball,Open gym or tournament,117,7,819,Home,1,
2918,30,117,2026-01-18,rest,Full rest day,0,0,0,Track,1,
2919,30,117,2026-01-19,rest,Full rest day,0,0,0,Gym,1,
2920,30,117,2026-01-20,plyometric,Jump power and elasticity,52,8,416,Home,1,
2921,30,117,2026-01-21,volleyball,Skill practice and gameplay,77,7,539,Court,1,
2922,30,117,2026-01-22,rest,Full rest day,0,0,0,Track,1,
2923,30,117,2026-01-23,strength,Upper-body strength,63,7,441,Home,1,
2924,30,117,2026-01-24,volleyball,Open gym or tournament,57,7,399,Track,1,
2925,30,117,2026-01-25,rest,Full rest day,0,0,0,Court,1,
2926,30,118,2026-01-26,strength,Lower-body strength,75,8,600,Home,1,
2927,30,118,2026-01-27,plyometric,Jump power and elasticity,37,8,296,Gym,1,
2928,30,118,2026-01-28,volleyball,Skill practice and gameplay,102,8,816,Track,1,
2929,30,118,2026-01-29,recovery,Mobility and low-intensity recovery,49,3,147,Home,1,
2930,30,118,2026-01-30,strength,Upper-body strength,56,5,280,Home,1,
2931,30,118,2026-01-31,rest,Full rest day,0,0,0,Track,1,
2932,30,118,2026-02-01,rest,Full rest day,0,0,0,Court,1,
2933,30,118,2026-02-02,strength,Lower-body strength,92,8,736,Track,1,
2934,30,118,2026-02-03,plyometric,Jump power and elasticity,43,7,301,Gym,1,
2935,30,118,2026-02-04,volleyball,Skill practice and gameplay,118,6,708,Court,1,
2936,30,118,2026-02-05,recovery,Mobility and low-intensity recovery,35,2,70,Gym,1,
2937,30,118,2026-02-06,strength,Upper-body strength,57,9,513,Gym,1,
2938,30,118,2026-02-07,volleyball,Open gym or tournament,60,6,360,Track,1,
2939,30,118,2026-02-08,rest,Full rest day,0,0,0,Home,1,
2940,30,118,2026-02-09,strength,Lower-body strength,52,6,312,Court,1,
2941,30,118,2026-02-10,plyometric,Jump power and elasticity,40,6,240,Gym,1,
2942,30,118,2026-02-11,volleyball,Skill practice and gameplay,100,8,800,Home,1,
2943,30,118,2026-02-12,recovery,Mobility and low-intensity recovery,34,3,102,Home,1,
2944,30,118,2026-02-13,strength,Upper-body strength,59,6,354,Home,1,
2945,30,118,2026-02-14,volleyball,Open gym or tournament,105,6,630,Court,1,
2946,30,118,2026-02-15,rest,Full rest day,0,0,0,Home,1,
2947,30,118,2026-02-16,strength,Lower-body strength,51,7,357,Track,1,
2948,30,118,2026-02-17,plyometric,Jump power and elasticity,44,8,352,Gym,1,
2949,30,118,2026-02-18,volleyball,Skill practice and gameplay,107,8,856,Home,1,
2950,30,118,2026-02-19,recovery,Mobility and low-intensity recovery,41,2,82,Gym,1,
2951,30,119,2026-02-20,strength,Upper-body strength,79,7,553,Court,1,
2952,30,119,2026-02-21,volleyball,Open gym or tournament,96,8,768,Gym,1,
2953,30,119,2026-02-22,rest,Full rest day,0,0,0,Home,1,
2954,30,119,2026-02-23,rest,Full rest day,0,0,0,Court,1,
2955,30,119,2026-02-24,plyometric,Jump power and elasticity,44,6,264,Court,1,
2956,30,119,2026-02-25,volleyball,Skill practice and gameplay,107,6,642,Court,1,
2957,30,119,2026-02-26,recovery,Mobility and low-intensity recovery,34,3,102,Court,1,
2958,30,119,2026-02-27,strength,Upper-body strength,61,7,427,Court,1,
2959,30,119,2026-02-28,volleyball,Open gym or tournament,85,7,595,Gym,1,
2960,30,119,2026-03-01,rest,Full rest day,0,0,0,Home,1,
2961,30,119,2026-03-02,strength,Lower-body strength,49,8,392,Gym,1,
2962,30,119,2026-03-03,plyometric,Jump power and elasticity,63,7,441,Home,1,
2963,30,119,2026-03-04,volleyball,Skill practice and gameplay,84,8,672,Court,1,
2964,30,119,2026-03-05,recovery,Mobility and low-intensity recovery,49,4,196,Court,1,
2965,30,119,2026-03-06,strength,Upper-body strength,69,6,414,Track,1,
2966,30,119,2026-03-07,volleyball,Open gym or tournament,85,7,595,Track,1,
2967,30,119,2026-03-08,rest,Full rest day,0,0,0,Gym,1,
2968,30,119,2026-03-09,strength,Lower-body strength,72,6,432,Gym,1,
2969,30,119,2026-03-10,plyometric,Jump power and elasticity,34,8,272,Home,1,
2970,30,119,2026-03-11,volleyball,Skill practice and gameplay,89,7,623,Home,1,
2971,30,119,2026-03-12,recovery,Mobility and low-intensity recovery,21,4,84,Track,1,
2972,30,119,2026-03-13,strength,Upper-body strength,62,8,496,Track,1,
2973,30,119,2026-03-14,volleyball,Open gym or tournament,79,6,474,Home,1,
2974,30,119,2026-03-15,rest,Full rest day,0,0,0,Gym,1,
2975,30,119,2026-03-16,strength,Lower-body strength,57,7,399,Home,1,
2976,30,120,2026-03-17,plyometric,Jump power and elasticity,44,6,264,Gym,1,
2977,30,120,2026-03-18,volleyball,Skill practice and gameplay,118,7,826,Home,1,
2978,30,120,2026-03-19,recovery,Mobility and low-intensity recovery,34,3,102,Court,1,
2979,30,120,2026-03-20,strength,Upper-body strength,56,6,336,Court,1,
2980,30,120,2026-03-21,volleyball,Open gym or tournament,92,7,644,Gym,1,
2981,30,120,2026-03-22,rest,Full rest day,0,0,0,Gym,1,
2982,30,120,2026-03-23,strength,Lower-body strength,87,6,522,Gym,1,
2983,30,120,2026-03-24,plyometric,Jump power and elasticity,47,7,329,Track,1,
2984,30,120,2026-03-25,volleyball,Skill practice and gameplay,121,7,847,Track,1,
2985,30,120,2026-03-26,recovery,Mobility and low-intensity recovery,39,3,117,Home,1,
2986,30,120,2026-03-27,strength,Upper-body strength,55,8,440,Track,1,
2987,30,120,2026-03-28,volleyball,Open gym or tournament,70,8,560,Home,1,
2988,30,120,2026-03-29,rest,Full rest day,0,0,0,Home,1,
2989,30,120,2026-03-30,strength,Lower-body strength,47,6,282,Home,1,
2990,30,120,2026-03-31,plyometric,Jump power and elasticity,37,7,259,Gym,1,
2991,30,120,2026-04-01,volleyball,Skill practice and gameplay,101,6,606,Court,1,
2992,30,120,2026-04-02,recovery,Mobility and low-intensity recovery,41,2,82,Track,1,
2993,30,120,2026-04-03,strength,Upper-body strength,63,5,315,Home,1,
2994,30,120,2026-04-04,rest,Full rest day,0,0,0,Court,1,
2995,30,120,2026-04-05,rest,Full rest day,0,0,0,Home,1,
2996,30,120,2026-04-06,strength,Lower-body strength,56,5,280,Gym,1,
2997,30,120,2026-04-07,rest,Full rest day,0,0,0,Home,1,
2998,30,120,2026-04-08,volleyball,Skill practice and gameplay,115,6,690,Track,1,
2999,30,120,2026-04-09,recovery,Mobility and low-intensity recovery,34,3,102,Court,1,
3000,30,120,2026-04-10,strength,Upper-body strength,74,8,592,Gym,1,
3001,31,121,2026-01-01,recovery,Mobility and low-intensity recovery,58,4,232,Home,1,
3002,31,121,2026-01-02,strength,Upper-body strength,70,8,560,Track,1,
3003,31,121,2026-01-03,volleyball,Open gym or tournament,74,7,518,Track,1,
3004,31,121,2026-01-04,rest,Full rest day,0,0,0,Gym,1,
3005,31,121,2026-01-05,strength,Lower-body strength,61,6,366,Track,1,
3006,31,121,2026-01-06,plyometric,Jump power and elasticity,55,7,385,Track,1,
3007,31,121,2026-01-07,volleyball,Skill practice and gameplay,55,7,385,Track,1,
3008,31,121,2026-01-08,recovery,Mobility and low-intensity recovery,28,3,84,Track,1,
3009,31,121,2026-01-09,strength,Upper-body strength,40,6,240,Home,1,
3010,31,121,2026-01-10,volleyball,Open gym or tournament,97,7,679,Gym,1,
3011,31,121,2026-01-11,rest,Full rest day,0,0,0,Court,1,
3012,31,121,2026-01-12,strength,Lower-body strength,97,6,582,Court,1,
3013,31,121,2026-01-13,plyometric,Jump power and elasticity,54,7,378,Track,1,
3014,31,121,2026-01-14,volleyball,Skill practice and gameplay,83,7,581,Home,1,
3015,31,121,2026-01-15,recovery,Mobility and low-intensity recovery,24,4,96,Track,1,
3016,31,121,2026-01-16,strength,Upper-body strength,72,6,432,Track,1,
3017,31,121,2026-01-17,volleyball,Open gym or tournament,82,10,820,Home,1,
3018,31,121,2026-01-18,rest,Full rest day,0,0,0,Gym,1,
3019,31,121,2026-01-19,strength,Lower-body strength,67,7,469,Court,1,
3020,31,121,2026-01-20,plyometric,Jump power and elasticity,28,9,252,Home,1,
3021,31,121,2026-01-21,volleyball,Skill practice and gameplay,87,9,783,Court,1,
3022,31,121,2026-01-22,recovery,Mobility and low-intensity recovery,27,2,54,Home,1,
3023,31,121,2026-01-23,rest,Full rest day,0,0,0,Home,1,
3024,31,121,2026-01-24,rest,Full rest day,0,0,0,Track,1,
3025,31,121,2026-01-25,rest,Full rest day,0,0,0,Gym,1,
3026,31,122,2026-01-26,strength,Lower-body strength,54,6,324,Court,1,
3027,31,122,2026-01-27,plyometric,Jump power and elasticity,48,8,384,Gym,1,
3028,31,122,2026-01-28,volleyball,Skill practice and gameplay,124,10,1240,Track,1,
3029,31,122,2026-01-29,recovery,Mobility and low-intensity recovery,35,4,140,Home,1,
3030,31,122,2026-01-30,rest,Full rest day,0,0,0,Court,1,
3031,31,122,2026-01-31,volleyball,Open gym or tournament,111,10,1110,Gym,1,
3032,31,122,2026-02-01,rest,Full rest day,0,0,0,Court,1,
3033,31,122,2026-02-02,strength,Lower-body strength,40,7,280,Court,1,
3034,31,122,2026-02-03,plyometric,Jump power and elasticity,42,9,378,Court,1,
3035,31,122,2026-02-04,volleyball,Skill practice and gameplay,101,4,404,Gym,1,
3036,31,122,2026-02-05,recovery,Mobility and low-intensity recovery,37,4,148,Court,1,
3037,31,122,2026-02-06,strength,Upper-body strength,58,7,406,Gym,1,
3038,31,122,2026-02-07,volleyball,Open gym or tournament,129,6,774,Home,1,
3039,31,122,2026-02-08,rest,Full rest day,0,0,0,Gym,1,
3040,31,122,2026-02-09,rest,Full rest day,0,0,0,Track,1,
3041,31,122,2026-02-10,plyometric,Jump power and elasticity,28,6,168,Court,1,
3042,31,122,2026-02-11,volleyball,Skill practice and gameplay,149,9,1341,Track,1,
3043,31,122,2026-02-12,recovery,Mobility and low-intensity recovery,51,4,204,Track,1,
3044,31,122,2026-02-13,strength,Upper-body strength,69,7,483,Home,1,
3045,31,122,2026-02-14,volleyball,Open gym or tournament,101,4,404,Home,1,
3046,31,122,2026-02-15,rest,Full rest day,0,0,0,Gym,1,
3047,31,122,2026-02-16,strength,Lower-body strength,62,5,310,Gym,1,
3048,31,122,2026-02-17,plyometric,Jump power and elasticity,50,8,400,Court,1,
3049,31,122,2026-02-18,volleyball,Skill practice and gameplay,101,9,909,Track,1,
3050,31,122,2026-02-19,recovery,Mobility and low-intensity recovery,41,2,82,Home,1,
3051,31,123,2026-02-20,strength,Upper-body strength,63,7,441,Home,1,
3052,31,123,2026-02-21,volleyball,Open gym or tournament,94,7,658,Court,1,
3053,31,123,2026-02-22,rest,Full rest day,0,0,0,Home,1,
3054,31,123,2026-02-23,strength,Lower-body strength,50,8,400,Track,1,
3055,31,123,2026-02-24,plyometric,Jump power and elasticity,39,7,273,Track,1,
3056,31,123,2026-02-25,volleyball,Skill practice and gameplay,120,8,960,Court,1,
3057,31,123,2026-02-26,recovery,Mobility and low-intensity recovery,36,5,180,Track,1,
3058,31,123,2026-02-27,strength,Upper-body strength,80,7,560,Gym,1,
3059,31,123,2026-02-28,volleyball,Open gym or tournament,138,7,966,Track,1,
3060,31,123,2026-03-01,rest,Full rest day,0,0,0,Gym,1,
3061,31,123,2026-03-02,strength,Lower-body strength,72,9,648,Home,1,
3062,31,123,2026-03-03,plyometric,Jump power and elasticity,46,7,322,Gym,1,
3063,31,123,2026-03-04,rest,Full rest day,0,0,0,Court,1,
3064,31,123,2026-03-05,recovery,Mobility and low-intensity recovery,26,2,52,Court,1,
3065,31,123,2026-03-06,strength,Upper-body strength,59,7,413,Court,1,
3066,31,123,2026-03-07,volleyball,Open gym or tournament,109,7,763,Court,1,
3067,31,123,2026-03-08,rest,Full rest day,0,0,0,Court,1,
3068,31,123,2026-03-09,strength,Lower-body strength,69,7,483,Track,1,
3069,31,123,2026-03-10,plyometric,Jump power and elasticity,56,7,392,Home,1,
3070,31,123,2026-03-11,volleyball,Skill practice and gameplay,93,7,651,Gym,1,
3071,31,123,2026-03-12,recovery,Mobility and low-intensity recovery,19,3,57,Gym,1,
3072,31,123,2026-03-13,rest,Full rest day,0,0,0,Home,1,
3073,31,123,2026-03-14,volleyball,Open gym or tournament,107,5,535,Court,1,
3074,31,123,2026-03-15,rest,Full rest day,0,0,0,Court,1,
3075,31,123,2026-03-16,strength,Lower-body strength,49,5,245,Gym,1,
3076,31,124,2026-03-17,plyometric,Jump power and elasticity,39,8,312,Court,1,
3077,31,124,2026-03-18,volleyball,Skill practice and gameplay,65,6,390,Track,1,
3078,31,124,2026-03-19,recovery,Mobility and low-intensity recovery,27,2,54,Track,1,
3079,31,124,2026-03-20,strength,Upper-body strength,75,7,525,Track,1,
3080,31,124,2026-03-21,volleyball,Open gym or tournament,137,8,1096,Home,1,
3081,31,124,2026-03-22,rest,Full rest day,0,0,0,Home,1,
3082,31,124,2026-03-23,strength,Lower-body strength,76,8,608,Track,1,
3083,31,124,2026-03-24,plyometric,Jump power and elasticity,39,7,273,Home,1,
3084,31,124,2026-03-25,volleyball,Skill practice and gameplay,100,7,700,Track,1,
3085,31,124,2026-03-26,recovery,Mobility and low-intensity recovery,45,2,90,Court,1,
3086,31,124,2026-03-27,strength,Upper-body strength,62,6,372,Home,1,
3087,31,124,2026-03-28,volleyball,Open gym or tournament,75,7,525,Track,1,
3088,31,124,2026-03-29,rest,Full rest day,0,0,0,Home,1,
3089,31,124,2026-03-30,strength,Lower-body strength,59,8,472,Gym,1,
3090,31,124,2026-03-31,plyometric,Jump power and elasticity,42,6,252,Gym,1,
3091,31,124,2026-04-01,volleyball,Skill practice and gameplay,110,8,880,Track,1,
3092,31,124,2026-04-02,recovery,Mobility and low-intensity recovery,31,3,93,Track,1,
3093,31,124,2026-04-03,strength,Upper-body strength,88,8,704,Track,1,
3094,31,124,2026-04-04,volleyball,Open gym or tournament,93,6,558,Gym,1,
3095,31,124,2026-04-05,rest,Full rest day,0,0,0,Home,1,
3096,31,124,2026-04-06,strength,Lower-body strength,78,8,624,Gym,1,
3097,31,124,2026-04-07,plyometric,Jump power and elasticity,32,7,224,Track,1,
3098,31,124,2026-04-08,volleyball,Skill practice and gameplay,94,8,752,Track,1,
3099,31,124,2026-04-09,recovery,Mobility and low-intensity recovery,30,3,90,Track,1,
3100,31,124,2026-04-10,strength,Upper-body strength,82,8,656,Track,1,
3101,32,125,2026-01-01,recovery,Mobility and low-intensity recovery,33,4,132,Track,1,
3102,32,125,2026-01-02,strength,Upper-body strength,61,6,366,Track,1,
3103,32,125,2026-01-03,volleyball,Open gym or tournament,103,8,824,Court,1,
3104,32,125,2026-01-04,rest,Full rest day,0,0,0,Court,1,
3105,32,125,2026-01-05,strength,Lower-body strength,77,7,539,Court,1,
3106,32,125,2026-01-06,plyometric,Jump power and elasticity,56,6,336,Gym,1,
3107,32,125,2026-01-07,volleyball,Skill practice and gameplay,114,7,798,Home,1,
3108,32,125,2026-01-08,rest,Full rest day,0,0,0,Track,1,
3109,32,125,2026-01-09,strength,Upper-body strength,83,6,498,Court,1,
3110,32,125,2026-01-10,volleyball,Open gym or tournament,90,6,540,Gym,1,
3111,32,125,2026-01-11,rest,Full rest day,0,0,0,Home,1,
3112,32,125,2026-01-12,strength,Lower-body strength,57,8,456,Track,1,
3113,32,125,2026-01-13,plyometric,Jump power and elasticity,28,7,196,Track,1,
3114,32,125,2026-01-14,volleyball,Skill practice and gameplay,114,6,684,Home,1,
3115,32,125,2026-01-15,recovery,Mobility and low-intensity recovery,53,3,159,Home,1,
3116,32,125,2026-01-16,strength,Upper-body strength,67,7,469,Home,1,
3117,32,125,2026-01-17,volleyball,Open gym or tournament,97,7,679,Gym,1,
3118,32,125,2026-01-18,rest,Full rest day,0,0,0,Court,1,
3119,32,125,2026-01-19,strength,Lower-body strength,56,8,448,Track,1,
3120,32,125,2026-01-20,rest,Full rest day,0,0,0,Court,1,
3121,32,125,2026-01-21,volleyball,Skill practice and gameplay,140,8,1120,Home,1,
3122,32,125,2026-01-22,recovery,Mobility and low-intensity recovery,36,1,36,Track,1,
3123,32,125,2026-01-23,strength,Upper-body strength,67,8,536,Track,1,
3124,32,125,2026-01-24,volleyball,Open gym or tournament,123,8,984,Court,1,
3125,32,125,2026-01-25,rest,Full rest day,0,0,0,Court,1,
3126,32,126,2026-01-26,strength,Lower-body strength,83,8,664,Track,1,
3127,32,126,2026-01-27,plyometric,Jump power and elasticity,33,6,198,Gym,1,
3128,32,126,2026-01-28,volleyball,Skill practice and gameplay,81,7,567,Home,1,
3129,32,126,2026-01-29,recovery,Mobility and low-intensity recovery,26,4,104,Court,1,
3130,32,126,2026-01-30,strength,Upper-body strength,55,6,330,Track,1,
3131,32,126,2026-01-31,volleyball,Open gym or tournament,101,7,707,Court,1,
3132,32,126,2026-02-01,rest,Full rest day,0,0,0,Track,1,
3133,32,126,2026-02-02,strength,Lower-body strength,65,6,390,Gym,1,
3134,32,126,2026-02-03,plyometric,Jump power and elasticity,35,7,245,Court,1,
3135,32,126,2026-02-04,volleyball,Skill practice and gameplay,129,6,774,Track,1,
3136,32,126,2026-02-05,recovery,Mobility and low-intensity recovery,27,2,54,Court,1,
3137,32,126,2026-02-06,strength,Upper-body strength,71,8,568,Track,1,
3138,32,126,2026-02-07,volleyball,Open gym or tournament,86,7,602,Home,1,
3139,32,126,2026-02-08,rest,Full rest day,0,0,0,Track,1,
3140,32,126,2026-02-09,strength,Lower-body strength,47,7,329,Track,1,
3141,32,126,2026-02-10,plyometric,Jump power and elasticity,52,8,416,Track,1,
3142,32,126,2026-02-11,volleyball,Skill practice and gameplay,66,7,462,Track,1,
3143,32,126,2026-02-12,rest,Full rest day,0,0,0,Home,1,
3144,32,126,2026-02-13,strength,Upper-body strength,69,8,552,Gym,1,
3145,32,126,2026-02-14,rest,Full rest day,0,0,0,Home,1,
3146,32,126,2026-02-15,rest,Full rest day,0,0,0,Gym,1,
3147,32,126,2026-02-16,strength,Lower-body strength,86,6,516,Gym,1,
3148,32,126,2026-02-17,plyometric,Jump power and elasticity,40,8,320,Home,1,
3149,32,126,2026-02-18,volleyball,Skill practice and gameplay,94,5,470,Court,1,
3150,32,126,2026-02-19,recovery,Mobility and low-intensity recovery,40,3,120,Gym,1,
3151,32,127,2026-02-20,strength,Upper-body strength,66,9,594,Home,1,
3152,32,127,2026-02-21,volleyball,Open gym or tournament,99,10,990,Track,1,
3153,32,127,2026-02-22,rest,Full rest day,0,0,0,Home,1,
3154,32,127,2026-02-23,strength,Lower-body strength,64,6,384,Gym,1,
3155,32,127,2026-02-24,plyometric,Jump power and elasticity,43,5,215,Court,1,
3156,32,127,2026-02-25,volleyball,Skill practice and gameplay,124,9,1116,Court,1,
3157,32,127,2026-02-26,recovery,Mobility and low-intensity recovery,40,5,200,Court,1,
3158,32,127,2026-02-27,strength,Upper-body strength,55,7,385,Track,1,
3159,32,127,2026-02-28,volleyball,Open gym or tournament,118,5,590,Home,1,
3160,32,127,2026-03-01,rest,Full rest day,0,0,0,Home,1,
3161,32,127,2026-03-02,strength,Lower-body strength,72,7,504,Court,1,
3162,32,127,2026-03-03,plyometric,Jump power and elasticity,49,7,343,Track,1,
3163,32,127,2026-03-04,volleyball,Skill practice and gameplay,69,8,552,Court,1,
3164,32,127,2026-03-05,recovery,Mobility and low-intensity recovery,25,2,50,Gym,1,
3165,32,127,2026-03-06,strength,Upper-body strength,61,7,427,Home,1,
3166,32,127,2026-03-07,volleyball,Open gym or tournament,136,6,816,Track,1,
3167,32,127,2026-03-08,rest,Full rest day,0,0,0,Court,1,
3168,32,127,2026-03-09,strength,Lower-body strength,67,7,469,Track,1,
3169,32,127,2026-03-10,plyometric,Jump power and elasticity,47,7,329,Gym,1,
3170,32,127,2026-03-11,volleyball,Skill practice and gameplay,87,8,696,Gym,1,
3171,32,127,2026-03-12,recovery,Mobility and low-intensity recovery,47,3,141,Home,1,
3172,32,127,2026-03-13,strength,Upper-body strength,80,7,560,Track,1,
3173,32,127,2026-03-14,volleyball,Open gym or tournament,86,8,688,Court,1,
3174,32,127,2026-03-15,rest,Full rest day,0,0,0,Court,1,
3175,32,127,2026-03-16,strength,Lower-body strength,40,5,200,Court,1,
3176,32,128,2026-03-17,plyometric,Jump power and elasticity,51,9,459,Home,1,
3177,32,128,2026-03-18,volleyball,Skill practice and gameplay,96,9,864,Gym,1,
3178,32,128,2026-03-19,recovery,Mobility and low-intensity recovery,29,4,116,Court,1,
3179,32,128,2026-03-20,strength,Upper-body strength,87,7,609,Home,1,
3180,32,128,2026-03-21,volleyball,Open gym or tournament,89,8,712,Home,1,
3181,32,128,2026-03-22,rest,Full rest day,0,0,0,Home,1,
3182,32,128,2026-03-23,strength,Lower-body strength,67,6,402,Home,1,
3183,32,128,2026-03-24,plyometric,Jump power and elasticity,45,7,315,Home,1,
3184,32,128,2026-03-25,volleyball,Skill practice and gameplay,118,7,826,Home,1,
3185,32,128,2026-03-26,recovery,Mobility and low-intensity recovery,45,3,135,Gym,1,
3186,32,128,2026-03-27,strength,Upper-body strength,64,7,448,Gym,1,
3187,32,128,2026-03-28,volleyball,Open gym or tournament,76,7,532,Court,1,
3188,32,128,2026-03-29,rest,Full rest day,0,0,0,Track,1,
3189,32,128,2026-03-30,strength,Lower-body strength,69,7,483,Gym,1,
3190,32,128,2026-03-31,plyometric,Jump power and elasticity,26,6,156,Track,1,
3191,32,128,2026-04-01,volleyball,Skill practice and gameplay,139,9,1251,Court,1,
3192,32,128,2026-04-02,rest,Full rest day,0,0,0,Gym,1,
3193,32,128,2026-04-03,strength,Upper-body strength,57,9,513,Gym,1,
3194,32,128,2026-04-04,volleyball,Open gym or tournament,141,6,846,Court,1,
3195,32,128,2026-04-05,rest,Full rest day,0,0,0,Court,1,
3196,32,128,2026-04-06,strength,Lower-body strength,58,7,406,Track,1,
3197,32,128,2026-04-07,plyometric,Jump power and elasticity,49,6,294,Track,1,
3198,32,128,2026-04-08,volleyball,Skill practice and gameplay,75,8,600,Court,1,
3199,32,128,2026-04-09,recovery,Mobility and low-intensity recovery,25,3,75,Gym,1,
3200,32,128,2026-04-10,rest,Full rest day,0,0,0,Home,1,
3201,33,129,2026-01-01,recovery,Mobility and low-intensity recovery,27,4,108,Track,1,
3202,33,129,2026-01-02,strength,Upper-body strength,81,8,648,Court,1,
3203,33,129,2026-01-03,volleyball,Open gym or tournament,73,7,511,Gym,1,
3204,33,129,2026-01-04,rest,Full rest day,0,0,0,Gym,1,
3205,33,129,2026-01-05,strength,Lower-body strength,83,8,664,Track,1,
3206,33,129,2026-01-06,plyometric,Jump power and elasticity,28,8,224,Track,1,
3207,33,129,2026-01-07,volleyball,Skill practice and gameplay,107,7,749,Home,1,
3208,33,129,2026-01-08,recovery,Mobility and low-intensity recovery,40,3,120,Track,1,
3209,33,129,2026-01-09,strength,Upper-body strength,77,6,462,Home,1,
3210,33,129,2026-01-10,volleyball,Open gym or tournament,97,8,776,Court,1,
3211,33,129,2026-01-11,rest,Full rest day,0,0,0,Track,1,
3212,33,129,2026-01-12,strength,Lower-body strength,73,6,438,Home,1,
3213,33,129,2026-01-13,plyometric,Jump power and elasticity,48,8,384,Track,1,
3214,33,129,2026-01-14,volleyball,Skill practice and gameplay,77,8,616,Court,1,
3215,33,129,2026-01-15,recovery,Mobility and low-intensity recovery,46,3,138,Court,1,
3216,33,129,2026-01-16,strength,Upper-body strength,67,8,536,Home,1,
3217,33,129,2026-01-17,volleyball,Open gym or tournament,95,4,380,Gym,1,
3218,33,129,2026-01-18,rest,Full rest day,0,0,0,Court,1,
3219,33,129,2026-01-19,strength,Lower-body strength,53,6,318,Court,1,
3220,33,129,2026-01-20,plyometric,Jump power and elasticity,39,7,273,Court,1,
3221,33,129,2026-01-21,volleyball,Skill practice and gameplay,74,10,740,Court,1,
3222,33,129,2026-01-22,recovery,Mobility and low-intensity recovery,33,2,66,Gym,1,
3223,33,129,2026-01-23,strength,Upper-body strength,72,8,576,Court,1,
3224,33,129,2026-01-24,volleyball,Open gym or tournament,126,7,882,Gym,1,
3225,33,129,2026-01-25,rest,Full rest day,0,0,0,Track,1,
3226,33,130,2026-01-26,strength,Lower-body strength,72,7,504,Gym,1,
3227,33,130,2026-01-27,plyometric,Jump power and elasticity,30,7,210,Home,1,
3228,33,130,2026-01-28,volleyball,Skill practice and gameplay,117,6,702,Track,1,
3229,33,130,2026-01-29,recovery,Mobility and low-intensity recovery,24,2,48,Gym,1,
3230,33,130,2026-01-30,strength,Upper-body strength,67,8,536,Gym,1,
3231,33,130,2026-01-31,volleyball,Open gym or tournament,86,5,430,Gym,1,
3232,33,130,2026-02-01,rest,Full rest day,0,0,0,Gym,1,
3233,33,130,2026-02-02,strength,Lower-body strength,50,7,350,Gym,1,
3234,33,130,2026-02-03,plyometric,Jump power and elasticity,26,7,182,Gym,1,
3235,33,130,2026-02-04,volleyball,Skill practice and gameplay,88,5,440,Home,1,
3236,33,130,2026-02-05,recovery,Mobility and low-intensity recovery,36,2,72,Home,1,
3237,33,130,2026-02-06,strength,Upper-body strength,70,6,420,Home,1,
3238,33,130,2026-02-07,volleyball,Open gym or tournament,123,7,861,Gym,1,
3239,33,130,2026-02-08,rest,Full rest day,0,0,0,Track,1,
3240,33,130,2026-02-09,strength,Lower-body strength,59,9,531,Home,1,
3241,33,130,2026-02-10,plyometric,Jump power and elasticity,54,8,432,Court,1,
3242,33,130,2026-02-11,volleyball,Skill practice and gameplay,107,7,749,Court,1,
3243,33,130,2026-02-12,recovery,Mobility and low-intensity recovery,35,4,140,Gym,1,
3244,33,130,2026-02-13,strength,Upper-body strength,54,7,378,Track,1,
3245,33,130,2026-02-14,volleyball,Open gym or tournament,150,5,750,Home,1,
3246,33,130,2026-02-15,rest,Full rest day,0,0,0,Gym,1,
3247,33,130,2026-02-16,strength,Lower-body strength,71,9,639,Track,1,
3248,33,130,2026-02-17,plyometric,Jump power and elasticity,49,7,343,Court,1,
3249,33,130,2026-02-18,volleyball,Skill practice and gameplay,79,6,474,Home,1,
3250,33,130,2026-02-19,recovery,Mobility and low-intensity recovery,49,5,245,Gym,1,
3251,33,131,2026-02-20,strength,Upper-body strength,80,8,640,Gym,1,
3252,33,131,2026-02-21,volleyball,Open gym or tournament,117,7,819,Track,1,
3253,33,131,2026-02-22,rest,Full rest day,0,0,0,Gym,1,
3254,33,131,2026-02-23,rest,Full rest day,0,0,0,Gym,1,
3255,33,131,2026-02-24,plyometric,Jump power and elasticity,50,8,400,Home,1,
3256,33,131,2026-02-25,volleyball,Skill practice and gameplay,143,7,1001,Court,1,
3257,33,131,2026-02-26,recovery,Mobility and low-intensity recovery,35,2,70,Court,1,
3258,33,131,2026-02-27,strength,Upper-body strength,77,8,616,Track,1,
3259,33,131,2026-02-28,volleyball,Open gym or tournament,103,9,927,Court,1,
3260,33,131,2026-03-01,rest,Full rest day,0,0,0,Track,1,
3261,33,131,2026-03-02,strength,Lower-body strength,66,7,462,Home,1,
3262,33,131,2026-03-03,plyometric,Jump power and elasticity,59,6,354,Track,1,
3263,33,131,2026-03-04,volleyball,Skill practice and gameplay,118,6,708,Court,1,
3264,33,131,2026-03-05,recovery,Mobility and low-intensity recovery,24,3,72,Gym,1,
3265,33,131,2026-03-06,strength,Upper-body strength,67,7,469,Home,1,
3266,33,131,2026-03-07,volleyball,Open gym or tournament,97,9,873,Court,1,
3267,33,131,2026-03-08,rest,Full rest day,0,0,0,Home,1,
3268,33,131,2026-03-09,rest,Full rest day,0,0,0,Track,1,
3269,33,131,2026-03-10,rest,Full rest day,0,0,0,Court,1,
3270,33,131,2026-03-11,volleyball,Skill practice and gameplay,148,8,1184,Gym,1,
3271,33,131,2026-03-12,recovery,Mobility and low-intensity recovery,32,3,96,Gym,1,
3272,33,131,2026-03-13,strength,Upper-body strength,82,6,492,Gym,1,
3273,33,131,2026-03-14,rest,Full rest day,0,0,0,Gym,1,
3274,33,131,2026-03-15,rest,Full rest day,0,0,0,Home,1,
3275,33,131,2026-03-16,strength,Lower-body strength,56,8,448,Court,1,
3276,33,132,2026-03-17,plyometric,Jump power and elasticity,41,8,328,Gym,1,
3277,33,132,2026-03-18,rest,Full rest day,0,0,0,Gym,1,
3278,33,132,2026-03-19,recovery,Mobility and low-intensity recovery,24,3,72,Gym,1,
3279,33,132,2026-03-20,strength,Upper-body strength,67,8,536,Track,1,
3280,33,132,2026-03-21,volleyball,Open gym or tournament,101,6,606,Court,1,
3281,33,132,2026-03-22,rest,Full rest day,0,0,0,Home,1,
3282,33,132,2026-03-23,strength,Lower-body strength,52,8,416,Track,1,
3283,33,132,2026-03-24,plyometric,Jump power and elasticity,45,5,225,Track,1,
3284,33,132,2026-03-25,volleyball,Skill practice and gameplay,117,6,702,Home,1,
3285,33,132,2026-03-26,recovery,Mobility and low-intensity recovery,41,4,164,Gym,1,
3286,33,132,2026-03-27,strength,Upper-body strength,65,8,520,Gym,1,
3287,33,132,2026-03-28,volleyball,Open gym or tournament,120,6,720,Court,1,
3288,33,132,2026-03-29,rest,Full rest day,0,0,0,Gym,1,
3289,33,132,2026-03-30,rest,Full rest day,0,0,0,Track,1,
3290,33,132,2026-03-31,plyometric,Jump power and elasticity,62,8,496,Track,1,
3291,33,132,2026-04-01,volleyball,Skill practice and gameplay,97,7,679,Track,1,
3292,33,132,2026-04-02,recovery,Mobility and low-intensity recovery,25,3,75,Home,1,
3293,33,132,2026-04-03,strength,Upper-body strength,53,6,318,Gym,1,
3294,33,132,2026-04-04,volleyball,Open gym or tournament,69,7,483,Gym,1,
3295,33,132,2026-04-05,rest,Full rest day,0,0,0,Gym,1,
3296,33,132,2026-04-06,strength,Lower-body strength,68,6,408,Gym,1,
3297,33,132,2026-04-07,plyometric,Jump power and elasticity,37,7,259,Court,1,
3298,33,132,2026-04-08,volleyball,Skill practice and gameplay,117,7,819,Court,1,
3299,33,132,2026-04-09,recovery,Mobility and low-intensity recovery,44,4,176,Track,1,
3300,33,132,2026-04-10,strength,Upper-body strength,62,6,372,Track,1,
3301,34,133,2026-01-01,recovery,Mobility and low-intensity recovery,42,3,126,Home,1,
3302,34,133,2026-01-02,strength,Upper-body strength,70,6,420,Track,1,
3303,34,133,2026-01-03,volleyball,Open gym or tournament,104,8,832,Gym,1,
3304,34,133,2026-01-04,rest,Full rest day,0,0,0,Track,1,
3305,34,133,2026-01-05,strength,Lower-body strength,75,6,450,Track,1,
3306,34,133,2026-01-06,plyometric,Jump power and elasticity,34,8,272,Court,1,
3307,34,133,2026-01-07,volleyball,Skill practice and gameplay,102,9,918,Gym,1,
3308,34,133,2026-01-08,recovery,Mobility and low-intensity recovery,44,4,176,Home,1,
3309,34,133,2026-01-09,strength,Upper-body strength,72,6,432,Home,1,
3310,34,133,2026-01-10,volleyball,Open gym or tournament,141,8,1128,Home,1,
3311,34,133,2026-01-11,rest,Full rest day,0,0,0,Track,1,
3312,34,133,2026-01-12,strength,Lower-body strength,55,6,330,Home,1,
3313,34,133,2026-01-13,plyometric,Jump power and elasticity,68,6,408,Home,1,
3314,34,133,2026-01-14,volleyball,Skill practice and gameplay,114,8,912,Home,1,
3315,34,133,2026-01-15,recovery,Mobility and low-intensity recovery,39,4,156,Court,1,
3316,34,133,2026-01-16,strength,Upper-body strength,55,8,440,Gym,1,
3317,34,133,2026-01-17,volleyball,Open gym or tournament,88,6,528,Court,1,
3318,34,133,2026-01-18,rest,Full rest day,0,0,0,Gym,1,
3319,34,133,2026-01-19,strength,Lower-body strength,80,7,560,Court,1,
3320,34,133,2026-01-20,plyometric,Jump power and elasticity,54,7,378,Gym,1,
3321,34,133,2026-01-21,volleyball,Skill practice and gameplay,103,7,721,Home,1,
3322,34,133,2026-01-22,rest,Full rest day,0,0,0,Home,1,
3323,34,133,2026-01-23,strength,Upper-body strength,70,7,490,Home,1,
3324,34,133,2026-01-24,volleyball,Open gym or tournament,111,8,888,Court,1,
3325,34,133,2026-01-25,rest,Full rest day,0,0,0,Home,1,
3326,34,134,2026-01-26,strength,Lower-body strength,60,6,360,Track,1,
3327,34,134,2026-01-27,plyometric,Jump power and elasticity,43,6,258,Gym,1,
3328,34,134,2026-01-28,volleyball,Skill practice and gameplay,138,6,828,Court,1,
3329,34,134,2026-01-29,recovery,Mobility and low-intensity recovery,41,3,123,Home,1,
3330,34,134,2026-01-30,strength,Upper-body strength,69,8,552,Home,1,
3331,34,134,2026-01-31,volleyball,Open gym or tournament,70,7,490,Gym,1,
3332,34,134,2026-02-01,rest,Full rest day,0,0,0,Home,1,
3333,34,134,2026-02-02,strength,Lower-body strength,67,6,402,Home,1,
3334,34,134,2026-02-03,plyometric,Jump power and elasticity,61,8,488,Gym,1,
3335,34,134,2026-02-04,rest,Full rest day,0,0,0,Gym,1,
3336,34,134,2026-02-05,recovery,Mobility and low-intensity recovery,36,3,108,Track,1,
3337,34,134,2026-02-06,strength,Upper-body strength,70,5,350,Track,1,
3338,34,134,2026-02-07,volleyball,Open gym or tournament,99,7,693,Gym,1,
3339,34,134,2026-02-08,rest,Full rest day,0,0,0,Court,1,
3340,34,134,2026-02-09,strength,Lower-body strength,69,7,483,Track,1,
3341,34,134,2026-02-10,plyometric,Jump power and elasticity,30,7,210,Gym,1,
3342,34,134,2026-02-11,volleyball,Skill practice and gameplay,115,4,460,Home,1,
3343,34,134,2026-02-12,rest,Full rest day,0,0,0,Court,1,
3344,34,134,2026-02-13,rest,Full rest day,0,0,0,Home,1,
3345,34,134,2026-02-14,volleyball,Open gym or tournament,86,6,516,Track,1,
3346,34,134,2026-02-15,rest,Full rest day,0,0,0,Home,1,
3347,34,134,2026-02-16,strength,Lower-body strength,71,7,497,Court,1,
3348,34,134,2026-02-17,plyometric,Jump power and elasticity,30,8,240,Gym,1,
3349,34,134,2026-02-18,volleyball,Skill practice and gameplay,111,7,777,Gym,1,
3350,34,134,2026-02-19,rest,Full rest day,0,0,0,Court,1,
3351,34,135,2026-02-20,strength,Upper-body strength,55,6,330,Home,1,
3352,34,135,2026-02-21,volleyball,Open gym or tournament,132,6,792,Home,1,
3353,34,135,2026-02-22,rest,Full rest day,0,0,0,Court,1,
3354,34,135,2026-02-23,strength,Lower-body strength,86,6,516,Gym,1,
3355,34,135,2026-02-24,plyometric,Jump power and elasticity,46,7,322,Home,1,
3356,34,135,2026-02-25,volleyball,Skill practice and gameplay,104,6,624,Track,1,
3357,34,135,2026-02-26,rest,Full rest day,0,0,0,Court,1,
3358,34,135,2026-02-27,strength,Upper-body strength,64,7,448,Track,1,
3359,34,135,2026-02-28,volleyball,Open gym or tournament,59,8,472,Track,1,
3360,34,135,2026-03-01,rest,Full rest day,0,0,0,Gym,1,
3361,34,135,2026-03-02,strength,Lower-body strength,76,6,456,Court,1,
3362,34,135,2026-03-03,plyometric,Jump power and elasticity,56,7,392,Home,1,
3363,34,135,2026-03-04,volleyball,Skill practice and gameplay,97,7,679,Home,1,
3364,34,135,2026-03-05,recovery,Mobility and low-intensity recovery,40,3,120,Court,1,
3365,34,135,2026-03-06,strength,Upper-body strength,77,9,693,Gym,1,
3366,34,135,2026-03-07,volleyball,Open gym or tournament,73,6,438,Home,1,
3367,34,135,2026-03-08,rest,Full rest day,0,0,0,Home,1,
3368,34,135,2026-03-09,strength,Lower-body strength,89,9,801,Home,1,
3369,34,135,2026-03-10,plyometric,Jump power and elasticity,53,7,371,Gym,1,
3370,34,135,2026-03-11,volleyball,Skill practice and gameplay,91,7,637,Home,1,
3371,34,135,2026-03-12,recovery,Mobility and low-intensity recovery,36,4,144,Home,1,
3372,34,135,2026-03-13,strength,Upper-body strength,60,7,420,Track,1,
3373,34,135,2026-03-14,volleyball,Open gym or tournament,169,7,1183,Gym,1,
3374,34,135,2026-03-15,rest,Full rest day,0,0,0,Home,1,
3375,34,135,2026-03-16,rest,Full rest day,0,0,0,Gym,1,
3376,34,136,2026-03-17,rest,Full rest day,0,0,0,Gym,1,
3377,34,136,2026-03-18,volleyball,Skill practice and gameplay,75,7,525,Home,1,
3378,34,136,2026-03-19,recovery,Mobility and low-intensity recovery,52,3,156,Home,1,
3379,34,136,2026-03-20,strength,Upper-body strength,88,6,528,Gym,1,
3380,34,136,2026-03-21,volleyball,Open gym or tournament,120,6,720,Gym,1,
3381,34,136,2026-03-22,rest,Full rest day,0,0,0,Gym,1,
3382,34,136,2026-03-23,strength,Lower-body strength,46,7,322,Track,1,
3383,34,136,2026-03-24,plyometric,Jump power and elasticity,31,8,248,Court,1,
3384,34,136,2026-03-25,volleyball,Skill practice and gameplay,92,7,644,Home,1,
3385,34,136,2026-03-26,rest,Full rest day,0,0,0,Track,1,
3386,34,136,2026-03-27,strength,Upper-body strength,53,7,371,Track,1,
3387,34,136,2026-03-28,volleyball,Open gym or tournament,165,7,1155,Gym,1,
3388,34,136,2026-03-29,rest,Full rest day,0,0,0,Court,1,
3389,34,136,2026-03-30,strength,Lower-body strength,58,7,406,Home,1,
3390,34,136,2026-03-31,plyometric,Jump power and elasticity,53,7,371,Track,1,
3391,34,136,2026-04-01,volleyball,Skill practice and gameplay,117,8,936,Home,1,
3392,34,136,2026-04-02,recovery,Mobility and low-intensity recovery,41,2,82,Track,1,
3393,34,136,2026-04-03,strength,Upper-body strength,73,7,511,Home,1,
3394,34,136,2026-04-04,volleyball,Open gym or tournament,88,6,528,Gym,1,
3395,34,136,2026-04-05,rest,Full rest day,0,0,0,Gym,1,
3396,34,136,2026-04-06,strength,Lower-body strength,41,6,246,Court,1,
3397,34,136,2026-04-07,plyometric,Jump power and elasticity,52,7,364,Gym,1,
3398,34,136,2026-04-08,volleyball,Skill practice and gameplay,121,8,968,Track,1,
3399,34,136,2026-04-09,recovery,Mobility and low-intensity recovery,40,2,80,Track,1,
3400,34,136,2026-04-10,rest,Full rest day,0,0,0,Track,1,
3401,35,137,2026-01-01,recovery,Mobility and low-intensity recovery,33,4,132,Track,1,
3402,35,137,2026-01-02,strength,Upper-body strength,72,9,648,Gym,1,
3403,35,137,2026-01-03,volleyball,Open gym or tournament,94,7,658,Gym,1,
3404,35,137,2026-01-04,rest,Full rest day,0,0,0,Court,1,
3405,35,137,2026-01-05,strength,Lower-body strength,76,6,456,Home,1,
3406,35,137,2026-01-06,plyometric,Jump power and elasticity,27,6,162,Court,1,
3407,35,137,2026-01-07,rest,Full rest day,0,0,0,Home,1,
3408,35,137,2026-01-08,recovery,Mobility and low-intensity recovery,39,5,195,Gym,1,
3409,35,137,2026-01-09,strength,Upper-body strength,65,6,390,Track,1,
3410,35,137,2026-01-10,volleyball,Open gym or tournament,74,7,518,Court,1,
3411,35,137,2026-01-11,rest,Full rest day,0,0,0,Court,1,
3412,35,137,2026-01-12,strength,Lower-body strength,63,7,441,Gym,1,
3413,35,137,2026-01-13,plyometric,Jump power and elasticity,31,6,186,Home,1,
3414,35,137,2026-01-14,volleyball,Skill practice and gameplay,90,8,720,Court,1,
3415,35,137,2026-01-15,recovery,Mobility and low-intensity recovery,39,3,117,Home,1,
3416,35,137,2026-01-16,strength,Upper-body strength,64,7,448,Court,1,
3417,35,137,2026-01-17,volleyball,Open gym or tournament,22,6,132,Track,1,
3418,35,137,2026-01-18,rest,Full rest day,0,0,0,Gym,1,
3419,35,137,2026-01-19,strength,Lower-body strength,52,7,364,Home,1,
3420,35,137,2026-01-20,plyometric,Jump power and elasticity,33,6,198,Gym,1,
3421,35,137,2026-01-21,volleyball,Skill practice and gameplay,108,7,756,Gym,1,
3422,35,137,2026-01-22,recovery,Mobility and low-intensity recovery,15,3,45,Home,1,
3423,35,137,2026-01-23,strength,Upper-body strength,75,7,525,Home,1,
3424,35,137,2026-01-24,volleyball,Open gym or tournament,122,8,976,Court,1,
3425,35,137,2026-01-25,rest,Full rest day,0,0,0,Home,1,
3426,35,138,2026-01-26,strength,Lower-body strength,52,6,312,Gym,1,
3427,35,138,2026-01-27,plyometric,Jump power and elasticity,43,6,258,Gym,1,
3428,35,138,2026-01-28,volleyball,Skill practice and gameplay,108,7,756,Home,1,
3429,35,138,2026-01-29,recovery,Mobility and low-intensity recovery,47,2,94,Home,1,
3430,35,138,2026-01-30,rest,Full rest day,0,0,0,Court,1,
3431,35,138,2026-01-31,volleyball,Open gym or tournament,87,9,783,Court,1,
3432,35,138,2026-02-01,rest,Full rest day,0,0,0,Court,1,
3433,35,138,2026-02-02,strength,Lower-body strength,83,7,581,Gym,1,
3434,35,138,2026-02-03,plyometric,Jump power and elasticity,51,7,357,Home,1,
3435,35,138,2026-02-04,volleyball,Skill practice and gameplay,88,7,616,Track,1,
3436,35,138,2026-02-05,recovery,Mobility and low-intensity recovery,21,4,84,Home,1,
3437,35,138,2026-02-06,strength,Upper-body strength,52,6,312,Home,1,
3438,35,138,2026-02-07,volleyball,Open gym or tournament,72,9,648,Court,1,
3439,35,138,2026-02-08,rest,Full rest day,0,0,0,Track,1,
3440,35,138,2026-02-09,strength,Lower-body strength,74,8,592,Home,1,
3441,35,138,2026-02-10,rest,Full rest day,0,0,0,Track,1,
3442,35,138,2026-02-11,volleyball,Skill practice and gameplay,89,7,623,Track,1,
3443,35,138,2026-02-12,recovery,Mobility and low-intensity recovery,25,2,50,Home,1,
3444,35,138,2026-02-13,strength,Upper-body strength,70,7,490,Court,1,
3445,35,138,2026-02-14,volleyball,Open gym or tournament,78,5,390,Court,1,
3446,35,138,2026-02-15,rest,Full rest day,0,0,0,Home,1,
3447,35,138,2026-02-16,strength,Lower-body strength,46,7,322,Track,1,
3448,35,138,2026-02-17,plyometric,Jump power and elasticity,40,6,240,Track,1,
3449,35,138,2026-02-18,volleyball,Skill practice and gameplay,103,6,618,Court,1,
3450,35,138,2026-02-19,recovery,Mobility and low-intensity recovery,40,4,160,Court,1,
3451,35,139,2026-02-20,strength,Upper-body strength,53,6,318,Court,1,
3452,35,139,2026-02-21,volleyball,Open gym or tournament,138,6,828,Track,1,
3453,35,139,2026-02-22,rest,Full rest day,0,0,0,Track,1,
3454,35,139,2026-02-23,strength,Lower-body strength,44,7,308,Court,1,
3455,35,139,2026-02-24,plyometric,Jump power and elasticity,42,7,294,Court,1,
3456,35,139,2026-02-25,volleyball,Skill practice and gameplay,79,7,553,Track,1,
3457,35,139,2026-02-26,recovery,Mobility and low-intensity recovery,26,4,104,Gym,1,
3458,35,139,2026-02-27,rest,Full rest day,0,0,0,Track,1,
3459,35,139,2026-02-28,volleyball,Open gym or tournament,57,7,399,Home,1,
3460,35,139,2026-03-01,rest,Full rest day,0,0,0,Home,1,
3461,35,139,2026-03-02,strength,Lower-body strength,48,8,384,Track,1,
3462,35,139,2026-03-03,plyometric,Jump power and elasticity,45,7,315,Home,1,
3463,35,139,2026-03-04,volleyball,Skill practice and gameplay,122,6,732,Gym,1,
3464,35,139,2026-03-05,recovery,Mobility and low-intensity recovery,27,4,108,Gym,1,
3465,35,139,2026-03-06,strength,Upper-body strength,62,7,434,Gym,1,
3466,35,139,2026-03-07,volleyball,Open gym or tournament,87,6,522,Home,1,
3467,35,139,2026-03-08,rest,Full rest day,0,0,0,Court,1,
3468,35,139,2026-03-09,strength,Lower-body strength,64,6,384,Gym,1,
3469,35,139,2026-03-10,plyometric,Jump power and elasticity,48,8,384,Gym,1,
3470,35,139,2026-03-11,volleyball,Skill practice and gameplay,112,7,784,Court,1,
3471,35,139,2026-03-12,recovery,Mobility and low-intensity recovery,26,2,52,Track,1,
3472,35,139,2026-03-13,strength,Upper-body strength,50,5,250,Court,1,
3473,35,139,2026-03-14,volleyball,Open gym or tournament,95,7,665,Track,1,
3474,35,139,2026-03-15,rest,Full rest day,0,0,0,Track,1,
3475,35,139,2026-03-16,strength,Lower-body strength,65,8,520,Court,1,
3476,35,140,2026-03-17,plyometric,Jump power and elasticity,46,6,276,Gym,1,
3477,35,140,2026-03-18,volleyball,Skill practice and gameplay,119,6,714,Track,1,
3478,35,140,2026-03-19,recovery,Mobility and low-intensity recovery,25,3,75,Court,1,
3479,35,140,2026-03-20,strength,Upper-body strength,68,8,544,Gym,1,
3480,35,140,2026-03-21,rest,Full rest day,0,0,0,Track,1,
3481,35,140,2026-03-22,rest,Full rest day,0,0,0,Home,1,
3482,35,140,2026-03-23,strength,Lower-body strength,35,9,315,Gym,1,
3483,35,140,2026-03-24,plyometric,Jump power and elasticity,46,8,368,Court,1,
3484,35,140,2026-03-25,volleyball,Skill practice and gameplay,98,8,784,Home,1,
3485,35,140,2026-03-26,recovery,Mobility and low-intensity recovery,35,3,105,Court,1,
3486,35,140,2026-03-27,strength,Upper-body strength,60,5,300,Track,1,
3487,35,140,2026-03-28,volleyball,Open gym or tournament,55,8,440,Gym,1,
3488,35,140,2026-03-29,rest,Full rest day,0,0,0,Home,1,
3489,35,140,2026-03-30,strength,Lower-body strength,56,7,392,Home,1,
3490,35,140,2026-03-31,plyometric,Jump power and elasticity,45,8,360,Home,1,
3491,35,140,2026-04-01,volleyball,Skill practice and gameplay,91,7,637,Track,1,
3492,35,140,2026-04-02,recovery,Mobility and low-intensity recovery,32,4,128,Gym,1,
3493,35,140,2026-04-03,rest,Full rest day,0,0,0,Gym,1,
3494,35,140,2026-04-04,volleyball,Open gym or tournament,178,5,890,Track,1,
3495,35,140,2026-04-05,rest,Full rest day,0,0,0,Court,1,
3496,35,140,2026-04-06,strength,Lower-body strength,72,6,432,Home,1,
3497,35,140,2026-04-07,plyometric,Jump power and elasticity,43,6,258,Court,1,
3498,35,140,2026-04-08,volleyball,Skill practice and gameplay,111,7,777,Track,1,
3499,35,140,2026-04-09,recovery,Mobility and low-intensity recovery,35,3,105,Court,1,
3500,35,140,2026-04-10,strength,Upper-body strength,77,6,462,Court,1,
3501,36,141,2026-01-01,recovery,Mobility and low-intensity recovery,38,2,76,Track,1,
3502,36,141,2026-01-02,strength,Upper-body strength,59,7,413,Home,1,
3503,36,141,2026-01-03,volleyball,Open gym or tournament,137,8,1096,Court,1,
3504,36,141,2026-01-04,rest,Full rest day,0,0,0,Gym,1,
3505,36,141,2026-01-05,rest,Full rest day,0,0,0,Court,1,
3506,36,141,2026-01-06,plyometric,Jump power and elasticity,35,6,210,Court,1,
3507,36,141,2026-01-07,volleyball,Skill practice and gameplay,108,8,864,Gym,1,
3508,36,141,2026-01-08,recovery,Mobility and low-intensity recovery,42,4,168,Home,1,
3509,36,141,2026-01-09,strength,Upper-body strength,83,7,581,Gym,1,
3510,36,141,2026-01-10,volleyball,Open gym or tournament,131,7,917,Home,1,
3511,36,141,2026-01-11,rest,Full rest day,0,0,0,Track,1,
3512,36,141,2026-01-12,strength,Lower-body strength,52,7,364,Track,1,
3513,36,141,2026-01-13,plyometric,Jump power and elasticity,38,7,266,Court,1,
3514,36,141,2026-01-14,volleyball,Skill practice and gameplay,94,8,752,Court,1,
3515,36,141,2026-01-15,recovery,Mobility and low-intensity recovery,40,3,120,Track,1,
3516,36,141,2026-01-16,strength,Upper-body strength,67,8,536,Gym,1,
3517,36,141,2026-01-17,volleyball,Open gym or tournament,75,7,525,Track,1,
3518,36,141,2026-01-18,rest,Full rest day,0,0,0,Home,1,
3519,36,141,2026-01-19,strength,Lower-body strength,75,7,525,Court,1,
3520,36,141,2026-01-20,plyometric,Jump power and elasticity,40,8,320,Gym,1,
3521,36,141,2026-01-21,volleyball,Skill practice and gameplay,79,9,711,Court,1,
3522,36,141,2026-01-22,recovery,Mobility and low-intensity recovery,33,2,66,Track,1,
3523,36,141,2026-01-23,strength,Upper-body strength,60,8,480,Gym,1,
3524,36,141,2026-01-24,volleyball,Open gym or tournament,75,5,375,Track,1,
3525,36,141,2026-01-25,rest,Full rest day,0,0,0,Home,1,
3526,36,142,2026-01-26,strength,Lower-body strength,73,7,511,Track,1,
3527,36,142,2026-01-27,plyometric,Jump power and elasticity,44,5,220,Gym,1,
3528,36,142,2026-01-28,volleyball,Skill practice and gameplay,73,7,511,Track,1,
3529,36,142,2026-01-29,recovery,Mobility and low-intensity recovery,45,2,90,Court,1,
3530,36,142,2026-01-30,strength,Upper-body strength,79,6,474,Court,1,
3531,36,142,2026-01-31,volleyball,Open gym or tournament,67,6,402,Gym,1,
3532,36,142,2026-02-01,rest,Full rest day,0,0,0,Court,1,
3533,36,142,2026-02-02,rest,Full rest day,0,0,0,Home,1,
3534,36,142,2026-02-03,plyometric,Jump power and elasticity,35,8,280,Home,1,
3535,36,142,2026-02-04,volleyball,Skill practice and gameplay,101,7,707,Gym,1,
3536,36,142,2026-02-05,recovery,Mobility and low-intensity recovery,41,5,205,Track,1,
3537,36,142,2026-02-06,strength,Upper-body strength,55,6,330,Court,1,
3538,36,142,2026-02-07,volleyball,Open gym or tournament,95,8,760,Court,1,
3539,36,142,2026-02-08,rest,Full rest day,0,0,0,Track,1,
3540,36,142,2026-02-09,strength,Lower-body strength,66,7,462,Track,1,
3541,36,142,2026-02-10,plyometric,Jump power and elasticity,28,6,168,Track,1,
3542,36,142,2026-02-11,volleyball,Skill practice and gameplay,77,9,693,Track,1,
3543,36,142,2026-02-12,recovery,Mobility and low-intensity recovery,41,2,82,Court,1,
3544,36,142,2026-02-13,strength,Upper-body strength,47,7,329,Home,1,
3545,36,142,2026-02-14,volleyball,Open gym or tournament,134,6,804,Gym,1,
3546,36,142,2026-02-15,rest,Full rest day,0,0,0,Gym,1,
3547,36,142,2026-02-16,strength,Lower-body strength,51,6,306,Track,1,
3548,36,142,2026-02-17,plyometric,Jump power and elasticity,43,7,301,Home,1,
3549,36,142,2026-02-18,volleyball,Skill practice and gameplay,102,9,918,Court,1,
3550,36,142,2026-02-19,recovery,Mobility and low-intensity recovery,46,1,46,Court,1,
3551,36,143,2026-02-20,strength,Upper-body strength,62,8,496,Gym,1,
3552,36,143,2026-02-21,volleyball,Open gym or tournament,43,7,301,Track,1,
3553,36,143,2026-02-22,rest,Full rest day,0,0,0,Home,1,
3554,36,143,2026-02-23,strength,Lower-body strength,50,6,300,Gym,1,
3555,36,143,2026-02-24,plyometric,Jump power and elasticity,44,8,352,Home,1,
3556,36,143,2026-02-25,volleyball,Skill practice and gameplay,79,8,632,Track,1,
3557,36,143,2026-02-26,recovery,Mobility and low-intensity recovery,32,3,96,Track,1,
3558,36,143,2026-02-27,strength,Upper-body strength,48,6,288,Gym,1,
3559,36,143,2026-02-28,rest,Full rest day,0,0,0,Track,1,
3560,36,143,2026-03-01,rest,Full rest day,0,0,0,Home,1,
3561,36,143,2026-03-02,strength,Lower-body strength,78,7,546,Home,1,
3562,36,143,2026-03-03,plyometric,Jump power and elasticity,48,6,288,Gym,1,
3563,36,143,2026-03-04,rest,Full rest day,0,0,0,Track,1,
3564,36,143,2026-03-05,recovery,Mobility and low-intensity recovery,35,4,140,Court,1,
3565,36,143,2026-03-06,strength,Upper-body strength,69,6,414,Track,1,
3566,36,143,2026-03-07,volleyball,Open gym or tournament,85,8,680,Gym,1,
3567,36,143,2026-03-08,rest,Full rest day,0,0,0,Gym,1,
3568,36,143,2026-03-09,strength,Lower-body strength,68,6,408,Court,1,
3569,36,143,2026-03-10,plyometric,Jump power and elasticity,43,5,215,Gym,1,
3570,36,143,2026-03-11,volleyball,Skill practice and gameplay,136,6,816,Gym,1,
3571,36,143,2026-03-12,recovery,Mobility and low-intensity recovery,23,1,23,Court,1,
3572,36,143,2026-03-13,rest,Full rest day,0,0,0,Court,1,
3573,36,143,2026-03-14,rest,Full rest day,0,0,0,Home,1,
3574,36,143,2026-03-15,rest,Full rest day,0,0,0,Gym,1,
3575,36,143,2026-03-16,strength,Lower-body strength,72,8,576,Court,1,
3576,36,144,2026-03-17,plyometric,Jump power and elasticity,49,5,245,Home,1,
3577,36,144,2026-03-18,volleyball,Skill practice and gameplay,130,8,1040,Gym,1,
3578,36,144,2026-03-19,recovery,Mobility and low-intensity recovery,32,4,128,Court,1,
3579,36,144,2026-03-20,strength,Upper-body strength,58,7,406,Gym,1,
3580,36,144,2026-03-21,volleyball,Open gym or tournament,58,6,348,Home,1,
3581,36,144,2026-03-22,rest,Full rest day,0,0,0,Track,1,
3582,36,144,2026-03-23,rest,Full rest day,0,0,0,Gym,1,
3583,36,144,2026-03-24,plyometric,Jump power and elasticity,42,7,294,Gym,1,
3584,36,144,2026-03-25,volleyball,Skill practice and gameplay,89,7,623,Gym,1,
3585,36,144,2026-03-26,recovery,Mobility and low-intensity recovery,35,1,35,Gym,1,
3586,36,144,2026-03-27,strength,Upper-body strength,69,7,483,Court,1,
3587,36,144,2026-03-28,volleyball,Open gym or tournament,77,8,616,Track,1,
3588,36,144,2026-03-29,rest,Full rest day,0,0,0,Gym,1,
3589,36,144,2026-03-30,strength,Lower-body strength,76,7,532,Court,1,
3590,36,144,2026-03-31,rest,Full rest day,0,0,0,Track,1,
3591,36,144,2026-04-01,volleyball,Skill practice and gameplay,90,8,720,Home,1,
3592,36,144,2026-04-02,recovery,Mobility and low-intensity recovery,44,4,176,Home,1,
3593,36,144,2026-04-03,strength,Upper-body strength,80,8,640,Home,1,
3594,36,144,2026-04-04,volleyball,Open gym or tournament,72,8,576,Home,1,
3595,36,144,2026-04-05,rest,Full rest day,0,0,0,Home,1,
3596,36,144,2026-04-06,strength,Lower-body strength,63,9,567,Track,1,
3597,36,144,2026-04-07,plyometric,Jump power and elasticity,36,6,216,Gym,1,
3598,36,144,2026-04-08,volleyball,Skill practice and gameplay,120,6,720,Home,1,
3599,36,144,2026-04-09,recovery,Mobility and low-intensity recovery,33,3,99,Gym,1,
3600,36,144,2026-04-10,strength,Upper-body strength,59,5,295,Gym,1,
3601,37,145,2026-01-01,recovery,Mobility and low-intensity recovery,33,3,99,Gym,1,
3602,37,145,2026-01-02,strength,Upper-body strength,63,6,378,Gym,1,
3603,37,145,2026-01-03,volleyball,Open gym or tournament,145,7,1015,Gym,1,
3604,37,145,2026-01-04,rest,Full rest day,0,0,0,Track,1,
3605,37,145,2026-01-05,strength,Lower-body strength,65,8,520,Gym,1,
3606,37,145,2026-01-06,plyometric,Jump power and elasticity,43,8,344,Track,1,
3607,37,145,2026-01-07,volleyball,Skill practice and gameplay,105,5,525,Track,1,
3608,37,145,2026-01-08,recovery,Mobility and low-intensity recovery,27,3,81,Gym,1,
3609,37,145,2026-01-09,rest,Full rest day,0,0,0,Track,1,
3610,37,145,2026-01-10,volleyball,Open gym or tournament,104,6,624,Home,1,
3611,37,145,2026-01-11,rest,Full rest day,0,0,0,Home,1,
3612,37,145,2026-01-12,rest,Full rest day,0,0,0,Home,1,
3613,37,145,2026-01-13,plyometric,Jump power and elasticity,52,8,416,Gym,1,
3614,37,145,2026-01-14,volleyball,Skill practice and gameplay,132,7,924,Home,1,
3615,37,145,2026-01-15,recovery,Mobility and low-intensity recovery,25,4,100,Court,1,
3616,37,145,2026-01-16,strength,Upper-body strength,84,7,588,Court,1,
3617,37,145,2026-01-17,volleyball,Open gym or tournament,136,8,1088,Court,1,
3618,37,145,2026-01-18,rest,Full rest day,0,0,0,Home,1,
3619,37,145,2026-01-19,strength,Lower-body strength,61,8,488,Track,1,
3620,37,145,2026-01-20,plyometric,Jump power and elasticity,34,7,238,Court,1,
3621,37,145,2026-01-21,volleyball,Skill practice and gameplay,87,8,696,Track,1,
3622,37,145,2026-01-22,recovery,Mobility and low-intensity recovery,38,2,76,Track,1,
3623,37,145,2026-01-23,strength,Upper-body strength,62,7,434,Gym,1,
3624,37,145,2026-01-24,volleyball,Open gym or tournament,91,7,637,Court,1,
3625,37,145,2026-01-25,rest,Full rest day,0,0,0,Gym,1,
3626,37,146,2026-01-26,strength,Lower-body strength,65,7,455,Gym,1,
3627,37,146,2026-01-27,plyometric,Jump power and elasticity,51,8,408,Gym,1,
3628,37,146,2026-01-28,volleyball,Skill practice and gameplay,120,7,840,Home,1,
3629,37,146,2026-01-29,recovery,Mobility and low-intensity recovery,33,3,99,Gym,1,
3630,37,146,2026-01-30,strength,Upper-body strength,40,8,320,Track,1,
3631,37,146,2026-01-31,volleyball,Open gym or tournament,85,7,595,Court,1,
3632,37,146,2026-02-01,rest,Full rest day,0,0,0,Track,1,
3633,37,146,2026-02-02,strength,Lower-body strength,72,7,504,Court,1,
3634,37,146,2026-02-03,plyometric,Jump power and elasticity,41,6,246,Home,1,
3635,37,146,2026-02-04,volleyball,Skill practice and gameplay,103,9,927,Court,1,
3636,37,146,2026-02-05,recovery,Mobility and low-intensity recovery,26,3,78,Court,1,
3637,37,146,2026-02-06,strength,Upper-body strength,77,8,616,Court,1,
3638,37,146,2026-02-07,volleyball,Open gym or tournament,105,7,735,Court,1,
3639,37,146,2026-02-08,rest,Full rest day,0,0,0,Track,1,
3640,37,146,2026-02-09,strength,Lower-body strength,87,8,696,Court,1,
3641,37,146,2026-02-10,plyometric,Jump power and elasticity,65,7,455,Gym,1,
3642,37,146,2026-02-11,volleyball,Skill practice and gameplay,116,6,696,Court,1,
3643,37,146,2026-02-12,recovery,Mobility and low-intensity recovery,24,3,72,Gym,1,
3644,37,146,2026-02-13,strength,Upper-body strength,68,7,476,Home,1,
3645,37,146,2026-02-14,volleyball,Open gym or tournament,151,7,1057,Gym,1,
3646,37,146,2026-02-15,rest,Full rest day,0,0,0,Track,1,
3647,37,146,2026-02-16,strength,Lower-body strength,87,6,522,Gym,1,
3648,37,146,2026-02-17,rest,Full rest day,0,0,0,Track,1,
3649,37,146,2026-02-18,volleyball,Skill practice and gameplay,97,6,582,Gym,1,
3650,37,146,2026-02-19,recovery,Mobility and low-intensity recovery,44,3,132,Court,1,
3651,37,147,2026-02-20,strength,Upper-body strength,69,9,621,Home,1,
3652,37,147,2026-02-21,volleyball,Open gym or tournament,91,6,546,Track,1,
3653,37,147,2026-02-22,rest,Full rest day,0,0,0,Track,1,
3654,37,147,2026-02-23,strength,Lower-body strength,64,7,448,Court,1,
3655,37,147,2026-02-24,plyometric,Jump power and elasticity,27,7,189,Court,1,
3656,37,147,2026-02-25,volleyball,Skill practice and gameplay,123,8,984,Gym,1,
3657,37,147,2026-02-26,recovery,Mobility and low-intensity recovery,33,3,99,Track,1,
3658,37,147,2026-02-27,strength,Upper-body strength,46,9,414,Gym,1,
3659,37,147,2026-02-28,volleyball,Open gym or tournament,79,7,553,Court,1,
3660,37,147,2026-03-01,rest,Full rest day,0,0,0,Track,1,
3661,37,147,2026-03-02,strength,Lower-body strength,82,6,492,Home,1,
3662,37,147,2026-03-03,plyometric,Jump power and elasticity,46,8,368,Home,1,
3663,37,147,2026-03-04,volleyball,Skill practice and gameplay,113,7,791,Track,1,
3664,37,147,2026-03-05,recovery,Mobility and low-intensity recovery,29,3,87,Track,1,
3665,37,147,2026-03-06,strength,Upper-body strength,53,6,318,Court,1,
3666,37,147,2026-03-07,volleyball,Open gym or tournament,77,8,616,Track,1,
3667,37,147,2026-03-08,rest,Full rest day,0,0,0,Track,1,
3668,37,147,2026-03-09,strength,Lower-body strength,46,6,276,Home,1,
3669,37,147,2026-03-10,plyometric,Jump power and elasticity,39,7,273,Court,1,
3670,37,147,2026-03-11,volleyball,Skill practice and gameplay,107,10,1070,Gym,1,
3671,37,147,2026-03-12,recovery,Mobility and low-intensity recovery,31,3,93,Track,1,
3672,37,147,2026-03-13,strength,Upper-body strength,55,7,385,Court,1,
3673,37,147,2026-03-14,volleyball,Open gym or tournament,85,7,595,Court,1,
3674,37,147,2026-03-15,rest,Full rest day,0,0,0,Home,1,
3675,37,147,2026-03-16,strength,Lower-body strength,40,8,320,Track,1,
3676,37,148,2026-03-17,plyometric,Jump power and elasticity,25,6,150,Track,1,
3677,37,148,2026-03-18,volleyball,Skill practice and gameplay,99,8,792,Court,1,
3678,37,148,2026-03-19,recovery,Mobility and low-intensity recovery,40,3,120,Track,1,
3679,37,148,2026-03-20,strength,Upper-body strength,57,7,399,Home,1,
3680,37,148,2026-03-21,volleyball,Open gym or tournament,87,8,696,Home,1,
3681,37,148,2026-03-22,rest,Full rest day,0,0,0,Home,1,
3682,37,148,2026-03-23,strength,Lower-body strength,57,7,399,Track,1,
3683,37,148,2026-03-24,plyometric,Jump power and elasticity,53,9,477,Track,1,
3684,37,148,2026-03-25,rest,Full rest day,0,0,0,Home,1,
3685,37,148,2026-03-26,recovery,Mobility and low-intensity recovery,23,4,92,Gym,1,
3686,37,148,2026-03-27,strength,Upper-body strength,78,7,546,Court,1,
3687,37,148,2026-03-28,volleyball,Open gym or tournament,115,5,575,Gym,1,
3688,37,148,2026-03-29,rest,Full rest day,0,0,0,Track,1,
3689,37,148,2026-03-30,strength,Lower-body strength,77,7,539,Court,1,
3690,37,148,2026-03-31,plyometric,Jump power and elasticity,46,7,322,Court,1,
3691,37,148,2026-04-01,volleyball,Skill practice and gameplay,79,8,632,Track,1,
3692,37,148,2026-04-02,recovery,Mobility and low-intensity recovery,33,3,99,Gym,1,
3693,37,148,2026-04-03,strength,Upper-body strength,79,7,553,Gym,1,
3694,37,148,2026-04-04,volleyball,Open gym or tournament,83,8,664,Gym,1,
3695,37,148,2026-04-05,rest,Full rest day,0,0,0,Gym,1,
3696,37,148,2026-04-06,strength,Lower-body strength,66,8,528,Home,1,
3697,37,148,2026-04-07,plyometric,Jump power and elasticity,54,7,378,Court,1,
3698,37,148,2026-04-08,volleyball,Skill practice and gameplay,98,7,686,Gym,1,
3699,37,148,2026-04-09,recovery,Mobility and low-intensity recovery,45,3,135,Track,1,
3700,37,148,2026-04-10,strength,Upper-body strength,60,6,360,Home,1,
3701,38,149,2026-01-01,rest,Full rest day,0,0,0,Court,1,
3702,38,149,2026-01-02,strength,Upper-body strength,83,8,664,Track,1,
3703,38,149,2026-01-03,volleyball,Open gym or tournament,107,7,749,Home,1,
3704,38,149,2026-01-04,rest,Full rest day,0,0,0,Court,1,
3705,38,149,2026-01-05,strength,Lower-body strength,66,6,396,Track,1,
3706,38,149,2026-01-06,plyometric,Jump power and elasticity,46,6,276,Court,1,
3707,38,149,2026-01-07,volleyball,Skill practice and gameplay,83,7,581,Home,1,
3708,38,149,2026-01-08,recovery,Mobility and low-intensity recovery,27,3,81,Gym,1,
3709,38,149,2026-01-09,strength,Upper-body strength,73,5,365,Home,1,
3710,38,149,2026-01-10,volleyball,Open gym or tournament,100,7,700,Track,1,
3711,38,149,2026-01-11,rest,Full rest day,0,0,0,Gym,1,
3712,38,149,2026-01-12,rest,Full rest day,0,0,0,Court,1,
3713,38,149,2026-01-13,plyometric,Jump power and elasticity,59,7,413,Court,1,
3714,38,149,2026-01-14,volleyball,Skill practice and gameplay,123,6,738,Court,1,
3715,38,149,2026-01-15,rest,Full rest day,0,0,0,Home,1,
3716,38,149,2026-01-16,strength,Upper-body strength,51,7,357,Court,1,
3717,38,149,2026-01-17,volleyball,Open gym or tournament,107,8,856,Court,1,
3718,38,149,2026-01-18,rest,Full rest day,0,0,0,Court,1,
3719,38,149,2026-01-19,strength,Lower-body strength,59,8,472,Home,1,
3720,38,149,2026-01-20,plyometric,Jump power and elasticity,39,8,312,Track,1,
3721,38,149,2026-01-21,volleyball,Skill practice and gameplay,98,8,784,Gym,1,
3722,38,149,2026-01-22,recovery,Mobility and low-intensity recovery,41,2,82,Court,1,
3723,38,149,2026-01-23,strength,Upper-body strength,76,8,608,Home,1,
3724,38,149,2026-01-24,volleyball,Open gym or tournament,120,7,840,Court,1,
3725,38,149,2026-01-25,rest,Full rest day,0,0,0,Gym,1,
3726,38,150,2026-01-26,strength,Lower-body strength,62,8,496,Track,1,
3727,38,150,2026-01-27,plyometric,Jump power and elasticity,50,7,350,Track,1,
3728,38,150,2026-01-28,volleyball,Skill practice and gameplay,74,7,518,Court,1,
3729,38,150,2026-01-29,recovery,Mobility and low-intensity recovery,38,4,152,Gym,1,
3730,38,150,2026-01-30,rest,Full rest day,0,0,0,Court,1,
3731,38,150,2026-01-31,volleyball,Open gym or tournament,97,8,776,Track,1,
3732,38,150,2026-02-01,rest,Full rest day,0,0,0,Home,1,
3733,38,150,2026-02-02,strength,Lower-body strength,62,8,496,Home,1,
3734,38,150,2026-02-03,plyometric,Jump power and elasticity,61,6,366,Home,1,
3735,38,150,2026-02-04,volleyball,Skill practice and gameplay,90,6,540,Gym,1,
3736,38,150,2026-02-05,recovery,Mobility and low-intensity recovery,48,4,192,Gym,1,
3737,38,150,2026-02-06,strength,Upper-body strength,84,6,504,Track,1,
3738,38,150,2026-02-07,volleyball,Open gym or tournament,97,8,776,Gym,1,
3739,38,150,2026-02-08,rest,Full rest day,0,0,0,Track,1,
3740,38,150,2026-02-09,strength,Lower-body strength,67,6,402,Track,1,
3741,38,150,2026-02-10,plyometric,Jump power and elasticity,51,7,357,Court,1,
3742,38,150,2026-02-11,volleyball,Skill practice and gameplay,106,7,742,Home,1,
3743,38,150,2026-02-12,rest,Full rest day,0,0,0,Home,1,
3744,38,150,2026-02-13,strength,Upper-body strength,52,8,416,Track,1,
3745,38,150,2026-02-14,volleyball,Open gym or tournament,135,6,810,Gym,1,
3746,38,150,2026-02-15,rest,Full rest day,0,0,0,Track,1,
3747,38,150,2026-02-16,strength,Lower-body strength,75,8,600,Home,1,
3748,38,150,2026-02-17,plyometric,Jump power and elasticity,45,6,270,Court,1,
3749,38,150,2026-02-18,volleyball,Skill practice and gameplay,98,5,490,Home,1,
3750,38,150,2026-02-19,recovery,Mobility and low-intensity recovery,46,3,138,Track,1,
3751,38,151,2026-02-20,strength,Upper-body strength,69,7,483,Track,1,
3752,38,151,2026-02-21,volleyball,Open gym or tournament,60,9,540,Home,1,
3753,38,151,2026-02-22,rest,Full rest day,0,0,0,Home,1,
3754,38,151,2026-02-23,strength,Lower-body strength,85,7,595,Gym,1,
3755,38,151,2026-02-24,plyometric,Jump power and elasticity,37,8,296,Court,1,
3756,38,151,2026-02-25,volleyball,Skill practice and gameplay,122,7,854,Home,1,
3757,38,151,2026-02-26,recovery,Mobility and low-intensity recovery,24,5,120,Court,1,
3758,38,151,2026-02-27,strength,Upper-body strength,51,7,357,Court,1,
3759,38,151,2026-02-28,rest,Full rest day,0,0,0,Gym,1,
3760,38,151,2026-03-01,rest,Full rest day,0,0,0,Track,1,
3761,38,151,2026-03-02,strength,Lower-body strength,63,7,441,Court,1,
3762,38,151,2026-03-03,plyometric,Jump power and elasticity,46,6,276,Court,1,
3763,38,151,2026-03-04,rest,Full rest day,0,0,0,Court,1,
3764,38,151,2026-03-05,recovery,Mobility and low-intensity recovery,30,4,120,Court,1,
3765,38,151,2026-03-06,strength,Upper-body strength,72,7,504,Track,1,
3766,38,151,2026-03-07,volleyball,Open gym or tournament,101,4,404,Gym,1,
3767,38,151,2026-03-08,rest,Full rest day,0,0,0,Court,1,
3768,38,151,2026-03-09,strength,Lower-body strength,52,9,468,Home,1,
3769,38,151,2026-03-10,plyometric,Jump power and elasticity,43,7,301,Track,1,
3770,38,151,2026-03-11,volleyball,Skill practice and gameplay,56,7,392,Gym,1,
3771,38,151,2026-03-12,recovery,Mobility and low-intensity recovery,46,3,138,Home,1,
3772,38,151,2026-03-13,strength,Upper-body strength,72,5,360,Home,1,
3773,38,151,2026-03-14,volleyball,Open gym or tournament,148,6,888,Home,1,
3774,38,151,2026-03-15,rest,Full rest day,0,0,0,Court,1,
3775,38,151,2026-03-16,strength,Lower-body strength,68,6,408,Court,1,
3776,38,152,2026-03-17,plyometric,Jump power and elasticity,34,7,238,Home,1,
3777,38,152,2026-03-18,volleyball,Skill practice and gameplay,154,5,770,Gym,1,
3778,38,152,2026-03-19,recovery,Mobility and low-intensity recovery,40,3,120,Court,1,
3779,38,152,2026-03-20,strength,Upper-body strength,74,6,444,Gym,1,
3780,38,152,2026-03-21,volleyball,Open gym or tournament,76,7,532,Court,1,
3781,38,152,2026-03-22,rest,Full rest day,0,0,0,Court,1,
3782,38,152,2026-03-23,strength,Lower-body strength,58,7,406,Court,1,
3783,38,152,2026-03-24,plyometric,Jump power and elasticity,45,5,225,Gym,1,
3784,38,152,2026-03-25,volleyball,Skill practice and gameplay,131,5,655,Court,1,
3785,38,152,2026-03-26,rest,Full rest day,0,0,0,Gym,1,
3786,38,152,2026-03-27,strength,Upper-body strength,53,6,318,Court,1,
3787,38,152,2026-03-28,rest,Full rest day,0,0,0,Track,1,
3788,38,152,2026-03-29,rest,Full rest day,0,0,0,Court,1,
3789,38,152,2026-03-30,strength,Lower-body strength,47,7,329,Home,1,
3790,38,152,2026-03-31,plyometric,Jump power and elasticity,55,7,385,Gym,1,
3791,38,152,2026-04-01,volleyball,Skill practice and gameplay,106,7,742,Track,1,
3792,38,152,2026-04-02,recovery,Mobility and low-intensity recovery,39,2,78,Gym,1,
3793,38,152,2026-04-03,strength,Upper-body strength,79,5,395,Court,1,
3794,38,152,2026-04-04,volleyball,Open gym or tournament,75,6,450,Home,1,
3795,38,152,2026-04-05,rest,Full rest day,0,0,0,Home,1,
3796,38,152,2026-04-06,strength,Lower-body strength,55,6,330,Home,1,
3797,38,152,2026-04-07,plyometric,Jump power and elasticity,39,7,273,Court,1,
3798,38,152,2026-04-08,volleyball,Skill practice and gameplay,110,8,880,Court,1,
3799,38,152,2026-04-09,recovery,Mobility and low-intensity recovery,30,4,120,Home,1,
3800,38,152,2026-04-10,strength,Upper-body strength,84,8,672,Court,1,
3801,39,153,2026-01-01,recovery,Mobility and low-intensity recovery,36,4,144,Court,1,
3802,39,153,2026-01-02,strength,Upper-body strength,56,9,504,Track,1,
3803,39,153,2026-01-03,volleyball,Open gym or tournament,72,5,360,Court,1,
3804,39,153,2026-01-04,rest,Full rest day,0,0,0,Track,1,
3805,39,153,2026-01-05,strength,Lower-body strength,103,6,618,Home,1,
3806,39,153,2026-01-06,plyometric,Jump power and elasticity,32,9,288,Gym,1,
3807,39,153,2026-01-07,volleyball,Skill practice and gameplay,120,7,840,Court,1,
3808,39,153,2026-01-08,recovery,Mobility and low-intensity recovery,38,4,152,Home,1,
3809,39,153,2026-01-09,strength,Upper-body strength,71,8,568,Home,1,
3810,39,153,2026-01-10,rest,Full rest day,0,0,0,Court,1,
3811,39,153,2026-01-11,rest,Full rest day,0,0,0,Gym,1,
3812,39,153,2026-01-12,strength,Lower-body strength,63,6,378,Gym,1,
3813,39,153,2026-01-13,plyometric,Jump power and elasticity,54,7,378,Court,1,
3814,39,153,2026-01-14,volleyball,Skill practice and gameplay,91,7,637,Home,1,
3815,39,153,2026-01-15,recovery,Mobility and low-intensity recovery,29,4,116,Court,1,
3816,39,153,2026-01-16,strength,Upper-body strength,55,8,440,Gym,1,
3817,39,153,2026-01-17,rest,Full rest day,0,0,0,Court,1,
3818,39,153,2026-01-18,rest,Full rest day,0,0,0,Home,1,
3819,39,153,2026-01-19,strength,Lower-body strength,62,7,434,Gym,1,
3820,39,153,2026-01-20,plyometric,Jump power and elasticity,45,6,270,Gym,1,
3821,39,153,2026-01-21,volleyball,Skill practice and gameplay,57,5,285,Gym,1,
3822,39,153,2026-01-22,recovery,Mobility and low-intensity recovery,35,3,105,Home,1,
3823,39,153,2026-01-23,strength,Upper-body strength,49,7,343,Court,1,
3824,39,153,2026-01-24,volleyball,Open gym or tournament,82,7,574,Gym,1,
3825,39,153,2026-01-25,rest,Full rest day,0,0,0,Home,1,
3826,39,154,2026-01-26,strength,Lower-body strength,82,6,492,Home,1,
3827,39,154,2026-01-27,plyometric,Jump power and elasticity,49,7,343,Track,1,
3828,39,154,2026-01-28,volleyball,Skill practice and gameplay,133,6,798,Gym,1,
3829,39,154,2026-01-29,recovery,Mobility and low-intensity recovery,44,2,88,Home,1,
3830,39,154,2026-01-30,strength,Upper-body strength,63,7,441,Court,1,
3831,39,154,2026-01-31,volleyball,Open gym or tournament,81,8,648,Home,1,
3832,39,154,2026-02-01,rest,Full rest day,0,0,0,Home,1,
3833,39,154,2026-02-02,strength,Lower-body strength,54,6,324,Track,1,
3834,39,154,2026-02-03,plyometric,Jump power and elasticity,57,6,342,Gym,1,
3835,39,154,2026-02-04,volleyball,Skill practice and gameplay,111,8,888,Home,1,
3836,39,154,2026-02-05,recovery,Mobility and low-intensity recovery,35,2,70,Court,1,
3837,39,154,2026-02-06,strength,Upper-body strength,52,8,416,Track,1,
3838,39,154,2026-02-07,volleyball,Open gym or tournament,102,8,816,Home,1,
3839,39,154,2026-02-08,rest,Full rest day,0,0,0,Court,1,
3840,39,154,2026-02-09,strength,Lower-body strength,52,6,312,Gym,1,
3841,39,154,2026-02-10,plyometric,Jump power and elasticity,47,7,329,Track,1,
3842,39,154,2026-02-11,rest,Full rest day,0,0,0,Home,1,
3843,39,154,2026-02-12,recovery,Mobility and low-intensity recovery,41,3,123,Track,1,
3844,39,154,2026-02-13,strength,Upper-body strength,53,6,318,Court,1,
3845,39,154,2026-02-14,volleyball,Open gym or tournament,100,8,800,Gym,1,
3846,39,154,2026-02-15,rest,Full rest day,0,0,0,Gym,1,
3847,39,154,2026-02-16,rest,Full rest day,0,0,0,Gym,1,
3848,39,154,2026-02-17,plyometric,Jump power and elasticity,45,7,315,Gym,1,
3849,39,154,2026-02-18,volleyball,Skill practice and gameplay,121,6,726,Home,1,
3850,39,154,2026-02-19,recovery,Mobility and low-intensity recovery,27,4,108,Court,1,
3851,39,155,2026-02-20,strength,Upper-body strength,60,8,480,Track,1,
3852,39,155,2026-02-21,volleyball,Open gym or tournament,113,6,678,Home,1,
3853,39,155,2026-02-22,rest,Full rest day,0,0,0,Track,1,
3854,39,155,2026-02-23,strength,Lower-body strength,64,7,448,Gym,1,
3855,39,155,2026-02-24,plyometric,Jump power and elasticity,43,7,301,Court,1,
3856,39,155,2026-02-25,volleyball,Skill practice and gameplay,128,6,768,Home,1,
3857,39,155,2026-02-26,rest,Full rest day,0,0,0,Track,1,
3858,39,155,2026-02-27,strength,Upper-body strength,72,6,432,Track,1,
3859,39,155,2026-02-28,volleyball,Open gym or tournament,130,6,780,Home,1,
3860,39,155,2026-03-01,rest,Full rest day,0,0,0,Track,1,
3861,39,155,2026-03-02,strength,Lower-body strength,66,5,330,Track,1,
3862,39,155,2026-03-03,plyometric,Jump power and elasticity,51,7,357,Home,1,
3863,39,155,2026-03-04,volleyball,Skill practice and gameplay,72,6,432,Court,1,
3864,39,155,2026-03-05,recovery,Mobility and low-intensity recovery,33,3,99,Home,1,
3865,39,155,2026-03-06,rest,Full rest day,0,0,0,Home,1,
3866,39,155,2026-03-07,volleyball,Open gym or tournament,117,7,819,Court,1,
3867,39,155,2026-03-08,rest,Full rest day,0,0,0,Track,1,
3868,39,155,2026-03-09,rest,Full rest day,0,0,0,Home,1,
3869,39,155,2026-03-10,plyometric,Jump power and elasticity,44,9,396,Track,1,
3870,39,155,2026-03-11,volleyball,Skill practice and gameplay,83,7,581,Track,1,
3871,39,155,2026-03-12,recovery,Mobility and low-intensity recovery,49,4,196,Track,1,
3872,39,155,2026-03-13,strength,Upper-body strength,67,8,536,Home,1,
3873,39,155,2026-03-14,volleyball,Open gym or tournament,126,9,1134,Court,1,
3874,39,155,2026-03-15,rest,Full rest day,0,0,0,Gym,1,
3875,39,155,2026-03-16,strength,Lower-body strength,54,6,324,Court,1,
3876,39,156,2026-03-17,plyometric,Jump power and elasticity,46,7,322,Home,1,
3877,39,156,2026-03-18,volleyball,Skill practice and gameplay,111,9,999,Court,1,
3878,39,156,2026-03-19,recovery,Mobility and low-intensity recovery,35,4,140,Gym,1,
3879,39,156,2026-03-20,strength,Upper-body strength,84,6,504,Court,1,
3880,39,156,2026-03-21,volleyball,Open gym or tournament,74,7,518,Home,1,
3881,39,156,2026-03-22,rest,Full rest day,0,0,0,Track,1,
3882,39,156,2026-03-23,strength,Lower-body strength,52,6,312,Gym,1,
3883,39,156,2026-03-24,plyometric,Jump power and elasticity,46,5,230,Court,1,
3884,39,156,2026-03-25,volleyball,Skill practice and gameplay,91,5,455,Home,1,
3885,39,156,2026-03-26,rest,Full rest day,0,0,0,Gym,1,
3886,39,156,2026-03-27,strength,Upper-body strength,76,6,456,Gym,1,
3887,39,156,2026-03-28,volleyball,Open gym or tournament,76,7,532,Court,1,
3888,39,156,2026-03-29,rest,Full rest day,0,0,0,Home,1,
3889,39,156,2026-03-30,strength,Lower-body strength,79,6,474,Home,1,
3890,39,156,2026-03-31,plyometric,Jump power and elasticity,54,7,378,Gym,1,
3891,39,156,2026-04-01,volleyball,Skill practice and gameplay,83,5,415,Gym,1,
3892,39,156,2026-04-02,recovery,Mobility and low-intensity recovery,34,2,68,Track,1,
3893,39,156,2026-04-03,strength,Upper-body strength,53,8,424,Court,1,
3894,39,156,2026-04-04,volleyball,Open gym or tournament,138,6,828,Track,1,
3895,39,156,2026-04-05,rest,Full rest day,0,0,0,Gym,1,
3896,39,156,2026-04-06,strength,Lower-body strength,70,6,420,Gym,1,
3897,39,156,2026-04-07,plyometric,Jump power and elasticity,57,5,285,Home,1,
3898,39,156,2026-04-08,volleyball,Skill practice and gameplay,84,4,336,Home,1,
3899,39,156,2026-04-09,recovery,Mobility and low-intensity recovery,36,4,144,Track,1,
3900,39,156,2026-04-10,rest,Full rest day,0,0,0,Gym,1,
3901,40,157,2026-01-01,recovery,Mobility and low-intensity recovery,35,3,105,Court,1,
3902,40,157,2026-01-02,strength,Upper-body strength,83,7,581,Home,1,
3903,40,157,2026-01-03,rest,Full rest day,0,0,0,Home,1,
3904,40,157,2026-01-04,rest,Full rest day,0,0,0,Gym,1,
3905,40,157,2026-01-05,strength,Lower-body strength,66,7,462,Court,1,
3906,40,157,2026-01-06,rest,Full rest day,0,0,0,Track,1,
3907,40,157,2026-01-07,volleyball,Skill practice and gameplay,51,8,408,Court,1,
3908,40,157,2026-01-08,recovery,Mobility and low-intensity recovery,25,2,50,Gym,1,
3909,40,157,2026-01-09,strength,Upper-body strength,68,7,476,Court,1,
3910,40,157,2026-01-10,volleyball,Open gym or tournament,107,7,749,Court,1,
3911,40,157,2026-01-11,rest,Full rest day,0,0,0,Gym,1,
3912,40,157,2026-01-12,strength,Lower-body strength,56,5,280,Track,1,
3913,40,157,2026-01-13,plyometric,Jump power and elasticity,33,9,297,Court,1,
3914,40,157,2026-01-14,volleyball,Skill practice and gameplay,104,8,832,Gym,1,
3915,40,157,2026-01-15,rest,Full rest day,0,0,0,Court,1,
3916,40,157,2026-01-16,strength,Upper-body strength,64,9,576,Gym,1,
3917,40,157,2026-01-17,volleyball,Open gym or tournament,63,7,441,Track,1,
3918,40,157,2026-01-18,rest,Full rest day,0,0,0,Home,1,
3919,40,157,2026-01-19,strength,Lower-body strength,56,6,336,Track,1,
3920,40,157,2026-01-20,plyometric,Jump power and elasticity,34,9,306,Home,1,
3921,40,157,2026-01-21,volleyball,Skill practice and gameplay,102,8,816,Home,1,
3922,40,157,2026-01-22,recovery,Mobility and low-intensity recovery,41,3,123,Court,1,
3923,40,157,2026-01-23,strength,Upper-body strength,75,7,525,Gym,1,
3924,40,157,2026-01-24,volleyball,Open gym or tournament,68,6,408,Gym,1,
3925,40,157,2026-01-25,rest,Full rest day,0,0,0,Gym,1,
3926,40,158,2026-01-26,rest,Full rest day,0,0,0,Track,1,
3927,40,158,2026-01-27,plyometric,Jump power and elasticity,79,5,395,Track,1,
3928,40,158,2026-01-28,rest,Full rest day,0,0,0,Track,1,
3929,40,158,2026-01-29,recovery,Mobility and low-intensity recovery,53,2,106,Track,1,
3930,40,158,2026-01-30,strength,Upper-body strength,52,7,364,Court,1,
3931,40,158,2026-01-31,volleyball,Open gym or tournament,107,5,535,Court,1,
3932,40,158,2026-02-01,rest,Full rest day,0,0,0,Home,1,
3933,40,158,2026-02-02,strength,Lower-body strength,60,9,540,Home,1,
3934,40,158,2026-02-03,plyometric,Jump power and elasticity,28,7,196,Gym,1,
3935,40,158,2026-02-04,volleyball,Skill practice and gameplay,154,7,1078,Track,1,
3936,40,158,2026-02-05,recovery,Mobility and low-intensity recovery,33,2,66,Court,1,
3937,40,158,2026-02-06,rest,Full rest day,0,0,0,Home,1,
3938,40,158,2026-02-07,volleyball,Open gym or tournament,122,8,976,Gym,1,
3939,40,158,2026-02-08,rest,Full rest day,0,0,0,Gym,1,
3940,40,158,2026-02-09,rest,Full rest day,0,0,0,Track,1,
3941,40,158,2026-02-10,plyometric,Jump power and elasticity,37,7,259,Track,1,
3942,40,158,2026-02-11,volleyball,Skill practice and gameplay,101,6,606,Gym,1,
3943,40,158,2026-02-12,recovery,Mobility and low-intensity recovery,37,1,37,Track,1,
3944,40,158,2026-02-13,strength,Upper-body strength,70,7,490,Track,1,
3945,40,158,2026-02-14,volleyball,Open gym or tournament,69,5,345,Home,1,
3946,40,158,2026-02-15,rest,Full rest day,0,0,0,Home,1,
3947,40,158,2026-02-16,strength,Lower-body strength,72,7,504,Home,1,
3948,40,158,2026-02-17,plyometric,Jump power and elasticity,52,8,416,Court,1,
3949,40,158,2026-02-18,volleyball,Skill practice and gameplay,118,7,826,Track,1,
3950,40,158,2026-02-19,recovery,Mobility and low-intensity recovery,31,3,93,Home,1,
3951,40,159,2026-02-20,strength,Upper-body strength,76,6,456,Home,1,
3952,40,159,2026-02-21,rest,Full rest day,0,0,0,Gym,1,
3953,40,159,2026-02-22,rest,Full rest day,0,0,0,Home,1,
3954,40,159,2026-02-23,strength,Lower-body strength,60,7,420,Gym,1,
3955,40,159,2026-02-24,plyometric,Jump power and elasticity,41,7,287,Track,1,
3956,40,159,2026-02-25,volleyball,Skill practice and gameplay,43,8,344,Gym,1,
3957,40,159,2026-02-26,recovery,Mobility and low-intensity recovery,40,3,120,Home,1,
3958,40,159,2026-02-27,rest,Full rest day,0,0,0,Court,1,
3959,40,159,2026-02-28,rest,Full rest day,0,0,0,Court,1,
3960,40,159,2026-03-01,rest,Full rest day,0,0,0,Track,1,
3961,40,159,2026-03-02,strength,Lower-body strength,66,6,396,Home,1,
3962,40,159,2026-03-03,plyometric,Jump power and elasticity,40,6,240,Track,1,
3963,40,159,2026-03-04,volleyball,Skill practice and gameplay,127,5,635,Gym,1,
3964,40,159,2026-03-05,recovery,Mobility and low-intensity recovery,35,5,175,Track,1,
3965,40,159,2026-03-06,strength,Upper-body strength,57,7,399,Court,1,
3966,40,159,2026-03-07,volleyball,Open gym or tournament,100,7,700,Track,1,
3967,40,159,2026-03-08,rest,Full rest day,0,0,0,Gym,1,
3968,40,159,2026-03-09,strength,Lower-body strength,64,8,512,Home,1,
3969,40,159,2026-03-10,plyometric,Jump power and elasticity,48,6,288,Track,1,
3970,40,159,2026-03-11,volleyball,Skill practice and gameplay,79,7,553,Gym,1,
3971,40,159,2026-03-12,recovery,Mobility and low-intensity recovery,32,2,64,Court,1,
3972,40,159,2026-03-13,strength,Upper-body strength,43,7,301,Home,1,
3973,40,159,2026-03-14,volleyball,Open gym or tournament,119,9,1071,Track,1,
3974,40,159,2026-03-15,rest,Full rest day,0,0,0,Track,1,
3975,40,159,2026-03-16,strength,Lower-body strength,61,5,305,Court,1,
3976,40,160,2026-03-17,plyometric,Jump power and elasticity,46,9,414,Track,1,
3977,40,160,2026-03-18,volleyball,Skill practice and gameplay,109,8,872,Court,1,
3978,40,160,2026-03-19,recovery,Mobility and low-intensity recovery,49,3,147,Court,1,
3979,40,160,2026-03-20,strength,Upper-body strength,63,7,441,Home,1,
3980,40,160,2026-03-21,volleyball,Open gym or tournament,133,9,1197,Court,1,
3981,40,160,2026-03-22,rest,Full rest day,0,0,0,Court,1,
3982,40,160,2026-03-23,strength,Lower-body strength,49,7,343,Court,1,
3983,40,160,2026-03-24,plyometric,Jump power and elasticity,48,7,336,Track,1,
3984,40,160,2026-03-25,volleyball,Skill practice and gameplay,100,8,800,Court,1,
3985,40,160,2026-03-26,recovery,Mobility and low-intensity recovery,33,1,33,Court,1,
3986,40,160,2026-03-27,strength,Upper-body strength,69,6,414,Court,1,
3987,40,160,2026-03-28,volleyball,Open gym or tournament,89,7,623,Court,1,
3988,40,160,2026-03-29,rest,Full rest day,0,0,0,Track,1,
3989,40,160,2026-03-30,strength,Lower-body strength,66,7,462,Court,1,
3990,40,160,2026-03-31,plyometric,Jump power and elasticity,48,8,384,Gym,1,
3991,40,160,2026-04-01,volleyball,Skill practice and gameplay,127,8,1016,Gym,1,
3992,40,160,2026-04-02,recovery,Mobility and low-intensity recovery,34,1,34,Gym,1,
3993,40,160,2026-04-03,strength,Upper-body strength,88,8,704,Home,1,
3994,40,160,2026-04-04,volleyball,Open gym or tournament,89,6,534,Gym,1,
3995,40,160,2026-04-05,rest,Full rest day,0,0,0,Gym,1,
3996,40,160,2026-04-06,strength,Lower-body strength,67,6,402,Home,1,
3997,40,160,2026-04-07,plyometric,Jump power and elasticity,41,6,246,Track,1,
3998,40,160,2026-04-08,volleyball,Skill practice and gameplay,73,7,511,Track,1,
3999,40,160,2026-04-09,recovery,Mobility and low-intensity recovery,35,4,140,Home,1,
4000,40,160,2026-04-10,rest,Full rest day,0,0,0,Track,1,
4001,41,161,2026-01-01,recovery,Mobility and low-intensity recovery,42,4,168,Home,1,
4002,41,161,2026-01-02,strength,Upper-body strength,67,7,469,Court,1,
4003,41,161,2026-01-03,volleyball,Open gym or tournament,136,8,1088,Track,1,
4004,41,161,2026-01-04,rest,Full rest day,0,0,0,Home,1,
4005,41,161,2026-01-05,strength,Lower-body strength,83,8,664,Court,1,
4006,41,161,2026-01-06,plyometric,Jump power and elasticity,43,8,344,Court,1,
4007,41,161,2026-01-07,volleyball,Skill practice and gameplay,59,8,472,Gym,1,
4008,41,161,2026-01-08,recovery,Mobility and low-intensity recovery,34,2,68,Home,1,
4009,41,161,2026-01-09,strength,Upper-body strength,61,6,366,Home,1,
4010,41,161,2026-01-10,volleyball,Open gym or tournament,90,7,630,Gym,1,
4011,41,161,2026-01-11,rest,Full rest day,0,0,0,Track,1,
4012,41,161,2026-01-12,strength,Lower-body strength,53,6,318,Home,1,
4013,41,161,2026-01-13,plyometric,Jump power and elasticity,44,8,352,Court,1,
4014,41,161,2026-01-14,volleyball,Skill practice and gameplay,108,5,540,Home,1,
4015,41,161,2026-01-15,rest,Full rest day,0,0,0,Gym,1,
4016,41,161,2026-01-16,strength,Upper-body strength,70,8,560,Home,1,
4017,41,161,2026-01-17,volleyball,Open gym or tournament,117,8,936,Track,1,
4018,41,161,2026-01-18,rest,Full rest day,0,0,0,Gym,1,
4019,41,161,2026-01-19,strength,Lower-body strength,64,6,384,Gym,1,
4020,41,161,2026-01-20,plyometric,Jump power and elasticity,65,7,455,Court,1,
4021,41,161,2026-01-21,volleyball,Skill practice and gameplay,58,8,464,Home,1,
4022,41,161,2026-01-22,recovery,Mobility and low-intensity recovery,44,3,132,Gym,1,
4023,41,161,2026-01-23,strength,Upper-body strength,43,7,301,Track,1,
4024,41,161,2026-01-24,volleyball,Open gym or tournament,130,6,780,Track,1,
4025,41,161,2026-01-25,rest,Full rest day,0,0,0,Track,1,
4026,41,162,2026-01-26,strength,Lower-body strength,90,9,810,Court,1,
4027,41,162,2026-01-27,plyometric,Jump power and elasticity,52,7,364,Track,1,
4028,41,162,2026-01-28,volleyball,Skill practice and gameplay,116,7,812,Court,1,
4029,41,162,2026-01-29,recovery,Mobility and low-intensity recovery,30,5,150,Track,1,
4030,41,162,2026-01-30,strength,Upper-body strength,87,6,522,Home,1,
4031,41,162,2026-01-31,volleyball,Open gym or tournament,77,6,462,Track,1,
4032,41,162,2026-02-01,rest,Full rest day,0,0,0,Track,1,
4033,41,162,2026-02-02,strength,Lower-body strength,63,9,567,Court,1,
4034,41,162,2026-02-03,plyometric,Jump power and elasticity,53,8,424,Home,1,
4035,41,162,2026-02-04,rest,Full rest day,0,0,0,Home,1,
4036,41,162,2026-02-05,recovery,Mobility and low-intensity recovery,38,4,152,Court,1,
4037,41,162,2026-02-06,strength,Upper-body strength,61,7,427,Home,1,
4038,41,162,2026-02-07,rest,Full rest day,0,0,0,Track,1,
4039,41,162,2026-02-08,rest,Full rest day,0,0,0,Track,1,
4040,41,162,2026-02-09,strength,Lower-body strength,70,7,490,Home,1,
4041,41,162,2026-02-10,plyometric,Jump power and elasticity,29,6,174,Track,1,
4042,41,162,2026-02-11,volleyball,Skill practice and gameplay,96,6,576,Home,1,
4043,41,162,2026-02-12,recovery,Mobility and low-intensity recovery,30,3,90,Court,1,
4044,41,162,2026-02-13,strength,Upper-body strength,57,8,456,Court,1,
4045,41,162,2026-02-14,volleyball,Open gym or tournament,61,7,427,Court,1,
4046,41,162,2026-02-15,rest,Full rest day,0,0,0,Gym,1,
4047,41,162,2026-02-16,strength,Lower-body strength,76,7,532,Track,1,
4048,41,162,2026-02-17,plyometric,Jump power and elasticity,47,7,329,Court,1,
4049,41,162,2026-02-18,volleyball,Skill practice and gameplay,133,6,798,Home,1,
4050,41,162,2026-02-19,recovery,Mobility and low-intensity recovery,37,4,148,Home,1,
4051,41,163,2026-02-20,strength,Upper-body strength,63,8,504,Court,1,
4052,41,163,2026-02-21,volleyball,Open gym or tournament,131,7,917,Court,1,
4053,41,163,2026-02-22,rest,Full rest day,0,0,0,Court,1,
4054,41,163,2026-02-23,strength,Lower-body strength,78,8,624,Home,1,
4055,41,163,2026-02-24,plyometric,Jump power and elasticity,53,8,424,Gym,1,
4056,41,163,2026-02-25,volleyball,Skill practice and gameplay,141,7,987,Court,1,
4057,41,163,2026-02-26,recovery,Mobility and low-intensity recovery,49,3,147,Home,1,
4058,41,163,2026-02-27,strength,Upper-body strength,60,7,420,Home,1,
4059,41,163,2026-02-28,volleyball,Open gym or tournament,106,7,742,Court,1,
4060,41,163,2026-03-01,rest,Full rest day,0,0,0,Track,1,
4061,41,163,2026-03-02,strength,Lower-body strength,52,8,416,Home,1,
4062,41,163,2026-03-03,plyometric,Jump power and elasticity,42,5,210,Track,1,
4063,41,163,2026-03-04,rest,Full rest day,0,0,0,Track,1,
4064,41,163,2026-03-05,recovery,Mobility and low-intensity recovery,29,4,116,Gym,1,
4065,41,163,2026-03-06,strength,Upper-body strength,82,6,492,Home,1,
4066,41,163,2026-03-07,volleyball,Open gym or tournament,113,6,678,Gym,1,
4067,41,163,2026-03-08,rest,Full rest day,0,0,0,Court,1,
4068,41,163,2026-03-09,strength,Lower-body strength,94,7,658,Gym,1,
4069,41,163,2026-03-10,plyometric,Jump power and elasticity,46,6,276,Court,1,
4070,41,163,2026-03-11,volleyball,Skill practice and gameplay,125,9,1125,Track,1,
4071,41,163,2026-03-12,recovery,Mobility and low-intensity recovery,47,1,47,Home,1,
4072,41,163,2026-03-13,rest,Full rest day,0,0,0,Gym,1,
4073,41,163,2026-03-14,volleyball,Open gym or tournament,94,6,564,Home,1,
4074,41,163,2026-03-15,rest,Full rest day,0,0,0,Track,1,
4075,41,163,2026-03-16,strength,Lower-body strength,56,8,448,Track,1,
4076,41,164,2026-03-17,plyometric,Jump power and elasticity,35,7,245,Track,1,
4077,41,164,2026-03-18,volleyball,Skill practice and gameplay,86,8,688,Track,1,
4078,41,164,2026-03-19,recovery,Mobility and low-intensity recovery,47,3,141,Track,1,
4079,41,164,2026-03-20,rest,Full rest day,0,0,0,Track,1,
4080,41,164,2026-03-21,volleyball,Open gym or tournament,122,8,976,Gym,1,
4081,41,164,2026-03-22,rest,Full rest day,0,0,0,Home,1,
4082,41,164,2026-03-23,strength,Lower-body strength,61,9,549,Gym,1,
4083,41,164,2026-03-24,plyometric,Jump power and elasticity,50,8,400,Track,1,
4084,41,164,2026-03-25,volleyball,Skill practice and gameplay,113,7,791,Court,1,
4085,41,164,2026-03-26,recovery,Mobility and low-intensity recovery,32,2,64,Court,1,
4086,41,164,2026-03-27,strength,Upper-body strength,64,7,448,Track,1,
4087,41,164,2026-03-28,volleyball,Open gym or tournament,126,6,756,Track,1,
4088,41,164,2026-03-29,rest,Full rest day,0,0,0,Track,1,
4089,41,164,2026-03-30,strength,Lower-body strength,68,8,544,Home,1,
4090,41,164,2026-03-31,plyometric,Jump power and elasticity,41,7,287,Home,1,
4091,41,164,2026-04-01,volleyball,Skill practice and gameplay,108,5,540,Gym,1,
4092,41,164,2026-04-02,recovery,Mobility and low-intensity recovery,26,3,78,Home,1,
4093,41,164,2026-04-03,strength,Upper-body strength,46,7,322,Track,1,
4094,41,164,2026-04-04,volleyball,Open gym or tournament,67,6,402,Home,1,
4095,41,164,2026-04-05,rest,Full rest day,0,0,0,Court,1,
4096,41,164,2026-04-06,strength,Lower-body strength,54,8,432,Court,1,
4097,41,164,2026-04-07,plyometric,Jump power and elasticity,31,7,217,Track,1,
4098,41,164,2026-04-08,volleyball,Skill practice and gameplay,120,7,840,Home,1,
4099,41,164,2026-04-09,rest,Full rest day,0,0,0,Home,1,
4100,41,164,2026-04-10,strength,Upper-body strength,80,5,400,Gym,1,
4101,42,165,2026-01-01,recovery,Mobility and low-intensity recovery,27,4,108,Gym,1,
4102,42,165,2026-01-02,strength,Upper-body strength,62,7,434,Court,1,
4103,42,165,2026-01-03,volleyball,Open gym or tournament,104,7,728,Track,1,
4104,42,165,2026-01-04,rest,Full rest day,0,0,0,Court,1,
4105,42,165,2026-01-05,strength,Lower-body strength,55,7,385,Track,1,
4106,42,165,2026-01-06,plyometric,Jump power and elasticity,49,7,343,Track,1,
4107,42,165,2026-01-07,volleyball,Skill practice and gameplay,104,7,728,Track,1,
4108,42,165,2026-01-08,recovery,Mobility and low-intensity recovery,34,2,68,Track,1,
4109,42,165,2026-01-09,strength,Upper-body strength,33,6,198,Home,1,
4110,42,165,2026-01-10,volleyball,Open gym or tournament,89,7,623,Track,1,
4111,42,165,2026-01-11,rest,Full rest day,0,0,0,Home,1,
4112,42,165,2026-01-12,strength,Lower-body strength,66,7,462,Track,1,
4113,42,165,2026-01-13,rest,Full rest day,0,0,0,Home,1,
4114,42,165,2026-01-14,volleyball,Skill practice and gameplay,96,6,576,Home,1,
4115,42,165,2026-01-15,recovery,Mobility and low-intensity recovery,22,2,44,Court,1,
4116,42,165,2026-01-16,strength,Upper-body strength,72,8,576,Court,1,
4117,42,165,2026-01-17,volleyball,Open gym or tournament,72,7,504,Gym,1,
4118,42,165,2026-01-18,rest,Full rest day,0,0,0,Court,1,
4119,42,165,2026-01-19,strength,Lower-body strength,55,7,385,Court,1,
4120,42,165,2026-01-20,rest,Full rest day,0,0,0,Track,1,
4121,42,165,2026-01-21,volleyball,Skill practice and gameplay,130,7,910,Gym,1,
4122,42,165,2026-01-22,recovery,Mobility and low-intensity recovery,38,4,152,Court,1,
4123,42,165,2026-01-23,strength,Upper-body strength,69,7,483,Court,1,
4124,42,165,2026-01-24,volleyball,Open gym or tournament,138,7,966,Home,1,
4125,42,165,2026-01-25,rest,Full rest day,0,0,0,Gym,1,
4126,42,166,2026-01-26,strength,Lower-body strength,53,6,318,Gym,1,
4127,42,166,2026-01-27,plyometric,Jump power and elasticity,35,7,245,Gym,1,
4128,42,166,2026-01-28,volleyball,Skill practice and gameplay,92,7,644,Home,1,
4129,42,166,2026-01-29,recovery,Mobility and low-intensity recovery,51,2,102,Gym,1,
4130,42,166,2026-01-30,strength,Upper-body strength,68,7,476,Gym,1,
4131,42,166,2026-01-31,volleyball,Open gym or tournament,122,8,976,Home,1,
4132,42,166,2026-02-01,rest,Full rest day,0,0,0,Gym,1,
4133,42,166,2026-02-02,strength,Lower-body strength,49,8,392,Gym,1,
4134,42,166,2026-02-03,plyometric,Jump power and elasticity,51,7,357,Track,1,
4135,42,166,2026-02-04,volleyball,Skill practice and gameplay,121,6,726,Court,1,
4136,42,166,2026-02-05,recovery,Mobility and low-intensity recovery,27,3,81,Gym,1,
4137,42,166,2026-02-06,strength,Upper-body strength,70,7,490,Home,1,
4138,42,166,2026-02-07,volleyball,Open gym or tournament,63,6,378,Track,1,
4139,42,166,2026-02-08,rest,Full rest day,0,0,0,Court,1,
4140,42,166,2026-02-09,strength,Lower-body strength,67,6,402,Court,1,
4141,42,166,2026-02-10,rest,Full rest day,0,0,0,Track,1,
4142,42,166,2026-02-11,volleyball,Skill practice and gameplay,77,8,616,Home,1,
4143,42,166,2026-02-12,recovery,Mobility and low-intensity recovery,38,3,114,Court,1,
4144,42,166,2026-02-13,strength,Upper-body strength,61,8,488,Court,1,
4145,42,166,2026-02-14,volleyball,Open gym or tournament,126,8,1008,Court,1,
4146,42,166,2026-02-15,rest,Full rest day,0,0,0,Gym,1,
4147,42,166,2026-02-16,strength,Lower-body strength,65,6,390,Gym,1,
4148,42,166,2026-02-17,plyometric,Jump power and elasticity,30,7,210,Track,1,
4149,42,166,2026-02-18,volleyball,Skill practice and gameplay,129,6,774,Track,1,
4150,42,166,2026-02-19,recovery,Mobility and low-intensity recovery,25,5,125,Home,1,
4151,42,167,2026-02-20,strength,Upper-body strength,65,7,455,Home,1,
4152,42,167,2026-02-21,volleyball,Open gym or tournament,126,8,1008,Track,1,
4153,42,167,2026-02-22,rest,Full rest day,0,0,0,Home,1,
4154,42,167,2026-02-23,strength,Lower-body strength,45,9,405,Court,1,
4155,42,167,2026-02-24,rest,Full rest day,0,0,0,Court,1,
4156,42,167,2026-02-25,volleyball,Skill practice and gameplay,96,7,672,Home,1,
4157,42,167,2026-02-26,recovery,Mobility and low-intensity recovery,37,3,111,Home,1,
4158,42,167,2026-02-27,strength,Upper-body strength,51,7,357,Track,1,
4159,42,167,2026-02-28,volleyball,Open gym or tournament,122,7,854,Track,1,
4160,42,167,2026-03-01,rest,Full rest day,0,0,0,Home,1,
4161,42,167,2026-03-02,strength,Lower-body strength,69,6,414,Court,1,
4162,42,167,2026-03-03,plyometric,Jump power and elasticity,51,8,408,Gym,1,
4163,42,167,2026-03-04,volleyball,Skill practice and gameplay,90,10,900,Home,1,
4164,42,167,2026-03-05,rest,Full rest day,0,0,0,Track,1,
4165,42,167,2026-03-06,strength,Upper-body strength,57,8,456,Track,1,
4166,42,167,2026-03-07,volleyball,Open gym or tournament,99,7,693,Home,1,
4167,42,167,2026-03-08,rest,Full rest day,0,0,0,Track,1,
4168,42,167,2026-03-09,strength,Lower-body strength,71,7,497,Court,1,
4169,42,167,2026-03-10,plyometric,Jump power and elasticity,56,7,392,Track,1,
4170,42,167,2026-03-11,volleyball,Skill practice and gameplay,114,7,798,Gym,1,
4171,42,167,2026-03-12,recovery,Mobility and low-intensity recovery,30,4,120,Gym,1,
4172,42,167,2026-03-13,strength,Upper-body strength,46,7,322,Court,1,
4173,42,167,2026-03-14,volleyball,Open gym or tournament,105,7,735,Track,1,
4174,42,167,2026-03-15,rest,Full rest day,0,0,0,Track,1,
4175,42,167,2026-03-16,strength,Lower-body strength,66,6,396,Home,1,
4176,42,168,2026-03-17,plyometric,Jump power and elasticity,36,8,288,Gym,1,
4177,42,168,2026-03-18,volleyball,Skill practice and gameplay,126,10,1260,Home,1,
4178,42,168,2026-03-19,recovery,Mobility and low-intensity recovery,33,2,66,Home,1,
4179,42,168,2026-03-20,strength,Upper-body strength,71,7,497,Track,1,
4180,42,168,2026-03-21,volleyball,Open gym or tournament,111,9,999,Gym,1,
4181,42,168,2026-03-22,rest,Full rest day,0,0,0,Home,1,
4182,42,168,2026-03-23,strength,Lower-body strength,45,7,315,Track,1,
4183,42,168,2026-03-24,plyometric,Jump power and elasticity,25,8,200,Court,1,
4184,42,168,2026-03-25,volleyball,Skill practice and gameplay,72,6,432,Gym,1,
4185,42,168,2026-03-26,recovery,Mobility and low-intensity recovery,25,5,125,Track,1,
4186,42,168,2026-03-27,strength,Upper-body strength,58,6,348,Court,1,
4187,42,168,2026-03-28,volleyball,Open gym or tournament,95,9,855,Home,1,
4188,42,168,2026-03-29,rest,Full rest day,0,0,0,Home,1,
4189,42,168,2026-03-30,strength,Lower-body strength,54,9,486,Home,1,
4190,42,168,2026-03-31,plyometric,Jump power and elasticity,41,8,328,Court,1,
4191,42,168,2026-04-01,volleyball,Skill practice and gameplay,88,6,528,Court,1,
4192,42,168,2026-04-02,recovery,Mobility and low-intensity recovery,29,4,116,Home,1,
4193,42,168,2026-04-03,strength,Upper-body strength,80,9,720,Home,1,
4194,42,168,2026-04-04,volleyball,Open gym or tournament,142,6,852,Court,1,
4195,42,168,2026-04-05,rest,Full rest day,0,0,0,Track,1,
4196,42,168,2026-04-06,strength,Lower-body strength,63,6,378,Gym,1,
4197,42,168,2026-04-07,plyometric,Jump power and elasticity,60,6,360,Home,1,
4198,42,168,2026-04-08,volleyball,Skill practice and gameplay,118,5,590,Court,1,
4199,42,168,2026-04-09,recovery,Mobility and low-intensity recovery,27,3,81,Track,1,
4200,42,168,2026-04-10,strength,Upper-body strength,74,7,518,Track,1,
4201,43,169,2026-01-01,recovery,Mobility and low-intensity recovery,25,1,25,Track,1,
4202,43,169,2026-01-02,strength,Upper-body strength,74,7,518,Home,1,
4203,43,169,2026-01-03,volleyball,Open gym or tournament,106,8,848,Court,1,
4204,43,169,2026-01-04,rest,Full rest day,0,0,0,Gym,1,
4205,43,169,2026-01-05,strength,Lower-body strength,60,6,360,Court,1,
4206,43,169,2026-01-06,plyometric,Jump power and elasticity,38,6,228,Court,1,
4207,43,169,2026-01-07,volleyball,Skill practice and gameplay,81,9,729,Track,1,
4208,43,169,2026-01-08,recovery,Mobility and low-intensity recovery,33,3,99,Gym,1,
4209,43,169,2026-01-09,strength,Upper-body strength,50,7,350,Home,1,
4210,43,169,2026-01-10,volleyball,Open gym or tournament,80,6,480,Home,1,
4211,43,169,2026-01-11,rest,Full rest day,0,0,0,Track,1,
4212,43,169,2026-01-12,rest,Full rest day,0,0,0,Home,1,
4213,43,169,2026-01-13,plyometric,Jump power and elasticity,40,9,360,Court,1,
4214,43,169,2026-01-14,volleyball,Skill practice and gameplay,107,7,749,Track,1,
4215,43,169,2026-01-15,recovery,Mobility and low-intensity recovery,46,4,184,Gym,1,
4216,43,169,2026-01-16,strength,Upper-body strength,61,8,488,Court,1,
4217,43,169,2026-01-17,rest,Full rest day,0,0,0,Gym,1,
4218,43,169,2026-01-18,rest,Full rest day,0,0,0,Gym,1,
4219,43,169,2026-01-19,strength,Lower-body strength,63,7,441,Court,1,
4220,43,169,2026-01-20,plyometric,Jump power and elasticity,30,7,210,Gym,1,
4221,43,169,2026-01-21,volleyball,Skill practice and gameplay,120,7,840,Track,1,
4222,43,169,2026-01-22,recovery,Mobility and low-intensity recovery,44,3,132,Track,1,
4223,43,169,2026-01-23,strength,Upper-body strength,60,7,420,Court,1,
4224,43,169,2026-01-24,volleyball,Open gym or tournament,94,7,658,Home,1,
4225,43,169,2026-01-25,rest,Full rest day,0,0,0,Gym,1,
4226,43,170,2026-01-26,strength,Lower-body strength,55,8,440,Court,1,
4227,43,170,2026-01-27,plyometric,Jump power and elasticity,61,7,427,Gym,1,
4228,43,170,2026-01-28,volleyball,Skill practice and gameplay,98,6,588,Court,1,
4229,43,170,2026-01-29,recovery,Mobility and low-intensity recovery,36,2,72,Gym,1,
4230,43,170,2026-01-30,strength,Upper-body strength,34,7,238,Home,1,
4231,43,170,2026-01-31,volleyball,Open gym or tournament,82,7,574,Court,1,
4232,43,170,2026-02-01,rest,Full rest day,0,0,0,Track,1,
4233,43,170,2026-02-02,strength,Lower-body strength,54,7,378,Home,1,
4234,43,170,2026-02-03,plyometric,Jump power and elasticity,47,7,329,Track,1,
4235,43,170,2026-02-04,volleyball,Skill practice and gameplay,104,6,624,Home,1,
4236,43,170,2026-02-05,recovery,Mobility and low-intensity recovery,36,2,72,Track,1,
4237,43,170,2026-02-06,strength,Upper-body strength,72,7,504,Home,1,
4238,43,170,2026-02-07,volleyball,Open gym or tournament,126,8,1008,Gym,1,
4239,43,170,2026-02-08,rest,Full rest day,0,0,0,Track,1,
4240,43,170,2026-02-09,strength,Lower-body strength,75,7,525,Gym,1,
4241,43,170,2026-02-10,plyometric,Jump power and elasticity,43,8,344,Court,1,
4242,43,170,2026-02-11,volleyball,Skill practice and gameplay,58,9,522,Gym,1,
4243,43,170,2026-02-12,recovery,Mobility and low-intensity recovery,38,3,114,Track,1,
4244,43,170,2026-02-13,strength,Upper-body strength,71,7,497,Home,1,
4245,43,170,2026-02-14,rest,Full rest day,0,0,0,Gym,1,
4246,43,170,2026-02-15,rest,Full rest day,0,0,0,Home,1,
4247,43,170,2026-02-16,strength,Lower-body strength,72,8,576,Court,1,
4248,43,170,2026-02-17,plyometric,Jump power and elasticity,51,7,357,Court,1,
4249,43,170,2026-02-18,volleyball,Skill practice and gameplay,83,9,747,Track,1,
4250,43,170,2026-02-19,recovery,Mobility and low-intensity recovery,43,4,172,Home,1,
4251,43,171,2026-02-20,strength,Upper-body strength,69,8,552,Gym,1,
4252,43,171,2026-02-21,volleyball,Open gym or tournament,112,8,896,Gym,1,
4253,43,171,2026-02-22,rest,Full rest day,0,0,0,Court,1,
4254,43,171,2026-02-23,strength,Lower-body strength,74,6,444,Home,1,
4255,43,171,2026-02-24,plyometric,Jump power and elasticity,48,7,336,Home,1,
4256,43,171,2026-02-25,volleyball,Skill practice and gameplay,76,7,532,Court,1,
4257,43,171,2026-02-26,rest,Full rest day,0,0,0,Gym,1,
4258,43,171,2026-02-27,strength,Upper-body strength,79,6,474,Court,1,
4259,43,171,2026-02-28,volleyball,Open gym or tournament,100,8,800,Home,1,
4260,43,171,2026-03-01,rest,Full rest day,0,0,0,Gym,1,
4261,43,171,2026-03-02,strength,Lower-body strength,53,7,371,Court,1,
4262,43,171,2026-03-03,plyometric,Jump power and elasticity,49,8,392,Home,1,
4263,43,171,2026-03-04,volleyball,Skill practice and gameplay,109,7,763,Home,1,
4264,43,171,2026-03-05,recovery,Mobility and low-intensity recovery,40,3,120,Track,1,
4265,43,171,2026-03-06,strength,Upper-body strength,63,8,504,Track,1,
4266,43,171,2026-03-07,volleyball,Open gym or tournament,149,7,1043,Court,1,
4267,43,171,2026-03-08,rest,Full rest day,0,0,0,Gym,1,
4268,43,171,2026-03-09,rest,Full rest day,0,0,0,Gym,1,
4269,43,171,2026-03-10,plyometric,Jump power and elasticity,21,7,147,Track,1,
4270,43,171,2026-03-11,volleyball,Skill practice and gameplay,102,8,816,Home,1,
4271,43,171,2026-03-12,recovery,Mobility and low-intensity recovery,45,4,180,Track,1,
4272,43,171,2026-03-13,rest,Full rest day,0,0,0,Court,1,
4273,43,171,2026-03-14,volleyball,Open gym or tournament,91,8,728,Track,1,
4274,43,171,2026-03-15,rest,Full rest day,0,0,0,Gym,1,
4275,43,171,2026-03-16,strength,Lower-body strength,52,7,364,Court,1,
4276,43,172,2026-03-17,plyometric,Jump power and elasticity,37,7,259,Gym,1,
4277,43,172,2026-03-18,volleyball,Skill practice and gameplay,113,8,904,Court,1,
4278,43,172,2026-03-19,recovery,Mobility and low-intensity recovery,34,3,102,Home,1,
4279,43,172,2026-03-20,rest,Full rest day,0,0,0,Track,1,
4280,43,172,2026-03-21,volleyball,Open gym or tournament,90,7,630,Gym,1,
4281,43,172,2026-03-22,rest,Full rest day,0,0,0,Court,1,
4282,43,172,2026-03-23,strength,Lower-body strength,53,8,424,Track,1,
4283,43,172,2026-03-24,plyometric,Jump power and elasticity,47,6,282,Gym,1,
4284,43,172,2026-03-25,volleyball,Skill practice and gameplay,68,10,680,Home,1,
4285,43,172,2026-03-26,recovery,Mobility and low-intensity recovery,43,2,86,Court,1,
4286,43,172,2026-03-27,strength,Upper-body strength,76,7,532,Gym,1,
4287,43,172,2026-03-28,volleyball,Open gym or tournament,94,6,564,Gym,1,
4288,43,172,2026-03-29,rest,Full rest day,0,0,0,Home,1,
4289,43,172,2026-03-30,strength,Lower-body strength,47,8,376,Court,1,
4290,43,172,2026-03-31,plyometric,Jump power and elasticity,45,5,225,Track,1,
4291,43,172,2026-04-01,volleyball,Skill practice and gameplay,90,8,720,Gym,1,
4292,43,172,2026-04-02,recovery,Mobility and low-intensity recovery,32,3,96,Court,1,
4293,43,172,2026-04-03,strength,Upper-body strength,65,6,390,Court,1,
4294,43,172,2026-04-04,volleyball,Open gym or tournament,94,4,376,Home,1,
4295,43,172,2026-04-05,rest,Full rest day,0,0,0,Gym,1,
4296,43,172,2026-04-06,strength,Lower-body strength,59,9,531,Track,1,
4297,43,172,2026-04-07,plyometric,Jump power and elasticity,35,7,245,Gym,1,
4298,43,172,2026-04-08,volleyball,Skill practice and gameplay,70,5,350,Gym,1,
4299,43,172,2026-04-09,recovery,Mobility and low-intensity recovery,47,3,141,Track,1,
4300,43,172,2026-04-10,strength,Upper-body strength,81,7,567,Court,1,
4301,44,173,2026-01-01,recovery,Mobility and low-intensity recovery,47,4,188,Gym,1,
4302,44,173,2026-01-02,strength,Upper-body strength,80,6,480,Court,1,
4303,44,173,2026-01-03,volleyball,Open gym or tournament,107,7,749,Home,1,
4304,44,173,2026-01-04,rest,Full rest day,0,0,0,Court,1,
4305,44,173,2026-01-05,strength,Lower-body strength,89,6,534,Track,1,
4306,44,173,2026-01-06,plyometric,Jump power and elasticity,49,8,392,Track,1,
4307,44,173,2026-01-07,volleyball,Skill practice and gameplay,80,9,720,Home,1,
4308,44,173,2026-01-08,recovery,Mobility and low-intensity recovery,31,4,124,Court,1,
4309,44,173,2026-01-09,strength,Upper-body strength,62,7,434,Gym,1,
4310,44,173,2026-01-10,volleyball,Open gym or tournament,110,7,770,Home,1,
4311,44,173,2026-01-11,rest,Full rest day,0,0,0,Track,1,
4312,44,173,2026-01-12,strength,Lower-body strength,90,9,810,Court,1,
4313,44,173,2026-01-13,plyometric,Jump power and elasticity,56,8,448,Track,1,
4314,44,173,2026-01-14,volleyball,Skill practice and gameplay,129,7,903,Gym,1,
4315,44,173,2026-01-15,recovery,Mobility and low-intensity recovery,39,2,78,Home,1,
4316,44,173,2026-01-16,strength,Upper-body strength,88,7,616,Home,1,
4317,44,173,2026-01-17,volleyball,Open gym or tournament,66,9,594,Track,1,
4318,44,173,2026-01-18,rest,Full rest day,0,0,0,Home,1,
4319,44,173,2026-01-19,strength,Lower-body strength,38,8,304,Court,1,
4320,44,173,2026-01-20,plyometric,Jump power and elasticity,52,5,260,Court,1,
4321,44,173,2026-01-21,volleyball,Skill practice and gameplay,121,7,847,Track,1,
4322,44,173,2026-01-22,rest,Full rest day,0,0,0,Track,1,
4323,44,173,2026-01-23,strength,Upper-body strength,68,7,476,Home,1,
4324,44,173,2026-01-24,volleyball,Open gym or tournament,80,10,800,Track,1,
4325,44,173,2026-01-25,rest,Full rest day,0,0,0,Court,1,
4326,44,174,2026-01-26,strength,Lower-body strength,63,6,378,Gym,1,
4327,44,174,2026-01-27,plyometric,Jump power and elasticity,50,9,450,Court,1,
4328,44,174,2026-01-28,volleyball,Skill practice and gameplay,124,8,992,Home,1,
4329,44,174,2026-01-29,recovery,Mobility and low-intensity recovery,22,4,88,Track,1,
4330,44,174,2026-01-30,strength,Upper-body strength,59,7,413,Track,1,
4331,44,174,2026-01-31,volleyball,Open gym or tournament,94,6,564,Track,1,
4332,44,174,2026-02-01,rest,Full rest day,0,0,0,Home,1,
4333,44,174,2026-02-02,strength,Lower-body strength,53,7,371,Gym,1,
4334,44,174,2026-02-03,plyometric,Jump power and elasticity,58,8,464,Home,1,
4335,44,174,2026-02-04,rest,Full rest day,0,0,0,Court,1,
4336,44,174,2026-02-05,recovery,Mobility and low-intensity recovery,31,2,62,Gym,1,
4337,44,174,2026-02-06,strength,Upper-body strength,83,8,664,Track,1,
4338,44,174,2026-02-07,volleyball,Open gym or tournament,149,7,1043,Court,1,
4339,44,174,2026-02-08,rest,Full rest day,0,0,0,Track,1,
4340,44,174,2026-02-09,strength,Lower-body strength,63,9,567,Gym,1,
4341,44,174,2026-02-10,plyometric,Jump power and elasticity,39,8,312,Home,1,
4342,44,174,2026-02-11,volleyball,Skill practice and gameplay,92,5,460,Court,1,
4343,44,174,2026-02-12,recovery,Mobility and low-intensity recovery,48,2,96,Home,1,
4344,44,174,2026-02-13,strength,Upper-body strength,70,6,420,Court,1,
4345,44,174,2026-02-14,volleyball,Open gym or tournament,97,8,776,Track,1,
4346,44,174,2026-02-15,rest,Full rest day,0,0,0,Track,1,
4347,44,174,2026-02-16,strength,Lower-body strength,59,7,413,Home,1,
4348,44,174,2026-02-17,plyometric,Jump power and elasticity,49,7,343,Track,1,
4349,44,174,2026-02-18,volleyball,Skill practice and gameplay,105,7,735,Gym,1,
4350,44,174,2026-02-19,recovery,Mobility and low-intensity recovery,38,3,114,Gym,1,
4351,44,175,2026-02-20,strength,Upper-body strength,56,8,448,Gym,1,
4352,44,175,2026-02-21,volleyball,Open gym or tournament,90,8,720,Gym,1,
4353,44,175,2026-02-22,rest,Full rest day,0,0,0,Court,1,
4354,44,175,2026-02-23,strength,Lower-body strength,38,7,266,Court,1,
4355,44,175,2026-02-24,rest,Full rest day,0,0,0,Gym,1,
4356,44,175,2026-02-25,volleyball,Skill practice and gameplay,93,9,837,Court,1,
4357,44,175,2026-02-26,recovery,Mobility and low-intensity recovery,33,4,132,Gym,1,
4358,44,175,2026-02-27,strength,Upper-body strength,61,7,427,Home,1,
4359,44,175,2026-02-28,rest,Full rest day,0,0,0,Court,1,
4360,44,175,2026-03-01,rest,Full rest day,0,0,0,Gym,1,
4361,44,175,2026-03-02,strength,Lower-body strength,54,8,432,Gym,1,
4362,44,175,2026-03-03,plyometric,Jump power and elasticity,47,6,282,Home,1,
4363,44,175,2026-03-04,volleyball,Skill practice and gameplay,126,6,756,Home,1,
4364,44,175,2026-03-05,recovery,Mobility and low-intensity recovery,36,5,180,Track,1,
4365,44,175,2026-03-06,rest,Full rest day,0,0,0,Gym,1,
4366,44,175,2026-03-07,volleyball,Open gym or tournament,101,7,707,Track,1,
4367,44,175,2026-03-08,rest,Full rest day,0,0,0,Court,1,
4368,44,175,2026-03-09,strength,Lower-body strength,67,8,536,Gym,1,
4369,44,175,2026-03-10,plyometric,Jump power and elasticity,45,7,315,Gym,1,
4370,44,175,2026-03-11,volleyball,Skill practice and gameplay,85,6,510,Court,1,
4371,44,175,2026-03-12,recovery,Mobility and low-intensity recovery,30,2,60,Home,1,
4372,44,175,2026-03-13,strength,Upper-body strength,86,8,688,Gym,1,
4373,44,175,2026-03-14,volleyball,Open gym or tournament,109,5,545,Home,1,
4374,44,175,2026-03-15,rest,Full rest day,0,0,0,Gym,1,
4375,44,175,2026-03-16,strength,Lower-body strength,58,7,406,Track,1,
4376,44,176,2026-03-17,plyometric,Jump power and elasticity,55,7,385,Home,1,
4377,44,176,2026-03-18,volleyball,Skill practice and gameplay,119,9,1071,Track,1,
4378,44,176,2026-03-19,recovery,Mobility and low-intensity recovery,36,3,108,Gym,1,
4379,44,176,2026-03-20,strength,Upper-body strength,84,6,504,Track,1,
4380,44,176,2026-03-21,volleyball,Open gym or tournament,128,6,768,Gym,1,
4381,44,176,2026-03-22,rest,Full rest day,0,0,0,Gym,1,
4382,44,176,2026-03-23,strength,Lower-body strength,76,5,380,Track,1,
4383,44,176,2026-03-24,plyometric,Jump power and elasticity,39,7,273,Gym,1,
4384,44,176,2026-03-25,volleyball,Skill practice and gameplay,66,8,528,Court,1,
4385,44,176,2026-03-26,recovery,Mobility and low-intensity recovery,27,3,81,Gym,1,
4386,44,176,2026-03-27,rest,Full rest day,0,0,0,Gym,1,
4387,44,176,2026-03-28,volleyball,Open gym or tournament,81,6,486,Court,1,
4388,44,176,2026-03-29,rest,Full rest day,0,0,0,Home,1,
4389,44,176,2026-03-30,strength,Lower-body strength,85,6,510,Court,1,
4390,44,176,2026-03-31,plyometric,Jump power and elasticity,60,7,420,Court,1,
4391,44,176,2026-04-01,volleyball,Skill practice and gameplay,120,8,960,Court,1,
4392,44,176,2026-04-02,recovery,Mobility and low-intensity recovery,37,3,111,Court,1,
4393,44,176,2026-04-03,strength,Upper-body strength,68,8,544,Home,1,
4394,44,176,2026-04-04,volleyball,Open gym or tournament,89,7,623,Gym,1,
4395,44,176,2026-04-05,rest,Full rest day,0,0,0,Track,1,
4396,44,176,2026-04-06,strength,Lower-body strength,65,8,520,Home,1,
4397,44,176,2026-04-07,plyometric,Jump power and elasticity,55,6,330,Home,1,
4398,44,176,2026-04-08,volleyball,Skill practice and gameplay,112,6,672,Gym,1,
4399,44,176,2026-04-09,recovery,Mobility and low-intensity recovery,43,3,129,Court,1,
4400,44,176,2026-04-10,strength,Upper-body strength,83,8,664,Court,1,
4401,45,177,2026-01-01,recovery,Mobility and low-intensity recovery,23,2,46,Home,1,
4402,45,177,2026-01-02,strength,Upper-body strength,74,7,518,Track,1,
4403,45,177,2026-01-03,rest,Full rest day,0,0,0,Court,1,
4404,45,177,2026-01-04,rest,Full rest day,0,0,0,Home,1,
4405,45,177,2026-01-05,rest,Full rest day,0,0,0,Track,1,
4406,45,177,2026-01-06,plyometric,Jump power and elasticity,33,7,231,Track,1,
4407,45,177,2026-01-07,volleyball,Skill practice and gameplay,128,7,896,Track,1,
4408,45,177,2026-01-08,recovery,Mobility and low-intensity recovery,34,1,34,Track,1,
4409,45,177,2026-01-09,strength,Upper-body strength,68,7,476,Home,1,
4410,45,177,2026-01-10,rest,Full rest day,0,0,0,Home,1,
4411,45,177,2026-01-11,rest,Full rest day,0,0,0,Track,1,
4412,45,177,2026-01-12,strength,Lower-body strength,72,6,432,Court,1,
4413,45,177,2026-01-13,plyometric,Jump power and elasticity,30,6,180,Court,1,
4414,45,177,2026-01-14,volleyball,Skill practice and gameplay,80,9,720,Home,1,
4415,45,177,2026-01-15,recovery,Mobility and low-intensity recovery,45,2,90,Track,1,
4416,45,177,2026-01-16,strength,Upper-body strength,76,7,532,Track,1,
4417,45,177,2026-01-17,volleyball,Open gym or tournament,138,8,1104,Home,1,
4418,45,177,2026-01-18,rest,Full rest day,0,0,0,Home,1,
4419,45,177,2026-01-19,strength,Lower-body strength,79,8,632,Home,1,
4420,45,177,2026-01-20,plyometric,Jump power and elasticity,39,7,273,Gym,1,
4421,45,177,2026-01-21,volleyball,Skill practice and gameplay,93,9,837,Gym,1,
4422,45,177,2026-01-22,recovery,Mobility and low-intensity recovery,34,2,68,Track,1,
4423,45,177,2026-01-23,strength,Upper-body strength,50,7,350,Gym,1,
4424,45,177,2026-01-24,volleyball,Open gym or tournament,50,6,300,Court,1,
4425,45,177,2026-01-25,rest,Full rest day,0,0,0,Track,1,
4426,45,178,2026-01-26,strength,Lower-body strength,54,7,378,Gym,1,
4427,45,178,2026-01-27,plyometric,Jump power and elasticity,38,5,190,Track,1,
4428,45,178,2026-01-28,volleyball,Skill practice and gameplay,115,7,805,Court,1,
4429,45,178,2026-01-29,recovery,Mobility and low-intensity recovery,37,2,74,Court,1,
4430,45,178,2026-01-30,strength,Upper-body strength,62,6,372,Track,1,
4431,45,178,2026-01-31,volleyball,Open gym or tournament,106,7,742,Gym,1,
4432,45,178,2026-02-01,rest,Full rest day,0,0,0,Track,1,
4433,45,178,2026-02-02,strength,Lower-body strength,56,7,392,Court,1,
4434,45,178,2026-02-03,rest,Full rest day,0,0,0,Gym,1,
4435,45,178,2026-02-04,rest,Full rest day,0,0,0,Gym,1,
4436,45,178,2026-02-05,recovery,Mobility and low-intensity recovery,22,2,44,Home,1,
4437,45,178,2026-02-06,strength,Upper-body strength,49,7,343,Track,1,
4438,45,178,2026-02-07,volleyball,Open gym or tournament,56,7,392,Court,1,
4439,45,178,2026-02-08,rest,Full rest day,0,0,0,Court,1,
4440,45,178,2026-02-09,strength,Lower-body strength,66,8,528,Track,1,
4441,45,178,2026-02-10,plyometric,Jump power and elasticity,35,9,315,Track,1,
4442,45,178,2026-02-11,volleyball,Skill practice and gameplay,89,5,445,Court,1,
4443,45,178,2026-02-12,recovery,Mobility and low-intensity recovery,33,3,99,Court,1,
4444,45,178,2026-02-13,strength,Upper-body strength,74,7,518,Track,1,
4445,45,178,2026-02-14,volleyball,Open gym or tournament,54,9,486,Track,1,
4446,45,178,2026-02-15,rest,Full rest day,0,0,0,Gym,1,
4447,45,178,2026-02-16,strength,Lower-body strength,78,7,546,Home,1,
4448,45,178,2026-02-17,plyometric,Jump power and elasticity,55,7,385,Court,1,
4449,45,178,2026-02-18,volleyball,Skill practice and gameplay,79,7,553,Gym,1,
4450,45,178,2026-02-19,recovery,Mobility and low-intensity recovery,51,2,102,Track,1,
4451,45,179,2026-02-20,strength,Upper-body strength,74,9,666,Home,1,
4452,45,179,2026-02-21,volleyball,Open gym or tournament,104,6,624,Court,1,
4453,45,179,2026-02-22,rest,Full rest day,0,0,0,Home,1,
4454,45,179,2026-02-23,strength,Lower-body strength,76,7,532,Gym,1,
4455,45,179,2026-02-24,plyometric,Jump power and elasticity,47,6,282,Track,1,
4456,45,179,2026-02-25,volleyball,Skill practice and gameplay,93,8,744,Gym,1,
4457,45,179,2026-02-26,recovery,Mobility and low-intensity recovery,35,3,105,Home,1,
4458,45,179,2026-02-27,strength,Upper-body strength,67,7,469,Gym,1,
4459,45,179,2026-02-28,volleyball,Open gym or tournament,89,6,534,Gym,1,
4460,45,179,2026-03-01,rest,Full rest day,0,0,0,Track,1,
4461,45,179,2026-03-02,strength,Lower-body strength,96,8,768,Track,1,
4462,45,179,2026-03-03,plyometric,Jump power and elasticity,44,7,308,Home,1,
4463,45,179,2026-03-04,volleyball,Skill practice and gameplay,74,6,444,Home,1,
4464,45,179,2026-03-05,recovery,Mobility and low-intensity recovery,33,3,99,Gym,1,
4465,45,179,2026-03-06,strength,Upper-body strength,60,7,420,Court,1,
4466,45,179,2026-03-07,volleyball,Open gym or tournament,122,6,732,Gym,1,
4467,45,179,2026-03-08,rest,Full rest day,0,0,0,Home,1,
4468,45,179,2026-03-09,strength,Lower-body strength,55,6,330,Gym,1,
4469,45,179,2026-03-10,plyometric,Jump power and elasticity,55,7,385,Track,1,
4470,45,179,2026-03-11,volleyball,Skill practice and gameplay,137,9,1233,Gym,1,
4471,45,179,2026-03-12,recovery,Mobility and low-intensity recovery,23,2,46,Track,1,
4472,45,179,2026-03-13,strength,Upper-body strength,78,7,546,Court,1,
4473,45,179,2026-03-14,volleyball,Open gym or tournament,116,7,812,Track,1,
4474,45,179,2026-03-15,rest,Full rest day,0,0,0,Court,1,
4475,45,179,2026-03-16,rest,Full rest day,0,0,0,Court,1,
4476,45,180,2026-03-17,plyometric,Jump power and elasticity,52,7,364,Gym,1,
4477,45,180,2026-03-18,volleyball,Skill practice and gameplay,100,7,700,Home,1,
4478,45,180,2026-03-19,recovery,Mobility and low-intensity recovery,51,1,51,Home,1,
4479,45,180,2026-03-20,strength,Upper-body strength,71,6,426,Gym,1,
4480,45,180,2026-03-21,rest,Full rest day,0,0,0,Court,1,
4481,45,180,2026-03-22,rest,Full rest day,0,0,0,Home,1,
4482,45,180,2026-03-23,strength,Lower-body strength,77,9,693,Track,1,
4483,45,180,2026-03-24,plyometric,Jump power and elasticity,54,7,378,Home,1,
4484,45,180,2026-03-25,volleyball,Skill practice and gameplay,135,7,945,Court,1,
4485,45,180,2026-03-26,recovery,Mobility and low-intensity recovery,44,5,220,Court,1,
4486,45,180,2026-03-27,strength,Upper-body strength,66,6,396,Track,1,
4487,45,180,2026-03-28,volleyball,Open gym or tournament,84,9,756,Gym,1,
4488,45,180,2026-03-29,rest,Full rest day,0,0,0,Home,1,
4489,45,180,2026-03-30,strength,Lower-body strength,53,7,371,Gym,1,
4490,45,180,2026-03-31,plyometric,Jump power and elasticity,47,6,282,Home,1,
4491,45,180,2026-04-01,volleyball,Skill practice and gameplay,116,8,928,Track,1,
4492,45,180,2026-04-02,recovery,Mobility and low-intensity recovery,20,2,40,Gym,1,
4493,45,180,2026-04-03,strength,Upper-body strength,73,8,584,Home,1,
4494,45,180,2026-04-04,volleyball,Open gym or tournament,86,7,602,Home,1,
4495,45,180,2026-04-05,rest,Full rest day,0,0,0,Court,1,
4496,45,180,2026-04-06,strength,Lower-body strength,65,7,455,Court,1,
4497,45,180,2026-04-07,plyometric,Jump power and elasticity,38,6,228,Home,1,
4498,45,180,2026-04-08,volleyball,Skill practice and gameplay,105,9,945,Court,1,
4499,45,180,2026-04-09,recovery,Mobility and low-intensity recovery,35,2,70,Home,1,
4500,45,180,2026-04-10,strength,Upper-body strength,63,5,315,Home,1,
4501,46,181,2026-01-01,recovery,Mobility and low-intensity recovery,29,3,87,Court,1,
4502,46,181,2026-01-02,strength,Upper-body strength,66,7,462,Court,1,
4503,46,181,2026-01-03,volleyball,Open gym or tournament,71,6,426,Court,1,
4504,46,181,2026-01-04,rest,Full rest day,0,0,0,Gym,1,
4505,46,181,2026-01-05,strength,Lower-body strength,65,7,455,Track,1,
4506,46,181,2026-01-06,plyometric,Jump power and elasticity,38,7,266,Home,1,
4507,46,181,2026-01-07,rest,Full rest day,0,0,0,Track,1,
4508,46,181,2026-01-08,recovery,Mobility and low-intensity recovery,42,2,84,Gym,1,
4509,46,181,2026-01-09,strength,Upper-body strength,56,5,280,Gym,1,
4510,46,181,2026-01-10,rest,Full rest day,0,0,0,Home,1,
4511,46,181,2026-01-11,rest,Full rest day,0,0,0,Home,1,
4512,46,181,2026-01-12,strength,Lower-body strength,60,5,300,Track,1,
4513,46,181,2026-01-13,rest,Full rest day,0,0,0,Track,1,
4514,46,181,2026-01-14,volleyball,Skill practice and gameplay,116,6,696,Court,1,
4515,46,181,2026-01-15,recovery,Mobility and low-intensity recovery,28,3,84,Track,1,
4516,46,181,2026-01-16,strength,Upper-body strength,68,7,476,Track,1,
4517,46,181,2026-01-17,volleyball,Open gym or tournament,118,8,944,Gym,1,
4518,46,181,2026-01-18,rest,Full rest day,0,0,0,Track,1,
4519,46,181,2026-01-19,rest,Full rest day,0,0,0,Court,1,
4520,46,181,2026-01-20,rest,Full rest day,0,0,0,Track,1,
4521,46,181,2026-01-21,rest,Full rest day,0,0,0,Home,1,
4522,46,181,2026-01-22,recovery,Mobility and low-intensity recovery,29,4,116,Court,1,
4523,46,181,2026-01-23,strength,Upper-body strength,52,7,364,Home,1,
4524,46,181,2026-01-24,volleyball,Open gym or tournament,95,8,760,Gym,1,
4525,46,181,2026-01-25,rest,Full rest day,0,0,0,Court,1,
4526,46,182,2026-01-26,strength,Lower-body strength,60,7,420,Court,1,
4527,46,182,2026-01-27,plyometric,Jump power and elasticity,54,7,378,Track,1,
4528,46,182,2026-01-28,volleyball,Skill practice and gameplay,131,7,917,Court,1,
4529,46,182,2026-01-29,recovery,Mobility and low-intensity recovery,40,5,200,Gym,1,
4530,46,182,2026-01-30,strength,Upper-body strength,74,8,592,Gym,1,
4531,46,182,2026-01-31,rest,Full rest day,0,0,0,Gym,1,
4532,46,182,2026-02-01,rest,Full rest day,0,0,0,Court,1,
4533,46,182,2026-02-02,strength,Lower-body strength,72,7,504,Court,1,
4534,46,182,2026-02-03,plyometric,Jump power and elasticity,47,7,329,Track,1,
4535,46,182,2026-02-04,volleyball,Skill practice and gameplay,93,7,651,Gym,1,
4536,46,182,2026-02-05,recovery,Mobility and low-intensity recovery,38,2,76,Track,1,
4537,46,182,2026-02-06,strength,Upper-body strength,86,8,688,Gym,1,
4538,46,182,2026-02-07,volleyball,Open gym or tournament,62,6,372,Track,1,
4539,46,182,2026-02-08,rest,Full rest day,0,0,0,Home,1,
4540,46,182,2026-02-09,strength,Lower-body strength,52,8,416,Home,1,
4541,46,182,2026-02-10,plyometric,Jump power and elasticity,30,5,150,Gym,1,
4542,46,182,2026-02-11,volleyball,Skill practice and gameplay,68,6,408,Track,1,
4543,46,182,2026-02-12,recovery,Mobility and low-intensity recovery,41,3,123,Court,1,
4544,46,182,2026-02-13,strength,Upper-body strength,75,7,525,Court,1,
4545,46,182,2026-02-14,volleyball,Open gym or tournament,136,6,816,Court,1,
4546,46,182,2026-02-15,rest,Full rest day,0,0,0,Track,1,
4547,46,182,2026-02-16,rest,Full rest day,0,0,0,Home,1,
4548,46,182,2026-02-17,rest,Full rest day,0,0,0,Court,1,
4549,46,182,2026-02-18,volleyball,Skill practice and gameplay,110,8,880,Gym,1,
4550,46,182,2026-02-19,recovery,Mobility and low-intensity recovery,44,3,132,Home,1,
4551,46,183,2026-02-20,strength,Upper-body strength,57,7,399,Gym,1,
4552,46,183,2026-02-21,volleyball,Open gym or tournament,74,5,370,Track,1,
4553,46,183,2026-02-22,rest,Full rest day,0,0,0,Court,1,
4554,46,183,2026-02-23,strength,Lower-body strength,59,6,354,Gym,1,
4555,46,183,2026-02-24,plyometric,Jump power and elasticity,38,8,304,Track,1,
4556,46,183,2026-02-25,volleyball,Skill practice and gameplay,93,5,465,Court,1,
4557,46,183,2026-02-26,recovery,Mobility and low-intensity recovery,31,3,93,Track,1,
4558,46,183,2026-02-27,strength,Upper-body strength,64,7,448,Gym,1,
4559,46,183,2026-02-28,volleyball,Open gym or tournament,94,7,658,Home,1,
4560,46,183,2026-03-01,rest,Full rest day,0,0,0,Gym,1,
4561,46,183,2026-03-02,strength,Lower-body strength,65,7,455,Gym,1,
4562,46,183,2026-03-03,plyometric,Jump power and elasticity,59,6,354,Home,1,
4563,46,183,2026-03-04,volleyball,Skill practice and gameplay,123,7,861,Track,1,
4564,46,183,2026-03-05,recovery,Mobility and low-intensity recovery,38,4,152,Track,1,
4565,46,183,2026-03-06,strength,Upper-body strength,55,7,385,Gym,1,
4566,46,183,2026-03-07,volleyball,Open gym or tournament,72,6,432,Gym,1,
4567,46,183,2026-03-08,rest,Full rest day,0,0,0,Track,1,
4568,46,183,2026-03-09,strength,Lower-body strength,66,8,528,Home,1,
4569,46,183,2026-03-10,plyometric,Jump power and elasticity,36,7,252,Court,1,
4570,46,183,2026-03-11,volleyball,Skill practice and gameplay,40,7,280,Home,1,
4571,46,183,2026-03-12,recovery,Mobility and low-intensity recovery,43,4,172,Gym,1,
4572,46,183,2026-03-13,strength,Upper-body strength,31,7,217,Track,1,
4573,46,183,2026-03-14,volleyball,Open gym or tournament,135,7,945,Home,1,
4574,46,183,2026-03-15,rest,Full rest day,0,0,0,Gym,1,
4575,46,183,2026-03-16,strength,Lower-body strength,89,8,712,Court,1,
4576,46,184,2026-03-17,plyometric,Jump power and elasticity,33,6,198,Court,1,
4577,46,184,2026-03-18,volleyball,Skill practice and gameplay,125,7,875,Home,1,
4578,46,184,2026-03-19,recovery,Mobility and low-intensity recovery,22,3,66,Gym,1,
4579,46,184,2026-03-20,strength,Upper-body strength,53,6,318,Gym,1,
4580,46,184,2026-03-21,volleyball,Open gym or tournament,87,8,696,Court,1,
4581,46,184,2026-03-22,rest,Full rest day,0,0,0,Track,1,
4582,46,184,2026-03-23,strength,Lower-body strength,78,7,546,Track,1,
4583,46,184,2026-03-24,rest,Full rest day,0,0,0,Home,1,
4584,46,184,2026-03-25,volleyball,Skill practice and gameplay,52,6,312,Home,1,
4585,46,184,2026-03-26,recovery,Mobility and low-intensity recovery,49,4,196,Court,1,
4586,46,184,2026-03-27,strength,Upper-body strength,65,8,520,Gym,1,
4587,46,184,2026-03-28,volleyball,Open gym or tournament,81,7,567,Track,1,
4588,46,184,2026-03-29,rest,Full rest day,0,0,0,Track,1,
4589,46,184,2026-03-30,strength,Lower-body strength,61,8,488,Track,1,
4590,46,184,2026-03-31,plyometric,Jump power and elasticity,29,8,232,Track,1,
4591,46,184,2026-04-01,volleyball,Skill practice and gameplay,57,7,399,Court,1,
4592,46,184,2026-04-02,recovery,Mobility and low-intensity recovery,34,3,102,Track,1,
4593,46,184,2026-04-03,strength,Upper-body strength,57,8,456,Gym,1,
4594,46,184,2026-04-04,volleyball,Open gym or tournament,102,8,816,Track,1,
4595,46,184,2026-04-05,rest,Full rest day,0,0,0,Home,1,
4596,46,184,2026-04-06,strength,Lower-body strength,67,8,536,Gym,1,
4597,46,184,2026-04-07,plyometric,Jump power and elasticity,49,5,245,Track,1,
4598,46,184,2026-04-08,rest,Full rest day,0,0,0,Court,1,
4599,46,184,2026-04-09,recovery,Mobility and low-intensity recovery,25,1,25,Court,1,
4600,46,184,2026-04-10,strength,Upper-body strength,46,8,368,Track,1,
4601,47,185,2026-01-01,recovery,Mobility and low-intensity recovery,43,4,172,Home,1,
4602,47,185,2026-01-02,strength,Upper-body strength,90,8,720,Court,1,
4603,47,185,2026-01-03,volleyball,Open gym or tournament,133,7,931,Gym,1,
4604,47,185,2026-01-04,rest,Full rest day,0,0,0,Home,1,
4605,47,185,2026-01-05,rest,Full rest day,0,0,0,Court,1,
4606,47,185,2026-01-06,plyometric,Jump power and elasticity,72,7,504,Home,1,
4607,47,185,2026-01-07,volleyball,Skill practice and gameplay,160,8,1280,Court,1,
4608,47,185,2026-01-08,recovery,Mobility and low-intensity recovery,40,5,200,Court,1,
4609,47,185,2026-01-09,strength,Upper-body strength,71,6,426,Home,1,
4610,47,185,2026-01-10,volleyball,Open gym or tournament,82,7,574,Track,1,
4611,47,185,2026-01-11,rest,Full rest day,0,0,0,Track,1,
4612,47,185,2026-01-12,strength,Lower-body strength,68,7,476,Home,1,
4613,47,185,2026-01-13,rest,Full rest day,0,0,0,Court,1,
4614,47,185,2026-01-14,volleyball,Skill practice and gameplay,70,8,560,Court,1,
4615,47,185,2026-01-15,recovery,Mobility and low-intensity recovery,37,3,111,Court,1,
4616,47,185,2026-01-16,strength,Upper-body strength,68,5,340,Court,1,
4617,47,185,2026-01-17,volleyball,Open gym or tournament,101,7,707,Court,1,
4618,47,185,2026-01-18,rest,Full rest day,0,0,0,Track,1,
4619,47,185,2026-01-19,strength,Lower-body strength,52,6,312,Court,1,
4620,47,185,2026-01-20,plyometric,Jump power and elasticity,39,6,234,Home,1,
4621,47,185,2026-01-21,volleyball,Skill practice and gameplay,75,6,450,Court,1,
4622,47,185,2026-01-22,recovery,Mobility and low-intensity recovery,31,4,124,Court,1,
4623,47,185,2026-01-23,strength,Upper-body strength,86,7,602,Track,1,
4624,47,185,2026-01-24,volleyball,Open gym or tournament,122,4,488,Gym,1,
4625,47,185,2026-01-25,rest,Full rest day,0,0,0,Gym,1,
4626,47,186,2026-01-26,strength,Lower-body strength,87,6,522,Court,1,
4627,47,186,2026-01-27,plyometric,Jump power and elasticity,49,8,392,Track,1,
4628,47,186,2026-01-28,volleyball,Skill practice and gameplay,91,10,910,Court,1,
4629,47,186,2026-01-29,recovery,Mobility and low-intensity recovery,29,3,87,Gym,1,
4630,47,186,2026-01-30,strength,Upper-body strength,70,7,490,Track,1,
4631,47,186,2026-01-31,volleyball,Open gym or tournament,69,5,345,Home,1,
4632,47,186,2026-02-01,rest,Full rest day,0,0,0,Home,1,
4633,47,186,2026-02-02,strength,Lower-body strength,72,7,504,Track,1,
4634,47,186,2026-02-03,plyometric,Jump power and elasticity,42,5,210,Home,1,
4635,47,186,2026-02-04,volleyball,Skill practice and gameplay,149,9,1341,Track,1,
4636,47,186,2026-02-05,recovery,Mobility and low-intensity recovery,26,4,104,Court,1,
4637,47,186,2026-02-06,strength,Upper-body strength,72,7,504,Court,1,
4638,47,186,2026-02-07,volleyball,Open gym or tournament,65,5,325,Gym,1,
4639,47,186,2026-02-08,rest,Full rest day,0,0,0,Court,1,
4640,47,186,2026-02-09,strength,Lower-body strength,81,8,648,Court,1,
4641,47,186,2026-02-10,plyometric,Jump power and elasticity,35,6,210,Gym,1,
4642,47,186,2026-02-11,volleyball,Skill practice and gameplay,81,6,486,Track,1,
4643,47,186,2026-02-12,recovery,Mobility and low-intensity recovery,43,1,43,Court,1,
4644,47,186,2026-02-13,strength,Upper-body strength,66,7,462,Court,1,
4645,47,186,2026-02-14,volleyball,Open gym or tournament,75,6,450,Court,1,
4646,47,186,2026-02-15,rest,Full rest day,0,0,0,Gym,1,
4647,47,186,2026-02-16,strength,Lower-body strength,60,7,420,Track,1,
4648,47,186,2026-02-17,plyometric,Jump power and elasticity,45,7,315,Gym,1,
4649,47,186,2026-02-18,rest,Full rest day,0,0,0,Home,1,
4650,47,186,2026-02-19,recovery,Mobility and low-intensity recovery,26,2,52,Court,1,
4651,47,187,2026-02-20,strength,Upper-body strength,53,8,424,Home,1,
4652,47,187,2026-02-21,volleyball,Open gym or tournament,105,9,945,Track,1,
4653,47,187,2026-02-22,rest,Full rest day,0,0,0,Court,1,
4654,47,187,2026-02-23,strength,Lower-body strength,50,5,250,Home,1,
4655,47,187,2026-02-24,plyometric,Jump power and elasticity,44,8,352,Home,1,
4656,47,187,2026-02-25,volleyball,Skill practice and gameplay,76,5,380,Home,1,
4657,47,187,2026-02-26,recovery,Mobility and low-intensity recovery,39,4,156,Court,1,
4658,47,187,2026-02-27,strength,Upper-body strength,73,5,365,Court,1,
4659,47,187,2026-02-28,volleyball,Open gym or tournament,116,7,812,Court,1,
4660,47,187,2026-03-01,rest,Full rest day,0,0,0,Court,1,
4661,47,187,2026-03-02,strength,Lower-body strength,52,7,364,Gym,1,
4662,47,187,2026-03-03,plyometric,Jump power and elasticity,38,6,228,Home,1,
4663,47,187,2026-03-04,volleyball,Skill practice and gameplay,58,7,406,Gym,1,
4664,47,187,2026-03-05,recovery,Mobility and low-intensity recovery,27,2,54,Track,1,
4665,47,187,2026-03-06,strength,Upper-body strength,72,9,648,Home,1,
4666,47,187,2026-03-07,volleyball,Open gym or tournament,84,8,672,Court,1,
4667,47,187,2026-03-08,rest,Full rest day,0,0,0,Court,1,
4668,47,187,2026-03-09,strength,Lower-body strength,65,6,390,Court,1,
4669,47,187,2026-03-10,plyometric,Jump power and elasticity,46,8,368,Gym,1,
4670,47,187,2026-03-11,volleyball,Skill practice and gameplay,99,9,891,Court,1,
4671,47,187,2026-03-12,recovery,Mobility and low-intensity recovery,41,4,164,Home,1,
4672,47,187,2026-03-13,strength,Upper-body strength,60,7,420,Home,1,
4673,47,187,2026-03-14,volleyball,Open gym or tournament,86,7,602,Track,1,
4674,47,187,2026-03-15,rest,Full rest day,0,0,0,Home,1,
4675,47,187,2026-03-16,strength,Lower-body strength,75,6,450,Court,1,
4676,47,188,2026-03-17,plyometric,Jump power and elasticity,33,8,264,Home,1,
4677,47,188,2026-03-18,rest,Full rest day,0,0,0,Home,1,
4678,47,188,2026-03-19,recovery,Mobility and low-intensity recovery,26,5,130,Gym,1,
4679,47,188,2026-03-20,strength,Upper-body strength,55,7,385,Home,1,
4680,47,188,2026-03-21,volleyball,Open gym or tournament,94,7,658,Track,1,
4681,47,188,2026-03-22,rest,Full rest day,0,0,0,Home,1,
4682,47,188,2026-03-23,strength,Lower-body strength,82,6,492,Gym,1,
4683,47,188,2026-03-24,plyometric,Jump power and elasticity,46,8,368,Gym,1,
4684,47,188,2026-03-25,rest,Full rest day,0,0,0,Home,1,
4685,47,188,2026-03-26,rest,Full rest day,0,0,0,Home,1,
4686,47,188,2026-03-27,strength,Upper-body strength,46,7,322,Gym,1,
4687,47,188,2026-03-28,volleyball,Open gym or tournament,117,6,702,Court,1,
4688,47,188,2026-03-29,rest,Full rest day,0,0,0,Home,1,
4689,47,188,2026-03-30,strength,Lower-body strength,51,6,306,Gym,1,
4690,47,188,2026-03-31,plyometric,Jump power and elasticity,47,7,329,Home,1,
4691,47,188,2026-04-01,volleyball,Skill practice and gameplay,129,8,1032,Gym,1,
4692,47,188,2026-04-02,recovery,Mobility and low-intensity recovery,31,5,155,Court,1,
4693,47,188,2026-04-03,strength,Upper-body strength,43,6,258,Track,1,
4694,47,188,2026-04-04,volleyball,Open gym or tournament,101,8,808,Home,1,
4695,47,188,2026-04-05,rest,Full rest day,0,0,0,Home,1,
4696,47,188,2026-04-06,strength,Lower-body strength,54,7,378,Track,1,
4697,47,188,2026-04-07,plyometric,Jump power and elasticity,39,7,273,Track,1,
4698,47,188,2026-04-08,volleyball,Skill practice and gameplay,101,7,707,Home,1,
4699,47,188,2026-04-09,recovery,Mobility and low-intensity recovery,34,3,102,Court,1,
4700,47,188,2026-04-10,strength,Upper-body strength,55,9,495,Home,1,
4701,48,189,2026-01-01,recovery,Mobility and low-intensity recovery,26,3,78,Track,1,
4702,48,189,2026-01-02,strength,Upper-body strength,86,7,602,Gym,1,
4703,48,189,2026-01-03,volleyball,Open gym or tournament,103,8,824,Court,1,
4704,48,189,2026-01-04,rest,Full rest day,0,0,0,Home,1,
4705,48,189,2026-01-05,strength,Lower-body strength,59,8,472,Home,1,
4706,48,189,2026-01-06,plyometric,Jump power and elasticity,56,8,448,Gym,1,
4707,48,189,2026-01-07,volleyball,Skill practice and gameplay,110,5,550,Gym,1,
4708,48,189,2026-01-08,recovery,Mobility and low-intensity recovery,32,3,96,Court,1,
4709,48,189,2026-01-09,strength,Upper-body strength,63,7,441,Court,1,
4710,48,189,2026-01-10,volleyball,Open gym or tournament,103,6,618,Home,1,
4711,48,189,2026-01-11,rest,Full rest day,0,0,0,Home,1,
4712,48,189,2026-01-12,strength,Lower-body strength,73,7,511,Track,1,
4713,48,189,2026-01-13,plyometric,Jump power and elasticity,37,8,296,Home,1,
4714,48,189,2026-01-14,volleyball,Skill practice and gameplay,86,7,602,Gym,1,
4715,48,189,2026-01-15,rest,Full rest day,0,0,0,Court,1,
4716,48,189,2026-01-16,strength,Upper-body strength,82,6,492,Home,1,
4717,48,189,2026-01-17,volleyball,Open gym or tournament,84,9,756,Court,1,
4718,48,189,2026-01-18,rest,Full rest day,0,0,0,Home,1,
4719,48,189,2026-01-19,strength,Lower-body strength,49,5,245,Gym,1,
4720,48,189,2026-01-20,plyometric,Jump power and elasticity,28,5,140,Track,1,
4721,48,189,2026-01-21,volleyball,Skill practice and gameplay,116,7,812,Track,1,
4722,48,189,2026-01-22,recovery,Mobility and low-intensity recovery,37,4,148,Court,1,
4723,48,189,2026-01-23,strength,Upper-body strength,48,7,336,Gym,1,
4724,48,189,2026-01-24,volleyball,Open gym or tournament,94,7,658,Gym,1,
4725,48,189,2026-01-25,rest,Full rest day,0,0,0,Gym,1,
4726,48,190,2026-01-26,strength,Lower-body strength,58,7,406,Home,1,
4727,48,190,2026-01-27,plyometric,Jump power and elasticity,47,7,329,Track,1,
4728,48,190,2026-01-28,volleyball,Skill practice and gameplay,70,5,350,Gym,1,
4729,48,190,2026-01-29,recovery,Mobility and low-intensity recovery,30,2,60,Home,1,
4730,48,190,2026-01-30,strength,Upper-body strength,78,6,468,Court,1,
4731,48,190,2026-01-31,volleyball,Open gym or tournament,81,7,567,Home,1,
4732,48,190,2026-02-01,rest,Full rest day,0,0,0,Home,1,
4733,48,190,2026-02-02,strength,Lower-body strength,38,8,304,Gym,1,
4734,48,190,2026-02-03,plyometric,Jump power and elasticity,35,8,280,Court,1,
4735,48,190,2026-02-04,volleyball,Skill practice and gameplay,34,6,204,Track,1,
4736,48,190,2026-02-05,recovery,Mobility and low-intensity recovery,35,3,105,Court,1,
4737,48,190,2026-02-06,strength,Upper-body strength,47,5,235,Court,1,
4738,48,190,2026-02-07,volleyball,Open gym or tournament,161,7,1127,Court,1,
4739,48,190,2026-02-08,rest,Full rest day,0,0,0,Court,1,
4740,48,190,2026-02-09,strength,Lower-body strength,75,7,525,Gym,1,
4741,48,190,2026-02-10,plyometric,Jump power and elasticity,51,9,459,Home,1,
4742,48,190,2026-02-11,volleyball,Skill practice and gameplay,139,6,834,Track,1,
4743,48,190,2026-02-12,recovery,Mobility and low-intensity recovery,37,3,111,Track,1,
4744,48,190,2026-02-13,strength,Upper-body strength,56,9,504,Home,1,
4745,48,190,2026-02-14,volleyball,Open gym or tournament,62,7,434,Track,1,
4746,48,190,2026-02-15,rest,Full rest day,0,0,0,Court,1,
4747,48,190,2026-02-16,strength,Lower-body strength,68,7,476,Gym,1,
4748,48,190,2026-02-17,plyometric,Jump power and elasticity,34,9,306,Court,1,
4749,48,190,2026-02-18,volleyball,Skill practice and gameplay,76,8,608,Court,1,
4750,48,190,2026-02-19,recovery,Mobility and low-intensity recovery,34,3,102,Gym,1,
4751,48,191,2026-02-20,strength,Upper-body strength,63,7,441,Track,1,
4752,48,191,2026-02-21,volleyball,Open gym or tournament,99,6,594,Gym,1,
4753,48,191,2026-02-22,rest,Full rest day,0,0,0,Home,1,
4754,48,191,2026-02-23,strength,Lower-body strength,47,8,376,Home,1,
4755,48,191,2026-02-24,rest,Full rest day,0,0,0,Home,1,
4756,48,191,2026-02-25,volleyball,Skill practice and gameplay,79,9,711,Gym,1,
4757,48,191,2026-02-26,recovery,Mobility and low-intensity recovery,46,5,230,Home,1,
4758,48,191,2026-02-27,strength,Upper-body strength,56,6,336,Court,1,
4759,48,191,2026-02-28,volleyball,Open gym or tournament,157,10,1570,Court,1,
4760,48,191,2026-03-01,rest,Full rest day,0,0,0,Home,1,
4761,48,191,2026-03-02,strength,Lower-body strength,69,8,552,Home,1,
4762,48,191,2026-03-03,plyometric,Jump power and elasticity,37,9,333,Home,1,
4763,48,191,2026-03-04,volleyball,Skill practice and gameplay,105,8,840,Home,1,
4764,48,191,2026-03-05,recovery,Mobility and low-intensity recovery,38,4,152,Gym,1,
4765,48,191,2026-03-06,rest,Full rest day,0,0,0,Gym,1,
4766,48,191,2026-03-07,volleyball,Open gym or tournament,98,6,588,Court,1,
4767,48,191,2026-03-08,rest,Full rest day,0,0,0,Track,1,
4768,48,191,2026-03-09,strength,Lower-body strength,66,8,528,Court,1,
4769,48,191,2026-03-10,plyometric,Jump power and elasticity,37,6,222,Gym,1,
4770,48,191,2026-03-11,volleyball,Skill practice and gameplay,66,8,528,Court,1,
4771,48,191,2026-03-12,recovery,Mobility and low-intensity recovery,32,1,32,Court,1,
4772,48,191,2026-03-13,strength,Upper-body strength,72,6,432,Gym,1,
4773,48,191,2026-03-14,volleyball,Open gym or tournament,106,4,424,Track,1,
4774,48,191,2026-03-15,rest,Full rest day,0,0,0,Gym,1,
4775,48,191,2026-03-16,strength,Lower-body strength,59,7,413,Court,1,
4776,48,192,2026-03-17,plyometric,Jump power and elasticity,30,6,180,Gym,1,
4777,48,192,2026-03-18,volleyball,Skill practice and gameplay,46,5,230,Track,1,
4778,48,192,2026-03-19,recovery,Mobility and low-intensity recovery,27,4,108,Track,1,
4779,48,192,2026-03-20,strength,Upper-body strength,85,7,595,Gym,1,
4780,48,192,2026-03-21,volleyball,Open gym or tournament,114,7,798,Gym,1,
4781,48,192,2026-03-22,rest,Full rest day,0,0,0,Gym,1,
4782,48,192,2026-03-23,strength,Lower-body strength,58,5,290,Home,1,
4783,48,192,2026-03-24,plyometric,Jump power and elasticity,46,8,368,Court,1,
4784,48,192,2026-03-25,volleyball,Skill practice and gameplay,110,6,660,Court,1,
4785,48,192,2026-03-26,recovery,Mobility and low-intensity recovery,40,3,120,Track,1,
4786,48,192,2026-03-27,strength,Upper-body strength,59,6,354,Court,1,
4787,48,192,2026-03-28,volleyball,Open gym or tournament,124,7,868,Home,1,
4788,48,192,2026-03-29,rest,Full rest day,0,0,0,Track,1,
4789,48,192,2026-03-30,strength,Lower-body strength,61,6,366,Gym,1,
4790,48,192,2026-03-31,plyometric,Jump power and elasticity,48,8,384,Gym,1,
4791,48,192,2026-04-01,volleyball,Skill practice and gameplay,53,7,371,Track,1,
4792,48,192,2026-04-02,recovery,Mobility and low-intensity recovery,35,1,35,Track,1,
4793,48,192,2026-04-03,strength,Upper-body strength,57,7,399,Track,1,
4794,48,192,2026-04-04,volleyball,Open gym or tournament,69,5,345,Home,1,
4795,48,192,2026-04-05,rest,Full rest day,0,0,0,Gym,1,
4796,48,192,2026-04-06,strength,Lower-body strength,73,8,584,Home,1,
4797,48,192,2026-04-07,plyometric,Jump power and elasticity,40,8,320,Gym,1,
4798,48,192,2026-04-08,volleyball,Skill practice and gameplay,155,7,1085,Track,1,
4799,48,192,2026-04-09,recovery,Mobility and low-intensity recovery,33,2,66,Home,1,
4800,48,192,2026-04-10,strength,Upper-body strength,59,6,354,Court,1,
4801,49,193,2026-01-01,recovery,Mobility and low-intensity recovery,35,5,175,Gym,1,
4802,49,193,2026-01-02,strength,Upper-body strength,59,7,413,Track,1,
4803,49,193,2026-01-03,volleyball,Open gym or tournament,78,8,624,Track,1,
4804,49,193,2026-01-04,rest,Full rest day,0,0,0,Home,1,
4805,49,193,2026-01-05,strength,Lower-body strength,76,8,608,Court,1,
4806,49,193,2026-01-06,plyometric,Jump power and elasticity,60,6,360,Court,1,
4807,49,193,2026-01-07,volleyball,Skill practice and gameplay,112,10,1120,Gym,1,
4808,49,193,2026-01-08,recovery,Mobility and low-intensity recovery,27,3,81,Gym,1,
4809,49,193,2026-01-09,strength,Upper-body strength,80,6,480,Gym,1,
4810,49,193,2026-01-10,volleyball,Open gym or tournament,124,6,744,Home,1,
4811,49,193,2026-01-11,rest,Full rest day,0,0,0,Track,1,
4812,49,193,2026-01-12,strength,Lower-body strength,69,6,414,Home,1,
4813,49,193,2026-01-13,plyometric,Jump power and elasticity,53,6,318,Track,1,
4814,49,193,2026-01-14,volleyball,Skill practice and gameplay,130,4,520,Track,1,
4815,49,193,2026-01-15,recovery,Mobility and low-intensity recovery,21,2,42,Track,1,
4816,49,193,2026-01-16,strength,Upper-body strength,70,6,420,Court,1,
4817,49,193,2026-01-17,rest,Full rest day,0,0,0,Home,1,
4818,49,193,2026-01-18,rest,Full rest day,0,0,0,Home,1,
4819,49,193,2026-01-19,strength,Lower-body strength,73,7,511,Home,1,
4820,49,193,2026-01-20,rest,Full rest day,0,0,0,Court,1,
4821,49,193,2026-01-21,volleyball,Skill practice and gameplay,84,7,588,Court,1,
4822,49,193,2026-01-22,recovery,Mobility and low-intensity recovery,38,3,114,Track,1,
4823,49,193,2026-01-23,strength,Upper-body strength,78,7,546,Court,1,
4824,49,193,2026-01-24,volleyball,Open gym or tournament,103,7,721,Gym,1,
4825,49,193,2026-01-25,rest,Full rest day,0,0,0,Gym,1,
4826,49,194,2026-01-26,strength,Lower-body strength,83,7,581,Gym,1,
4827,49,194,2026-01-27,plyometric,Jump power and elasticity,57,7,399,Home,1,
4828,49,194,2026-01-28,volleyball,Skill practice and gameplay,99,9,891,Gym,1,
4829,49,194,2026-01-29,recovery,Mobility and low-intensity recovery,34,2,68,Court,1,
4830,49,194,2026-01-30,strength,Upper-body strength,89,7,623,Home,1,
4831,49,194,2026-01-31,volleyball,Open gym or tournament,42,7,294,Home,1,
4832,49,194,2026-02-01,rest,Full rest day,0,0,0,Gym,1,
4833,49,194,2026-02-02,rest,Full rest day,0,0,0,Track,1,
4834,49,194,2026-02-03,plyometric,Jump power and elasticity,57,8,456,Track,1,
4835,49,194,2026-02-04,rest,Full rest day,0,0,0,Court,1,
4836,49,194,2026-02-05,recovery,Mobility and low-intensity recovery,50,4,200,Gym,1,
4837,49,194,2026-02-06,strength,Upper-body strength,44,7,308,Court,1,
4838,49,194,2026-02-07,rest,Full rest day,0,0,0,Track,1,
4839,49,194,2026-02-08,rest,Full rest day,0,0,0,Track,1,
4840,49,194,2026-02-09,strength,Lower-body strength,56,7,392,Gym,1,
4841,49,194,2026-02-10,plyometric,Jump power and elasticity,37,5,185,Track,1,
4842,49,194,2026-02-11,volleyball,Skill practice and gameplay,72,4,288,Track,1,
4843,49,194,2026-02-12,recovery,Mobility and low-intensity recovery,35,2,70,Track,1,
4844,49,194,2026-02-13,strength,Upper-body strength,72,7,504,Gym,1,
4845,49,194,2026-02-14,volleyball,Open gym or tournament,95,5,475,Gym,1,
4846,49,194,2026-02-15,rest,Full rest day,0,0,0,Track,1,
4847,49,194,2026-02-16,strength,Lower-body strength,57,6,342,Track,1,
4848,49,194,2026-02-17,plyometric,Jump power and elasticity,57,6,342,Home,1,
4849,49,194,2026-02-18,volleyball,Skill practice and gameplay,71,8,568,Gym,1,
4850,49,194,2026-02-19,recovery,Mobility and low-intensity recovery,32,3,96,Court,1,
4851,49,195,2026-02-20,strength,Upper-body strength,83,7,581,Court,1,
4852,49,195,2026-02-21,volleyball,Open gym or tournament,64,6,384,Track,1,
4853,49,195,2026-02-22,rest,Full rest day,0,0,0,Track,1,
4854,49,195,2026-02-23,strength,Lower-body strength,70,7,490,Home,1,
4855,49,195,2026-02-24,plyometric,Jump power and elasticity,25,7,175,Home,1,
4856,49,195,2026-02-25,volleyball,Skill practice and gameplay,60,7,420,Gym,1,
4857,49,195,2026-02-26,recovery,Mobility and low-intensity recovery,23,4,92,Court,1,
4858,49,195,2026-02-27,strength,Upper-body strength,35,5,175,Home,1,
4859,49,195,2026-02-28,volleyball,Open gym or tournament,131,8,1048,Court,1,
4860,49,195,2026-03-01,rest,Full rest day,0,0,0,Home,1,
4861,49,195,2026-03-02,strength,Lower-body strength,55,6,330,Track,1,
4862,49,195,2026-03-03,plyometric,Jump power and elasticity,46,6,276,Home,1,
4863,49,195,2026-03-04,volleyball,Skill practice and gameplay,36,9,324,Home,1,
4864,49,195,2026-03-05,recovery,Mobility and low-intensity recovery,30,3,90,Gym,1,
4865,49,195,2026-03-06,strength,Upper-body strength,28,7,196,Track,1,
4866,49,195,2026-03-07,rest,Full rest day,0,0,0,Track,1,
4867,49,195,2026-03-08,rest,Full rest day,0,0,0,Gym,1,
4868,49,195,2026-03-09,rest,Full rest day,0,0,0,Court,1,
4869,49,195,2026-03-10,plyometric,Jump power and elasticity,44,5,220,Track,1,
4870,49,195,2026-03-11,volleyball,Skill practice and gameplay,73,5,365,Track,1,
4871,49,195,2026-03-12,recovery,Mobility and low-intensity recovery,45,3,135,Gym,1,
4872,49,195,2026-03-13,rest,Full rest day,0,0,0,Court,1,
4873,49,195,2026-03-14,volleyball,Open gym or tournament,124,6,744,Track,1,
4874,49,195,2026-03-15,rest,Full rest day,0,0,0,Gym,1,
4875,49,195,2026-03-16,strength,Lower-body strength,64,6,384,Track,1,
4876,49,196,2026-03-17,plyometric,Jump power and elasticity,49,8,392,Home,1,
4877,49,196,2026-03-18,rest,Full rest day,0,0,0,Court,1,
4878,49,196,2026-03-19,recovery,Mobility and low-intensity recovery,38,3,114,Home,1,
4879,49,196,2026-03-20,strength,Upper-body strength,82,8,656,Court,1,
4880,49,196,2026-03-21,volleyball,Open gym or tournament,104,7,728,Gym,1,
4881,49,196,2026-03-22,rest,Full rest day,0,0,0,Track,1,
4882,49,196,2026-03-23,strength,Lower-body strength,51,6,306,Track,1,
4883,49,196,2026-03-24,plyometric,Jump power and elasticity,46,7,322,Gym,1,
4884,49,196,2026-03-25,volleyball,Skill practice and gameplay,69,6,414,Track,1,
4885,49,196,2026-03-26,recovery,Mobility and low-intensity recovery,23,4,92,Home,1,
4886,49,196,2026-03-27,strength,Upper-body strength,64,6,384,Gym,1,
4887,49,196,2026-03-28,volleyball,Open gym or tournament,113,5,565,Home,1,
4888,49,196,2026-03-29,rest,Full rest day,0,0,0,Court,1,
4889,49,196,2026-03-30,strength,Lower-body strength,74,8,592,Track,1,
4890,49,196,2026-03-31,plyometric,Jump power and elasticity,35,6,210,Home,1,
4891,49,196,2026-04-01,volleyball,Skill practice and gameplay,116,6,696,Track,1,
4892,49,196,2026-04-02,recovery,Mobility and low-intensity recovery,35,3,105,Court,1,
4893,49,196,2026-04-03,strength,Upper-body strength,57,7,399,Track,1,
4894,49,196,2026-04-04,volleyball,Open gym or tournament,104,5,520,Court,1,
4895,49,196,2026-04-05,rest,Full rest day,0,0,0,Gym,1,
4896,49,196,2026-04-06,strength,Lower-body strength,47,6,282,Track,1,
4897,49,196,2026-04-07,plyometric,Jump power and elasticity,43,7,301,Gym,1,
4898,49,196,2026-04-08,volleyball,Skill practice and gameplay,125,7,875,Court,1,
4899,49,196,2026-04-09,recovery,Mobility and low-intensity recovery,27,2,54,Gym,1,
4900,49,196,2026-04-10,strength,Upper-body strength,55,7,385,Home,1,
4901,50,197,2026-01-01,recovery,Mobility and low-intensity recovery,51,3,153,Gym,1,
4902,50,197,2026-01-02,strength,Upper-body strength,65,6,390,Home,1,
4903,50,197,2026-01-03,volleyball,Open gym or tournament,159,5,795,Court,1,
4904,50,197,2026-01-04,rest,Full rest day,0,0,0,Court,1,
4905,50,197,2026-01-05,strength,Lower-body strength,62,7,434,Track,1,
4906,50,197,2026-01-06,plyometric,Jump power and elasticity,51,8,408,Home,1,
4907,50,197,2026-01-07,volleyball,Skill practice and gameplay,102,8,816,Track,1,
4908,50,197,2026-01-08,recovery,Mobility and low-intensity recovery,41,2,82,Track,1,
4909,50,197,2026-01-09,strength,Upper-body strength,47,8,376,Court,1,
4910,50,197,2026-01-10,volleyball,Open gym or tournament,115,9,1035,Gym,1,
4911,50,197,2026-01-11,rest,Full rest day,0,0,0,Court,1,
4912,50,197,2026-01-12,strength,Lower-body strength,75,7,525,Court,1,
4913,50,197,2026-01-13,plyometric,Jump power and elasticity,36,6,216,Gym,1,
4914,50,197,2026-01-14,volleyball,Skill practice and gameplay,120,8,960,Home,1,
4915,50,197,2026-01-15,recovery,Mobility and low-intensity recovery,45,4,180,Home,1,
4916,50,197,2026-01-16,strength,Upper-body strength,56,7,392,Gym,1,
4917,50,197,2026-01-17,volleyball,Open gym or tournament,69,7,483,Gym,1,
4918,50,197,2026-01-18,rest,Full rest day,0,0,0,Track,1,
4919,50,197,2026-01-19,strength,Lower-body strength,86,6,516,Gym,1,
4920,50,197,2026-01-20,plyometric,Jump power and elasticity,44,7,308,Gym,1,
4921,50,197,2026-01-21,volleyball,Skill practice and gameplay,102,9,918,Track,1,
4922,50,197,2026-01-22,recovery,Mobility and low-intensity recovery,32,3,96,Home,1,
4923,50,197,2026-01-23,strength,Upper-body strength,71,7,497,Gym,1,
4924,50,197,2026-01-24,volleyball,Open gym or tournament,150,8,1200,Gym,1,
4925,50,197,2026-01-25,rest,Full rest day,0,0,0,Track,1,
4926,50,198,2026-01-26,strength,Lower-body strength,69,5,345,Gym,1,
4927,50,198,2026-01-27,plyometric,Jump power and elasticity,55,8,440,Track,1,
4928,50,198,2026-01-28,volleyball,Skill practice and gameplay,46,7,322,Court,1,
4929,50,198,2026-01-29,recovery,Mobility and low-intensity recovery,16,3,48,Track,1,
4930,50,198,2026-01-30,strength,Upper-body strength,51,7,357,Court,1,
4931,50,198,2026-01-31,volleyball,Open gym or tournament,84,7,588,Court,1,
4932,50,198,2026-02-01,rest,Full rest day,0,0,0,Track,1,
4933,50,198,2026-02-02,strength,Lower-body strength,67,6,402,Track,1,
4934,50,198,2026-02-03,plyometric,Jump power and elasticity,59,7,413,Track,1,
4935,50,198,2026-02-04,volleyball,Skill practice and gameplay,113,5,565,Home,1,
4936,50,198,2026-02-05,recovery,Mobility and low-intensity recovery,31,3,93,Gym,1,
4937,50,198,2026-02-06,strength,Upper-body strength,54,8,432,Track,1,
4938,50,198,2026-02-07,volleyball,Open gym or tournament,136,5,680,Court,1,
4939,50,198,2026-02-08,rest,Full rest day,0,0,0,Court,1,
4940,50,198,2026-02-09,strength,Lower-body strength,76,6,456,Track,1,
4941,50,198,2026-02-10,plyometric,Jump power and elasticity,16,5,80,Gym,1,
4942,50,198,2026-02-11,volleyball,Skill practice and gameplay,125,7,875,Gym,1,
4943,50,198,2026-02-12,recovery,Mobility and low-intensity recovery,29,3,87,Gym,1,
4944,50,198,2026-02-13,strength,Upper-body strength,64,5,320,Court,1,
4945,50,198,2026-02-14,volleyball,Open gym or tournament,160,9,1440,Track,1,
4946,50,198,2026-02-15,rest,Full rest day,0,0,0,Track,1,
4947,50,198,2026-02-16,rest,Full rest day,0,0,0,Track,1,
4948,50,198,2026-02-17,plyometric,Jump power and elasticity,50,8,400,Court,1,
4949,50,198,2026-02-18,volleyball,Skill practice and gameplay,84,9,756,Track,1,
4950,50,198,2026-02-19,recovery,Mobility and low-intensity recovery,42,3,126,Court,1,
4951,50,199,2026-02-20,rest,Full rest day,0,0,0,Court,1,
4952,50,199,2026-02-21,volleyball,Open gym or tournament,89,8,712,Gym,1,
4953,50,199,2026-02-22,rest,Full rest day,0,0,0,Track,1,
4954,50,199,2026-02-23,strength,Lower-body strength,51,5,255,Track,1,
4955,50,199,2026-02-24,plyometric,Jump power and elasticity,36,7,252,Home,1,
4956,50,199,2026-02-25,volleyball,Skill practice and gameplay,106,4,424,Gym,1,
4957,50,199,2026-02-26,recovery,Mobility and low-intensity recovery,47,5,235,Court,1,
4958,50,199,2026-02-27,rest,Full rest day,0,0,0,Gym,1,
4959,50,199,2026-02-28,volleyball,Open gym or tournament,132,8,1056,Home,1,
4960,50,199,2026-03-01,rest,Full rest day,0,0,0,Gym,1,
4961,50,199,2026-03-02,strength,Lower-body strength,83,8,664,Gym,1,
4962,50,199,2026-03-03,plyometric,Jump power and elasticity,41,7,287,Home,1,
4963,50,199,2026-03-04,volleyball,Skill practice and gameplay,125,5,625,Gym,1,
4964,50,199,2026-03-05,recovery,Mobility and low-intensity recovery,27,3,81,Gym,1,
4965,50,199,2026-03-06,strength,Upper-body strength,61,8,488,Home,1,
4966,50,199,2026-03-07,volleyball,Open gym or tournament,128,8,1024,Home,1,
4967,50,199,2026-03-08,rest,Full rest day,0,0,0,Court,1,
4968,50,199,2026-03-09,strength,Lower-body strength,63,8,504,Home,1,
4969,50,199,2026-03-10,rest,Full rest day,0,0,0,Track,1,
4970,50,199,2026-03-11,rest,Full rest day,0,0,0,Track,1,
4971,50,199,2026-03-12,recovery,Mobility and low-intensity recovery,35,3,105,Track,1,
4972,50,199,2026-03-13,strength,Upper-body strength,68,7,476,Court,1,
4973,50,199,2026-03-14,volleyball,Open gym or tournament,105,8,840,Gym,1,
4974,50,199,2026-03-15,rest,Full rest day,0,0,0,Home,1,
4975,50,199,2026-03-16,strength,Lower-body strength,74,6,444,Court,1,
4976,50,200,2026-03-17,plyometric,Jump power and elasticity,39,7,273,Gym,1,
4977,50,200,2026-03-18,volleyball,Skill practice and gameplay,108,7,756,Home,1,
4978,50,200,2026-03-19,recovery,Mobility and low-intensity recovery,37,1,37,Gym,1,
4979,50,200,2026-03-20,strength,Upper-body strength,66,7,462,Home,1,
4980,50,200,2026-03-21,volleyball,Open gym or tournament,77,9,693,Track,1,
4981,50,200,2026-03-22,rest,Full rest day,0,0,0,Home,1,
4982,50,200,2026-03-23,strength,Lower-body strength,56,8,448,Home,1,
4983,50,200,2026-03-24,plyometric,Jump power and elasticity,38,7,266,Court,1,
4984,50,200,2026-03-25,volleyball,Skill practice and gameplay,115,7,805,Court,1,
4985,50,200,2026-03-26,recovery,Mobility and low-intensity recovery,30,3,90,Court,1,
4986,50,200,2026-03-27,strength,Upper-body strength,79,7,553,Track,1,
4987,50,200,2026-03-28,volleyball,Open gym or tournament,103,8,824,Track,1,
4988,50,200,2026-03-29,rest,Full rest day,0,0,0,Home,1,
4989,50,200,2026-03-30,rest,Full rest day,0,0,0,Court,1,
4990,50,200,2026-03-31,plyometric,Jump power and elasticity,46,7,322,Track,1,
4991,50,200,2026-04-01,volleyball,Skill practice and gameplay,165,7,1155,Track,1,
4992,50,200,2026-04-02,recovery,Mobility and low-intensity recovery,38,5,190,Home,1,
4993,50,200,2026-04-03,strength,Upper-body strength,55,6,330,Home,1,
4994,50,200,2026-04-04,volleyball,Open gym or tournament,94,7,658,Gym,1,
4995,50,200,2026-04-05,rest,Full rest day,0,0,0,Gym,1,
4996,50,200,2026-04-06,strength,Lower-body strength,77,7,539,Home,1,
4997,50,200,2026-04-07,plyometric,Jump power and elasticity,53,8,424,Gym,1,
4998,50,200,2026-04-08,volleyball,Skill practice and gameplay,76,7,532,Track,1,
4999,50,200,2026-04-09,recovery,Mobility and low-intensity recovery,50,3,150,Home,1,
5000,50,200,2026-04-10,strength,Upper-body strength,50,8,400,Home,1,
5001,51,201,2026-01-01,recovery,Mobility and low-intensity recovery,25,4,100,Court,1,
5002,51,201,2026-01-02,strength,Upper-body strength,49,6,294,Track,1,
5003,51,201,2026-01-03,volleyball,Open gym or tournament,108,7,756,Track,1,
5004,51,201,2026-01-04,rest,Full rest day,0,0,0,Court,1,
5005,51,201,2026-01-05,strength,Lower-body strength,78,9,702,Gym,1,
5006,51,201,2026-01-06,plyometric,Jump power and elasticity,40,7,280,Home,1,
5007,51,201,2026-01-07,volleyball,Skill practice and gameplay,154,6,924,Gym,1,
5008,51,201,2026-01-08,recovery,Mobility and low-intensity recovery,29,3,87,Track,1,
5009,51,201,2026-01-09,strength,Upper-body strength,57,7,399,Gym,1,
5010,51,201,2026-01-10,volleyball,Open gym or tournament,50,9,450,Track,1,
5011,51,201,2026-01-11,rest,Full rest day,0,0,0,Home,1,
5012,51,201,2026-01-12,strength,Lower-body strength,63,7,441,Home,1,
5013,51,201,2026-01-13,plyometric,Jump power and elasticity,36,6,216,Home,1,
5014,51,201,2026-01-14,volleyball,Skill practice and gameplay,82,8,656,Court,1,
5015,51,201,2026-01-15,recovery,Mobility and low-intensity recovery,35,3,105,Court,1,
5016,51,201,2026-01-16,strength,Upper-body strength,74,8,592,Court,1,
5017,51,201,2026-01-17,volleyball,Open gym or tournament,106,6,636,Home,1,
5018,51,201,2026-01-18,rest,Full rest day,0,0,0,Home,1,
5019,51,201,2026-01-19,strength,Lower-body strength,59,8,472,Gym,1,
5020,51,201,2026-01-20,plyometric,Jump power and elasticity,36,5,180,Track,1,
5021,51,201,2026-01-21,volleyball,Skill practice and gameplay,113,7,791,Court,1,
5022,51,201,2026-01-22,recovery,Mobility and low-intensity recovery,36,3,108,Home,1,
5023,51,201,2026-01-23,strength,Upper-body strength,49,6,294,Home,1,
5024,51,201,2026-01-24,volleyball,Open gym or tournament,103,6,618,Track,1,
5025,51,201,2026-01-25,rest,Full rest day,0,0,0,Court,1,
5026,51,202,2026-01-26,strength,Lower-body strength,74,7,518,Court,1,
5027,51,202,2026-01-27,plyometric,Jump power and elasticity,32,5,160,Gym,1,
5028,51,202,2026-01-28,rest,Full rest day,0,0,0,Home,1,
5029,51,202,2026-01-29,recovery,Mobility and low-intensity recovery,34,3,102,Gym,1,
5030,51,202,2026-01-30,strength,Upper-body strength,31,7,217,Home,1,
5031,51,202,2026-01-31,rest,Full rest day,0,0,0,Track,1,
5032,51,202,2026-02-01,rest,Full rest day,0,0,0,Gym,1,
5033,51,202,2026-02-02,strength,Lower-body strength,64,6,384,Home,1,
5034,51,202,2026-02-03,plyometric,Jump power and elasticity,60,8,480,Court,1,
5035,51,202,2026-02-04,volleyball,Skill practice and gameplay,68,8,544,Track,1,
5036,51,202,2026-02-05,recovery,Mobility and low-intensity recovery,43,4,172,Home,1,
5037,51,202,2026-02-06,strength,Upper-body strength,50,5,250,Gym,1,
5038,51,202,2026-02-07,rest,Full rest day,0,0,0,Gym,1,
5039,51,202,2026-02-08,rest,Full rest day,0,0,0,Home,1,
5040,51,202,2026-02-09,strength,Lower-body strength,49,6,294,Track,1,
5041,51,202,2026-02-10,plyometric,Jump power and elasticity,42,7,294,Home,1,
5042,51,202,2026-02-11,volleyball,Skill practice and gameplay,42,6,252,Gym,1,
5043,51,202,2026-02-12,recovery,Mobility and low-intensity recovery,45,2,90,Gym,1,
5044,51,202,2026-02-13,strength,Upper-body strength,76,7,532,Court,1,
5045,51,202,2026-02-14,volleyball,Open gym or tournament,90,9,810,Court,1,
5046,51,202,2026-02-15,rest,Full rest day,0,0,0,Gym,1,
5047,51,202,2026-02-16,strength,Lower-body strength,61,6,366,Court,1,
5048,51,202,2026-02-17,plyometric,Jump power and elasticity,39,8,312,Court,1,
5049,51,202,2026-02-18,volleyball,Skill practice and gameplay,85,6,510,Home,1,
5050,51,202,2026-02-19,recovery,Mobility and low-intensity recovery,35,3,105,Track,1,
5051,51,203,2026-02-20,strength,Upper-body strength,48,8,384,Home,1,
5052,51,203,2026-02-21,volleyball,Open gym or tournament,142,7,994,Home,1,
5053,51,203,2026-02-22,rest,Full rest day,0,0,0,Court,1,
5054,51,203,2026-02-23,strength,Lower-body strength,68,6,408,Court,1,
5055,51,203,2026-02-24,plyometric,Jump power and elasticity,43,7,301,Track,1,
5056,51,203,2026-02-25,volleyball,Skill practice and gameplay,119,7,833,Track,1,
5057,51,203,2026-02-26,recovery,Mobility and low-intensity recovery,25,2,50,Track,1,
5058,51,203,2026-02-27,strength,Upper-body strength,80,7,560,Home,1,
5059,51,203,2026-02-28,volleyball,Open gym or tournament,77,10,770,Track,1,
5060,51,203,2026-03-01,rest,Full rest day,0,0,0,Gym,1,
5061,51,203,2026-03-02,strength,Lower-body strength,54,7,378,Gym,1,
5062,51,203,2026-03-03,plyometric,Jump power and elasticity,40,6,240,Home,1,
5063,51,203,2026-03-04,volleyball,Skill practice and gameplay,83,9,747,Court,1,
5064,51,203,2026-03-05,recovery,Mobility and low-intensity recovery,40,3,120,Track,1,
5065,51,203,2026-03-06,strength,Upper-body strength,66,8,528,Gym,1,
5066,51,203,2026-03-07,volleyball,Open gym or tournament,117,5,585,Track,1,
5067,51,203,2026-03-08,rest,Full rest day,0,0,0,Gym,1,
5068,51,203,2026-03-09,strength,Lower-body strength,60,7,420,Gym,1,
5069,51,203,2026-03-10,plyometric,Jump power and elasticity,55,7,385,Track,1,
5070,51,203,2026-03-11,volleyball,Skill practice and gameplay,99,7,693,Gym,1,
5071,51,203,2026-03-12,recovery,Mobility and low-intensity recovery,43,2,86,Track,1,
5072,51,203,2026-03-13,strength,Upper-body strength,51,6,306,Gym,1,
5073,51,203,2026-03-14,volleyball,Open gym or tournament,86,9,774,Court,1,
5074,51,203,2026-03-15,rest,Full rest day,0,0,0,Home,1,
5075,51,203,2026-03-16,strength,Lower-body strength,79,6,474,Home,1,
5076,51,204,2026-03-17,rest,Full rest day,0,0,0,Track,1,
5077,51,204,2026-03-18,volleyball,Skill practice and gameplay,145,8,1160,Home,1,
5078,51,204,2026-03-19,rest,Full rest day,0,0,0,Home,1,
5079,51,204,2026-03-20,strength,Upper-body strength,76,6,456,Home,1,
5080,51,204,2026-03-21,volleyball,Open gym or tournament,109,8,872,Home,1,
5081,51,204,2026-03-22,rest,Full rest day,0,0,0,Court,1,
5082,51,204,2026-03-23,strength,Lower-body strength,52,7,364,Court,1,
5083,51,204,2026-03-24,plyometric,Jump power and elasticity,46,7,322,Home,1,
5084,51,204,2026-03-25,volleyball,Skill practice and gameplay,55,9,495,Court,1,
5085,51,204,2026-03-26,recovery,Mobility and low-intensity recovery,45,4,180,Court,1,
5086,51,204,2026-03-27,rest,Full rest day,0,0,0,Home,1,
5087,51,204,2026-03-28,rest,Full rest day,0,0,0,Track,1,
5088,51,204,2026-03-29,rest,Full rest day,0,0,0,Home,1,
5089,51,204,2026-03-30,strength,Lower-body strength,79,7,553,Court,1,
5090,51,204,2026-03-31,plyometric,Jump power and elasticity,66,8,528,Track,1,
5091,51,204,2026-04-01,volleyball,Skill practice and gameplay,44,7,308,Court,1,
5092,51,204,2026-04-02,rest,Full rest day,0,0,0,Court,1,
5093,51,204,2026-04-03,strength,Upper-body strength,76,8,608,Gym,1,
5094,51,204,2026-04-04,volleyball,Open gym or tournament,94,6,564,Gym,1,
5095,51,204,2026-04-05,rest,Full rest day,0,0,0,Gym,1,
5096,51,204,2026-04-06,strength,Lower-body strength,50,8,400,Court,1,
5097,51,204,2026-04-07,plyometric,Jump power and elasticity,46,8,368,Home,1,
5098,51,204,2026-04-08,volleyball,Skill practice and gameplay,130,6,780,Home,1,
5099,51,204,2026-04-09,recovery,Mobility and low-intensity recovery,37,3,111,Court,1,
5100,51,204,2026-04-10,strength,Upper-body strength,64,7,448,Gym,1,
5101,52,205,2026-01-01,recovery,Mobility and low-intensity recovery,36,2,72,Court,1,
5102,52,205,2026-01-02,rest,Full rest day,0,0,0,Home,1,
5103,52,205,2026-01-03,volleyball,Open gym or tournament,88,6,528,Home,1,
5104,52,205,2026-01-04,rest,Full rest day,0,0,0,Home,1,
5105,52,205,2026-01-05,strength,Lower-body strength,47,7,329,Court,1,
5106,52,205,2026-01-06,plyometric,Jump power and elasticity,25,6,150,Home,1,
5107,52,205,2026-01-07,volleyball,Skill practice and gameplay,147,7,1029,Home,1,
5108,52,205,2026-01-08,rest,Full rest day,0,0,0,Home,1,
5109,52,205,2026-01-09,strength,Upper-body strength,77,7,539,Home,1,
5110,52,205,2026-01-10,volleyball,Open gym or tournament,80,8,640,Track,1,
5111,52,205,2026-01-11,rest,Full rest day,0,0,0,Court,1,
5112,52,205,2026-01-12,strength,Lower-body strength,74,7,518,Court,1,
5113,52,205,2026-01-13,plyometric,Jump power and elasticity,54,6,324,Home,1,
5114,52,205,2026-01-14,volleyball,Skill practice and gameplay,85,5,425,Gym,1,
5115,52,205,2026-01-15,recovery,Mobility and low-intensity recovery,27,3,81,Home,1,
5116,52,205,2026-01-16,strength,Upper-body strength,50,8,400,Court,1,
5117,52,205,2026-01-17,volleyball,Open gym or tournament,124,7,868,Track,1,
5118,52,205,2026-01-18,rest,Full rest day,0,0,0,Home,1,
5119,52,205,2026-01-19,strength,Lower-body strength,45,7,315,Track,1,
5120,52,205,2026-01-20,plyometric,Jump power and elasticity,40,7,280,Gym,1,
5121,52,205,2026-01-21,volleyball,Skill practice and gameplay,134,7,938,Gym,1,
5122,52,205,2026-01-22,recovery,Mobility and low-intensity recovery,15,5,75,Home,1,
5123,52,205,2026-01-23,strength,Upper-body strength,69,8,552,Track,1,
5124,52,205,2026-01-24,volleyball,Open gym or tournament,92,7,644,Gym,1,
5125,52,205,2026-01-25,rest,Full rest day,0,0,0,Home,1,
5126,52,206,2026-01-26,rest,Full rest day,0,0,0,Gym,1,
5127,52,206,2026-01-27,plyometric,Jump power and elasticity,40,6,240,Court,1,
5128,52,206,2026-01-28,volleyball,Skill practice and gameplay,108,7,756,Track,1,
5129,52,206,2026-01-29,recovery,Mobility and low-intensity recovery,33,3,99,Home,1,
5130,52,206,2026-01-30,strength,Upper-body strength,47,7,329,Gym,1,
5131,52,206,2026-01-31,volleyball,Open gym or tournament,92,8,736,Gym,1,
5132,52,206,2026-02-01,rest,Full rest day,0,0,0,Court,1,
5133,52,206,2026-02-02,strength,Lower-body strength,81,6,486,Home,1,
5134,52,206,2026-02-03,plyometric,Jump power and elasticity,44,6,264,Gym,1,
5135,52,206,2026-02-04,volleyball,Skill practice and gameplay,133,8,1064,Track,1,
5136,52,206,2026-02-05,recovery,Mobility and low-intensity recovery,36,2,72,Gym,1,
5137,52,206,2026-02-06,strength,Upper-body strength,68,8,544,Track,1,
5138,52,206,2026-02-07,volleyball,Open gym or tournament,97,6,582,Gym,1,
5139,52,206,2026-02-08,rest,Full rest day,0,0,0,Home,1,
5140,52,206,2026-02-09,strength,Lower-body strength,67,6,402,Home,1,
5141,52,206,2026-02-10,plyometric,Jump power and elasticity,47,7,329,Home,1,
5142,52,206,2026-02-11,rest,Full rest day,0,0,0,Track,1,
5143,52,206,2026-02-12,recovery,Mobility and low-intensity recovery,43,3,129,Home,1,
5144,52,206,2026-02-13,strength,Upper-body strength,60,7,420,Track,1,
5145,52,206,2026-02-14,volleyball,Open gym or tournament,128,8,1024,Track,1,
5146,52,206,2026-02-15,rest,Full rest day,0,0,0,Track,1,
5147,52,206,2026-02-16,strength,Lower-body strength,72,6,432,Court,1,
5148,52,206,2026-02-17,plyometric,Jump power and elasticity,40,7,280,Gym,1,
5149,52,206,2026-02-18,volleyball,Skill practice and gameplay,165,8,1320,Track,1,
5150,52,206,2026-02-19,recovery,Mobility and low-intensity recovery,35,1,35,Track,1,
5151,52,207,2026-02-20,strength,Upper-body strength,52,8,416,Gym,1,
5152,52,207,2026-02-21,volleyball,Open gym or tournament,103,8,824,Home,1,
5153,52,207,2026-02-22,rest,Full rest day,0,0,0,Court,1,
5154,52,207,2026-02-23,strength,Lower-body strength,63,7,441,Gym,1,
5155,52,207,2026-02-24,plyometric,Jump power and elasticity,39,7,273,Track,1,
5156,52,207,2026-02-25,rest,Full rest day,0,0,0,Gym,1,
5157,52,207,2026-02-26,recovery,Mobility and low-intensity recovery,29,5,145,Track,1,
5158,52,207,2026-02-27,strength,Upper-body strength,67,6,402,Home,1,
5159,52,207,2026-02-28,volleyball,Open gym or tournament,76,8,608,Gym,1,
5160,52,207,2026-03-01,rest,Full rest day,0,0,0,Court,1,
5161,52,207,2026-03-02,strength,Lower-body strength,39,8,312,Gym,1,
5162,52,207,2026-03-03,plyometric,Jump power and elasticity,46,5,230,Track,1,
5163,52,207,2026-03-04,volleyball,Skill practice and gameplay,88,8,704,Track,1,
5164,52,207,2026-03-05,recovery,Mobility and low-intensity recovery,21,1,21,Court,1,
5165,52,207,2026-03-06,strength,Upper-body strength,73,8,584,Track,1,
5166,52,207,2026-03-07,volleyball,Open gym or tournament,137,9,1233,Track,1,
5167,52,207,2026-03-08,rest,Full rest day,0,0,0,Track,1,
5168,52,207,2026-03-09,strength,Lower-body strength,65,7,455,Gym,1,
5169,52,207,2026-03-10,plyometric,Jump power and elasticity,46,8,368,Gym,1,
5170,52,207,2026-03-11,rest,Full rest day,0,0,0,Court,1,
5171,52,207,2026-03-12,recovery,Mobility and low-intensity recovery,38,3,114,Court,1,
5172,52,207,2026-03-13,strength,Upper-body strength,52,6,312,Home,1,
5173,52,207,2026-03-14,volleyball,Open gym or tournament,88,7,616,Track,1,
5174,52,207,2026-03-15,rest,Full rest day,0,0,0,Court,1,
5175,52,207,2026-03-16,strength,Lower-body strength,51,6,306,Track,1,
5176,52,208,2026-03-17,plyometric,Jump power and elasticity,38,7,266,Court,1,
5177,52,208,2026-03-18,volleyball,Skill practice and gameplay,95,5,475,Home,1,
5178,52,208,2026-03-19,recovery,Mobility and low-intensity recovery,40,3,120,Court,1,
5179,52,208,2026-03-20,strength,Upper-body strength,68,7,476,Gym,1,
5180,52,208,2026-03-21,volleyball,Open gym or tournament,63,7,441,Track,1,
5181,52,208,2026-03-22,rest,Full rest day,0,0,0,Gym,1,
5182,52,208,2026-03-23,rest,Full rest day,0,0,0,Court,1,
5183,52,208,2026-03-24,plyometric,Jump power and elasticity,47,7,329,Court,1,
5184,52,208,2026-03-25,volleyball,Skill practice and gameplay,129,6,774,Home,1,
5185,52,208,2026-03-26,recovery,Mobility and low-intensity recovery,30,3,90,Home,1,
5186,52,208,2026-03-27,strength,Upper-body strength,78,7,546,Home,1,
5187,52,208,2026-03-28,volleyball,Open gym or tournament,67,5,335,Court,1,
5188,52,208,2026-03-29,rest,Full rest day,0,0,0,Home,1,
5189,52,208,2026-03-30,rest,Full rest day,0,0,0,Court,1,
5190,52,208,2026-03-31,plyometric,Jump power and elasticity,27,5,135,Court,1,
5191,52,208,2026-04-01,volleyball,Skill practice and gameplay,162,8,1296,Track,1,
5192,52,208,2026-04-02,recovery,Mobility and low-intensity recovery,26,4,104,Gym,1,
5193,52,208,2026-04-03,strength,Upper-body strength,57,6,342,Track,1,
5194,52,208,2026-04-04,volleyball,Open gym or tournament,117,7,819,Gym,1,
5195,52,208,2026-04-05,rest,Full rest day,0,0,0,Gym,1,
5196,52,208,2026-04-06,strength,Lower-body strength,48,7,336,Court,1,
5197,52,208,2026-04-07,plyometric,Jump power and elasticity,42,7,294,Home,1,
5198,52,208,2026-04-08,rest,Full rest day,0,0,0,Home,1,
5199,52,208,2026-04-09,recovery,Mobility and low-intensity recovery,25,2,50,Home,1,
5200,52,208,2026-04-10,strength,Upper-body strength,57,7,399,Track,1,
5201,53,209,2026-01-01,recovery,Mobility and low-intensity recovery,41,3,123,Home,1,
5202,53,209,2026-01-02,strength,Upper-body strength,44,6,264,Court,1,
5203,53,209,2026-01-03,volleyball,Open gym or tournament,63,8,504,Home,1,
5204,53,209,2026-01-04,rest,Full rest day,0,0,0,Home,1,
5205,53,209,2026-01-05,strength,Lower-body strength,59,7,413,Home,1,
5206,53,209,2026-01-06,plyometric,Jump power and elasticity,56,7,392,Track,1,
5207,53,209,2026-01-07,volleyball,Skill practice and gameplay,119,8,952,Court,1,
5208,53,209,2026-01-08,recovery,Mobility and low-intensity recovery,50,3,150,Home,1,
5209,53,209,2026-01-09,strength,Upper-body strength,50,7,350,Gym,1,
5210,53,209,2026-01-10,volleyball,Open gym or tournament,155,8,1240,Track,1,
5211,53,209,2026-01-11,rest,Full rest day,0,0,0,Home,1,
5212,53,209,2026-01-12,strength,Lower-body strength,81,8,648,Home,1,
5213,53,209,2026-01-13,plyometric,Jump power and elasticity,50,8,400,Track,1,
5214,53,209,2026-01-14,volleyball,Skill practice and gameplay,92,5,460,Gym,1,
5215,53,209,2026-01-15,recovery,Mobility and low-intensity recovery,24,3,72,Gym,1,
5216,53,209,2026-01-16,strength,Upper-body strength,62,8,496,Track,1,
5217,53,209,2026-01-17,volleyball,Open gym or tournament,116,5,580,Home,1,
5218,53,209,2026-01-18,rest,Full rest day,0,0,0,Track,1,
5219,53,209,2026-01-19,strength,Lower-body strength,74,7,518,Track,1,
5220,53,209,2026-01-20,rest,Full rest day,0,0,0,Track,1,
5221,53,209,2026-01-21,volleyball,Skill practice and gameplay,97,6,582,Track,1,
5222,53,209,2026-01-22,recovery,Mobility and low-intensity recovery,40,2,80,Gym,1,
5223,53,209,2026-01-23,strength,Upper-body strength,31,6,186,Track,1,
5224,53,209,2026-01-24,volleyball,Open gym or tournament,70,7,490,Home,1,
5225,53,209,2026-01-25,rest,Full rest day,0,0,0,Home,1,
5226,53,210,2026-01-26,strength,Lower-body strength,72,8,576,Court,1,
5227,53,210,2026-01-27,plyometric,Jump power and elasticity,55,7,385,Court,1,
5228,53,210,2026-01-28,volleyball,Skill practice and gameplay,135,6,810,Track,1,
5229,53,210,2026-01-29,recovery,Mobility and low-intensity recovery,33,1,33,Court,1,
5230,53,210,2026-01-30,strength,Upper-body strength,68,7,476,Track,1,
5231,53,210,2026-01-31,volleyball,Open gym or tournament,93,8,744,Gym,1,
5232,53,210,2026-02-01,rest,Full rest day,0,0,0,Gym,1,
5233,53,210,2026-02-02,strength,Lower-body strength,43,7,301,Gym,1,
5234,53,210,2026-02-03,plyometric,Jump power and elasticity,36,7,252,Gym,1,
5235,53,210,2026-02-04,volleyball,Skill practice and gameplay,123,7,861,Home,1,
5236,53,210,2026-02-05,recovery,Mobility and low-intensity recovery,34,1,34,Gym,1,
5237,53,210,2026-02-06,strength,Upper-body strength,68,7,476,Gym,1,
5238,53,210,2026-02-07,volleyball,Open gym or tournament,69,9,621,Home,1,
5239,53,210,2026-02-08,rest,Full rest day,0,0,0,Track,1,
5240,53,210,2026-02-09,strength,Lower-body strength,64,7,448,Court,1,
5241,53,210,2026-02-10,plyometric,Jump power and elasticity,47,6,282,Track,1,
5242,53,210,2026-02-11,volleyball,Skill practice and gameplay,96,7,672,Track,1,
5243,53,210,2026-02-12,recovery,Mobility and low-intensity recovery,33,2,66,Court,1,
5244,53,210,2026-02-13,strength,Upper-body strength,45,5,225,Gym,1,
5245,53,210,2026-02-14,volleyball,Open gym or tournament,98,6,588,Gym,1,
5246,53,210,2026-02-15,rest,Full rest day,0,0,0,Gym,1,
5247,53,210,2026-02-16,rest,Full rest day,0,0,0,Gym,1,
5248,53,210,2026-02-17,plyometric,Jump power and elasticity,41,6,246,Court,1,
5249,53,210,2026-02-18,volleyball,Skill practice and gameplay,124,9,1116,Gym,1,
5250,53,210,2026-02-19,recovery,Mobility and low-intensity recovery,34,3,102,Gym,1,
5251,53,211,2026-02-20,strength,Upper-body strength,69,6,414,Gym,1,
5252,53,211,2026-02-21,volleyball,Open gym or tournament,120,7,840,Court,1,
5253,53,211,2026-02-22,rest,Full rest day,0,0,0,Home,1,
5254,53,211,2026-02-23,strength,Lower-body strength,61,7,427,Court,1,
5255,53,211,2026-02-24,plyometric,Jump power and elasticity,35,7,245,Gym,1,
5256,53,211,2026-02-25,volleyball,Skill practice and gameplay,80,6,480,Court,1,
5257,53,211,2026-02-26,rest,Full rest day,0,0,0,Track,1,
5258,53,211,2026-02-27,strength,Upper-body strength,85,7,595,Track,1,
5259,53,211,2026-02-28,volleyball,Open gym or tournament,101,6,606,Home,1,
5260,53,211,2026-03-01,rest,Full rest day,0,0,0,Gym,1,
5261,53,211,2026-03-02,rest,Full rest day,0,0,0,Home,1,
5262,53,211,2026-03-03,plyometric,Jump power and elasticity,29,8,232,Track,1,
5263,53,211,2026-03-04,volleyball,Skill practice and gameplay,61,8,488,Home,1,
5264,53,211,2026-03-05,recovery,Mobility and low-intensity recovery,40,2,80,Track,1,
5265,53,211,2026-03-06,strength,Upper-body strength,62,7,434,Track,1,
5266,53,211,2026-03-07,volleyball,Open gym or tournament,107,9,963,Court,1,
5267,53,211,2026-03-08,rest,Full rest day,0,0,0,Gym,1,
5268,53,211,2026-03-09,strength,Lower-body strength,54,7,378,Track,1,
5269,53,211,2026-03-10,plyometric,Jump power and elasticity,42,7,294,Gym,1,
5270,53,211,2026-03-11,volleyball,Skill practice and gameplay,93,7,651,Home,1,
5271,53,211,2026-03-12,recovery,Mobility and low-intensity recovery,28,4,112,Home,1,
5272,53,211,2026-03-13,strength,Upper-body strength,58,5,290,Track,1,
5273,53,211,2026-03-14,volleyball,Open gym or tournament,87,5,435,Gym,1,
5274,53,211,2026-03-15,rest,Full rest day,0,0,0,Track,1,
5275,53,211,2026-03-16,strength,Lower-body strength,74,8,592,Track,1,
5276,53,212,2026-03-17,plyometric,Jump power and elasticity,57,7,399,Court,1,
5277,53,212,2026-03-18,rest,Full rest day,0,0,0,Home,1,
5278,53,212,2026-03-19,rest,Full rest day,0,0,0,Gym,1,
5279,53,212,2026-03-20,strength,Upper-body strength,53,7,371,Home,1,
5280,53,212,2026-03-21,volleyball,Open gym or tournament,138,6,828,Court,1,
5281,53,212,2026-03-22,rest,Full rest day,0,0,0,Home,1,
5282,53,212,2026-03-23,rest,Full rest day,0,0,0,Court,1,
5283,53,212,2026-03-24,plyometric,Jump power and elasticity,43,8,344,Home,1,
5284,53,212,2026-03-25,volleyball,Skill practice and gameplay,91,6,546,Gym,1,
5285,53,212,2026-03-26,recovery,Mobility and low-intensity recovery,49,4,196,Court,1,
5286,53,212,2026-03-27,strength,Upper-body strength,52,6,312,Home,1,
5287,53,212,2026-03-28,volleyball,Open gym or tournament,109,7,763,Court,1,
5288,53,212,2026-03-29,rest,Full rest day,0,0,0,Gym,1,
5289,53,212,2026-03-30,strength,Lower-body strength,53,8,424,Home,1,
5290,53,212,2026-03-31,plyometric,Jump power and elasticity,45,6,270,Track,1,
5291,53,212,2026-04-01,volleyball,Skill practice and gameplay,100,8,800,Gym,1,
5292,53,212,2026-04-02,recovery,Mobility and low-intensity recovery,42,3,126,Gym,1,
5293,53,212,2026-04-03,strength,Upper-body strength,69,8,552,Gym,1,
5294,53,212,2026-04-04,volleyball,Open gym or tournament,45,6,270,Gym,1,
5295,53,212,2026-04-05,rest,Full rest day,0,0,0,Track,1,
5296,53,212,2026-04-06,strength,Lower-body strength,74,5,370,Home,1,
5297,53,212,2026-04-07,plyometric,Jump power and elasticity,47,7,329,Gym,1,
5298,53,212,2026-04-08,volleyball,Skill practice and gameplay,68,8,544,Home,1,
5299,53,212,2026-04-09,recovery,Mobility and low-intensity recovery,34,3,102,Court,1,
5300,53,212,2026-04-10,strength,Upper-body strength,69,8,552,Gym,1,
5301,54,213,2026-01-01,recovery,Mobility and low-intensity recovery,33,1,33,Gym,1,
5302,54,213,2026-01-02,rest,Full rest day,0,0,0,Home,1,
5303,54,213,2026-01-03,volleyball,Open gym or tournament,87,6,522,Track,1,
5304,54,213,2026-01-04,rest,Full rest day,0,0,0,Court,1,
5305,54,213,2026-01-05,strength,Lower-body strength,85,7,595,Track,1,
5306,54,213,2026-01-06,plyometric,Jump power and elasticity,34,9,306,Home,1,
5307,54,213,2026-01-07,volleyball,Skill practice and gameplay,96,8,768,Gym,1,
5308,54,213,2026-01-08,recovery,Mobility and low-intensity recovery,44,3,132,Home,1,
5309,54,213,2026-01-09,strength,Upper-body strength,79,7,553,Home,1,
5310,54,213,2026-01-10,volleyball,Open gym or tournament,150,8,1200,Home,1,
5311,54,213,2026-01-11,rest,Full rest day,0,0,0,Home,1,
5312,54,213,2026-01-12,strength,Lower-body strength,72,6,432,Gym,1,
5313,54,213,2026-01-13,plyometric,Jump power and elasticity,40,6,240,Court,1,
5314,54,213,2026-01-14,volleyball,Skill practice and gameplay,117,7,819,Gym,1,
5315,54,213,2026-01-15,recovery,Mobility and low-intensity recovery,38,3,114,Home,1,
5316,54,213,2026-01-16,rest,Full rest day,0,0,0,Home,1,
5317,54,213,2026-01-17,volleyball,Open gym or tournament,84,7,588,Gym,1,
5318,54,213,2026-01-18,rest,Full rest day,0,0,0,Track,1,
5319,54,213,2026-01-19,strength,Lower-body strength,62,8,496,Track,1,
5320,54,213,2026-01-20,plyometric,Jump power and elasticity,53,7,371,Track,1,
5321,54,213,2026-01-21,volleyball,Skill practice and gameplay,55,7,385,Home,1,
5322,54,213,2026-01-22,recovery,Mobility and low-intensity recovery,42,3,126,Gym,1,
5323,54,213,2026-01-23,strength,Upper-body strength,40,8,320,Gym,1,
5324,54,213,2026-01-24,volleyball,Open gym or tournament,74,7,518,Track,1,
5325,54,213,2026-01-25,rest,Full rest day,0,0,0,Track,1,
5326,54,214,2026-01-26,strength,Lower-body strength,60,6,360,Gym,1,
5327,54,214,2026-01-27,plyometric,Jump power and elasticity,46,8,368,Home,1,
5328,54,214,2026-01-28,rest,Full rest day,0,0,0,Track,1,
5329,54,214,2026-01-29,recovery,Mobility and low-intensity recovery,39,4,156,Court,1,
5330,54,214,2026-01-30,strength,Upper-body strength,67,8,536,Court,1,
5331,54,214,2026-01-31,volleyball,Open gym or tournament,70,7,490,Gym,1,
5332,54,214,2026-02-01,rest,Full rest day,0,0,0,Home,1,
5333,54,214,2026-02-02,strength,Lower-body strength,69,7,483,Court,1,
5334,54,214,2026-02-03,plyometric,Jump power and elasticity,49,6,294,Track,1,
5335,54,214,2026-02-04,volleyball,Skill practice and gameplay,111,9,999,Home,1,
5336,54,214,2026-02-05,recovery,Mobility and low-intensity recovery,25,3,75,Gym,1,
5337,54,214,2026-02-06,rest,Full rest day,0,0,0,Track,1,
5338,54,214,2026-02-07,volleyball,Open gym or tournament,76,6,456,Home,1,
5339,54,214,2026-02-08,rest,Full rest day,0,0,0,Gym,1,
5340,54,214,2026-02-09,strength,Lower-body strength,47,7,329,Home,1,
5341,54,214,2026-02-10,plyometric,Jump power and elasticity,54,6,324,Court,1,
5342,54,214,2026-02-11,volleyball,Skill practice and gameplay,93,6,558,Court,1,
5343,54,214,2026-02-12,recovery,Mobility and low-intensity recovery,28,2,56,Gym,1,
5344,54,214,2026-02-13,strength,Upper-body strength,59,8,472,Court,1,
5345,54,214,2026-02-14,volleyball,Open gym or tournament,70,6,420,Gym,1,
5346,54,214,2026-02-15,rest,Full rest day,0,0,0,Court,1,
5347,54,214,2026-02-16,strength,Lower-body strength,53,7,371,Home,1,
5348,54,214,2026-02-17,plyometric,Jump power and elasticity,28,7,196,Home,1,
5349,54,214,2026-02-18,volleyball,Skill practice and gameplay,120,7,840,Gym,1,
5350,54,214,2026-02-19,recovery,Mobility and low-intensity recovery,47,4,188,Track,1,
5351,54,215,2026-02-20,strength,Upper-body strength,62,9,558,Home,1,
5352,54,215,2026-02-21,volleyball,Open gym or tournament,104,6,624,Home,1,
5353,54,215,2026-02-22,rest,Full rest day,0,0,0,Gym,1,
5354,54,215,2026-02-23,strength,Lower-body strength,81,7,567,Gym,1,
5355,54,215,2026-02-24,plyometric,Jump power and elasticity,26,6,156,Track,1,
5356,54,215,2026-02-25,volleyball,Skill practice and gameplay,98,6,588,Gym,1,
5357,54,215,2026-02-26,recovery,Mobility and low-intensity recovery,34,3,102,Track,1,
5358,54,215,2026-02-27,strength,Upper-body strength,83,8,664,Gym,1,
5359,54,215,2026-02-28,volleyball,Open gym or tournament,143,6,858,Home,1,
5360,54,215,2026-03-01,rest,Full rest day,0,0,0,Gym,1,
5361,54,215,2026-03-02,strength,Lower-body strength,72,6,432,Court,1,
5362,54,215,2026-03-03,rest,Full rest day,0,0,0,Home,1,
5363,54,215,2026-03-04,volleyball,Skill practice and gameplay,132,10,1320,Court,1,
5364,54,215,2026-03-05,recovery,Mobility and low-intensity recovery,49,4,196,Court,1,
5365,54,215,2026-03-06,strength,Upper-body strength,48,6,288,Gym,1,
5366,54,215,2026-03-07,volleyball,Open gym or tournament,83,7,581,Gym,1,
5367,54,215,2026-03-08,rest,Full rest day,0,0,0,Court,1,
5368,54,215,2026-03-09,rest,Full rest day,0,0,0,Home,1,
5369,54,215,2026-03-10,plyometric,Jump power and elasticity,42,8,336,Gym,1,
5370,54,215,2026-03-11,volleyball,Skill practice and gameplay,78,7,546,Home,1,
5371,54,215,2026-03-12,recovery,Mobility and low-intensity recovery,39,4,156,Gym,1,
5372,54,215,2026-03-13,strength,Upper-body strength,54,7,378,Court,1,
5373,54,215,2026-03-14,rest,Full rest day,0,0,0,Court,1,
5374,54,215,2026-03-15,rest,Full rest day,0,0,0,Gym,1,
5375,54,215,2026-03-16,strength,Lower-body strength,51,6,306,Court,1,
5376,54,216,2026-03-17,plyometric,Jump power and elasticity,42,8,336,Gym,1,
5377,54,216,2026-03-18,volleyball,Skill practice and gameplay,143,5,715,Track,1,
5378,54,216,2026-03-19,recovery,Mobility and low-intensity recovery,36,2,72,Gym,1,
5379,54,216,2026-03-20,strength,Upper-body strength,74,6,444,Home,1,
5380,54,216,2026-03-21,volleyball,Open gym or tournament,133,7,931,Court,1,
5381,54,216,2026-03-22,rest,Full rest day,0,0,0,Gym,1,
5382,54,216,2026-03-23,strength,Lower-body strength,79,6,474,Gym,1,
5383,54,216,2026-03-24,plyometric,Jump power and elasticity,44,6,264,Gym,1,
5384,54,216,2026-03-25,volleyball,Skill practice and gameplay,96,6,576,Home,1,
5385,54,216,2026-03-26,recovery,Mobility and low-intensity recovery,36,4,144,Court,1,
5386,54,216,2026-03-27,strength,Upper-body strength,78,9,702,Gym,1,
5387,54,216,2026-03-28,volleyball,Open gym or tournament,72,7,504,Court,1,
5388,54,216,2026-03-29,rest,Full rest day,0,0,0,Home,1,
5389,54,216,2026-03-30,rest,Full rest day,0,0,0,Track,1,
5390,54,216,2026-03-31,plyometric,Jump power and elasticity,41,7,287,Home,1,
5391,54,216,2026-04-01,volleyball,Skill practice and gameplay,113,8,904,Track,1,
5392,54,216,2026-04-02,recovery,Mobility and low-intensity recovery,30,3,90,Gym,1,
5393,54,216,2026-04-03,rest,Full rest day,0,0,0,Court,1,
5394,54,216,2026-04-04,rest,Full rest day,0,0,0,Track,1,
5395,54,216,2026-04-05,rest,Full rest day,0,0,0,Court,1,
5396,54,216,2026-04-06,strength,Lower-body strength,65,6,390,Gym,1,
5397,54,216,2026-04-07,plyometric,Jump power and elasticity,55,5,275,Court,1,
5398,54,216,2026-04-08,volleyball,Skill practice and gameplay,137,7,959,Track,1,
5399,54,216,2026-04-09,recovery,Mobility and low-intensity recovery,21,2,42,Gym,1,
5400,54,216,2026-04-10,strength,Upper-body strength,68,7,476,Gym,1,
5401,55,217,2026-01-01,recovery,Mobility and low-intensity recovery,28,3,84,Track,1,
5402,55,217,2026-01-02,strength,Upper-body strength,73,7,511,Court,1,
5403,55,217,2026-01-03,rest,Full rest day,0,0,0,Home,1,
5404,55,217,2026-01-04,rest,Full rest day,0,0,0,Court,1,
5405,55,217,2026-01-05,strength,Lower-body strength,73,8,584,Track,1,
5406,55,217,2026-01-06,plyometric,Jump power and elasticity,54,7,378,Court,1,
5407,55,217,2026-01-07,volleyball,Skill practice and gameplay,93,6,558,Home,1,
5408,55,217,2026-01-08,recovery,Mobility and low-intensity recovery,42,4,168,Court,1,
5409,55,217,2026-01-09,strength,Upper-body strength,81,6,486,Gym,1,
5410,55,217,2026-01-10,volleyball,Open gym or tournament,48,7,336,Court,1,
5411,55,217,2026-01-11,rest,Full rest day,0,0,0,Gym,1,
5412,55,217,2026-01-12,strength,Lower-body strength,85,6,510,Home,1,
5413,55,217,2026-01-13,plyometric,Jump power and elasticity,59,7,413,Court,1,
5414,55,217,2026-01-14,volleyball,Skill practice and gameplay,128,6,768,Gym,1,
5415,55,217,2026-01-15,recovery,Mobility and low-intensity recovery,30,2,60,Home,1,
5416,55,217,2026-01-16,strength,Upper-body strength,39,7,273,Gym,1,
5417,55,217,2026-01-17,rest,Full rest day,0,0,0,Gym,1,
5418,55,217,2026-01-18,rest,Full rest day,0,0,0,Gym,1,
5419,55,217,2026-01-19,strength,Lower-body strength,73,7,511,Court,1,
5420,55,217,2026-01-20,plyometric,Jump power and elasticity,58,6,348,Gym,1,
5421,55,217,2026-01-21,volleyball,Skill practice and gameplay,89,7,623,Track,1,
5422,55,217,2026-01-22,recovery,Mobility and low-intensity recovery,33,3,99,Home,1,
5423,55,217,2026-01-23,strength,Upper-body strength,64,9,576,Home,1,
5424,55,217,2026-01-24,volleyball,Open gym or tournament,70,6,420,Court,1,
5425,55,217,2026-01-25,rest,Full rest day,0,0,0,Court,1,
5426,55,218,2026-01-26,strength,Lower-body strength,84,8,672,Court,1,
5427,55,218,2026-01-27,plyometric,Jump power and elasticity,47,8,376,Track,1,
5428,55,218,2026-01-28,rest,Full rest day,0,0,0,Home,1,
5429,55,218,2026-01-29,recovery,Mobility and low-intensity recovery,41,3,123,Home,1,
5430,55,218,2026-01-30,strength,Upper-body strength,94,6,564,Court,1,
5431,55,218,2026-01-31,volleyball,Open gym or tournament,105,7,735,Court,1,
5432,55,218,2026-02-01,rest,Full rest day,0,0,0,Gym,1,
5433,55,218,2026-02-02,strength,Lower-body strength,63,7,441,Court,1,
5434,55,218,2026-02-03,plyometric,Jump power and elasticity,58,8,464,Home,1,
5435,55,218,2026-02-04,volleyball,Skill practice and gameplay,99,8,792,Gym,1,
5436,55,218,2026-02-05,recovery,Mobility and low-intensity recovery,39,3,117,Track,1,
5437,55,218,2026-02-06,strength,Upper-body strength,71,6,426,Track,1,
5438,55,218,2026-02-07,volleyball,Open gym or tournament,75,6,450,Home,1,
5439,55,218,2026-02-08,rest,Full rest day,0,0,0,Gym,1,
5440,55,218,2026-02-09,strength,Lower-body strength,37,7,259,Court,1,
5441,55,218,2026-02-10,plyometric,Jump power and elasticity,37,7,259,Court,1,
5442,55,218,2026-02-11,volleyball,Skill practice and gameplay,77,7,539,Gym,1,
5443,55,218,2026-02-12,recovery,Mobility and low-intensity recovery,31,3,93,Gym,1,
5444,55,218,2026-02-13,strength,Upper-body strength,57,6,342,Track,1,
5445,55,218,2026-02-14,volleyball,Open gym or tournament,116,7,812,Court,1,
5446,55,218,2026-02-15,rest,Full rest day,0,0,0,Home,1,
5447,55,218,2026-02-16,strength,Lower-body strength,65,7,455,Court,1,
5448,55,218,2026-02-17,plyometric,Jump power and elasticity,43,7,301,Track,1,
5449,55,218,2026-02-18,volleyball,Skill practice and gameplay,102,8,816,Gym,1,
5450,55,218,2026-02-19,rest,Full rest day,0,0,0,Court,1,
5451,55,219,2026-02-20,rest,Full rest day,0,0,0,Gym,1,
5452,55,219,2026-02-21,volleyball,Open gym or tournament,139,7,973,Court,1,
5453,55,219,2026-02-22,rest,Full rest day,0,0,0,Home,1,
5454,55,219,2026-02-23,strength,Lower-body strength,60,8,480,Home,1,
5455,55,219,2026-02-24,plyometric,Jump power and elasticity,48,5,240,Court,1,
5456,55,219,2026-02-25,volleyball,Skill practice and gameplay,70,9,630,Court,1,
5457,55,219,2026-02-26,recovery,Mobility and low-intensity recovery,35,3,105,Gym,1,
5458,55,219,2026-02-27,strength,Upper-body strength,57,7,399,Gym,1,
5459,55,219,2026-02-28,volleyball,Open gym or tournament,65,5,325,Track,1,
5460,55,219,2026-03-01,rest,Full rest day,0,0,0,Track,1,
5461,55,219,2026-03-02,strength,Lower-body strength,51,6,306,Court,1,
5462,55,219,2026-03-03,rest,Full rest day,0,0,0,Home,1,
5463,55,219,2026-03-04,volleyball,Skill practice and gameplay,72,7,504,Track,1,
5464,55,219,2026-03-05,recovery,Mobility and low-intensity recovery,35,4,140,Track,1,
5465,55,219,2026-03-06,strength,Upper-body strength,62,8,496,Home,1,
5466,55,219,2026-03-07,volleyball,Open gym or tournament,104,9,936,Gym,1,
5467,55,219,2026-03-08,rest,Full rest day,0,0,0,Gym,1,
5468,55,219,2026-03-09,rest,Full rest day,0,0,0,Gym,1,
5469,55,219,2026-03-10,plyometric,Jump power and elasticity,36,9,324,Court,1,
5470,55,219,2026-03-11,volleyball,Skill practice and gameplay,95,7,665,Court,1,
5471,55,219,2026-03-12,recovery,Mobility and low-intensity recovery,9,2,18,Gym,1,
5472,55,219,2026-03-13,strength,Upper-body strength,64,7,448,Home,1,
5473,55,219,2026-03-14,volleyball,Open gym or tournament,85,8,680,Gym,1,
5474,55,219,2026-03-15,rest,Full rest day,0,0,0,Gym,1,
5475,55,219,2026-03-16,strength,Lower-body strength,64,7,448,Court,1,
5476,55,220,2026-03-17,plyometric,Jump power and elasticity,50,7,350,Home,1,
5477,55,220,2026-03-18,volleyball,Skill practice and gameplay,140,7,980,Track,1,
5478,55,220,2026-03-19,recovery,Mobility and low-intensity recovery,38,3,114,Home,1,
5479,55,220,2026-03-20,strength,Upper-body strength,57,6,342,Court,1,
5480,55,220,2026-03-21,rest,Full rest day,0,0,0,Track,1,
5481,55,220,2026-03-22,rest,Full rest day,0,0,0,Court,1,
5482,55,220,2026-03-23,strength,Lower-body strength,76,7,532,Gym,1,
5483,55,220,2026-03-24,rest,Full rest day,0,0,0,Track,1,
5484,55,220,2026-03-25,volleyball,Skill practice and gameplay,125,5,625,Court,1,
5485,55,220,2026-03-26,recovery,Mobility and low-intensity recovery,35,2,70,Gym,1,
5486,55,220,2026-03-27,strength,Upper-body strength,56,8,448,Court,1,
5487,55,220,2026-03-28,volleyball,Open gym or tournament,89,9,801,Home,1,
5488,55,220,2026-03-29,rest,Full rest day,0,0,0,Court,1,
5489,55,220,2026-03-30,strength,Lower-body strength,53,7,371,Home,1,
5490,55,220,2026-03-31,plyometric,Jump power and elasticity,51,9,459,Court,1,
5491,55,220,2026-04-01,volleyball,Skill practice and gameplay,78,10,780,Gym,1,
5492,55,220,2026-04-02,recovery,Mobility and low-intensity recovery,23,4,92,Home,1,
5493,55,220,2026-04-03,strength,Upper-body strength,45,9,405,Home,1,
5494,55,220,2026-04-04,volleyball,Open gym or tournament,108,7,756,Gym,1,
5495,55,220,2026-04-05,rest,Full rest day,0,0,0,Home,1,
5496,55,220,2026-04-06,strength,Lower-body strength,60,8,480,Court,1,
5497,55,220,2026-04-07,rest,Full rest day,0,0,0,Court,1,
5498,55,220,2026-04-08,volleyball,Skill practice and gameplay,83,8,664,Home,1,
5499,55,220,2026-04-09,recovery,Mobility and low-intensity recovery,33,4,132,Court,1,
5500,55,220,2026-04-10,strength,Upper-body strength,65,7,455,Home,1,
5501,56,221,2026-01-01,recovery,Mobility and low-intensity recovery,42,3,126,Track,1,
5502,56,221,2026-01-02,strength,Upper-body strength,62,7,434,Court,1,
5503,56,221,2026-01-03,volleyball,Open gym or tournament,113,7,791,Home,1,
5504,56,221,2026-01-04,rest,Full rest day,0,0,0,Court,1,
5505,56,221,2026-01-05,strength,Lower-body strength,85,7,595,Track,1,
5506,56,221,2026-01-06,plyometric,Jump power and elasticity,46,7,322,Track,1,
5507,56,221,2026-01-07,volleyball,Skill practice and gameplay,106,6,636,Court,1,
5508,56,221,2026-01-08,recovery,Mobility and low-intensity recovery,34,1,34,Track,1,
5509,56,221,2026-01-09,strength,Upper-body strength,61,8,488,Court,1,
5510,56,221,2026-01-10,volleyball,Open gym or tournament,121,7,847,Gym,1,
5511,56,221,2026-01-11,rest,Full rest day,0,0,0,Gym,1,
5512,56,221,2026-01-12,strength,Lower-body strength,63,8,504,Track,1,
5513,56,221,2026-01-13,plyometric,Jump power and elasticity,55,8,440,Court,1,
5514,56,221,2026-01-14,volleyball,Skill practice and gameplay,147,6,882,Gym,1,
5515,56,221,2026-01-15,recovery,Mobility and low-intensity recovery,42,4,168,Home,1,
5516,56,221,2026-01-16,strength,Upper-body strength,78,6,468,Home,1,
5517,56,221,2026-01-17,volleyball,Open gym or tournament,62,9,558,Home,1,
5518,56,221,2026-01-18,rest,Full rest day,0,0,0,Court,1,
5519,56,221,2026-01-19,strength,Lower-body strength,50,7,350,Track,1,
5520,56,221,2026-01-20,rest,Full rest day,0,0,0,Court,1,
5521,56,221,2026-01-21,volleyball,Skill practice and gameplay,119,9,1071,Track,1,
5522,56,221,2026-01-22,rest,Full rest day,0,0,0,Court,1,
5523,56,221,2026-01-23,strength,Upper-body strength,69,5,345,Court,1,
5524,56,221,2026-01-24,rest,Full rest day,0,0,0,Court,1,
5525,56,221,2026-01-25,rest,Full rest day,0,0,0,Gym,1,
5526,56,222,2026-01-26,strength,Lower-body strength,64,6,384,Home,1,
5527,56,222,2026-01-27,plyometric,Jump power and elasticity,30,7,210,Home,1,
5528,56,222,2026-01-28,volleyball,Skill practice and gameplay,112,7,784,Court,1,
5529,56,222,2026-01-29,recovery,Mobility and low-intensity recovery,34,2,68,Home,1,
5530,56,222,2026-01-30,strength,Upper-body strength,73,7,511,Home,1,
5531,56,222,2026-01-31,volleyball,Open gym or tournament,75,7,525,Track,1,
5532,56,222,2026-02-01,rest,Full rest day,0,0,0,Gym,1,
5533,56,222,2026-02-02,strength,Lower-body strength,59,9,531,Home,1,
5534,56,222,2026-02-03,plyometric,Jump power and elasticity,73,8,584,Court,1,
5535,56,222,2026-02-04,volleyball,Skill practice and gameplay,100,8,800,Court,1,
5536,56,222,2026-02-05,recovery,Mobility and low-intensity recovery,37,2,74,Track,1,
5537,56,222,2026-02-06,strength,Upper-body strength,73,5,365,Home,1,
5538,56,222,2026-02-07,volleyball,Open gym or tournament,78,8,624,Court,1,
5539,56,222,2026-02-08,rest,Full rest day,0,0,0,Court,1,
5540,56,222,2026-02-09,strength,Lower-body strength,70,6,420,Gym,1,
5541,56,222,2026-02-10,plyometric,Jump power and elasticity,41,9,369,Home,1,
5542,56,222,2026-02-11,volleyball,Skill practice and gameplay,98,8,784,Gym,1,
5543,56,222,2026-02-12,recovery,Mobility and low-intensity recovery,24,3,72,Gym,1,
5544,56,222,2026-02-13,strength,Upper-body strength,61,7,427,Home,1,
5545,56,222,2026-02-14,volleyball,Open gym or tournament,103,7,721,Gym,1,
5546,56,222,2026-02-15,rest,Full rest day,0,0,0,Home,1,
5547,56,222,2026-02-16,strength,Lower-body strength,61,7,427,Home,1,
5548,56,222,2026-02-17,plyometric,Jump power and elasticity,47,6,282,Home,1,
5549,56,222,2026-02-18,volleyball,Skill practice and gameplay,92,8,736,Gym,1,
5550,56,222,2026-02-19,recovery,Mobility and low-intensity recovery,33,2,66,Home,1,
5551,56,223,2026-02-20,strength,Upper-body strength,62,6,372,Home,1,
5552,56,223,2026-02-21,volleyball,Open gym or tournament,76,6,456,Court,1,
5553,56,223,2026-02-22,rest,Full rest day,0,0,0,Gym,1,
5554,56,223,2026-02-23,strength,Lower-body strength,62,6,372,Gym,1,
5555,56,223,2026-02-24,plyometric,Jump power and elasticity,30,9,270,Home,1,
5556,56,223,2026-02-25,volleyball,Skill practice and gameplay,96,6,576,Court,1,
5557,56,223,2026-02-26,recovery,Mobility and low-intensity recovery,26,5,130,Court,1,
5558,56,223,2026-02-27,strength,Upper-body strength,80,5,400,Track,1,
5559,56,223,2026-02-28,volleyball,Open gym or tournament,95,8,760,Track,1,
5560,56,223,2026-03-01,rest,Full rest day,0,0,0,Court,1,
5561,56,223,2026-03-02,rest,Full rest day,0,0,0,Gym,1,
5562,56,223,2026-03-03,plyometric,Jump power and elasticity,27,6,162,Gym,1,
5563,56,223,2026-03-04,volleyball,Skill practice and gameplay,106,7,742,Home,1,
5564,56,223,2026-03-05,recovery,Mobility and low-intensity recovery,28,4,112,Track,1,
5565,56,223,2026-03-06,rest,Full rest day,0,0,0,Court,1,
5566,56,223,2026-03-07,volleyball,Open gym or tournament,104,7,728,Home,1,
5567,56,223,2026-03-08,rest,Full rest day,0,0,0,Gym,1,
5568,56,223,2026-03-09,strength,Lower-body strength,62,7,434,Home,1,
5569,56,223,2026-03-10,plyometric,Jump power and elasticity,41,8,328,Home,1,
5570,56,223,2026-03-11,volleyball,Skill practice and gameplay,61,8,488,Court,1,
5571,56,223,2026-03-12,recovery,Mobility and low-intensity recovery,37,1,37,Home,1,
5572,56,223,2026-03-13,strength,Upper-body strength,85,8,680,Court,1,
5573,56,223,2026-03-14,volleyball,Open gym or tournament,76,5,380,Track,1,
5574,56,223,2026-03-15,rest,Full rest day,0,0,0,Home,1,
5575,56,223,2026-03-16,strength,Lower-body strength,61,8,488,Gym,1,
5576,56,224,2026-03-17,plyometric,Jump power and elasticity,39,5,195,Gym,1,
5577,56,224,2026-03-18,volleyball,Skill practice and gameplay,70,6,420,Home,1,
5578,56,224,2026-03-19,recovery,Mobility and low-intensity recovery,41,4,164,Track,1,
5579,56,224,2026-03-20,rest,Full rest day,0,0,0,Gym,1,
5580,56,224,2026-03-21,volleyball,Open gym or tournament,138,7,966,Track,1,
5581,56,224,2026-03-22,rest,Full rest day,0,0,0,Home,1,
5582,56,224,2026-03-23,rest,Full rest day,0,0,0,Track,1,
5583,56,224,2026-03-24,plyometric,Jump power and elasticity,41,8,328,Court,1,
5584,56,224,2026-03-25,rest,Full rest day,0,0,0,Gym,1,
5585,56,224,2026-03-26,recovery,Mobility and low-intensity recovery,34,1,34,Track,1,
5586,56,224,2026-03-27,strength,Upper-body strength,49,5,245,Gym,1,
5587,56,224,2026-03-28,volleyball,Open gym or tournament,135,6,810,Track,1,
5588,56,224,2026-03-29,rest,Full rest day,0,0,0,Gym,1,
5589,56,224,2026-03-30,strength,Lower-body strength,64,8,512,Gym,1,
5590,56,224,2026-03-31,rest,Full rest day,0,0,0,Home,1,
5591,56,224,2026-04-01,volleyball,Skill practice and gameplay,107,6,642,Track,1,
5592,56,224,2026-04-02,rest,Full rest day,0,0,0,Home,1,
5593,56,224,2026-04-03,strength,Upper-body strength,74,8,592,Gym,1,
5594,56,224,2026-04-04,volleyball,Open gym or tournament,63,7,441,Track,1,
5595,56,224,2026-04-05,rest,Full rest day,0,0,0,Track,1,
5596,56,224,2026-04-06,strength,Lower-body strength,66,7,462,Court,1,
5597,56,224,2026-04-07,plyometric,Jump power and elasticity,36,8,288,Gym,1,
5598,56,224,2026-04-08,volleyball,Skill practice and gameplay,149,7,1043,Court,1,
5599,56,224,2026-04-09,recovery,Mobility and low-intensity recovery,42,2,84,Court,1,
5600,56,224,2026-04-10,strength,Upper-body strength,62,7,434,Track,1,
5601,57,225,2026-01-01,rest,Full rest day,0,0,0,Court,1,
5602,57,225,2026-01-02,strength,Upper-body strength,61,8,488,Gym,1,
5603,57,225,2026-01-03,volleyball,Open gym or tournament,78,8,624,Home,1,
5604,57,225,2026-01-04,rest,Full rest day,0,0,0,Court,1,
5605,57,225,2026-01-05,strength,Lower-body strength,56,5,280,Court,1,
5606,57,225,2026-01-06,plyometric,Jump power and elasticity,33,7,231,Track,1,
5607,57,225,2026-01-07,volleyball,Skill practice and gameplay,119,9,1071,Track,1,
5608,57,225,2026-01-08,recovery,Mobility and low-intensity recovery,36,4,144,Track,1,
5609,57,225,2026-01-09,strength,Upper-body strength,69,7,483,Home,1,
5610,57,225,2026-01-10,volleyball,Open gym or tournament,135,8,1080,Track,1,
5611,57,225,2026-01-11,rest,Full rest day,0,0,0,Gym,1,
5612,57,225,2026-01-12,strength,Lower-body strength,34,7,238,Gym,1,
5613,57,225,2026-01-13,plyometric,Jump power and elasticity,56,9,504,Track,1,
5614,57,225,2026-01-14,volleyball,Skill practice and gameplay,100,7,700,Track,1,
5615,57,225,2026-01-15,recovery,Mobility and low-intensity recovery,40,3,120,Home,1,
5616,57,225,2026-01-16,strength,Upper-body strength,52,6,312,Home,1,
5617,57,225,2026-01-17,volleyball,Open gym or tournament,100,8,800,Gym,1,
5618,57,225,2026-01-18,rest,Full rest day,0,0,0,Home,1,
5619,57,225,2026-01-19,strength,Lower-body strength,54,6,324,Track,1,
5620,57,225,2026-01-20,plyometric,Jump power and elasticity,41,6,246,Home,1,
5621,57,225,2026-01-21,volleyball,Skill practice and gameplay,103,8,824,Track,1,
5622,57,225,2026-01-22,recovery,Mobility and low-intensity recovery,30,4,120,Gym,1,
5623,57,225,2026-01-23,strength,Upper-body strength,94,7,658,Court,1,
5624,57,225,2026-01-24,volleyball,Open gym or tournament,88,5,440,Home,1,
5625,57,225,2026-01-25,rest,Full rest day,0,0,0,Gym,1,
5626,57,226,2026-01-26,rest,Full rest day,0,0,0,Gym,1,
5627,57,226,2026-01-27,plyometric,Jump power and elasticity,39,7,273,Home,1,
5628,57,226,2026-01-28,volleyball,Skill practice and gameplay,98,7,686,Court,1,
5629,57,226,2026-01-29,rest,Full rest day,0,0,0,Track,1,
5630,57,226,2026-01-30,strength,Upper-body strength,65,6,390,Gym,1,
5631,57,226,2026-01-31,volleyball,Open gym or tournament,110,7,770,Gym,1,
5632,57,226,2026-02-01,rest,Full rest day,0,0,0,Court,1,
5633,57,226,2026-02-02,rest,Full rest day,0,0,0,Track,1,
5634,57,226,2026-02-03,plyometric,Jump power and elasticity,38,6,228,Gym,1,
5635,57,226,2026-02-04,volleyball,Skill practice and gameplay,87,8,696,Court,1,
5636,57,226,2026-02-05,recovery,Mobility and low-intensity recovery,31,3,93,Home,1,
5637,57,226,2026-02-06,strength,Upper-body strength,66,7,462,Court,1,
5638,57,226,2026-02-07,volleyball,Open gym or tournament,89,6,534,Court,1,
5639,57,226,2026-02-08,rest,Full rest day,0,0,0,Gym,1,
5640,57,226,2026-02-09,strength,Lower-body strength,66,7,462,Track,1,
5641,57,226,2026-02-10,plyometric,Jump power and elasticity,48,7,336,Home,1,
5642,57,226,2026-02-11,volleyball,Skill practice and gameplay,118,7,826,Court,1,
5643,57,226,2026-02-12,recovery,Mobility and low-intensity recovery,38,4,152,Home,1,
5644,57,226,2026-02-13,strength,Upper-body strength,77,5,385,Track,1,
5645,57,226,2026-02-14,volleyball,Open gym or tournament,118,7,826,Home,1,
5646,57,226,2026-02-15,rest,Full rest day,0,0,0,Home,1,
5647,57,226,2026-02-16,strength,Lower-body strength,50,6,300,Gym,1,
5648,57,226,2026-02-17,plyometric,Jump power and elasticity,45,8,360,Track,1,
5649,57,226,2026-02-18,volleyball,Skill practice and gameplay,132,9,1188,Court,1,
5650,57,226,2026-02-19,recovery,Mobility and low-intensity recovery,39,4,156,Gym,1,
5651,57,227,2026-02-20,strength,Upper-body strength,46,6,276,Gym,1,
5652,57,227,2026-02-21,volleyball,Open gym or tournament,94,5,470,Court,1,
5653,57,227,2026-02-22,rest,Full rest day,0,0,0,Track,1,
5654,57,227,2026-02-23,strength,Lower-body strength,56,6,336,Home,1,
5655,57,227,2026-02-24,plyometric,Jump power and elasticity,51,8,408,Track,1,
5656,57,227,2026-02-25,volleyball,Skill practice and gameplay,145,6,870,Track,1,
5657,57,227,2026-02-26,rest,Full rest day,0,0,0,Home,1,
5658,57,227,2026-02-27,strength,Upper-body strength,75,7,525,Home,1,
5659,57,227,2026-02-28,volleyball,Open gym or tournament,91,7,637,Home,1,
5660,57,227,2026-03-01,rest,Full rest day,0,0,0,Track,1,
5661,57,227,2026-03-02,strength,Lower-body strength,78,8,624,Court,1,
5662,57,227,2026-03-03,plyometric,Jump power and elasticity,46,5,230,Track,1,
5663,57,227,2026-03-04,rest,Full rest day,0,0,0,Court,1,
5664,57,227,2026-03-05,recovery,Mobility and low-intensity recovery,39,3,117,Track,1,
5665,57,227,2026-03-06,strength,Upper-body strength,66,8,528,Court,1,
5666,57,227,2026-03-07,volleyball,Open gym or tournament,93,5,465,Home,1,
5667,57,227,2026-03-08,rest,Full rest day,0,0,0,Track,1,
5668,57,227,2026-03-09,strength,Lower-body strength,63,6,378,Track,1,
5669,57,227,2026-03-10,plyometric,Jump power and elasticity,37,7,259,Gym,1,
5670,57,227,2026-03-11,volleyball,Skill practice and gameplay,109,5,545,Court,1,
5671,57,227,2026-03-12,recovery,Mobility and low-intensity recovery,28,5,140,Track,1,
5672,57,227,2026-03-13,strength,Upper-body strength,57,8,456,Track,1,
5673,57,227,2026-03-14,volleyball,Open gym or tournament,70,6,420,Home,1,
5674,57,227,2026-03-15,rest,Full rest day,0,0,0,Court,1,
5675,57,227,2026-03-16,strength,Lower-body strength,72,7,504,Court,1,
5676,57,228,2026-03-17,plyometric,Jump power and elasticity,46,6,276,Track,1,
5677,57,228,2026-03-18,volleyball,Skill practice and gameplay,125,8,1000,Court,1,
5678,57,228,2026-03-19,rest,Full rest day,0,0,0,Court,1,
5679,57,228,2026-03-20,strength,Upper-body strength,67,7,469,Court,1,
5680,57,228,2026-03-21,volleyball,Open gym or tournament,68,6,408,Court,1,
5681,57,228,2026-03-22,rest,Full rest day,0,0,0,Court,1,
5682,57,228,2026-03-23,strength,Lower-body strength,33,7,231,Gym,1,
5683,57,228,2026-03-24,plyometric,Jump power and elasticity,65,7,455,Gym,1,
5684,57,228,2026-03-25,rest,Full rest day,0,0,0,Track,1,
5685,57,228,2026-03-26,recovery,Mobility and low-intensity recovery,27,2,54,Court,1,
5686,57,228,2026-03-27,strength,Upper-body strength,62,6,372,Home,1,
5687,57,228,2026-03-28,volleyball,Open gym or tournament,66,8,528,Track,1,
5688,57,228,2026-03-29,rest,Full rest day,0,0,0,Track,1,
5689,57,228,2026-03-30,strength,Lower-body strength,64,6,384,Court,1,
5690,57,228,2026-03-31,plyometric,Jump power and elasticity,64,8,512,Court,1,
5691,57,228,2026-04-01,volleyball,Skill practice and gameplay,91,7,637,Gym,1,
5692,57,228,2026-04-02,recovery,Mobility and low-intensity recovery,44,2,88,Track,1,
5693,57,228,2026-04-03,strength,Upper-body strength,69,7,483,Track,1,
5694,57,228,2026-04-04,volleyball,Open gym or tournament,95,9,855,Court,1,
5695,57,228,2026-04-05,rest,Full rest day,0,0,0,Track,1,
5696,57,228,2026-04-06,strength,Lower-body strength,65,6,390,Home,1,
5697,57,228,2026-04-07,plyometric,Jump power and elasticity,31,6,186,Court,1,
5698,57,228,2026-04-08,volleyball,Skill practice and gameplay,54,8,432,Track,1,
5699,57,228,2026-04-09,recovery,Mobility and low-intensity recovery,35,3,105,Gym,1,
5700,57,228,2026-04-10,strength,Upper-body strength,74,8,592,Gym,1,
5701,58,229,2026-01-01,recovery,Mobility and low-intensity recovery,36,3,108,Home,1,
5702,58,229,2026-01-02,strength,Upper-body strength,70,7,490,Home,1,
5703,58,229,2026-01-03,volleyball,Open gym or tournament,133,7,931,Court,1,
5704,58,229,2026-01-04,rest,Full rest day,0,0,0,Home,1,
5705,58,229,2026-01-05,strength,Lower-body strength,54,8,432,Track,1,
5706,58,229,2026-01-06,rest,Full rest day,0,0,0,Court,1,
5707,58,229,2026-01-07,volleyball,Skill practice and gameplay,109,6,654,Gym,1,
5708,58,229,2026-01-08,recovery,Mobility and low-intensity recovery,36,1,36,Track,1,
5709,58,229,2026-01-09,rest,Full rest day,0,0,0,Track,1,
5710,58,229,2026-01-10,volleyball,Open gym or tournament,119,7,833,Home,1,
5711,58,229,2026-01-11,rest,Full rest day,0,0,0,Track,1,
5712,58,229,2026-01-12,strength,Lower-body strength,75,6,450,Court,1,
5713,58,229,2026-01-13,plyometric,Jump power and elasticity,51,8,408,Home,1,
5714,58,229,2026-01-14,volleyball,Skill practice and gameplay,112,8,896,Track,1,
5715,58,229,2026-01-15,recovery,Mobility and low-intensity recovery,34,3,102,Gym,1,
5716,58,229,2026-01-16,strength,Upper-body strength,91,8,728,Home,1,
5717,58,229,2026-01-17,volleyball,Open gym or tournament,77,7,539,Gym,1,
5718,58,229,2026-01-18,rest,Full rest day,0,0,0,Court,1,
5719,58,229,2026-01-19,strength,Lower-body strength,81,6,486,Gym,1,
5720,58,229,2026-01-20,plyometric,Jump power and elasticity,51,7,357,Track,1,
5721,58,229,2026-01-21,rest,Full rest day,0,0,0,Gym,1,
5722,58,229,2026-01-22,recovery,Mobility and low-intensity recovery,33,3,99,Home,1,
5723,58,229,2026-01-23,strength,Upper-body strength,73,5,365,Court,1,
5724,58,229,2026-01-24,volleyball,Open gym or tournament,133,6,798,Home,1,
5725,58,229,2026-01-25,rest,Full rest day,0,0,0,Track,1,
5726,58,230,2026-01-26,strength,Lower-body strength,73,8,584,Gym,1,
5727,58,230,2026-01-27,plyometric,Jump power and elasticity,53,6,318,Track,1,
5728,58,230,2026-01-28,volleyball,Skill practice and gameplay,126,6,756,Gym,1,
5729,58,230,2026-01-29,recovery,Mobility and low-intensity recovery,35,2,70,Court,1,
5730,58,230,2026-01-30,strength,Upper-body strength,53,7,371,Court,1,
5731,58,230,2026-01-31,volleyball,Open gym or tournament,115,7,805,Track,1,
5732,58,230,2026-02-01,rest,Full rest day,0,0,0,Court,1,
5733,58,230,2026-02-02,strength,Lower-body strength,54,7,378,Gym,1,
5734,58,230,2026-02-03,plyometric,Jump power and elasticity,42,7,294,Gym,1,
5735,58,230,2026-02-04,volleyball,Skill practice and gameplay,81,7,567,Home,1,
5736,58,230,2026-02-05,recovery,Mobility and low-intensity recovery,29,3,87,Gym,1,
5737,58,230,2026-02-06,strength,Upper-body strength,57,6,342,Home,1,
5738,58,230,2026-02-07,volleyball,Open gym or tournament,87,6,522,Court,1,
5739,58,230,2026-02-08,rest,Full rest day,0,0,0,Home,1,
5740,58,230,2026-02-09,strength,Lower-body strength,63,6,378,Track,1,
5741,58,230,2026-02-10,plyometric,Jump power and elasticity,42,7,294,Gym,1,
5742,58,230,2026-02-11,volleyball,Skill practice and gameplay,106,7,742,Track,1,
5743,58,230,2026-02-12,recovery,Mobility and low-intensity recovery,44,3,132,Home,1,
5744,58,230,2026-02-13,strength,Upper-body strength,53,6,318,Court,1,
5745,58,230,2026-02-14,volleyball,Open gym or tournament,89,6,534,Home,1,
5746,58,230,2026-02-15,rest,Full rest day,0,0,0,Track,1,
5747,58,230,2026-02-16,rest,Full rest day,0,0,0,Home,1,
5748,58,230,2026-02-17,plyometric,Jump power and elasticity,34,6,204,Track,1,
5749,58,230,2026-02-18,volleyball,Skill practice and gameplay,97,7,679,Gym,1,
5750,58,230,2026-02-19,recovery,Mobility and low-intensity recovery,26,3,78,Track,1,
5751,58,231,2026-02-20,strength,Upper-body strength,62,6,372,Track,1,
5752,58,231,2026-02-21,volleyball,Open gym or tournament,109,7,763,Track,1,
5753,58,231,2026-02-22,rest,Full rest day,0,0,0,Track,1,
5754,58,231,2026-02-23,strength,Lower-body strength,61,8,488,Home,1,
5755,58,231,2026-02-24,plyometric,Jump power and elasticity,34,7,238,Gym,1,
5756,58,231,2026-02-25,volleyball,Skill practice and gameplay,48,7,336,Court,1,
5757,58,231,2026-02-26,recovery,Mobility and low-intensity recovery,41,4,164,Home,1,
5758,58,231,2026-02-27,strength,Upper-body strength,43,5,215,Home,1,
5759,58,231,2026-02-28,volleyball,Open gym or tournament,91,8,728,Home,1,
5760,58,231,2026-03-01,rest,Full rest day,0,0,0,Track,1,
5761,58,231,2026-03-02,strength,Lower-body strength,53,5,265,Court,1,
5762,58,231,2026-03-03,plyometric,Jump power and elasticity,25,8,200,Home,1,
5763,58,231,2026-03-04,volleyball,Skill practice and gameplay,111,5,555,Home,1,
5764,58,231,2026-03-05,recovery,Mobility and low-intensity recovery,41,2,82,Court,1,
5765,58,231,2026-03-06,strength,Upper-body strength,67,7,469,Gym,1,
5766,58,231,2026-03-07,volleyball,Open gym or tournament,97,6,582,Court,1,
5767,58,231,2026-03-08,rest,Full rest day,0,0,0,Court,1,
5768,58,231,2026-03-09,strength,Lower-body strength,97,7,679,Track,1,
5769,58,231,2026-03-10,plyometric,Jump power and elasticity,50,7,350,Home,1,
5770,58,231,2026-03-11,volleyball,Skill practice and gameplay,124,9,1116,Track,1,
5771,58,231,2026-03-12,recovery,Mobility and low-intensity recovery,29,2,58,Gym,1,
5772,58,231,2026-03-13,strength,Upper-body strength,67,6,402,Home,1,
5773,58,231,2026-03-14,volleyball,Open gym or tournament,112,6,672,Gym,1,
5774,58,231,2026-03-15,rest,Full rest day,0,0,0,Gym,1,
5775,58,231,2026-03-16,strength,Lower-body strength,52,6,312,Home,1,
5776,58,232,2026-03-17,plyometric,Jump power and elasticity,50,7,350,Track,1,
5777,58,232,2026-03-18,volleyball,Skill practice and gameplay,89,6,534,Home,1,
5778,58,232,2026-03-19,recovery,Mobility and low-intensity recovery,37,2,74,Court,1,
5779,58,232,2026-03-20,strength,Upper-body strength,59,6,354,Home,1,
5780,58,232,2026-03-21,volleyball,Open gym or tournament,90,6,540,Court,1,
5781,58,232,2026-03-22,rest,Full rest day,0,0,0,Court,1,
5782,58,232,2026-03-23,strength,Lower-body strength,63,7,441,Court,1,
5783,58,232,2026-03-24,plyometric,Jump power and elasticity,53,9,477,Home,1,
5784,58,232,2026-03-25,volleyball,Skill practice and gameplay,77,9,693,Track,1,
5785,58,232,2026-03-26,recovery,Mobility and low-intensity recovery,32,3,96,Home,1,
5786,58,232,2026-03-27,strength,Upper-body strength,65,9,585,Gym,1,
5787,58,232,2026-03-28,volleyball,Open gym or tournament,68,9,612,Track,1,
5788,58,232,2026-03-29,rest,Full rest day,0,0,0,Track,1,
5789,58,232,2026-03-30,strength,Lower-body strength,47,7,329,Home,1,
5790,58,232,2026-03-31,plyometric,Jump power and elasticity,53,8,424,Home,1,
5791,58,232,2026-04-01,volleyball,Skill practice and gameplay,73,8,584,Court,1,
5792,58,232,2026-04-02,rest,Full rest day,0,0,0,Gym,1,
5793,58,232,2026-04-03,strength,Upper-body strength,88,7,616,Gym,1,
5794,58,232,2026-04-04,volleyball,Open gym or tournament,129,5,645,Court,1,
5795,58,232,2026-04-05,rest,Full rest day,0,0,0,Track,1,
5796,58,232,2026-04-06,strength,Lower-body strength,67,7,469,Track,1,
5797,58,232,2026-04-07,plyometric,Jump power and elasticity,46,8,368,Home,1,
5798,58,232,2026-04-08,rest,Full rest day,0,0,0,Gym,1,
5799,58,232,2026-04-09,recovery,Mobility and low-intensity recovery,23,3,69,Track,1,
5800,58,232,2026-04-10,strength,Upper-body strength,65,7,455,Home,1,
5801,59,233,2026-01-01,recovery,Mobility and low-intensity recovery,30,5,150,Court,1,
5802,59,233,2026-01-02,strength,Upper-body strength,39,7,273,Home,1,
5803,59,233,2026-01-03,volleyball,Open gym or tournament,114,5,570,Court,1,
5804,59,233,2026-01-04,rest,Full rest day,0,0,0,Gym,1,
5805,59,233,2026-01-05,strength,Lower-body strength,57,6,342,Gym,1,
5806,59,233,2026-01-06,plyometric,Jump power and elasticity,44,7,308,Track,1,
5807,59,233,2026-01-07,volleyball,Skill practice and gameplay,99,7,693,Home,1,
5808,59,233,2026-01-08,recovery,Mobility and low-intensity recovery,22,3,66,Gym,1,
5809,59,233,2026-01-09,rest,Full rest day,0,0,0,Track,1,
5810,59,233,2026-01-10,volleyball,Open gym or tournament,61,9,549,Home,1,
5811,59,233,2026-01-11,rest,Full rest day,0,0,0,Home,1,
5812,59,233,2026-01-12,strength,Lower-body strength,70,5,350,Track,1,
5813,59,233,2026-01-13,plyometric,Jump power and elasticity,60,6,360,Home,1,
5814,59,233,2026-01-14,volleyball,Skill practice and gameplay,130,7,910,Gym,1,
5815,59,233,2026-01-15,recovery,Mobility and low-intensity recovery,24,3,72,Track,1,
5816,59,233,2026-01-16,strength,Upper-body strength,73,8,584,Gym,1,
5817,59,233,2026-01-17,volleyball,Open gym or tournament,112,7,784,Track,1,
5818,59,233,2026-01-18,rest,Full rest day,0,0,0,Court,1,
5819,59,233,2026-01-19,strength,Lower-body strength,47,8,376,Gym,1,
5820,59,233,2026-01-20,rest,Full rest day,0,0,0,Court,1,
5821,59,233,2026-01-21,volleyball,Skill practice and gameplay,119,7,833,Track,1,
5822,59,233,2026-01-22,recovery,Mobility and low-intensity recovery,21,3,63,Home,1,
5823,59,233,2026-01-23,strength,Upper-body strength,68,8,544,Court,1,
5824,59,233,2026-01-24,volleyball,Open gym or tournament,95,7,665,Track,1,
5825,59,233,2026-01-25,rest,Full rest day,0,0,0,Court,1,
5826,59,234,2026-01-26,strength,Lower-body strength,69,7,483,Gym,1,
5827,59,234,2026-01-27,plyometric,Jump power and elasticity,36,7,252,Track,1,
5828,59,234,2026-01-28,volleyball,Skill practice and gameplay,115,6,690,Track,1,
5829,59,234,2026-01-29,recovery,Mobility and low-intensity recovery,33,4,132,Home,1,
5830,59,234,2026-01-30,strength,Upper-body strength,49,6,294,Track,1,
5831,59,234,2026-01-31,volleyball,Open gym or tournament,92,7,644,Gym,1,
5832,59,234,2026-02-01,rest,Full rest day,0,0,0,Track,1,
5833,59,234,2026-02-02,strength,Lower-body strength,41,8,328,Track,1,
5834,59,234,2026-02-03,plyometric,Jump power and elasticity,51,8,408,Gym,1,
5835,59,234,2026-02-04,rest,Full rest day,0,0,0,Court,1,
5836,59,234,2026-02-05,recovery,Mobility and low-intensity recovery,44,4,176,Court,1,
5837,59,234,2026-02-06,strength,Upper-body strength,59,6,354,Gym,1,
5838,59,234,2026-02-07,volleyball,Open gym or tournament,121,9,1089,Court,1,
5839,59,234,2026-02-08,rest,Full rest day,0,0,0,Track,1,
5840,59,234,2026-02-09,strength,Lower-body strength,67,7,469,Track,1,
5841,59,234,2026-02-10,plyometric,Jump power and elasticity,41,8,328,Track,1,
5842,59,234,2026-02-11,volleyball,Skill practice and gameplay,65,7,455,Track,1,
5843,59,234,2026-02-12,recovery,Mobility and low-intensity recovery,31,2,62,Track,1,
5844,59,234,2026-02-13,strength,Upper-body strength,48,7,336,Gym,1,
5845,59,234,2026-02-14,volleyball,Open gym or tournament,64,7,448,Track,1,
5846,59,234,2026-02-15,rest,Full rest day,0,0,0,Court,1,
5847,59,234,2026-02-16,strength,Lower-body strength,54,7,378,Gym,1,
5848,59,234,2026-02-17,plyometric,Jump power and elasticity,52,5,260,Court,1,
5849,59,234,2026-02-18,rest,Full rest day,0,0,0,Track,1,
5850,59,234,2026-02-19,recovery,Mobility and low-intensity recovery,42,1,42,Track,1,
5851,59,235,2026-02-20,strength,Upper-body strength,68,8,544,Home,1,
5852,59,235,2026-02-21,volleyball,Open gym or tournament,89,6,534,Home,1,
5853,59,235,2026-02-22,rest,Full rest day,0,0,0,Track,1,
5854,59,235,2026-02-23,strength,Lower-body strength,79,8,632,Court,1,
5855,59,235,2026-02-24,plyometric,Jump power and elasticity,24,8,192,Gym,1,
5856,59,235,2026-02-25,volleyball,Skill practice and gameplay,95,7,665,Court,1,
5857,59,235,2026-02-26,recovery,Mobility and low-intensity recovery,32,1,32,Court,1,
5858,59,235,2026-02-27,strength,Upper-body strength,60,8,480,Court,1,
5859,59,235,2026-02-28,volleyball,Open gym or tournament,124,4,496,Court,1,
5860,59,235,2026-03-01,rest,Full rest day,0,0,0,Gym,1,
5861,59,235,2026-03-02,strength,Lower-body strength,82,7,574,Home,1,
5862,59,235,2026-03-03,plyometric,Jump power and elasticity,42,6,252,Home,1,
5863,59,235,2026-03-04,volleyball,Skill practice and gameplay,115,7,805,Gym,1,
5864,59,235,2026-03-05,recovery,Mobility and low-intensity recovery,41,2,82,Gym,1,
5865,59,235,2026-03-06,strength,Upper-body strength,39,6,234,Court,1,
5866,59,235,2026-03-07,volleyball,Open gym or tournament,81,6,486,Gym,1,
5867,59,235,2026-03-08,rest,Full rest day,0,0,0,Home,1,
5868,59,235,2026-03-09,strength,Lower-body strength,70,8,560,Track,1,
5869,59,235,2026-03-10,plyometric,Jump power and elasticity,45,7,315,Track,1,
5870,59,235,2026-03-11,volleyball,Skill practice and gameplay,114,6,684,Track,1,
5871,59,235,2026-03-12,recovery,Mobility and low-intensity recovery,32,4,128,Court,1,
5872,59,235,2026-03-13,strength,Upper-body strength,67,7,469,Home,1,
5873,59,235,2026-03-14,volleyball,Open gym or tournament,117,5,585,Track,1,
5874,59,235,2026-03-15,rest,Full rest day,0,0,0,Court,1,
5875,59,235,2026-03-16,strength,Lower-body strength,54,7,378,Track,1,
5876,59,236,2026-03-17,rest,Full rest day,0,0,0,Gym,1,
5877,59,236,2026-03-18,volleyball,Skill practice and gameplay,95,7,665,Gym,1,
5878,59,236,2026-03-19,recovery,Mobility and low-intensity recovery,36,3,108,Court,1,
5879,59,236,2026-03-20,strength,Upper-body strength,78,6,468,Court,1,
5880,59,236,2026-03-21,volleyball,Open gym or tournament,146,7,1022,Court,1,
5881,59,236,2026-03-22,rest,Full rest day,0,0,0,Court,1,
5882,59,236,2026-03-23,rest,Full rest day,0,0,0,Track,1,
5883,59,236,2026-03-24,plyometric,Jump power and elasticity,42,7,294,Court,1,
5884,59,236,2026-03-25,volleyball,Skill practice and gameplay,112,6,672,Court,1,
5885,59,236,2026-03-26,recovery,Mobility and low-intensity recovery,35,2,70,Court,1,
5886,59,236,2026-03-27,strength,Upper-body strength,60,8,480,Gym,1,
5887,59,236,2026-03-28,volleyball,Open gym or tournament,78,6,468,Home,1,
5888,59,236,2026-03-29,rest,Full rest day,0,0,0,Gym,1,
5889,59,236,2026-03-30,strength,Lower-body strength,34,7,238,Gym,1,
5890,59,236,2026-03-31,plyometric,Jump power and elasticity,65,9,585,Gym,1,
5891,59,236,2026-04-01,volleyball,Skill practice and gameplay,126,7,882,Home,1,
5892,59,236,2026-04-02,recovery,Mobility and low-intensity recovery,38,3,114,Home,1,
5893,59,236,2026-04-03,strength,Upper-body strength,65,5,325,Gym,1,
5894,59,236,2026-04-04,volleyball,Open gym or tournament,67,6,402,Court,1,
5895,59,236,2026-04-05,rest,Full rest day,0,0,0,Gym,1,
5896,59,236,2026-04-06,strength,Lower-body strength,54,6,324,Gym,1,
5897,59,236,2026-04-07,plyometric,Jump power and elasticity,40,8,320,Gym,1,
5898,59,236,2026-04-08,volleyball,Skill practice and gameplay,82,6,492,Home,1,
5899,59,236,2026-04-09,recovery,Mobility and low-intensity recovery,36,3,108,Gym,1,
5900,59,236,2026-04-10,strength,Upper-body strength,52,7,364,Track,1,
5901,60,237,2026-01-01,recovery,Mobility and low-intensity recovery,45,4,180,Gym,1,
5902,60,237,2026-01-02,strength,Upper-body strength,66,7,462,Gym,1,
5903,60,237,2026-01-03,volleyball,Open gym or tournament,118,7,826,Track,1,
5904,60,237,2026-01-04,rest,Full rest day,0,0,0,Gym,1,
5905,60,237,2026-01-05,strength,Lower-body strength,55,8,440,Gym,1,
5906,60,237,2026-01-06,plyometric,Jump power and elasticity,42,7,294,Gym,1,
5907,60,237,2026-01-07,volleyball,Skill practice and gameplay,108,6,648,Court,1,
5908,60,237,2026-01-08,recovery,Mobility and low-intensity recovery,29,5,145,Court,1,
5909,60,237,2026-01-09,strength,Upper-body strength,58,8,464,Court,1,
5910,60,237,2026-01-10,volleyball,Open gym or tournament,53,6,318,Track,1,
5911,60,237,2026-01-11,rest,Full rest day,0,0,0,Gym,1,
5912,60,237,2026-01-12,strength,Lower-body strength,31,7,217,Gym,1,
5913,60,237,2026-01-13,rest,Full rest day,0,0,0,Court,1,
5914,60,237,2026-01-14,volleyball,Skill practice and gameplay,79,7,553,Track,1,
5915,60,237,2026-01-15,recovery,Mobility and low-intensity recovery,34,4,136,Track,1,
5916,60,237,2026-01-16,strength,Upper-body strength,71,6,426,Track,1,
5917,60,237,2026-01-17,rest,Full rest day,0,0,0,Court,1,
5918,60,237,2026-01-18,rest,Full rest day,0,0,0,Court,1,
5919,60,237,2026-01-19,strength,Lower-body strength,87,7,609,Gym,1,
5920,60,237,2026-01-20,plyometric,Jump power and elasticity,45,7,315,Gym,1,
5921,60,237,2026-01-21,volleyball,Skill practice and gameplay,69,8,552,Gym,1,
5922,60,237,2026-01-22,recovery,Mobility and low-intensity recovery,25,3,75,Court,1,
5923,60,237,2026-01-23,strength,Upper-body strength,78,8,624,Court,1,
5924,60,237,2026-01-24,volleyball,Open gym or tournament,87,7,609,Track,1,
5925,60,237,2026-01-25,rest,Full rest day,0,0,0,Court,1,
5926,60,238,2026-01-26,strength,Lower-body strength,71,7,497,Gym,1,
5927,60,238,2026-01-27,plyometric,Jump power and elasticity,40,5,200,Gym,1,
5928,60,238,2026-01-28,volleyball,Skill practice and gameplay,72,6,432,Court,1,
5929,60,238,2026-01-29,recovery,Mobility and low-intensity recovery,24,3,72,Home,1,
5930,60,238,2026-01-30,rest,Full rest day,0,0,0,Track,1,
5931,60,238,2026-01-31,volleyball,Open gym or tournament,158,6,948,Court,1,
5932,60,238,2026-02-01,rest,Full rest day,0,0,0,Home,1,
5933,60,238,2026-02-02,strength,Lower-body strength,47,7,329,Gym,1,
5934,60,238,2026-02-03,plyometric,Jump power and elasticity,54,8,432,Court,1,
5935,60,238,2026-02-04,volleyball,Skill practice and gameplay,118,6,708,Track,1,
5936,60,238,2026-02-05,recovery,Mobility and low-intensity recovery,22,3,66,Home,1,
5937,60,238,2026-02-06,strength,Upper-body strength,49,7,343,Home,1,
5938,60,238,2026-02-07,volleyball,Open gym or tournament,77,7,539,Court,1,
5939,60,238,2026-02-08,rest,Full rest day,0,0,0,Court,1,
5940,60,238,2026-02-09,strength,Lower-body strength,60,7,420,Home,1,
5941,60,238,2026-02-10,plyometric,Jump power and elasticity,34,6,204,Gym,1,
5942,60,238,2026-02-11,volleyball,Skill practice and gameplay,113,5,565,Track,1,
5943,60,238,2026-02-12,recovery,Mobility and low-intensity recovery,42,2,84,Gym,1,
5944,60,238,2026-02-13,rest,Full rest day,0,0,0,Home,1,
5945,60,238,2026-02-14,volleyball,Open gym or tournament,103,8,824,Gym,1,
5946,60,238,2026-02-15,rest,Full rest day,0,0,0,Court,1,
5947,60,238,2026-02-16,strength,Lower-body strength,72,6,432,Home,1,
5948,60,238,2026-02-17,plyometric,Jump power and elasticity,44,9,396,Track,1,
5949,60,238,2026-02-18,volleyball,Skill practice and gameplay,97,6,582,Track,1,
5950,60,238,2026-02-19,recovery,Mobility and low-intensity recovery,23,4,92,Gym,1,
5951,60,239,2026-02-20,strength,Upper-body strength,73,8,584,Gym,1,
5952,60,239,2026-02-21,rest,Full rest day,0,0,0,Track,1,
5953,60,239,2026-02-22,rest,Full rest day,0,0,0,Home,1,
5954,60,239,2026-02-23,strength,Lower-body strength,61,8,488,Gym,1,
5955,60,239,2026-02-24,plyometric,Jump power and elasticity,42,6,252,Home,1,
5956,60,239,2026-02-25,volleyball,Skill practice and gameplay,101,9,909,Track,1,
5957,60,239,2026-02-26,recovery,Mobility and low-intensity recovery,23,4,92,Home,1,
5958,60,239,2026-02-27,strength,Upper-body strength,80,9,720,Track,1,
5959,60,239,2026-02-28,volleyball,Open gym or tournament,82,7,574,Home,1,
5960,60,239,2026-03-01,rest,Full rest day,0,0,0,Court,1,
5961,60,239,2026-03-02,strength,Lower-body strength,47,7,329,Home,1,
5962,60,239,2026-03-03,plyometric,Jump power and elasticity,32,6,192,Track,1,
5963,60,239,2026-03-04,volleyball,Skill practice and gameplay,121,6,726,Home,1,
5964,60,239,2026-03-05,recovery,Mobility and low-intensity recovery,16,3,48,Court,1,
5965,60,239,2026-03-06,strength,Upper-body strength,68,6,408,Gym,1,
5966,60,239,2026-03-07,volleyball,Open gym or tournament,96,5,480,Home,1,
5967,60,239,2026-03-08,rest,Full rest day,0,0,0,Track,1,
5968,60,239,2026-03-09,strength,Lower-body strength,73,8,584,Court,1,
5969,60,239,2026-03-10,plyometric,Jump power and elasticity,32,7,224,Gym,1,
5970,60,239,2026-03-11,volleyball,Skill practice and gameplay,106,9,954,Home,1,
5971,60,239,2026-03-12,recovery,Mobility and low-intensity recovery,33,3,99,Gym,1,
5972,60,239,2026-03-13,strength,Upper-body strength,48,7,336,Home,1,
5973,60,239,2026-03-14,volleyball,Open gym or tournament,105,6,630,Home,1,
5974,60,239,2026-03-15,rest,Full rest day,0,0,0,Gym,1,
5975,60,239,2026-03-16,strength,Lower-body strength,36,7,252,Gym,1,
5976,60,240,2026-03-17,plyometric,Jump power and elasticity,58,7,406,Court,1,
5977,60,240,2026-03-18,rest,Full rest day,0,0,0,Home,1,
5978,60,240,2026-03-19,recovery,Mobility and low-intensity recovery,37,2,74,Home,1,
5979,60,240,2026-03-20,rest,Full rest day,0,0,0,Gym,1,
5980,60,240,2026-03-21,volleyball,Open gym or tournament,125,10,1250,Court,1,
5981,60,240,2026-03-22,rest,Full rest day,0,0,0,Gym,1,
5982,60,240,2026-03-23,strength,Lower-body strength,69,7,483,Track,1,
5983,60,240,2026-03-24,plyometric,Jump power and elasticity,41,6,246,Court,1,
5984,60,240,2026-03-25,volleyball,Skill practice and gameplay,76,8,608,Track,1,
5985,60,240,2026-03-26,recovery,Mobility and low-intensity recovery,34,2,68,Court,1,
5986,60,240,2026-03-27,strength,Upper-body strength,71,6,426,Home,1,
5987,60,240,2026-03-28,rest,Full rest day,0,0,0,Gym,1,
5988,60,240,2026-03-29,rest,Full rest day,0,0,0,Court,1,
5989,60,240,2026-03-30,strength,Lower-body strength,66,8,528,Home,1,
5990,60,240,2026-03-31,rest,Full rest day,0,0,0,Home,1,
5991,60,240,2026-04-01,volleyball,Skill practice and gameplay,148,7,1036,Track,1,
5992,60,240,2026-04-02,recovery,Mobility and low-intensity recovery,30,3,90,Track,1,
5993,60,240,2026-04-03,strength,Upper-body strength,76,7,532,Home,1,
5994,60,240,2026-04-04,rest,Full rest day,0,0,0,Track,1,
5995,60,240,2026-04-05,rest,Full rest day,0,0,0,Home,1,
5996,60,240,2026-04-06,strength,Lower-body strength,52,7,364,Home,1,
5997,60,240,2026-04-07,plyometric,Jump power and elasticity,42,8,336,Home,1,
5998,60,240,2026-04-08,volleyball,Skill practice and gameplay,120,6,720,Track,1,
5999,60,240,2026-04-09,recovery,Mobility and low-intensity recovery,34,4,136,Court,1,
6000,60,240,2026-04-10,strength,Upper-body strength,63,8,504,Home,1,
6001,61,241,2026-01-01,recovery,Mobility and low-intensity recovery,30,4,120,Gym,1,
6002,61,241,2026-01-02,strength,Upper-body strength,78,7,546,Gym,1,
6003,61,241,2026-01-03,volleyball,Open gym or tournament,83,7,581,Track,1,
6004,61,241,2026-01-04,rest,Full rest day,0,0,0,Home,1,
6005,61,241,2026-01-05,strength,Lower-body strength,70,7,490,Home,1,
6006,61,241,2026-01-06,plyometric,Jump power and elasticity,29,6,174,Court,1,
6007,61,241,2026-01-07,volleyball,Skill practice and gameplay,114,7,798,Court,1,
6008,61,241,2026-01-08,recovery,Mobility and low-intensity recovery,30,3,90,Gym,1,
6009,61,241,2026-01-09,strength,Upper-body strength,76,7,532,Gym,1,
6010,61,241,2026-01-10,volleyball,Open gym or tournament,73,7,511,Gym,1,
6011,61,241,2026-01-11,rest,Full rest day,0,0,0,Gym,1,
6012,61,241,2026-01-12,strength,Lower-body strength,78,8,624,Home,1,
6013,61,241,2026-01-13,plyometric,Jump power and elasticity,43,6,258,Gym,1,
6014,61,241,2026-01-14,volleyball,Skill practice and gameplay,124,8,992,Court,1,
6015,61,241,2026-01-15,recovery,Mobility and low-intensity recovery,26,3,78,Home,1,
6016,61,241,2026-01-16,strength,Upper-body strength,95,7,665,Track,1,
6017,61,241,2026-01-17,volleyball,Open gym or tournament,105,7,735,Court,1,
6018,61,241,2026-01-18,rest,Full rest day,0,0,0,Track,1,
6019,61,241,2026-01-19,strength,Lower-body strength,73,7,511,Gym,1,
6020,61,241,2026-01-20,plyometric,Jump power and elasticity,54,7,378,Gym,1,
6021,61,241,2026-01-21,volleyball,Skill practice and gameplay,99,9,891,Home,1,
6022,61,241,2026-01-22,recovery,Mobility and low-intensity recovery,41,4,164,Home,1,
6023,61,241,2026-01-23,strength,Upper-body strength,72,6,432,Court,1,
6024,61,241,2026-01-24,volleyball,Open gym or tournament,102,7,714,Track,1,
6025,61,241,2026-01-25,rest,Full rest day,0,0,0,Home,1,
6026,61,242,2026-01-26,strength,Lower-body strength,77,8,616,Home,1,
6027,61,242,2026-01-27,rest,Full rest day,0,0,0,Track,1,
6028,61,242,2026-01-28,volleyball,Skill practice and gameplay,78,7,546,Track,1,
6029,61,242,2026-01-29,recovery,Mobility and low-intensity recovery,29,4,116,Gym,1,
6030,61,242,2026-01-30,strength,Upper-body strength,59,8,472,Gym,1,
6031,61,242,2026-01-31,volleyball,Open gym or tournament,11,8,88,Home,1,
6032,61,242,2026-02-01,rest,Full rest day,0,0,0,Gym,1,
6033,61,242,2026-02-02,strength,Lower-body strength,65,5,325,Home,1,
6034,61,242,2026-02-03,plyometric,Jump power and elasticity,51,7,357,Home,1,
6035,61,242,2026-02-04,volleyball,Skill practice and gameplay,118,9,1062,Track,1,
6036,61,242,2026-02-05,recovery,Mobility and low-intensity recovery,44,4,176,Home,1,
6037,61,242,2026-02-06,strength,Upper-body strength,54,7,378,Home,1,
6038,61,242,2026-02-07,volleyball,Open gym or tournament,73,7,511,Home,1,
6039,61,242,2026-02-08,rest,Full rest day,0,0,0,Gym,1,
6040,61,242,2026-02-09,strength,Lower-body strength,53,6,318,Gym,1,
6041,61,242,2026-02-10,plyometric,Jump power and elasticity,37,6,222,Court,1,
6042,61,242,2026-02-11,volleyball,Skill practice and gameplay,86,7,602,Track,1,
6043,61,242,2026-02-12,recovery,Mobility and low-intensity recovery,22,3,66,Court,1,
6044,61,242,2026-02-13,strength,Upper-body strength,68,8,544,Home,1,
6045,61,242,2026-02-14,volleyball,Open gym or tournament,106,7,742,Home,1,
6046,61,242,2026-02-15,rest,Full rest day,0,0,0,Court,1,
6047,61,242,2026-02-16,strength,Lower-body strength,53,7,371,Track,1,
6048,61,242,2026-02-17,plyometric,Jump power and elasticity,63,7,441,Home,1,
6049,61,242,2026-02-18,rest,Full rest day,0,0,0,Home,1,
6050,61,242,2026-02-19,recovery,Mobility and low-intensity recovery,38,4,152,Gym,1,
6051,61,243,2026-02-20,strength,Upper-body strength,80,7,560,Home,1,
6052,61,243,2026-02-21,volleyball,Open gym or tournament,79,6,474,Home,1,
6053,61,243,2026-02-22,rest,Full rest day,0,0,0,Home,1,
6054,61,243,2026-02-23,strength,Lower-body strength,64,6,384,Court,1,
6055,61,243,2026-02-24,plyometric,Jump power and elasticity,64,8,512,Gym,1,
6056,61,243,2026-02-25,volleyball,Skill practice and gameplay,112,6,672,Home,1,
6057,61,243,2026-02-26,recovery,Mobility and low-intensity recovery,18,5,90,Track,1,
6058,61,243,2026-02-27,strength,Upper-body strength,70,5,350,Home,1,
6059,61,243,2026-02-28,volleyball,Open gym or tournament,95,6,570,Home,1,
6060,61,243,2026-03-01,rest,Full rest day,0,0,0,Track,1,
6061,61,243,2026-03-02,strength,Lower-body strength,86,6,516,Track,1,
6062,61,243,2026-03-03,rest,Full rest day,0,0,0,Track,1,
6063,61,243,2026-03-04,rest,Full rest day,0,0,0,Gym,1,
6064,61,243,2026-03-05,recovery,Mobility and low-intensity recovery,39,3,117,Gym,1,
6065,61,243,2026-03-06,strength,Upper-body strength,78,7,546,Gym,1,
6066,61,243,2026-03-07,rest,Full rest day,0,0,0,Court,1,
6067,61,243,2026-03-08,rest,Full rest day,0,0,0,Track,1,
6068,61,243,2026-03-09,strength,Lower-body strength,56,7,392,Track,1,
6069,61,243,2026-03-10,plyometric,Jump power and elasticity,40,6,240,Gym,1,
6070,61,243,2026-03-11,volleyball,Skill practice and gameplay,128,7,896,Track,1,
6071,61,243,2026-03-12,recovery,Mobility and low-intensity recovery,45,3,135,Home,1,
6072,61,243,2026-03-13,strength,Upper-body strength,56,8,448,Gym,1,
6073,61,243,2026-03-14,volleyball,Open gym or tournament,84,8,672,Home,1,
6074,61,243,2026-03-15,rest,Full rest day,0,0,0,Track,1,
6075,61,243,2026-03-16,strength,Lower-body strength,78,7,546,Track,1,
6076,61,244,2026-03-17,plyometric,Jump power and elasticity,43,7,301,Home,1,
6077,61,244,2026-03-18,volleyball,Skill practice and gameplay,56,7,392,Track,1,
6078,61,244,2026-03-19,recovery,Mobility and low-intensity recovery,45,3,135,Gym,1,
6079,61,244,2026-03-20,strength,Upper-body strength,53,7,371,Court,1,
6080,61,244,2026-03-21,volleyball,Open gym or tournament,64,6,384,Court,1,
6081,61,244,2026-03-22,rest,Full rest day,0,0,0,Court,1,
6082,61,244,2026-03-23,strength,Lower-body strength,65,8,520,Track,1,
6083,61,244,2026-03-24,plyometric,Jump power and elasticity,55,9,495,Gym,1,
6084,61,244,2026-03-25,volleyball,Skill practice and gameplay,146,8,1168,Gym,1,
6085,61,244,2026-03-26,recovery,Mobility and low-intensity recovery,40,4,160,Track,1,
6086,61,244,2026-03-27,strength,Upper-body strength,60,8,480,Gym,1,
6087,61,244,2026-03-28,volleyball,Open gym or tournament,66,8,528,Track,1,
6088,61,244,2026-03-29,rest,Full rest day,0,0,0,Court,1,
6089,61,244,2026-03-30,strength,Lower-body strength,61,7,427,Gym,1,
6090,61,244,2026-03-31,plyometric,Jump power and elasticity,31,7,217,Track,1,
6091,61,244,2026-04-01,volleyball,Skill practice and gameplay,147,7,1029,Gym,1,
6092,61,244,2026-04-02,recovery,Mobility and low-intensity recovery,29,3,87,Home,1,
6093,61,244,2026-04-03,strength,Upper-body strength,71,8,568,Home,1,
6094,61,244,2026-04-04,volleyball,Open gym or tournament,87,7,609,Home,1,
6095,61,244,2026-04-05,rest,Full rest day,0,0,0,Track,1,
6096,61,244,2026-04-06,strength,Lower-body strength,65,5,325,Gym,1,
6097,61,244,2026-04-07,plyometric,Jump power and elasticity,37,7,259,Home,1,
6098,61,244,2026-04-08,rest,Full rest day,0,0,0,Gym,1,
6099,61,244,2026-04-09,recovery,Mobility and low-intensity recovery,39,3,117,Track,1,
6100,61,244,2026-04-10,strength,Upper-body strength,45,8,360,Home,1,
6101,62,245,2026-01-01,recovery,Mobility and low-intensity recovery,26,3,78,Home,1,
6102,62,245,2026-01-02,strength,Upper-body strength,56,7,392,Track,1,
6103,62,245,2026-01-03,volleyball,Open gym or tournament,92,4,368,Gym,1,
6104,62,245,2026-01-04,rest,Full rest day,0,0,0,Home,1,
6105,62,245,2026-01-05,strength,Lower-body strength,61,7,427,Gym,1,
6106,62,245,2026-01-06,plyometric,Jump power and elasticity,27,7,189,Court,1,
6107,62,245,2026-01-07,volleyball,Skill practice and gameplay,113,6,678,Track,1,
6108,62,245,2026-01-08,recovery,Mobility and low-intensity recovery,20,2,40,Home,1,
6109,62,245,2026-01-09,rest,Full rest day,0,0,0,Track,1,
6110,62,245,2026-01-10,volleyball,Open gym or tournament,111,7,777,Court,1,
6111,62,245,2026-01-11,rest,Full rest day,0,0,0,Track,1,
6112,62,245,2026-01-12,strength,Lower-body strength,64,7,448,Track,1,
6113,62,245,2026-01-13,plyometric,Jump power and elasticity,38,7,266,Home,1,
6114,62,245,2026-01-14,volleyball,Skill practice and gameplay,107,6,642,Court,1,
6115,62,245,2026-01-15,recovery,Mobility and low-intensity recovery,52,1,52,Home,1,
6116,62,245,2026-01-16,strength,Upper-body strength,67,5,335,Gym,1,
6117,62,245,2026-01-17,volleyball,Open gym or tournament,51,7,357,Court,1,
6118,62,245,2026-01-18,rest,Full rest day,0,0,0,Track,1,
6119,62,245,2026-01-19,strength,Lower-body strength,42,6,252,Track,1,
6120,62,245,2026-01-20,plyometric,Jump power and elasticity,37,6,222,Gym,1,
6121,62,245,2026-01-21,rest,Full rest day,0,0,0,Track,1,
6122,62,245,2026-01-22,recovery,Mobility and low-intensity recovery,35,1,35,Home,1,
6123,62,245,2026-01-23,strength,Upper-body strength,71,7,497,Court,1,
6124,62,245,2026-01-24,volleyball,Open gym or tournament,93,8,744,Gym,1,
6125,62,245,2026-01-25,rest,Full rest day,0,0,0,Gym,1,
6126,62,246,2026-01-26,strength,Lower-body strength,62,6,372,Track,1,
6127,62,246,2026-01-27,rest,Full rest day,0,0,0,Track,1,
6128,62,246,2026-01-28,volleyball,Skill practice and gameplay,35,8,280,Gym,1,
6129,62,246,2026-01-29,recovery,Mobility and low-intensity recovery,51,1,51,Home,1,
6130,62,246,2026-01-30,strength,Upper-body strength,85,7,595,Home,1,
6131,62,246,2026-01-31,rest,Full rest day,0,0,0,Court,1,
6132,62,246,2026-02-01,rest,Full rest day,0,0,0,Track,1,
6133,62,246,2026-02-02,strength,Lower-body strength,69,7,483,Gym,1,
6134,62,246,2026-02-03,plyometric,Jump power and elasticity,43,7,301,Track,1,
6135,62,246,2026-02-04,volleyball,Skill practice and gameplay,100,7,700,Track,1,
6136,62,246,2026-02-05,recovery,Mobility and low-intensity recovery,38,2,76,Home,1,
6137,62,246,2026-02-06,strength,Upper-body strength,46,8,368,Track,1,
6138,62,246,2026-02-07,volleyball,Open gym or tournament,73,6,438,Court,1,
6139,62,246,2026-02-08,rest,Full rest day,0,0,0,Home,1,
6140,62,246,2026-02-09,strength,Lower-body strength,66,9,594,Home,1,
6141,62,246,2026-02-10,plyometric,Jump power and elasticity,41,6,246,Track,1,
6142,62,246,2026-02-11,volleyball,Skill practice and gameplay,133,6,798,Home,1,
6143,62,246,2026-02-12,recovery,Mobility and low-intensity recovery,17,4,68,Court,1,
6144,62,246,2026-02-13,strength,Upper-body strength,72,8,576,Gym,1,
6145,62,246,2026-02-14,volleyball,Open gym or tournament,62,7,434,Court,1,
6146,62,246,2026-02-15,rest,Full rest day,0,0,0,Home,1,
6147,62,246,2026-02-16,strength,Lower-body strength,90,5,450,Court,1,
6148,62,246,2026-02-17,plyometric,Jump power and elasticity,41,7,287,Home,1,
6149,62,246,2026-02-18,volleyball,Skill practice and gameplay,145,6,870,Track,1,
6150,62,246,2026-02-19,recovery,Mobility and low-intensity recovery,35,5,175,Home,1,
6151,62,247,2026-02-20,strength,Upper-body strength,79,9,711,Gym,1,
6152,62,247,2026-02-21,volleyball,Open gym or tournament,63,8,504,Court,1,
6153,62,247,2026-02-22,rest,Full rest day,0,0,0,Track,1,
6154,62,247,2026-02-23,rest,Full rest day,0,0,0,Home,1,
6155,62,247,2026-02-24,plyometric,Jump power and elasticity,52,8,416,Court,1,
6156,62,247,2026-02-25,volleyball,Skill practice and gameplay,121,7,847,Court,1,
6157,62,247,2026-02-26,recovery,Mobility and low-intensity recovery,22,3,66,Court,1,
6158,62,247,2026-02-27,strength,Upper-body strength,71,5,355,Track,1,
6159,62,247,2026-02-28,rest,Full rest day,0,0,0,Home,1,
6160,62,247,2026-03-01,rest,Full rest day,0,0,0,Home,1,
6161,62,247,2026-03-02,strength,Lower-body strength,54,7,378,Track,1,
6162,62,247,2026-03-03,plyometric,Jump power and elasticity,50,7,350,Gym,1,
6163,62,247,2026-03-04,volleyball,Skill practice and gameplay,103,6,618,Court,1,
6164,62,247,2026-03-05,recovery,Mobility and low-intensity recovery,46,3,138,Home,1,
6165,62,247,2026-03-06,strength,Upper-body strength,65,6,390,Track,1,
6166,62,247,2026-03-07,volleyball,Open gym or tournament,110,7,770,Track,1,
6167,62,247,2026-03-08,rest,Full rest day,0,0,0,Court,1,
6168,62,247,2026-03-09,strength,Lower-body strength,65,6,390,Track,1,
6169,62,247,2026-03-10,rest,Full rest day,0,0,0,Court,1,
6170,62,247,2026-03-11,volleyball,Skill practice and gameplay,92,6,552,Home,1,
6171,62,247,2026-03-12,recovery,Mobility and low-intensity recovery,36,2,72,Court,1,
6172,62,247,2026-03-13,rest,Full rest day,0,0,0,Gym,1,
6173,62,247,2026-03-14,volleyball,Open gym or tournament,96,8,768,Court,1,
6174,62,247,2026-03-15,rest,Full rest day,0,0,0,Court,1,
6175,62,247,2026-03-16,strength,Lower-body strength,97,8,776,Gym,1,
6176,62,248,2026-03-17,plyometric,Jump power and elasticity,46,5,230,Court,1,
6177,62,248,2026-03-18,volleyball,Skill practice and gameplay,91,7,637,Track,1,
6178,62,248,2026-03-19,recovery,Mobility and low-intensity recovery,28,4,112,Home,1,
6179,62,248,2026-03-20,strength,Upper-body strength,70,8,560,Home,1,
6180,62,248,2026-03-21,volleyball,Open gym or tournament,145,6,870,Home,1,
6181,62,248,2026-03-22,rest,Full rest day,0,0,0,Home,1,
6182,62,248,2026-03-23,strength,Lower-body strength,80,8,640,Gym,1,
6183,62,248,2026-03-24,plyometric,Jump power and elasticity,78,6,468,Court,1,
6184,62,248,2026-03-25,volleyball,Skill practice and gameplay,124,6,744,Court,1,
6185,62,248,2026-03-26,recovery,Mobility and low-intensity recovery,21,3,63,Track,1,
6186,62,248,2026-03-27,strength,Upper-body strength,75,7,525,Court,1,
6187,62,248,2026-03-28,volleyball,Open gym or tournament,48,6,288,Gym,1,
6188,62,248,2026-03-29,rest,Full rest day,0,0,0,Track,1,
6189,62,248,2026-03-30,strength,Lower-body strength,70,8,560,Track,1,
6190,62,248,2026-03-31,plyometric,Jump power and elasticity,48,6,288,Court,1,
6191,62,248,2026-04-01,volleyball,Skill practice and gameplay,83,7,581,Gym,1,
6192,62,248,2026-04-02,recovery,Mobility and low-intensity recovery,30,2,60,Home,1,
6193,62,248,2026-04-03,strength,Upper-body strength,46,6,276,Gym,1,
6194,62,248,2026-04-04,volleyball,Open gym or tournament,119,7,833,Gym,1,
6195,62,248,2026-04-05,rest,Full rest day,0,0,0,Gym,1,
6196,62,248,2026-04-06,strength,Lower-body strength,57,5,285,Track,1,
6197,62,248,2026-04-07,plyometric,Jump power and elasticity,52,7,364,Track,1,
6198,62,248,2026-04-08,volleyball,Skill practice and gameplay,127,6,762,Gym,1,
6199,62,248,2026-04-09,recovery,Mobility and low-intensity recovery,36,4,144,Home,1,
6200,62,248,2026-04-10,strength,Upper-body strength,63,7,441,Track,1,
6201,63,249,2026-01-01,rest,Full rest day,0,0,0,Gym,1,
6202,63,249,2026-01-02,strength,Upper-body strength,85,7,595,Home,1,
6203,63,249,2026-01-03,volleyball,Open gym or tournament,99,10,990,Court,1,
6204,63,249,2026-01-04,rest,Full rest day,0,0,0,Court,1,
6205,63,249,2026-01-05,strength,Lower-body strength,66,7,462,Gym,1,
6206,63,249,2026-01-06,plyometric,Jump power and elasticity,48,7,336,Gym,1,
6207,63,249,2026-01-07,rest,Full rest day,0,0,0,Track,1,
6208,63,249,2026-01-08,recovery,Mobility and low-intensity recovery,26,2,52,Home,1,
6209,63,249,2026-01-09,strength,Upper-body strength,45,6,270,Gym,1,
6210,63,249,2026-01-10,volleyball,Open gym or tournament,101,6,606,Court,1,
6211,63,249,2026-01-11,rest,Full rest day,0,0,0,Gym,1,
6212,63,249,2026-01-12,strength,Lower-body strength,67,7,469,Track,1,
6213,63,249,2026-01-13,plyometric,Jump power and elasticity,48,8,384,Track,1,
6214,63,249,2026-01-14,rest,Full rest day,0,0,0,Home,1,
6215,63,249,2026-01-15,recovery,Mobility and low-intensity recovery,34,3,102,Court,1,
6216,63,249,2026-01-16,rest,Full rest day,0,0,0,Home,1,
6217,63,249,2026-01-17,volleyball,Open gym or tournament,134,7,938,Court,1,
6218,63,249,2026-01-18,rest,Full rest day,0,0,0,Court,1,
6219,63,249,2026-01-19,strength,Lower-body strength,48,6,288,Gym,1,
6220,63,249,2026-01-20,plyometric,Jump power and elasticity,39,6,234,Court,1,
6221,63,249,2026-01-21,volleyball,Skill practice and gameplay,60,8,480,Court,1,
6222,63,249,2026-01-22,recovery,Mobility and low-intensity recovery,34,3,102,Track,1,
6223,63,249,2026-01-23,strength,Upper-body strength,56,7,392,Home,1,
6224,63,249,2026-01-24,volleyball,Open gym or tournament,121,6,726,Home,1,
6225,63,249,2026-01-25,rest,Full rest day,0,0,0,Track,1,
6226,63,250,2026-01-26,strength,Lower-body strength,64,6,384,Gym,1,
6227,63,250,2026-01-27,rest,Full rest day,0,0,0,Home,1,
6228,63,250,2026-01-28,volleyball,Skill practice and gameplay,73,4,292,Track,1,
6229,63,250,2026-01-29,rest,Full rest day,0,0,0,Gym,1,
6230,63,250,2026-01-30,rest,Full rest day,0,0,0,Track,1,
6231,63,250,2026-01-31,volleyball,Open gym or tournament,128,7,896,Home,1,
6232,63,250,2026-02-01,rest,Full rest day,0,0,0,Home,1,
6233,63,250,2026-02-02,strength,Lower-body strength,57,8,456,Court,1,
6234,63,250,2026-02-03,plyometric,Jump power and elasticity,65,6,390,Track,1,
6235,63,250,2026-02-04,rest,Full rest day,0,0,0,Court,1,
6236,63,250,2026-02-05,recovery,Mobility and low-intensity recovery,15,3,45,Track,1,
6237,63,250,2026-02-06,strength,Upper-body strength,66,8,528,Home,1,
6238,63,250,2026-02-07,volleyball,Open gym or tournament,127,7,889,Track,1,
6239,63,250,2026-02-08,rest,Full rest day,0,0,0,Track,1,
6240,63,250,2026-02-09,strength,Lower-body strength,36,6,216,Gym,1,
6241,63,250,2026-02-10,plyometric,Jump power and elasticity,46,6,276,Gym,1,
6242,63,250,2026-02-11,volleyball,Skill practice and gameplay,102,9,918,Gym,1,
6243,63,250,2026-02-12,recovery,Mobility and low-intensity recovery,31,2,62,Court,1,
6244,63,250,2026-02-13,strength,Upper-body strength,84,7,588,Track,1,
6245,63,250,2026-02-14,volleyball,Open gym or tournament,106,7,742,Home,1,
6246,63,250,2026-02-15,rest,Full rest day,0,0,0,Track,1,
6247,63,250,2026-02-16,strength,Lower-body strength,67,7,469,Track,1,
6248,63,250,2026-02-17,plyometric,Jump power and elasticity,53,8,424,Gym,1,
6249,63,250,2026-02-18,rest,Full rest day,0,0,0,Court,1,
6250,63,250,2026-02-19,recovery,Mobility and low-intensity recovery,30,4,120,Home,1,
6251,63,251,2026-02-20,rest,Full rest day,0,0,0,Home,1,
6252,63,251,2026-02-21,volleyball,Open gym or tournament,136,7,952,Gym,1,
6253,63,251,2026-02-22,rest,Full rest day,0,0,0,Home,1,
6254,63,251,2026-02-23,strength,Lower-body strength,69,5,345,Track,1,
6255,63,251,2026-02-24,rest,Full rest day,0,0,0,Track,1,
6256,63,251,2026-02-25,volleyball,Skill practice and gameplay,132,8,1056,Gym,1,
6257,63,251,2026-02-26,recovery,Mobility and low-intensity recovery,41,3,123,Court,1,
6258,63,251,2026-02-27,strength,Upper-body strength,69,7,483,Track,1,
6259,63,251,2026-02-28,rest,Full rest day,0,0,0,Court,1,
6260,63,251,2026-03-01,rest,Full rest day,0,0,0,Court,1,
6261,63,251,2026-03-02,strength,Lower-body strength,40,8,320,Home,1,
6262,63,251,2026-03-03,plyometric,Jump power and elasticity,46,5,230,Track,1,
6263,63,251,2026-03-04,volleyball,Skill practice and gameplay,73,7,511,Home,1,
6264,63,251,2026-03-05,rest,Full rest day,0,0,0,Gym,1,
6265,63,251,2026-03-06,strength,Upper-body strength,54,7,378,Track,1,
6266,63,251,2026-03-07,volleyball,Open gym or tournament,117,7,819,Gym,1,
6267,63,251,2026-03-08,rest,Full rest day,0,0,0,Home,1,
6268,63,251,2026-03-09,strength,Lower-body strength,79,5,395,Home,1,
6269,63,251,2026-03-10,plyometric,Jump power and elasticity,31,7,217,Home,1,
6270,63,251,2026-03-11,volleyball,Skill practice and gameplay,113,5,565,Track,1,
6271,63,251,2026-03-12,recovery,Mobility and low-intensity recovery,42,3,126,Home,1,
6272,63,251,2026-03-13,strength,Upper-body strength,69,7,483,Gym,1,
6273,63,251,2026-03-14,volleyball,Open gym or tournament,82,8,656,Court,1,
6274,63,251,2026-03-15,rest,Full rest day,0,0,0,Track,1,
6275,63,251,2026-03-16,strength,Lower-body strength,60,5,300,Gym,1,
6276,63,252,2026-03-17,plyometric,Jump power and elasticity,50,7,350,Track,1,
6277,63,252,2026-03-18,volleyball,Skill practice and gameplay,97,7,679,Home,1,
6278,63,252,2026-03-19,recovery,Mobility and low-intensity recovery,41,3,123,Track,1,
6279,63,252,2026-03-20,strength,Upper-body strength,76,7,532,Home,1,
6280,63,252,2026-03-21,volleyball,Open gym or tournament,82,7,574,Gym,1,
6281,63,252,2026-03-22,rest,Full rest day,0,0,0,Gym,1,
6282,63,252,2026-03-23,strength,Lower-body strength,84,6,504,Court,1,
6283,63,252,2026-03-24,plyometric,Jump power and elasticity,41,9,369,Home,1,
6284,63,252,2026-03-25,volleyball,Skill practice and gameplay,78,8,624,Court,1,
6285,63,252,2026-03-26,recovery,Mobility and low-intensity recovery,43,3,129,Gym,1,
6286,63,252,2026-03-27,strength,Upper-body strength,79,8,632,Home,1,
6287,63,252,2026-03-28,volleyball,Open gym or tournament,95,6,570,Court,1,
6288,63,252,2026-03-29,rest,Full rest day,0,0,0,Track,1,
6289,63,252,2026-03-30,strength,Lower-body strength,57,8,456,Track,1,
6290,63,252,2026-03-31,plyometric,Jump power and elasticity,62,8,496,Gym,1,
6291,63,252,2026-04-01,volleyball,Skill practice and gameplay,121,8,968,Gym,1,
6292,63,252,2026-04-02,recovery,Mobility and low-intensity recovery,58,4,232,Court,1,
6293,63,252,2026-04-03,strength,Upper-body strength,63,8,504,Court,1,
6294,63,252,2026-04-04,volleyball,Open gym or tournament,138,8,1104,Court,1,
6295,63,252,2026-04-05,rest,Full rest day,0,0,0,Home,1,
6296,63,252,2026-04-06,strength,Lower-body strength,68,6,408,Track,1,
6297,63,252,2026-04-07,plyometric,Jump power and elasticity,56,9,504,Home,1,
6298,63,252,2026-04-08,volleyball,Skill practice and gameplay,135,7,945,Home,1,
6299,63,252,2026-04-09,recovery,Mobility and low-intensity recovery,39,4,156,Court,1,
6300,63,252,2026-04-10,strength,Upper-body strength,71,7,497,Track,1,
6301,64,253,2026-01-01,recovery,Mobility and low-intensity recovery,45,2,90,Court,1,
6302,64,253,2026-01-02,rest,Full rest day,0,0,0,Track,1,
6303,64,253,2026-01-03,volleyball,Open gym or tournament,94,9,846,Track,1,
6304,64,253,2026-01-04,rest,Full rest day,0,0,0,Court,1,
6305,64,253,2026-01-05,strength,Lower-body strength,78,7,546,Gym,1,
6306,64,253,2026-01-06,plyometric,Jump power and elasticity,38,5,190,Home,1,
6307,64,253,2026-01-07,volleyball,Skill practice and gameplay,119,7,833,Track,1,
6308,64,253,2026-01-08,recovery,Mobility and low-intensity recovery,40,1,40,Court,1,
6309,64,253,2026-01-09,strength,Upper-body strength,40,6,240,Home,1,
6310,64,253,2026-01-10,volleyball,Open gym or tournament,133,7,931,Home,1,
6311,64,253,2026-01-11,rest,Full rest day,0,0,0,Court,1,
6312,64,253,2026-01-12,strength,Lower-body strength,67,8,536,Gym,1,
6313,64,253,2026-01-13,plyometric,Jump power and elasticity,45,5,225,Gym,1,
6314,64,253,2026-01-14,volleyball,Skill practice and gameplay,119,8,952,Court,1,
6315,64,253,2026-01-15,recovery,Mobility and low-intensity recovery,36,1,36,Gym,1,
6316,64,253,2026-01-16,strength,Upper-body strength,74,6,444,Home,1,
6317,64,253,2026-01-17,volleyball,Open gym or tournament,106,9,954,Court,1,
6318,64,253,2026-01-18,rest,Full rest day,0,0,0,Track,1,
6319,64,253,2026-01-19,strength,Lower-body strength,71,5,355,Court,1,
6320,64,253,2026-01-20,rest,Full rest day,0,0,0,Gym,1,
6321,64,253,2026-01-21,volleyball,Skill practice and gameplay,108,8,864,Home,1,
6322,64,253,2026-01-22,recovery,Mobility and low-intensity recovery,34,4,136,Home,1,
6323,64,253,2026-01-23,strength,Upper-body strength,69,6,414,Track,1,
6324,64,253,2026-01-24,volleyball,Open gym or tournament,88,6,528,Court,1,
6325,64,253,2026-01-25,rest,Full rest day,0,0,0,Gym,1,
6326,64,254,2026-01-26,strength,Lower-body strength,53,8,424,Track,1,
6327,64,254,2026-01-27,plyometric,Jump power and elasticity,53,7,371,Court,1,
6328,64,254,2026-01-28,volleyball,Skill practice and gameplay,117,8,936,Gym,1,
6329,64,254,2026-01-29,recovery,Mobility and low-intensity recovery,33,2,66,Gym,1,
6330,64,254,2026-01-30,strength,Upper-body strength,64,8,512,Home,1,
6331,64,254,2026-01-31,volleyball,Open gym or tournament,120,7,840,Home,1,
6332,64,254,2026-02-01,rest,Full rest day,0,0,0,Home,1,
6333,64,254,2026-02-02,rest,Full rest day,0,0,0,Gym,1,
6334,64,254,2026-02-03,plyometric,Jump power and elasticity,53,8,424,Court,1,
6335,64,254,2026-02-04,volleyball,Skill practice and gameplay,115,7,805,Court,1,
6336,64,254,2026-02-05,recovery,Mobility and low-intensity recovery,36,4,144,Court,1,
6337,64,254,2026-02-06,strength,Upper-body strength,65,7,455,Track,1,
6338,64,254,2026-02-07,volleyball,Open gym or tournament,112,6,672,Track,1,
6339,64,254,2026-02-08,rest,Full rest day,0,0,0,Home,1,
6340,64,254,2026-02-09,strength,Lower-body strength,52,8,416,Home,1,
6341,64,254,2026-02-10,plyometric,Jump power and elasticity,48,6,288,Court,1,
6342,64,254,2026-02-11,volleyball,Skill practice and gameplay,42,6,252,Home,1,
6343,64,254,2026-02-12,recovery,Mobility and low-intensity recovery,39,3,117,Court,1,
6344,64,254,2026-02-13,strength,Upper-body strength,57,7,399,Court,1,
6345,64,254,2026-02-14,volleyball,Open gym or tournament,111,7,777,Track,1,
6346,64,254,2026-02-15,rest,Full rest day,0,0,0,Court,1,
6347,64,254,2026-02-16,strength,Lower-body strength,71,6,426,Home,1,
6348,64,254,2026-02-17,plyometric,Jump power and elasticity,37,6,222,Court,1,
6349,64,254,2026-02-18,volleyball,Skill practice and gameplay,106,7,742,Home,1,
6350,64,254,2026-02-19,recovery,Mobility and low-intensity recovery,42,3,126,Court,1,
6351,64,255,2026-02-20,strength,Upper-body strength,93,8,744,Gym,1,
6352,64,255,2026-02-21,volleyball,Open gym or tournament,75,8,600,Track,1,
6353,64,255,2026-02-22,rest,Full rest day,0,0,0,Track,1,
6354,64,255,2026-02-23,strength,Lower-body strength,67,7,469,Court,1,
6355,64,255,2026-02-24,plyometric,Jump power and elasticity,47,5,235,Home,1,
6356,64,255,2026-02-25,volleyball,Skill practice and gameplay,116,5,580,Court,1,
6357,64,255,2026-02-26,recovery,Mobility and low-intensity recovery,31,4,124,Track,1,
6358,64,255,2026-02-27,strength,Upper-body strength,57,6,342,Home,1,
6359,64,255,2026-02-28,volleyball,Open gym or tournament,93,7,651,Gym,1,
6360,64,255,2026-03-01,rest,Full rest day,0,0,0,Gym,1,
6361,64,255,2026-03-02,strength,Lower-body strength,53,7,371,Home,1,
6362,64,255,2026-03-03,plyometric,Jump power and elasticity,48,7,336,Court,1,
6363,64,255,2026-03-04,volleyball,Skill practice and gameplay,110,6,660,Track,1,
6364,64,255,2026-03-05,rest,Full rest day,0,0,0,Home,1,
6365,64,255,2026-03-06,strength,Upper-body strength,44,6,264,Court,1,
6366,64,255,2026-03-07,volleyball,Open gym or tournament,104,8,832,Home,1,
6367,64,255,2026-03-08,rest,Full rest day,0,0,0,Home,1,
6368,64,255,2026-03-09,strength,Lower-body strength,79,8,632,Track,1,
6369,64,255,2026-03-10,plyometric,Jump power and elasticity,34,8,272,Gym,1,
6370,64,255,2026-03-11,volleyball,Skill practice and gameplay,95,5,475,Gym,1,
6371,64,255,2026-03-12,recovery,Mobility and low-intensity recovery,44,3,132,Gym,1,
6372,64,255,2026-03-13,strength,Upper-body strength,70,8,560,Gym,1,
6373,64,255,2026-03-14,rest,Full rest day,0,0,0,Track,1,
6374,64,255,2026-03-15,rest,Full rest day,0,0,0,Court,1,
6375,64,255,2026-03-16,strength,Lower-body strength,72,5,360,Home,1,
6376,64,256,2026-03-17,plyometric,Jump power and elasticity,59,6,354,Track,1,
6377,64,256,2026-03-18,volleyball,Skill practice and gameplay,133,7,931,Gym,1,
6378,64,256,2026-03-19,recovery,Mobility and low-intensity recovery,39,3,117,Gym,1,
6379,64,256,2026-03-20,strength,Upper-body strength,57,8,456,Track,1,
6380,64,256,2026-03-21,volleyball,Open gym or tournament,63,5,315,Home,1,
6381,64,256,2026-03-22,rest,Full rest day,0,0,0,Track,1,
6382,64,256,2026-03-23,strength,Lower-body strength,61,8,488,Home,1,
6383,64,256,2026-03-24,plyometric,Jump power and elasticity,40,8,320,Track,1,
6384,64,256,2026-03-25,volleyball,Skill practice and gameplay,91,7,637,Court,1,
6385,64,256,2026-03-26,recovery,Mobility and low-intensity recovery,32,2,64,Gym,1,
6386,64,256,2026-03-27,strength,Upper-body strength,33,7,231,Court,1,
6387,64,256,2026-03-28,volleyball,Open gym or tournament,104,5,520,Track,1,
6388,64,256,2026-03-29,rest,Full rest day,0,0,0,Court,1,
6389,64,256,2026-03-30,strength,Lower-body strength,61,5,305,Home,1,
6390,64,256,2026-03-31,plyometric,Jump power and elasticity,47,6,282,Track,1,
6391,64,256,2026-04-01,volleyball,Skill practice and gameplay,83,7,581,Home,1,
6392,64,256,2026-04-02,recovery,Mobility and low-intensity recovery,31,2,62,Court,1,
6393,64,256,2026-04-03,strength,Upper-body strength,78,7,546,Gym,1,
6394,64,256,2026-04-04,volleyball,Open gym or tournament,71,8,568,Track,1,
6395,64,256,2026-04-05,rest,Full rest day,0,0,0,Home,1,
6396,64,256,2026-04-06,strength,Lower-body strength,60,7,420,Court,1,
6397,64,256,2026-04-07,plyometric,Jump power and elasticity,37,7,259,Track,1,
6398,64,256,2026-04-08,volleyball,Skill practice and gameplay,89,5,445,Gym,1,
6399,64,256,2026-04-09,recovery,Mobility and low-intensity recovery,35,4,140,Track,1,
6400,64,256,2026-04-10,rest,Full rest day,0,0,0,Gym,1,
6401,65,257,2026-01-01,recovery,Mobility and low-intensity recovery,38,2,76,Court,1,
6402,65,257,2026-01-02,strength,Upper-body strength,71,8,568,Home,1,
6403,65,257,2026-01-03,volleyball,Open gym or tournament,161,8,1288,Track,1,
6404,65,257,2026-01-04,rest,Full rest day,0,0,0,Track,1,
6405,65,257,2026-01-05,strength,Lower-body strength,76,8,608,Home,1,
6406,65,257,2026-01-06,rest,Full rest day,0,0,0,Track,1,
6407,65,257,2026-01-07,volleyball,Skill practice and gameplay,76,9,684,Track,1,
6408,65,257,2026-01-08,recovery,Mobility and low-intensity recovery,31,3,93,Track,1,
6409,65,257,2026-01-09,strength,Upper-body strength,63,8,504,Track,1,
6410,65,257,2026-01-10,volleyball,Open gym or tournament,141,7,987,Home,1,
6411,65,257,2026-01-11,rest,Full rest day,0,0,0,Court,1,
6412,65,257,2026-01-12,strength,Lower-body strength,86,7,602,Track,1,
6413,65,257,2026-01-13,plyometric,Jump power and elasticity,42,8,336,Home,1,
6414,65,257,2026-01-14,volleyball,Skill practice and gameplay,122,8,976,Court,1,
6415,65,257,2026-01-15,recovery,Mobility and low-intensity recovery,53,5,265,Home,1,
6416,65,257,2026-01-16,strength,Upper-body strength,63,7,441,Gym,1,
6417,65,257,2026-01-17,volleyball,Open gym or tournament,111,9,999,Court,1,
6418,65,257,2026-01-18,rest,Full rest day,0,0,0,Court,1,
6419,65,257,2026-01-19,strength,Lower-body strength,71,6,426,Gym,1,
6420,65,257,2026-01-20,plyometric,Jump power and elasticity,48,6,288,Court,1,
6421,65,257,2026-01-21,volleyball,Skill practice and gameplay,88,6,528,Court,1,
6422,65,257,2026-01-22,recovery,Mobility and low-intensity recovery,31,3,93,Gym,1,
6423,65,257,2026-01-23,strength,Upper-body strength,63,7,441,Home,1,
6424,65,257,2026-01-24,volleyball,Open gym or tournament,88,9,792,Track,1,
6425,65,257,2026-01-25,rest,Full rest day,0,0,0,Court,1,
6426,65,258,2026-01-26,strength,Lower-body strength,55,6,330,Home,1,
6427,65,258,2026-01-27,plyometric,Jump power and elasticity,47,9,423,Home,1,
6428,65,258,2026-01-28,rest,Full rest day,0,0,0,Gym,1,
6429,65,258,2026-01-29,recovery,Mobility and low-intensity recovery,50,3,150,Home,1,
6430,65,258,2026-01-30,strength,Upper-body strength,55,5,275,Gym,1,
6431,65,258,2026-01-31,rest,Full rest day,0,0,0,Home,1,
6432,65,258,2026-02-01,rest,Full rest day,0,0,0,Track,1,
6433,65,258,2026-02-02,strength,Lower-body strength,68,7,476,Home,1,
6434,65,258,2026-02-03,plyometric,Jump power and elasticity,43,6,258,Home,1,
6435,65,258,2026-02-04,volleyball,Skill practice and gameplay,105,6,630,Home,1,
6436,65,258,2026-02-05,recovery,Mobility and low-intensity recovery,29,3,87,Gym,1,
6437,65,258,2026-02-06,strength,Upper-body strength,67,8,536,Court,1,
6438,65,258,2026-02-07,volleyball,Open gym or tournament,104,9,936,Gym,1,
6439,65,258,2026-02-08,rest,Full rest day,0,0,0,Track,1,
6440,65,258,2026-02-09,strength,Lower-body strength,90,7,630,Gym,1,
6441,65,258,2026-02-10,plyometric,Jump power and elasticity,45,7,315,Court,1,
6442,65,258,2026-02-11,volleyball,Skill practice and gameplay,75,6,450,Track,1,
6443,65,258,2026-02-12,recovery,Mobility and low-intensity recovery,33,4,132,Court,1,
6444,65,258,2026-02-13,strength,Upper-body strength,61,5,305,Court,1,
6445,65,258,2026-02-14,volleyball,Open gym or tournament,102,5,510,Track,1,
6446,65,258,2026-02-15,rest,Full rest day,0,0,0,Court,1,
6447,65,258,2026-02-16,strength,Lower-body strength,79,8,632,Gym,1,
6448,65,258,2026-02-17,plyometric,Jump power and elasticity,39,8,312,Court,1,
6449,65,258,2026-02-18,volleyball,Skill practice and gameplay,103,7,721,Home,1,
6450,65,258,2026-02-19,recovery,Mobility and low-intensity recovery,27,3,81,Gym,1,
6451,65,259,2026-02-20,strength,Upper-body strength,76,8,608,Court,1,
6452,65,259,2026-02-21,volleyball,Open gym or tournament,65,7,455,Home,1,
6453,65,259,2026-02-22,rest,Full rest day,0,0,0,Gym,1,
6454,65,259,2026-02-23,strength,Lower-body strength,62,7,434,Track,1,
6455,65,259,2026-02-24,plyometric,Jump power and elasticity,43,8,344,Gym,1,
6456,65,259,2026-02-25,volleyball,Skill practice and gameplay,97,7,679,Track,1,
6457,65,259,2026-02-26,recovery,Mobility and low-intensity recovery,44,4,176,Gym,1,
6458,65,259,2026-02-27,strength,Upper-body strength,56,7,392,Home,1,
6459,65,259,2026-02-28,volleyball,Open gym or tournament,82,7,574,Track,1,
6460,65,259,2026-03-01,rest,Full rest day,0,0,0,Gym,1,
6461,65,259,2026-03-02,strength,Lower-body strength,53,6,318,Track,1,
6462,65,259,2026-03-03,plyometric,Jump power and elasticity,32,7,224,Court,1,
6463,65,259,2026-03-04,volleyball,Skill practice and gameplay,95,6,570,Gym,1,
6464,65,259,2026-03-05,recovery,Mobility and low-intensity recovery,38,4,152,Gym,1,
6465,65,259,2026-03-06,strength,Upper-body strength,37,7,259,Home,1,
6466,65,259,2026-03-07,volleyball,Open gym or tournament,118,7,826,Home,1,
6467,65,259,2026-03-08,rest,Full rest day,0,0,0,Home,1,
6468,65,259,2026-03-09,strength,Lower-body strength,46,6,276,Track,1,
6469,65,259,2026-03-10,plyometric,Jump power and elasticity,51,8,408,Gym,1,
6470,65,259,2026-03-11,volleyball,Skill practice and gameplay,123,8,984,Track,1,
6471,65,259,2026-03-12,recovery,Mobility and low-intensity recovery,42,3,126,Gym,1,
6472,65,259,2026-03-13,strength,Upper-body strength,70,8,560,Home,1,
6473,65,259,2026-03-14,volleyball,Open gym or tournament,73,5,365,Track,1,
6474,65,259,2026-03-15,rest,Full rest day,0,0,0,Court,1,
6475,65,259,2026-03-16,strength,Lower-body strength,53,8,424,Court,1,
6476,65,260,2026-03-17,plyometric,Jump power and elasticity,32,6,192,Gym,1,
6477,65,260,2026-03-18,volleyball,Skill practice and gameplay,107,6,642,Track,1,
6478,65,260,2026-03-19,recovery,Mobility and low-intensity recovery,44,2,88,Track,1,
6479,65,260,2026-03-20,strength,Upper-body strength,60,5,300,Gym,1,
6480,65,260,2026-03-21,volleyball,Open gym or tournament,100,7,700,Gym,1,
6481,65,260,2026-03-22,rest,Full rest day,0,0,0,Home,1,
6482,65,260,2026-03-23,strength,Lower-body strength,37,6,222,Gym,1,
6483,65,260,2026-03-24,plyometric,Jump power and elasticity,47,6,282,Home,1,
6484,65,260,2026-03-25,rest,Full rest day,0,0,0,Track,1,
6485,65,260,2026-03-26,recovery,Mobility and low-intensity recovery,36,2,72,Court,1,
6486,65,260,2026-03-27,strength,Upper-body strength,65,9,585,Court,1,
6487,65,260,2026-03-28,volleyball,Open gym or tournament,132,6,792,Home,1,
6488,65,260,2026-03-29,rest,Full rest day,0,0,0,Gym,1,
6489,65,260,2026-03-30,strength,Lower-body strength,57,9,513,Gym,1,
6490,65,260,2026-03-31,plyometric,Jump power and elasticity,42,5,210,Court,1,
6491,65,260,2026-04-01,volleyball,Skill practice and gameplay,36,6,216,Court,1,
6492,65,260,2026-04-02,recovery,Mobility and low-intensity recovery,39,3,117,Home,1,
6493,65,260,2026-04-03,strength,Upper-body strength,56,5,280,Home,1,
6494,65,260,2026-04-04,volleyball,Open gym or tournament,143,7,1001,Track,1,
6495,65,260,2026-04-05,rest,Full rest day,0,0,0,Court,1,
6496,65,260,2026-04-06,strength,Lower-body strength,72,8,576,Gym,1,
6497,65,260,2026-04-07,plyometric,Jump power and elasticity,38,7,266,Track,1,
6498,65,260,2026-04-08,volleyball,Skill practice and gameplay,128,5,640,Home,1,
6499,65,260,2026-04-09,recovery,Mobility and low-intensity recovery,39,4,156,Home,1,
6500,65,260,2026-04-10,strength,Upper-body strength,72,7,504,Track,1,
6501,66,261,2026-01-01,recovery,Mobility and low-intensity recovery,31,3,93,Court,1,
6502,66,261,2026-01-02,strength,Upper-body strength,86,7,602,Track,1,
6503,66,261,2026-01-03,volleyball,Open gym or tournament,84,6,504,Gym,1,
6504,66,261,2026-01-04,rest,Full rest day,0,0,0,Track,1,
6505,66,261,2026-01-05,strength,Lower-body strength,48,7,336,Court,1,
6506,66,261,2026-01-06,plyometric,Jump power and elasticity,47,7,329,Home,1,
6507,66,261,2026-01-07,volleyball,Skill practice and gameplay,151,8,1208,Home,1,
6508,66,261,2026-01-08,recovery,Mobility and low-intensity recovery,57,3,171,Home,1,
6509,66,261,2026-01-09,strength,Upper-body strength,66,7,462,Home,1,
6510,66,261,2026-01-10,volleyball,Open gym or tournament,53,4,212,Track,1,
6511,66,261,2026-01-11,rest,Full rest day,0,0,0,Home,1,
6512,66,261,2026-01-12,strength,Lower-body strength,61,8,488,Gym,1,
6513,66,261,2026-01-13,plyometric,Jump power and elasticity,42,7,294,Home,1,
6514,66,261,2026-01-14,volleyball,Skill practice and gameplay,129,6,774,Track,1,
6515,66,261,2026-01-15,recovery,Mobility and low-intensity recovery,32,3,96,Court,1,
6516,66,261,2026-01-16,strength,Upper-body strength,68,7,476,Home,1,
6517,66,261,2026-01-17,volleyball,Open gym or tournament,126,7,882,Home,1,
6518,66,261,2026-01-18,rest,Full rest day,0,0,0,Gym,1,
6519,66,261,2026-01-19,strength,Lower-body strength,46,7,322,Gym,1,
6520,66,261,2026-01-20,plyometric,Jump power and elasticity,57,7,399,Track,1,
6521,66,261,2026-01-21,volleyball,Skill practice and gameplay,109,6,654,Home,1,
6522,66,261,2026-01-22,recovery,Mobility and low-intensity recovery,37,2,74,Court,1,
6523,66,261,2026-01-23,strength,Upper-body strength,72,7,504,Court,1,
6524,66,261,2026-01-24,volleyball,Open gym or tournament,84,6,504,Home,1,
6525,66,261,2026-01-25,rest,Full rest day,0,0,0,Gym,1,
6526,66,262,2026-01-26,strength,Lower-body strength,56,7,392,Track,1,
6527,66,262,2026-01-27,plyometric,Jump power and elasticity,52,6,312,Home,1,
6528,66,262,2026-01-28,volleyball,Skill practice and gameplay,84,7,588,Home,1,
6529,66,262,2026-01-29,recovery,Mobility and low-intensity recovery,40,4,160,Gym,1,
6530,66,262,2026-01-30,strength,Upper-body strength,79,5,395,Home,1,
6531,66,262,2026-01-31,volleyball,Open gym or tournament,139,7,973,Track,1,
6532,66,262,2026-02-01,rest,Full rest day,0,0,0,Court,1,
6533,66,262,2026-02-02,strength,Lower-body strength,65,6,390,Court,1,
6534,66,262,2026-02-03,plyometric,Jump power and elasticity,51,7,357,Track,1,
6535,66,262,2026-02-04,rest,Full rest day,0,0,0,Court,1,
6536,66,262,2026-02-05,recovery,Mobility and low-intensity recovery,48,2,96,Home,1,
6537,66,262,2026-02-06,strength,Upper-body strength,69,6,414,Track,1,
6538,66,262,2026-02-07,volleyball,Open gym or tournament,87,9,783,Gym,1,
6539,66,262,2026-02-08,rest,Full rest day,0,0,0,Gym,1,
6540,66,262,2026-02-09,strength,Lower-body strength,70,7,490,Gym,1,
6541,66,262,2026-02-10,plyometric,Jump power and elasticity,37,6,222,Gym,1,
6542,66,262,2026-02-11,volleyball,Skill practice and gameplay,139,9,1251,Home,1,
6543,66,262,2026-02-12,recovery,Mobility and low-intensity recovery,50,4,200,Home,1,
6544,66,262,2026-02-13,strength,Upper-body strength,54,9,486,Gym,1,
6545,66,262,2026-02-14,rest,Full rest day,0,0,0,Home,1,
6546,66,262,2026-02-15,rest,Full rest day,0,0,0,Track,1,
6547,66,262,2026-02-16,strength,Lower-body strength,65,7,455,Track,1,
6548,66,262,2026-02-17,plyometric,Jump power and elasticity,42,8,336,Track,1,
6549,66,262,2026-02-18,volleyball,Skill practice and gameplay,120,8,960,Gym,1,
6550,66,262,2026-02-19,recovery,Mobility and low-intensity recovery,23,3,69,Gym,1,
6551,66,263,2026-02-20,strength,Upper-body strength,70,6,420,Gym,1,
6552,66,263,2026-02-21,volleyball,Open gym or tournament,59,6,354,Home,1,
6553,66,263,2026-02-22,rest,Full rest day,0,0,0,Court,1,
6554,66,263,2026-02-23,strength,Lower-body strength,64,7,448,Court,1,
6555,66,263,2026-02-24,plyometric,Jump power and elasticity,34,7,238,Home,1,
6556,66,263,2026-02-25,volleyball,Skill practice and gameplay,101,8,808,Gym,1,
6557,66,263,2026-02-26,recovery,Mobility and low-intensity recovery,31,4,124,Gym,1,
6558,66,263,2026-02-27,strength,Upper-body strength,74,7,518,Home,1,
6559,66,263,2026-02-28,volleyball,Open gym or tournament,120,7,840,Track,1,
6560,66,263,2026-03-01,rest,Full rest day,0,0,0,Track,1,
6561,66,263,2026-03-02,strength,Lower-body strength,70,8,560,Home,1,
6562,66,263,2026-03-03,plyometric,Jump power and elasticity,33,8,264,Home,1,
6563,66,263,2026-03-04,volleyball,Skill practice and gameplay,86,7,602,Track,1,
6564,66,263,2026-03-05,rest,Full rest day,0,0,0,Track,1,
6565,66,263,2026-03-06,strength,Upper-body strength,65,7,455,Court,1,
6566,66,263,2026-03-07,volleyball,Open gym or tournament,69,6,414,Court,1,
6567,66,263,2026-03-08,rest,Full rest day,0,0,0,Court,1,
6568,66,263,2026-03-09,strength,Lower-body strength,73,5,365,Gym,1,
6569,66,263,2026-03-10,plyometric,Jump power and elasticity,36,8,288,Track,1,
6570,66,263,2026-03-11,volleyball,Skill practice and gameplay,123,6,738,Gym,1,
6571,66,263,2026-03-12,recovery,Mobility and low-intensity recovery,47,3,141,Home,1,
6572,66,263,2026-03-13,strength,Upper-body strength,72,9,648,Gym,1,
6573,66,263,2026-03-14,volleyball,Open gym or tournament,111,9,999,Gym,1,
6574,66,263,2026-03-15,rest,Full rest day,0,0,0,Home,1,
6575,66,263,2026-03-16,strength,Lower-body strength,74,7,518,Gym,1,
6576,66,264,2026-03-17,plyometric,Jump power and elasticity,47,7,329,Gym,1,
6577,66,264,2026-03-18,rest,Full rest day,0,0,0,Court,1,
6578,66,264,2026-03-19,recovery,Mobility and low-intensity recovery,30,3,90,Home,1,
6579,66,264,2026-03-20,strength,Upper-body strength,61,7,427,Home,1,
6580,66,264,2026-03-21,volleyball,Open gym or tournament,80,7,560,Home,1,
6581,66,264,2026-03-22,rest,Full rest day,0,0,0,Home,1,
6582,66,264,2026-03-23,strength,Lower-body strength,51,7,357,Track,1,
6583,66,264,2026-03-24,plyometric,Jump power and elasticity,47,8,376,Track,1,
6584,66,264,2026-03-25,volleyball,Skill practice and gameplay,94,8,752,Home,1,
6585,66,264,2026-03-26,recovery,Mobility and low-intensity recovery,41,3,123,Track,1,
6586,66,264,2026-03-27,strength,Upper-body strength,34,7,238,Gym,1,
6587,66,264,2026-03-28,volleyball,Open gym or tournament,111,7,777,Court,1,
6588,66,264,2026-03-29,rest,Full rest day,0,0,0,Court,1,
6589,66,264,2026-03-30,strength,Lower-body strength,68,6,408,Gym,1,
6590,66,264,2026-03-31,plyometric,Jump power and elasticity,37,7,259,Court,1,
6591,66,264,2026-04-01,volleyball,Skill practice and gameplay,112,8,896,Gym,1,
6592,66,264,2026-04-02,recovery,Mobility and low-intensity recovery,42,3,126,Gym,1,
6593,66,264,2026-04-03,strength,Upper-body strength,64,5,320,Court,1,
6594,66,264,2026-04-04,volleyball,Open gym or tournament,112,5,560,Gym,1,
6595,66,264,2026-04-05,rest,Full rest day,0,0,0,Court,1,
6596,66,264,2026-04-06,strength,Lower-body strength,48,8,384,Home,1,
6597,66,264,2026-04-07,plyometric,Jump power and elasticity,37,6,222,Court,1,
6598,66,264,2026-04-08,volleyball,Skill practice and gameplay,112,8,896,Court,1,
6599,66,264,2026-04-09,recovery,Mobility and low-intensity recovery,36,4,144,Home,1,
6600,66,264,2026-04-10,strength,Upper-body strength,56,8,448,Court,1,
6601,67,265,2026-01-01,recovery,Mobility and low-intensity recovery,25,4,100,Gym,1,
6602,67,265,2026-01-02,strength,Upper-body strength,62,7,434,Track,1,
6603,67,265,2026-01-03,volleyball,Open gym or tournament,78,6,468,Home,1,
6604,67,265,2026-01-04,rest,Full rest day,0,0,0,Court,1,
6605,67,265,2026-01-05,rest,Full rest day,0,0,0,Home,1,
6606,67,265,2026-01-06,plyometric,Jump power and elasticity,52,7,364,Home,1,
6607,67,265,2026-01-07,volleyball,Skill practice and gameplay,47,8,376,Gym,1,
6608,67,265,2026-01-08,recovery,Mobility and low-intensity recovery,29,3,87,Gym,1,
6609,67,265,2026-01-09,strength,Upper-body strength,48,8,384,Court,1,
6610,67,265,2026-01-10,rest,Full rest day,0,0,0,Court,1,
6611,67,265,2026-01-11,rest,Full rest day,0,0,0,Home,1,
6612,67,265,2026-01-12,strength,Lower-body strength,57,8,456,Home,1,
6613,67,265,2026-01-13,plyometric,Jump power and elasticity,50,8,400,Home,1,
6614,67,265,2026-01-14,volleyball,Skill practice and gameplay,85,9,765,Gym,1,
6615,67,265,2026-01-15,recovery,Mobility and low-intensity recovery,37,2,74,Home,1,
6616,67,265,2026-01-16,strength,Upper-body strength,51,8,408,Court,1,
6617,67,265,2026-01-17,volleyball,Open gym or tournament,103,8,824,Court,1,
6618,67,265,2026-01-18,rest,Full rest day,0,0,0,Track,1,
6619,67,265,2026-01-19,strength,Lower-body strength,37,5,185,Home,1,
6620,67,265,2026-01-20,plyometric,Jump power and elasticity,43,5,215,Gym,1,
6621,67,265,2026-01-21,volleyball,Skill practice and gameplay,113,4,452,Track,1,
6622,67,265,2026-01-22,recovery,Mobility and low-intensity recovery,38,4,152,Gym,1,
6623,67,265,2026-01-23,strength,Upper-body strength,88,6,528,Gym,1,
6624,67,265,2026-01-24,volleyball,Open gym or tournament,110,6,660,Home,1,
6625,67,265,2026-01-25,rest,Full rest day,0,0,0,Home,1,
6626,67,266,2026-01-26,strength,Lower-body strength,54,7,378,Home,1,
6627,67,266,2026-01-27,plyometric,Jump power and elasticity,62,6,372,Track,1,
6628,67,266,2026-01-28,volleyball,Skill practice and gameplay,58,6,348,Gym,1,
6629,67,266,2026-01-29,recovery,Mobility and low-intensity recovery,45,4,180,Home,1,
6630,67,266,2026-01-30,strength,Upper-body strength,68,7,476,Home,1,
6631,67,266,2026-01-31,volleyball,Open gym or tournament,116,8,928,Home,1,
6632,67,266,2026-02-01,rest,Full rest day,0,0,0,Home,1,
6633,67,266,2026-02-02,strength,Lower-body strength,64,6,384,Court,1,
6634,67,266,2026-02-03,plyometric,Jump power and elasticity,23,7,161,Gym,1,
6635,67,266,2026-02-04,volleyball,Skill practice and gameplay,105,6,630,Gym,1,
6636,67,266,2026-02-05,recovery,Mobility and low-intensity recovery,43,4,172,Home,1,
6637,67,266,2026-02-06,strength,Upper-body strength,59,6,354,Track,1,
6638,67,266,2026-02-07,volleyball,Open gym or tournament,107,7,749,Gym,1,
6639,67,266,2026-02-08,rest,Full rest day,0,0,0,Track,1,
6640,67,266,2026-02-09,strength,Lower-body strength,57,6,342,Home,1,
6641,67,266,2026-02-10,plyometric,Jump power and elasticity,50,7,350,Home,1,
6642,67,266,2026-02-11,volleyball,Skill practice and gameplay,91,5,455,Gym,1,
6643,67,266,2026-02-12,recovery,Mobility and low-intensity recovery,37,3,111,Home,1,
6644,67,266,2026-02-13,strength,Upper-body strength,63,7,441,Track,1,
6645,67,266,2026-02-14,volleyball,Open gym or tournament,73,6,438,Home,1,
6646,67,266,2026-02-15,rest,Full rest day,0,0,0,Home,1,
6647,67,266,2026-02-16,strength,Lower-body strength,52,6,312,Gym,1,
6648,67,266,2026-02-17,plyometric,Jump power and elasticity,65,6,390,Court,1,
6649,67,266,2026-02-18,volleyball,Skill practice and gameplay,92,7,644,Track,1,
6650,67,266,2026-02-19,recovery,Mobility and low-intensity recovery,24,4,96,Court,1,
6651,67,267,2026-02-20,strength,Upper-body strength,73,6,438,Home,1,
6652,67,267,2026-02-21,volleyball,Open gym or tournament,92,6,552,Track,1,
6653,67,267,2026-02-22,rest,Full rest day,0,0,0,Home,1,
6654,67,267,2026-02-23,strength,Lower-body strength,65,6,390,Court,1,
6655,67,267,2026-02-24,plyometric,Jump power and elasticity,49,9,441,Court,1,
6656,67,267,2026-02-25,volleyball,Skill practice and gameplay,131,8,1048,Track,1,
6657,67,267,2026-02-26,recovery,Mobility and low-intensity recovery,27,5,135,Home,1,
6658,67,267,2026-02-27,strength,Upper-body strength,61,8,488,Court,1,
6659,67,267,2026-02-28,volleyball,Open gym or tournament,132,5,660,Track,1,
6660,67,267,2026-03-01,rest,Full rest day,0,0,0,Home,1,
6661,67,267,2026-03-02,strength,Lower-body strength,63,7,441,Home,1,
6662,67,267,2026-03-03,plyometric,Jump power and elasticity,49,7,343,Track,1,
6663,67,267,2026-03-04,volleyball,Skill practice and gameplay,110,6,660,Home,1,
6664,67,267,2026-03-05,recovery,Mobility and low-intensity recovery,27,5,135,Court,1,
6665,67,267,2026-03-06,strength,Upper-body strength,69,6,414,Court,1,
6666,67,267,2026-03-07,volleyball,Open gym or tournament,136,9,1224,Track,1,
6667,67,267,2026-03-08,rest,Full rest day,0,0,0,Gym,1,
6668,67,267,2026-03-09,strength,Lower-body strength,75,6,450,Home,1,
6669,67,267,2026-03-10,plyometric,Jump power and elasticity,45,8,360,Court,1,
6670,67,267,2026-03-11,volleyball,Skill practice and gameplay,101,8,808,Court,1,
6671,67,267,2026-03-12,recovery,Mobility and low-intensity recovery,37,2,74,Court,1,
6672,67,267,2026-03-13,strength,Upper-body strength,50,6,300,Court,1,
6673,67,267,2026-03-14,volleyball,Open gym or tournament,123,8,984,Home,1,
6674,67,267,2026-03-15,rest,Full rest day,0,0,0,Gym,1,
6675,67,267,2026-03-16,strength,Lower-body strength,64,6,384,Home,1,
6676,67,268,2026-03-17,plyometric,Jump power and elasticity,49,7,343,Home,1,
6677,67,268,2026-03-18,volleyball,Skill practice and gameplay,85,8,680,Track,1,
6678,67,268,2026-03-19,recovery,Mobility and low-intensity recovery,21,4,84,Court,1,
6679,67,268,2026-03-20,strength,Upper-body strength,40,5,200,Court,1,
6680,67,268,2026-03-21,volleyball,Open gym or tournament,59,5,295,Gym,1,
6681,67,268,2026-03-22,rest,Full rest day,0,0,0,Gym,1,
6682,67,268,2026-03-23,strength,Lower-body strength,77,7,539,Track,1,
6683,67,268,2026-03-24,plyometric,Jump power and elasticity,49,7,343,Track,1,
6684,67,268,2026-03-25,volleyball,Skill practice and gameplay,44,7,308,Track,1,
6685,67,268,2026-03-26,recovery,Mobility and low-intensity recovery,38,3,114,Court,1,
6686,67,268,2026-03-27,strength,Upper-body strength,61,7,427,Court,1,
6687,67,268,2026-03-28,volleyball,Open gym or tournament,87,8,696,Gym,1,
6688,67,268,2026-03-29,rest,Full rest day,0,0,0,Gym,1,
6689,67,268,2026-03-30,strength,Lower-body strength,75,5,375,Track,1,
6690,67,268,2026-03-31,plyometric,Jump power and elasticity,40,7,280,Home,1,
6691,67,268,2026-04-01,volleyball,Skill practice and gameplay,49,8,392,Gym,1,
6692,67,268,2026-04-02,recovery,Mobility and low-intensity recovery,41,3,123,Court,1,
6693,67,268,2026-04-03,strength,Upper-body strength,69,7,483,Gym,1,
6694,67,268,2026-04-04,volleyball,Open gym or tournament,101,6,606,Court,1,
6695,67,268,2026-04-05,rest,Full rest day,0,0,0,Home,1,
6696,67,268,2026-04-06,strength,Lower-body strength,63,7,441,Track,1,
6697,67,268,2026-04-07,plyometric,Jump power and elasticity,49,8,392,Track,1,
6698,67,268,2026-04-08,volleyball,Skill practice and gameplay,166,6,996,Track,1,
6699,67,268,2026-04-09,recovery,Mobility and low-intensity recovery,18,2,36,Gym,1,
6700,67,268,2026-04-10,strength,Upper-body strength,58,6,348,Track,1,
6701,68,269,2026-01-01,recovery,Mobility and low-intensity recovery,26,1,26,Court,1,
6702,68,269,2026-01-02,strength,Upper-body strength,81,7,567,Gym,1,
6703,68,269,2026-01-03,volleyball,Open gym or tournament,96,7,672,Gym,1,
6704,68,269,2026-01-04,rest,Full rest day,0,0,0,Home,1,
6705,68,269,2026-01-05,strength,Lower-body strength,47,8,376,Home,1,
6706,68,269,2026-01-06,plyometric,Jump power and elasticity,40,6,240,Gym,1,
6707,68,269,2026-01-07,volleyball,Skill practice and gameplay,109,8,872,Gym,1,
6708,68,269,2026-01-08,recovery,Mobility and low-intensity recovery,22,3,66,Gym,1,
6709,68,269,2026-01-09,strength,Upper-body strength,49,7,343,Gym,1,
6710,68,269,2026-01-10,volleyball,Open gym or tournament,109,6,654,Gym,1,
6711,68,269,2026-01-11,rest,Full rest day,0,0,0,Court,1,
6712,68,269,2026-01-12,strength,Lower-body strength,56,7,392,Gym,1,
6713,68,269,2026-01-13,plyometric,Jump power and elasticity,43,7,301,Court,1,
6714,68,269,2026-01-14,volleyball,Skill practice and gameplay,98,8,784,Track,1,
6715,68,269,2026-01-15,recovery,Mobility and low-intensity recovery,19,3,57,Court,1,
6716,68,269,2026-01-16,strength,Upper-body strength,50,7,350,Track,1,
6717,68,269,2026-01-17,volleyball,Open gym or tournament,94,7,658,Home,1,
6718,68,269,2026-01-18,rest,Full rest day,0,0,0,Home,1,
6719,68,269,2026-01-19,strength,Lower-body strength,41,5,205,Gym,1,
6720,68,269,2026-01-20,plyometric,Jump power and elasticity,40,7,280,Court,1,
6721,68,269,2026-01-21,volleyball,Skill practice and gameplay,110,5,550,Track,1,
6722,68,269,2026-01-22,recovery,Mobility and low-intensity recovery,36,2,72,Track,1,
6723,68,269,2026-01-23,strength,Upper-body strength,53,8,424,Court,1,
6724,68,269,2026-01-24,volleyball,Open gym or tournament,93,6,558,Gym,1,
6725,68,269,2026-01-25,rest,Full rest day,0,0,0,Court,1,
6726,68,270,2026-01-26,strength,Lower-body strength,66,5,330,Home,1,
6727,68,270,2026-01-27,plyometric,Jump power and elasticity,54,8,432,Home,1,
6728,68,270,2026-01-28,volleyball,Skill practice and gameplay,121,7,847,Gym,1,
6729,68,270,2026-01-29,recovery,Mobility and low-intensity recovery,24,3,72,Court,1,
6730,68,270,2026-01-30,strength,Upper-body strength,79,8,632,Home,1,
6731,68,270,2026-01-31,volleyball,Open gym or tournament,137,8,1096,Track,1,
6732,68,270,2026-02-01,rest,Full rest day,0,0,0,Track,1,
6733,68,270,2026-02-02,strength,Lower-body strength,79,8,632,Court,1,
6734,68,270,2026-02-03,plyometric,Jump power and elasticity,43,8,344,Gym,1,
6735,68,270,2026-02-04,volleyball,Skill practice and gameplay,75,7,525,Track,1,
6736,68,270,2026-02-05,recovery,Mobility and low-intensity recovery,25,5,125,Track,1,
6737,68,270,2026-02-06,rest,Full rest day,0,0,0,Home,1,
6738,68,270,2026-02-07,volleyball,Open gym or tournament,92,8,736,Track,1,
6739,68,270,2026-02-08,rest,Full rest day,0,0,0,Court,1,
6740,68,270,2026-02-09,strength,Lower-body strength,86,8,688,Court,1,
6741,68,270,2026-02-10,plyometric,Jump power and elasticity,44,5,220,Home,1,
6742,68,270,2026-02-11,volleyball,Skill practice and gameplay,68,5,340,Court,1,
6743,68,270,2026-02-12,recovery,Mobility and low-intensity recovery,49,3,147,Court,1,
6744,68,270,2026-02-13,strength,Upper-body strength,67,8,536,Home,1,
6745,68,270,2026-02-14,volleyball,Open gym or tournament,138,9,1242,Home,1,
6746,68,270,2026-02-15,rest,Full rest day,0,0,0,Home,1,
6747,68,270,2026-02-16,rest,Full rest day,0,0,0,Home,1,
6748,68,270,2026-02-17,plyometric,Jump power and elasticity,46,6,276,Track,1,
6749,68,270,2026-02-18,volleyball,Skill practice and gameplay,62,9,558,Gym,1,
6750,68,270,2026-02-19,recovery,Mobility and low-intensity recovery,47,1,47,Home,1,
6751,68,271,2026-02-20,strength,Upper-body strength,91,7,637,Court,1,
6752,68,271,2026-02-21,volleyball,Open gym or tournament,83,5,415,Gym,1,
6753,68,271,2026-02-22,rest,Full rest day,0,0,0,Gym,1,
6754,68,271,2026-02-23,rest,Full rest day,0,0,0,Gym,1,
6755,68,271,2026-02-24,plyometric,Jump power and elasticity,59,5,295,Track,1,
6756,68,271,2026-02-25,rest,Full rest day,0,0,0,Track,1,
6757,68,271,2026-02-26,recovery,Mobility and low-intensity recovery,40,4,160,Home,1,
6758,68,271,2026-02-27,strength,Upper-body strength,78,7,546,Court,1,
6759,68,271,2026-02-28,rest,Full rest day,0,0,0,Home,1,
6760,68,271,2026-03-01,rest,Full rest day,0,0,0,Gym,1,
6761,68,271,2026-03-02,strength,Lower-body strength,59,7,413,Home,1,
6762,68,271,2026-03-03,plyometric,Jump power and elasticity,56,8,448,Gym,1,
6763,68,271,2026-03-04,volleyball,Skill practice and gameplay,100,8,800,Court,1,
6764,68,271,2026-03-05,recovery,Mobility and low-intensity recovery,39,2,78,Gym,1,
6765,68,271,2026-03-06,strength,Upper-body strength,51,7,357,Track,1,
6766,68,271,2026-03-07,volleyball,Open gym or tournament,79,7,553,Home,1,
6767,68,271,2026-03-08,rest,Full rest day,0,0,0,Home,1,
6768,68,271,2026-03-09,strength,Lower-body strength,47,7,329,Track,1,
6769,68,271,2026-03-10,plyometric,Jump power and elasticity,38,7,266,Track,1,
6770,68,271,2026-03-11,volleyball,Skill practice and gameplay,119,7,833,Track,1,
6771,68,271,2026-03-12,recovery,Mobility and low-intensity recovery,41,4,164,Gym,1,
6772,68,271,2026-03-13,strength,Upper-body strength,67,6,402,Track,1,
6773,68,271,2026-03-14,volleyball,Open gym or tournament,119,7,833,Court,1,
6774,68,271,2026-03-15,rest,Full rest day,0,0,0,Home,1,
6775,68,271,2026-03-16,strength,Lower-body strength,70,7,490,Home,1,
6776,68,272,2026-03-17,plyometric,Jump power and elasticity,43,6,258,Court,1,
6777,68,272,2026-03-18,volleyball,Skill practice and gameplay,92,9,828,Home,1,
6778,68,272,2026-03-19,recovery,Mobility and low-intensity recovery,46,4,184,Track,1,
6779,68,272,2026-03-20,strength,Upper-body strength,60,5,300,Home,1,
6780,68,272,2026-03-21,volleyball,Open gym or tournament,94,7,658,Court,1,
6781,68,272,2026-03-22,rest,Full rest day,0,0,0,Track,1,
6782,68,272,2026-03-23,strength,Lower-body strength,62,7,434,Gym,1,
6783,68,272,2026-03-24,plyometric,Jump power and elasticity,48,6,288,Gym,1,
6784,68,272,2026-03-25,volleyball,Skill practice and gameplay,114,7,798,Track,1,
6785,68,272,2026-03-26,recovery,Mobility and low-intensity recovery,26,4,104,Home,1,
6786,68,272,2026-03-27,rest,Full rest day,0,0,0,Court,1,
6787,68,272,2026-03-28,volleyball,Open gym or tournament,95,5,475,Track,1,
6788,68,272,2026-03-29,rest,Full rest day,0,0,0,Court,1,
6789,68,272,2026-03-30,strength,Lower-body strength,66,6,396,Gym,1,
6790,68,272,2026-03-31,plyometric,Jump power and elasticity,50,6,300,Track,1,
6791,68,272,2026-04-01,volleyball,Skill practice and gameplay,98,9,882,Track,1,
6792,68,272,2026-04-02,recovery,Mobility and low-intensity recovery,42,3,126,Court,1,
6793,68,272,2026-04-03,rest,Full rest day,0,0,0,Gym,1,
6794,68,272,2026-04-04,volleyball,Open gym or tournament,122,7,854,Gym,1,
6795,68,272,2026-04-05,rest,Full rest day,0,0,0,Track,1,
6796,68,272,2026-04-06,strength,Lower-body strength,93,7,651,Court,1,
6797,68,272,2026-04-07,plyometric,Jump power and elasticity,52,7,364,Track,1,
6798,68,272,2026-04-08,volleyball,Skill practice and gameplay,78,4,312,Home,1,
6799,68,272,2026-04-09,rest,Full rest day,0,0,0,Gym,1,
6800,68,272,2026-04-10,strength,Upper-body strength,33,6,198,Gym,1,
6801,69,273,2026-01-01,recovery,Mobility and low-intensity recovery,41,2,82,Track,1,
6802,69,273,2026-01-02,strength,Upper-body strength,61,6,366,Track,1,
6803,69,273,2026-01-03,volleyball,Open gym or tournament,88,7,616,Track,1,
6804,69,273,2026-01-04,rest,Full rest day,0,0,0,Gym,1,
6805,69,273,2026-01-05,strength,Lower-body strength,70,8,560,Gym,1,
6806,69,273,2026-01-06,plyometric,Jump power and elasticity,29,6,174,Gym,1,
6807,69,273,2026-01-07,volleyball,Skill practice and gameplay,91,6,546,Home,1,
6808,69,273,2026-01-08,recovery,Mobility and low-intensity recovery,37,3,111,Track,1,
6809,69,273,2026-01-09,strength,Upper-body strength,51,7,357,Gym,1,
6810,69,273,2026-01-10,volleyball,Open gym or tournament,116,6,696,Home,1,
6811,69,273,2026-01-11,rest,Full rest day,0,0,0,Track,1,
6812,69,273,2026-01-12,strength,Lower-body strength,68,6,408,Court,1,
6813,69,273,2026-01-13,rest,Full rest day,0,0,0,Court,1,
6814,69,273,2026-01-14,volleyball,Skill practice and gameplay,90,5,450,Track,1,
6815,69,273,2026-01-15,rest,Full rest day,0,0,0,Track,1,
6816,69,273,2026-01-16,strength,Upper-body strength,73,9,657,Track,1,
6817,69,273,2026-01-17,volleyball,Open gym or tournament,118,8,944,Court,1,
6818,69,273,2026-01-18,rest,Full rest day,0,0,0,Home,1,
6819,69,273,2026-01-19,strength,Lower-body strength,62,6,372,Court,1,
6820,69,273,2026-01-20,plyometric,Jump power and elasticity,37,9,333,Gym,1,
6821,69,273,2026-01-21,rest,Full rest day,0,0,0,Track,1,
6822,69,273,2026-01-22,recovery,Mobility and low-intensity recovery,37,3,111,Court,1,
6823,69,273,2026-01-23,strength,Upper-body strength,58,6,348,Track,1,
6824,69,273,2026-01-24,volleyball,Open gym or tournament,97,5,485,Home,1,
6825,69,273,2026-01-25,rest,Full rest day,0,0,0,Gym,1,
6826,69,274,2026-01-26,strength,Lower-body strength,57,6,342,Court,1,
6827,69,274,2026-01-27,plyometric,Jump power and elasticity,44,6,264,Home,1,
6828,69,274,2026-01-28,volleyball,Skill practice and gameplay,111,5,555,Home,1,
6829,69,274,2026-01-29,recovery,Mobility and low-intensity recovery,23,3,69,Gym,1,
6830,69,274,2026-01-30,strength,Upper-body strength,62,5,310,Gym,1,
6831,69,274,2026-01-31,volleyball,Open gym or tournament,78,10,780,Gym,1,
6832,69,274,2026-02-01,rest,Full rest day,0,0,0,Home,1,
6833,69,274,2026-02-02,strength,Lower-body strength,63,6,378,Court,1,
6834,69,274,2026-02-03,plyometric,Jump power and elasticity,50,7,350,Home,1,
6835,69,274,2026-02-04,volleyball,Skill practice and gameplay,108,8,864,Court,1,
6836,69,274,2026-02-05,rest,Full rest day,0,0,0,Home,1,
6837,69,274,2026-02-06,strength,Upper-body strength,78,8,624,Gym,1,
6838,69,274,2026-02-07,volleyball,Open gym or tournament,123,7,861,Track,1,
6839,69,274,2026-02-08,rest,Full rest day,0,0,0,Home,1,
6840,69,274,2026-02-09,strength,Lower-body strength,49,9,441,Home,1,
6841,69,274,2026-02-10,plyometric,Jump power and elasticity,43,6,258,Track,1,
6842,69,274,2026-02-11,volleyball,Skill practice and gameplay,99,6,594,Home,1,
6843,69,274,2026-02-12,recovery,Mobility and low-intensity recovery,35,5,175,Home,1,
6844,69,274,2026-02-13,strength,Upper-body strength,67,5,335,Home,1,
6845,69,274,2026-02-14,volleyball,Open gym or tournament,89,9,801,Home,1,
6846,69,274,2026-02-15,rest,Full rest day,0,0,0,Home,1,
6847,69,274,2026-02-16,strength,Lower-body strength,80,7,560,Court,1,
6848,69,274,2026-02-17,plyometric,Jump power and elasticity,43,8,344,Court,1,
6849,69,274,2026-02-18,volleyball,Skill practice and gameplay,70,7,490,Court,1,
6850,69,274,2026-02-19,rest,Full rest day,0,0,0,Home,1,
6851,69,275,2026-02-20,strength,Upper-body strength,61,7,427,Home,1,
6852,69,275,2026-02-21,volleyball,Open gym or tournament,94,8,752,Court,1,
6853,69,275,2026-02-22,rest,Full rest day,0,0,0,Gym,1,
6854,69,275,2026-02-23,rest,Full rest day,0,0,0,Court,1,
6855,69,275,2026-02-24,plyometric,Jump power and elasticity,50,5,250,Home,1,
6856,69,275,2026-02-25,volleyball,Skill practice and gameplay,102,8,816,Home,1,
6857,69,275,2026-02-26,recovery,Mobility and low-intensity recovery,33,2,66,Gym,1,
6858,69,275,2026-02-27,strength,Upper-body strength,65,6,390,Court,1,
6859,69,275,2026-02-28,volleyball,Open gym or tournament,55,7,385,Track,1,
6860,69,275,2026-03-01,rest,Full rest day,0,0,0,Gym,1,
6861,69,275,2026-03-02,rest,Full rest day,0,0,0,Home,1,
6862,69,275,2026-03-03,plyometric,Jump power and elasticity,50,8,400,Gym,1,
6863,69,275,2026-03-04,volleyball,Skill practice and gameplay,116,7,812,Gym,1,
6864,69,275,2026-03-05,recovery,Mobility and low-intensity recovery,45,5,225,Track,1,
6865,69,275,2026-03-06,strength,Upper-body strength,48,5,240,Track,1,
6866,69,275,2026-03-07,volleyball,Open gym or tournament,104,6,624,Gym,1,
6867,69,275,2026-03-08,rest,Full rest day,0,0,0,Court,1,
6868,69,275,2026-03-09,strength,Lower-body strength,68,8,544,Gym,1,
6869,69,275,2026-03-10,plyometric,Jump power and elasticity,46,6,276,Track,1,
6870,69,275,2026-03-11,volleyball,Skill practice and gameplay,100,9,900,Track,1,
6871,69,275,2026-03-12,recovery,Mobility and low-intensity recovery,39,1,39,Track,1,
6872,69,275,2026-03-13,strength,Upper-body strength,61,7,427,Track,1,
6873,69,275,2026-03-14,volleyball,Open gym or tournament,86,6,516,Track,1,
6874,69,275,2026-03-15,rest,Full rest day,0,0,0,Home,1,
6875,69,275,2026-03-16,strength,Lower-body strength,54,8,432,Gym,1,
6876,69,276,2026-03-17,plyometric,Jump power and elasticity,54,7,378,Court,1,
6877,69,276,2026-03-18,volleyball,Skill practice and gameplay,109,7,763,Court,1,
6878,69,276,2026-03-19,recovery,Mobility and low-intensity recovery,27,3,81,Home,1,
6879,69,276,2026-03-20,strength,Upper-body strength,74,6,444,Gym,1,
6880,69,276,2026-03-21,volleyball,Open gym or tournament,103,4,412,Track,1,
6881,69,276,2026-03-22,rest,Full rest day,0,0,0,Track,1,
6882,69,276,2026-03-23,strength,Lower-body strength,78,6,468,Court,1,
6883,69,276,2026-03-24,rest,Full rest day,0,0,0,Court,1,
6884,69,276,2026-03-25,volleyball,Skill practice and gameplay,129,7,903,Home,1,
6885,69,276,2026-03-26,recovery,Mobility and low-intensity recovery,31,2,62,Gym,1,
6886,69,276,2026-03-27,strength,Upper-body strength,59,6,354,Gym,1,
6887,69,276,2026-03-28,volleyball,Open gym or tournament,118,6,708,Track,1,
6888,69,276,2026-03-29,rest,Full rest day,0,0,0,Gym,1,
6889,69,276,2026-03-30,strength,Lower-body strength,62,7,434,Gym,1,
6890,69,276,2026-03-31,plyometric,Jump power and elasticity,30,6,180,Home,1,
6891,69,276,2026-04-01,volleyball,Skill practice and gameplay,104,7,728,Home,1,
6892,69,276,2026-04-02,recovery,Mobility and low-intensity recovery,47,4,188,Track,1,
6893,69,276,2026-04-03,strength,Upper-body strength,65,9,585,Home,1,
6894,69,276,2026-04-04,volleyball,Open gym or tournament,121,5,605,Track,1,
6895,69,276,2026-04-05,rest,Full rest day,0,0,0,Home,1,
6896,69,276,2026-04-06,strength,Lower-body strength,68,7,476,Home,1,
6897,69,276,2026-04-07,plyometric,Jump power and elasticity,42,7,294,Court,1,
6898,69,276,2026-04-08,rest,Full rest day,0,0,0,Court,1,
6899,69,276,2026-04-09,recovery,Mobility and low-intensity recovery,31,2,62,Home,1,
6900,69,276,2026-04-10,strength,Upper-body strength,75,7,525,Home,1,
6901,70,277,2026-01-01,recovery,Mobility and low-intensity recovery,36,2,72,Home,1,
6902,70,277,2026-01-02,rest,Full rest day,0,0,0,Court,1,
6903,70,277,2026-01-03,volleyball,Open gym or tournament,119,7,833,Track,1,
6904,70,277,2026-01-04,rest,Full rest day,0,0,0,Gym,1,
6905,70,277,2026-01-05,strength,Lower-body strength,63,6,378,Home,1,
6906,70,277,2026-01-06,plyometric,Jump power and elasticity,45,7,315,Home,1,
6907,70,277,2026-01-07,volleyball,Skill practice and gameplay,92,7,644,Court,1,
6908,70,277,2026-01-08,rest,Full rest day,0,0,0,Home,1,
6909,70,277,2026-01-09,strength,Upper-body strength,66,9,594,Track,1,
6910,70,277,2026-01-10,volleyball,Open gym or tournament,125,5,625,Gym,1,
6911,70,277,2026-01-11,rest,Full rest day,0,0,0,Home,1,
6912,70,277,2026-01-12,strength,Lower-body strength,76,6,456,Track,1,
6913,70,277,2026-01-13,plyometric,Jump power and elasticity,36,7,252,Gym,1,
6914,70,277,2026-01-14,volleyball,Skill practice and gameplay,43,7,301,Court,1,
6915,70,277,2026-01-15,recovery,Mobility and low-intensity recovery,39,3,117,Gym,1,
6916,70,277,2026-01-16,strength,Upper-body strength,65,6,390,Track,1,
6917,70,277,2026-01-17,volleyball,Open gym or tournament,96,7,672,Gym,1,
6918,70,277,2026-01-18,rest,Full rest day,0,0,0,Gym,1,
6919,70,277,2026-01-19,strength,Lower-body strength,86,9,774,Court,1,
6920,70,277,2026-01-20,plyometric,Jump power and elasticity,48,7,336,Gym,1,
6921,70,277,2026-01-21,volleyball,Skill practice and gameplay,91,7,637,Court,1,
6922,70,277,2026-01-22,recovery,Mobility and low-intensity recovery,34,4,136,Home,1,
6923,70,277,2026-01-23,strength,Upper-body strength,77,8,616,Gym,1,
6924,70,277,2026-01-24,volleyball,Open gym or tournament,58,6,348,Gym,1,
6925,70,277,2026-01-25,rest,Full rest day,0,0,0,Court,1,
6926,70,278,2026-01-26,strength,Lower-body strength,70,7,490,Gym,1,
6927,70,278,2026-01-27,plyometric,Jump power and elasticity,36,5,180,Track,1,
6928,70,278,2026-01-28,volleyball,Skill practice and gameplay,87,8,696,Court,1,
6929,70,278,2026-01-29,recovery,Mobility and low-intensity recovery,37,3,111,Court,1,
6930,70,278,2026-01-30,strength,Upper-body strength,49,8,392,Home,1,
6931,70,278,2026-01-31,volleyball,Open gym or tournament,113,7,791,Gym,1,
6932,70,278,2026-02-01,rest,Full rest day,0,0,0,Track,1,
6933,70,278,2026-02-02,strength,Lower-body strength,68,9,612,Home,1,
6934,70,278,2026-02-03,plyometric,Jump power and elasticity,46,8,368,Gym,1,
6935,70,278,2026-02-04,volleyball,Skill practice and gameplay,99,8,792,Home,1,
6936,70,278,2026-02-05,rest,Full rest day,0,0,0,Gym,1,
6937,70,278,2026-02-06,strength,Upper-body strength,61,7,427,Track,1,
6938,70,278,2026-02-07,volleyball,Open gym or tournament,68,7,476,Home,1,
6939,70,278,2026-02-08,rest,Full rest day,0,0,0,Court,1,
6940,70,278,2026-02-09,strength,Lower-body strength,58,7,406,Home,1,
6941,70,278,2026-02-10,plyometric,Jump power and elasticity,43,7,301,Gym,1,
6942,70,278,2026-02-11,volleyball,Skill practice and gameplay,168,7,1176,Track,1,
6943,70,278,2026-02-12,recovery,Mobility and low-intensity recovery,25,2,50,Home,1,
6944,70,278,2026-02-13,strength,Upper-body strength,50,6,300,Track,1,
6945,70,278,2026-02-14,volleyball,Open gym or tournament,94,8,752,Gym,1,
6946,70,278,2026-02-15,rest,Full rest day,0,0,0,Gym,1,
6947,70,278,2026-02-16,strength,Lower-body strength,60,7,420,Gym,1,
6948,70,278,2026-02-17,plyometric,Jump power and elasticity,61,7,427,Court,1,
6949,70,278,2026-02-18,rest,Full rest day,0,0,0,Track,1,
6950,70,278,2026-02-19,recovery,Mobility and low-intensity recovery,46,1,46,Court,1,
6951,70,279,2026-02-20,strength,Upper-body strength,52,6,312,Court,1,
6952,70,279,2026-02-21,volleyball,Open gym or tournament,62,7,434,Track,1,
6953,70,279,2026-02-22,rest,Full rest day,0,0,0,Gym,1,
6954,70,279,2026-02-23,strength,Lower-body strength,56,8,448,Court,1,
6955,70,279,2026-02-24,plyometric,Jump power and elasticity,33,7,231,Track,1,
6956,70,279,2026-02-25,volleyball,Skill practice and gameplay,98,7,686,Home,1,
6957,70,279,2026-02-26,recovery,Mobility and low-intensity recovery,51,3,153,Court,1,
6958,70,279,2026-02-27,strength,Upper-body strength,58,9,522,Gym,1,
6959,70,279,2026-02-28,volleyball,Open gym or tournament,68,8,544,Track,1,
6960,70,279,2026-03-01,rest,Full rest day,0,0,0,Court,1,
6961,70,279,2026-03-02,strength,Lower-body strength,70,7,490,Gym,1,
6962,70,279,2026-03-03,plyometric,Jump power and elasticity,47,9,423,Gym,1,
6963,70,279,2026-03-04,volleyball,Skill practice and gameplay,124,9,1116,Track,1,
6964,70,279,2026-03-05,recovery,Mobility and low-intensity recovery,22,3,66,Home,1,
6965,70,279,2026-03-06,strength,Upper-body strength,78,6,468,Gym,1,
6966,70,279,2026-03-07,volleyball,Open gym or tournament,125,7,875,Track,1,
6967,70,279,2026-03-08,rest,Full rest day,0,0,0,Court,1,
6968,70,279,2026-03-09,strength,Lower-body strength,75,6,450,Home,1,
6969,70,279,2026-03-10,plyometric,Jump power and elasticity,35,6,210,Track,1,
6970,70,279,2026-03-11,volleyball,Skill practice and gameplay,115,6,690,Track,1,
6971,70,279,2026-03-12,recovery,Mobility and low-intensity recovery,33,4,132,Home,1,
6972,70,279,2026-03-13,strength,Upper-body strength,71,6,426,Gym,1,
6973,70,279,2026-03-14,volleyball,Open gym or tournament,99,5,495,Gym,1,
6974,70,279,2026-03-15,rest,Full rest day,0,0,0,Court,1,
6975,70,279,2026-03-16,strength,Lower-body strength,86,6,516,Court,1,
6976,70,280,2026-03-17,plyometric,Jump power and elasticity,47,6,282,Court,1,
6977,70,280,2026-03-18,volleyball,Skill practice and gameplay,82,8,656,Home,1,
6978,70,280,2026-03-19,recovery,Mobility and low-intensity recovery,28,2,56,Home,1,
6979,70,280,2026-03-20,strength,Upper-body strength,91,6,546,Gym,1,
6980,70,280,2026-03-21,volleyball,Open gym or tournament,133,8,1064,Track,1,
6981,70,280,2026-03-22,rest,Full rest day,0,0,0,Gym,1,
6982,70,280,2026-03-23,strength,Lower-body strength,51,6,306,Track,1,
6983,70,280,2026-03-24,plyometric,Jump power and elasticity,45,8,360,Home,1,
6984,70,280,2026-03-25,volleyball,Skill practice and gameplay,126,5,630,Home,1,
6985,70,280,2026-03-26,recovery,Mobility and low-intensity recovery,39,1,39,Gym,1,
6986,70,280,2026-03-27,strength,Upper-body strength,71,8,568,Home,1,
6987,70,280,2026-03-28,volleyball,Open gym or tournament,88,8,704,Gym,1,
6988,70,280,2026-03-29,rest,Full rest day,0,0,0,Home,1,
6989,70,280,2026-03-30,strength,Lower-body strength,44,7,308,Court,1,
6990,70,280,2026-03-31,plyometric,Jump power and elasticity,55,5,275,Gym,1,
6991,70,280,2026-04-01,volleyball,Skill practice and gameplay,69,7,483,Track,1,
6992,70,280,2026-04-02,recovery,Mobility and low-intensity recovery,37,5,185,Gym,1,
6993,70,280,2026-04-03,strength,Upper-body strength,85,7,595,Court,1,
6994,70,280,2026-04-04,rest,Full rest day,0,0,0,Court,1,
6995,70,280,2026-04-05,rest,Full rest day,0,0,0,Track,1,
6996,70,280,2026-04-06,strength,Lower-body strength,55,7,385,Home,1,
6997,70,280,2026-04-07,plyometric,Jump power and elasticity,37,6,222,Home,1,
6998,70,280,2026-04-08,volleyball,Skill practice and gameplay,106,8,848,Gym,1,
6999,70,280,2026-04-09,recovery,Mobility and low-intensity recovery,24,3,72,Court,1,
7000,70,280,2026-04-10,strength,Upper-body strength,60,8,480,Court,1,
7001,71,281,2026-01-01,recovery,Mobility and low-intensity recovery,24,1,24,Track,1,
7002,71,281,2026-01-02,strength,Upper-body strength,57,6,342,Court,1,
7003,71,281,2026-01-03,volleyball,Open gym or tournament,154,6,924,Court,1,
7004,71,281,2026-01-04,rest,Full rest day,0,0,0,Home,1,
7005,71,281,2026-01-05,strength,Lower-body strength,82,8,656,Home,1,
7006,71,281,2026-01-06,plyometric,Jump power and elasticity,45,7,315,Gym,1,
7007,71,281,2026-01-07,volleyball,Skill practice and gameplay,129,6,774,Gym,1,
7008,71,281,2026-01-08,recovery,Mobility and low-intensity recovery,30,2,60,Home,1,
7009,71,281,2026-01-09,strength,Upper-body strength,81,6,486,Track,1,
7010,71,281,2026-01-10,volleyball,Open gym or tournament,114,8,912,Court,1,
7011,71,281,2026-01-11,rest,Full rest day,0,0,0,Gym,1,
7012,71,281,2026-01-12,rest,Full rest day,0,0,0,Gym,1,
7013,71,281,2026-01-13,plyometric,Jump power and elasticity,49,7,343,Home,1,
7014,71,281,2026-01-14,volleyball,Skill practice and gameplay,100,7,700,Track,1,
7015,71,281,2026-01-15,recovery,Mobility and low-intensity recovery,39,2,78,Track,1,
7016,71,281,2026-01-16,strength,Upper-body strength,55,7,385,Home,1,
7017,71,281,2026-01-17,volleyball,Open gym or tournament,124,8,992,Track,1,
7018,71,281,2026-01-18,rest,Full rest day,0,0,0,Court,1,
7019,71,281,2026-01-19,strength,Lower-body strength,70,8,560,Track,1,
7020,71,281,2026-01-20,plyometric,Jump power and elasticity,46,7,322,Gym,1,
7021,71,281,2026-01-21,volleyball,Skill practice and gameplay,71,6,426,Court,1,
7022,71,281,2026-01-22,rest,Full rest day,0,0,0,Gym,1,
7023,71,281,2026-01-23,strength,Upper-body strength,45,8,360,Track,1,
7024,71,281,2026-01-24,volleyball,Open gym or tournament,100,7,700,Gym,1,
7025,71,281,2026-01-25,rest,Full rest day,0,0,0,Home,1,
7026,71,282,2026-01-26,strength,Lower-body strength,61,8,488,Gym,1,
7027,71,282,2026-01-27,plyometric,Jump power and elasticity,56,7,392,Court,1,
7028,71,282,2026-01-28,volleyball,Skill practice and gameplay,65,7,455,Track,1,
7029,71,282,2026-01-29,recovery,Mobility and low-intensity recovery,31,3,93,Home,1,
7030,71,282,2026-01-30,strength,Upper-body strength,58,7,406,Court,1,
7031,71,282,2026-01-31,volleyball,Open gym or tournament,80,6,480,Track,1,
7032,71,282,2026-02-01,rest,Full rest day,0,0,0,Track,1,
7033,71,282,2026-02-02,strength,Lower-body strength,61,6,366,Track,1,
7034,71,282,2026-02-03,plyometric,Jump power and elasticity,58,8,464,Home,1,
7035,71,282,2026-02-04,volleyball,Skill practice and gameplay,131,8,1048,Track,1,
7036,71,282,2026-02-05,recovery,Mobility and low-intensity recovery,15,4,60,Court,1,
7037,71,282,2026-02-06,strength,Upper-body strength,82,7,574,Track,1,
7038,71,282,2026-02-07,rest,Full rest day,0,0,0,Track,1,
7039,71,282,2026-02-08,rest,Full rest day,0,0,0,Court,1,
7040,71,282,2026-02-09,strength,Lower-body strength,75,7,525,Home,1,
7041,71,282,2026-02-10,plyometric,Jump power and elasticity,63,8,504,Track,1,
7042,71,282,2026-02-11,volleyball,Skill practice and gameplay,61,6,366,Gym,1,
7043,71,282,2026-02-12,recovery,Mobility and low-intensity recovery,27,5,135,Court,1,
7044,71,282,2026-02-13,strength,Upper-body strength,58,6,348,Gym,1,
7045,71,282,2026-02-14,volleyball,Open gym or tournament,83,7,581,Home,1,
7046,71,282,2026-02-15,rest,Full rest day,0,0,0,Gym,1,
7047,71,282,2026-02-16,strength,Lower-body strength,87,7,609,Gym,1,
7048,71,282,2026-02-17,plyometric,Jump power and elasticity,43,6,258,Court,1,
7049,71,282,2026-02-18,volleyball,Skill practice and gameplay,107,8,856,Home,1,
7050,71,282,2026-02-19,recovery,Mobility and low-intensity recovery,31,4,124,Home,1,
7051,71,283,2026-02-20,strength,Upper-body strength,84,8,672,Home,1,
7052,71,283,2026-02-21,volleyball,Open gym or tournament,95,7,665,Gym,1,
7053,71,283,2026-02-22,rest,Full rest day,0,0,0,Gym,1,
7054,71,283,2026-02-23,strength,Lower-body strength,56,7,392,Gym,1,
7055,71,283,2026-02-24,plyometric,Jump power and elasticity,45,7,315,Home,1,
7056,71,283,2026-02-25,volleyball,Skill practice and gameplay,107,4,428,Gym,1,
7057,71,283,2026-02-26,recovery,Mobility and low-intensity recovery,39,5,195,Track,1,
7058,71,283,2026-02-27,strength,Upper-body strength,49,6,294,Home,1,
7059,71,283,2026-02-28,volleyball,Open gym or tournament,83,7,581,Track,1,
7060,71,283,2026-03-01,rest,Full rest day,0,0,0,Home,1,
7061,71,283,2026-03-02,strength,Lower-body strength,56,7,392,Court,1,
7062,71,283,2026-03-03,plyometric,Jump power and elasticity,39,6,234,Gym,1,
7063,71,283,2026-03-04,volleyball,Skill practice and gameplay,148,8,1184,Gym,1,
7064,71,283,2026-03-05,rest,Full rest day,0,0,0,Home,1,
7065,71,283,2026-03-06,strength,Upper-body strength,52,8,416,Track,1,
7066,71,283,2026-03-07,volleyball,Open gym or tournament,124,7,868,Court,1,
7067,71,283,2026-03-08,rest,Full rest day,0,0,0,Home,1,
7068,71,283,2026-03-09,strength,Lower-body strength,58,8,464,Gym,1,
7069,71,283,2026-03-10,plyometric,Jump power and elasticity,45,7,315,Court,1,
7070,71,283,2026-03-11,volleyball,Skill practice and gameplay,138,8,1104,Gym,1,
7071,71,283,2026-03-12,recovery,Mobility and low-intensity recovery,28,3,84,Track,1,
7072,71,283,2026-03-13,strength,Upper-body strength,73,5,365,Track,1,
7073,71,283,2026-03-14,volleyball,Open gym or tournament,122,8,976,Court,1,
7074,71,283,2026-03-15,rest,Full rest day,0,0,0,Gym,1,
7075,71,283,2026-03-16,strength,Lower-body strength,55,5,275,Track,1,
7076,71,284,2026-03-17,plyometric,Jump power and elasticity,52,7,364,Court,1,
7077,71,284,2026-03-18,volleyball,Skill practice and gameplay,57,5,285,Court,1,
7078,71,284,2026-03-19,recovery,Mobility and low-intensity recovery,40,2,80,Home,1,
7079,71,284,2026-03-20,strength,Upper-body strength,85,6,510,Track,1,
7080,71,284,2026-03-21,volleyball,Open gym or tournament,77,8,616,Gym,1,
7081,71,284,2026-03-22,rest,Full rest day,0,0,0,Track,1,
7082,71,284,2026-03-23,strength,Lower-body strength,76,8,608,Home,1,
7083,71,284,2026-03-24,plyometric,Jump power and elasticity,56,9,504,Court,1,
7084,71,284,2026-03-25,volleyball,Skill practice and gameplay,71,6,426,Gym,1,
7085,71,284,2026-03-26,recovery,Mobility and low-intensity recovery,44,2,88,Court,1,
7086,71,284,2026-03-27,strength,Upper-body strength,56,7,392,Home,1,
7087,71,284,2026-03-28,volleyball,Open gym or tournament,43,8,344,Gym,1,
7088,71,284,2026-03-29,rest,Full rest day,0,0,0,Track,1,
7089,71,284,2026-03-30,strength,Lower-body strength,63,6,378,Home,1,
7090,71,284,2026-03-31,plyometric,Jump power and elasticity,39,7,273,Court,1,
7091,71,284,2026-04-01,volleyball,Skill practice and gameplay,64,9,576,Court,1,
7092,71,284,2026-04-02,recovery,Mobility and low-intensity recovery,45,5,225,Court,1,
7093,71,284,2026-04-03,strength,Upper-body strength,84,7,588,Gym,1,
7094,71,284,2026-04-04,volleyball,Open gym or tournament,86,7,602,Court,1,
7095,71,284,2026-04-05,rest,Full rest day,0,0,0,Gym,1,
7096,71,284,2026-04-06,strength,Lower-body strength,71,6,426,Court,1,
7097,71,284,2026-04-07,plyometric,Jump power and elasticity,42,7,294,Track,1,
7098,71,284,2026-04-08,volleyball,Skill practice and gameplay,74,7,518,Court,1,
7099,71,284,2026-04-09,recovery,Mobility and low-intensity recovery,34,2,68,Track,1,
7100,71,284,2026-04-10,strength,Upper-body strength,57,7,399,Court,1,
7101,72,285,2026-01-01,recovery,Mobility and low-intensity recovery,43,2,86,Gym,1,
7102,72,285,2026-01-02,strength,Upper-body strength,62,8,496,Track,1,
7103,72,285,2026-01-03,volleyball,Open gym or tournament,104,8,832,Home,1,
7104,72,285,2026-01-04,rest,Full rest day,0,0,0,Gym,1,
7105,72,285,2026-01-05,strength,Lower-body strength,65,9,585,Home,1,
7106,72,285,2026-01-06,rest,Full rest day,0,0,0,Gym,1,
7107,72,285,2026-01-07,rest,Full rest day,0,0,0,Track,1,
7108,72,285,2026-01-08,recovery,Mobility and low-intensity recovery,34,3,102,Home,1,
7109,72,285,2026-01-09,strength,Upper-body strength,67,9,603,Home,1,
7110,72,285,2026-01-10,volleyball,Open gym or tournament,133,9,1197,Track,1,
7111,72,285,2026-01-11,rest,Full rest day,0,0,0,Gym,1,
7112,72,285,2026-01-12,strength,Lower-body strength,49,7,343,Home,1,
7113,72,285,2026-01-13,plyometric,Jump power and elasticity,51,6,306,Home,1,
7114,72,285,2026-01-14,volleyball,Skill practice and gameplay,82,6,492,Track,1,
7115,72,285,2026-01-15,recovery,Mobility and low-intensity recovery,24,2,48,Gym,1,
7116,72,285,2026-01-16,strength,Upper-body strength,67,8,536,Court,1,
7117,72,285,2026-01-17,volleyball,Open gym or tournament,115,8,920,Gym,1,
7118,72,285,2026-01-18,rest,Full rest day,0,0,0,Track,1,
7119,72,285,2026-01-19,rest,Full rest day,0,0,0,Home,1,
7120,72,285,2026-01-20,plyometric,Jump power and elasticity,35,7,245,Home,1,
7121,72,285,2026-01-21,volleyball,Skill practice and gameplay,115,8,920,Track,1,
7122,72,285,2026-01-22,recovery,Mobility and low-intensity recovery,25,3,75,Gym,1,
7123,72,285,2026-01-23,strength,Upper-body strength,72,6,432,Home,1,
7124,72,285,2026-01-24,volleyball,Open gym or tournament,97,8,776,Court,1,
7125,72,285,2026-01-25,rest,Full rest day,0,0,0,Track,1,
7126,72,286,2026-01-26,strength,Lower-body strength,68,6,408,Gym,1,
7127,72,286,2026-01-27,plyometric,Jump power and elasticity,32,7,224,Gym,1,
7128,72,286,2026-01-28,volleyball,Skill practice and gameplay,127,6,762,Court,1,
7129,72,286,2026-01-29,recovery,Mobility and low-intensity recovery,27,3,81,Home,1,
7130,72,286,2026-01-30,strength,Upper-body strength,60,7,420,Gym,1,
7131,72,286,2026-01-31,volleyball,Open gym or tournament,129,6,774,Court,1,
7132,72,286,2026-02-01,rest,Full rest day,0,0,0,Court,1,
7133,72,286,2026-02-02,strength,Lower-body strength,51,8,408,Court,1,
7134,72,286,2026-02-03,rest,Full rest day,0,0,0,Track,1,
7135,72,286,2026-02-04,volleyball,Skill practice and gameplay,111,5,555,Track,1,
7136,72,286,2026-02-05,recovery,Mobility and low-intensity recovery,20,1,20,Gym,1,
7137,72,286,2026-02-06,strength,Upper-body strength,43,8,344,Gym,1,
7138,72,286,2026-02-07,volleyball,Open gym or tournament,71,7,497,Gym,1,
7139,72,286,2026-02-08,rest,Full rest day,0,0,0,Home,1,
7140,72,286,2026-02-09,strength,Lower-body strength,67,5,335,Home,1,
7141,72,286,2026-02-10,plyometric,Jump power and elasticity,47,7,329,Gym,1,
7142,72,286,2026-02-11,rest,Full rest day,0,0,0,Track,1,
7143,72,286,2026-02-12,recovery,Mobility and low-intensity recovery,42,3,126,Track,1,
7144,72,286,2026-02-13,strength,Upper-body strength,65,8,520,Court,1,
7145,72,286,2026-02-14,volleyball,Open gym or tournament,111,7,777,Gym,1,
7146,72,286,2026-02-15,rest,Full rest day,0,0,0,Home,1,
7147,72,286,2026-02-16,strength,Lower-body strength,49,7,343,Court,1,
7148,72,286,2026-02-17,plyometric,Jump power and elasticity,47,8,376,Track,1,
7149,72,286,2026-02-18,rest,Full rest day,0,0,0,Gym,1,
7150,72,286,2026-02-19,recovery,Mobility and low-intensity recovery,50,2,100,Track,1,
7151,72,287,2026-02-20,strength,Upper-body strength,63,8,504,Court,1,
7152,72,287,2026-02-21,volleyball,Open gym or tournament,75,7,525,Gym,1,
7153,72,287,2026-02-22,rest,Full rest day,0,0,0,Home,1,
7154,72,287,2026-02-23,strength,Lower-body strength,51,7,357,Gym,1,
7155,72,287,2026-02-24,plyometric,Jump power and elasticity,49,8,392,Home,1,
7156,72,287,2026-02-25,volleyball,Skill practice and gameplay,110,6,660,Gym,1,
7157,72,287,2026-02-26,recovery,Mobility and low-intensity recovery,34,5,170,Gym,1,
7158,72,287,2026-02-27,strength,Upper-body strength,61,6,366,Gym,1,
7159,72,287,2026-02-28,volleyball,Open gym or tournament,78,7,546,Gym,1,
7160,72,287,2026-03-01,rest,Full rest day,0,0,0,Home,1,
7161,72,287,2026-03-02,strength,Lower-body strength,39,8,312,Track,1,
7162,72,287,2026-03-03,plyometric,Jump power and elasticity,33,6,198,Gym,1,
7163,72,287,2026-03-04,volleyball,Skill practice and gameplay,130,6,780,Court,1,
7164,72,287,2026-03-05,recovery,Mobility and low-intensity recovery,36,4,144,Gym,1,
7165,72,287,2026-03-06,strength,Upper-body strength,60,6,360,Home,1,
7166,72,287,2026-03-07,volleyball,Open gym or tournament,69,6,414,Gym,1,
7167,72,287,2026-03-08,rest,Full rest day,0,0,0,Track,1,
7168,72,287,2026-03-09,strength,Lower-body strength,80,7,560,Home,1,
7169,72,287,2026-03-10,plyometric,Jump power and elasticity,49,5,245,Gym,1,
7170,72,287,2026-03-11,volleyball,Skill practice and gameplay,119,6,714,Gym,1,
7171,72,287,2026-03-12,recovery,Mobility and low-intensity recovery,30,3,90,Gym,1,
7172,72,287,2026-03-13,strength,Upper-body strength,78,6,468,Gym,1,
7173,72,287,2026-03-14,volleyball,Open gym or tournament,60,7,420,Track,1,
7174,72,287,2026-03-15,rest,Full rest day,0,0,0,Home,1,
7175,72,287,2026-03-16,strength,Lower-body strength,58,6,348,Home,1,
7176,72,288,2026-03-17,plyometric,Jump power and elasticity,37,6,222,Gym,1,
7177,72,288,2026-03-18,volleyball,Skill practice and gameplay,75,8,600,Home,1,
7178,72,288,2026-03-19,recovery,Mobility and low-intensity recovery,37,2,74,Court,1,
7179,72,288,2026-03-20,strength,Upper-body strength,72,6,432,Gym,1,
7180,72,288,2026-03-21,volleyball,Open gym or tournament,79,7,553,Home,1,
7181,72,288,2026-03-22,rest,Full rest day,0,0,0,Home,1,
7182,72,288,2026-03-23,strength,Lower-body strength,84,9,756,Home,1,
7183,72,288,2026-03-24,plyometric,Jump power and elasticity,55,6,330,Home,1,
7184,72,288,2026-03-25,volleyball,Skill practice and gameplay,115,6,690,Gym,1,
7185,72,288,2026-03-26,recovery,Mobility and low-intensity recovery,43,2,86,Track,1,
7186,72,288,2026-03-27,strength,Upper-body strength,62,6,372,Gym,1,
7187,72,288,2026-03-28,volleyball,Open gym or tournament,99,7,693,Home,1,
7188,72,288,2026-03-29,rest,Full rest day,0,0,0,Track,1,
7189,72,288,2026-03-30,strength,Lower-body strength,62,7,434,Court,1,
7190,72,288,2026-03-31,plyometric,Jump power and elasticity,49,5,245,Gym,1,
7191,72,288,2026-04-01,volleyball,Skill practice and gameplay,133,8,1064,Gym,1,
7192,72,288,2026-04-02,recovery,Mobility and low-intensity recovery,31,4,124,Gym,1,
7193,72,288,2026-04-03,strength,Upper-body strength,81,8,648,Gym,1,
7194,72,288,2026-04-04,rest,Full rest day,0,0,0,Court,1,
7195,72,288,2026-04-05,rest,Full rest day,0,0,0,Court,1,
7196,72,288,2026-04-06,strength,Lower-body strength,66,5,330,Track,1,
7197,72,288,2026-04-07,plyometric,Jump power and elasticity,41,7,287,Track,1,
7198,72,288,2026-04-08,volleyball,Skill practice and gameplay,91,9,819,Home,1,
7199,72,288,2026-04-09,recovery,Mobility and low-intensity recovery,38,1,38,Home,1,
7200,72,288,2026-04-10,rest,Full rest day,0,0,0,Home,1,
7201,73,289,2026-01-01,recovery,Mobility and low-intensity recovery,41,3,123,Court,1,
7202,73,289,2026-01-02,strength,Upper-body strength,66,7,462,Court,1,
7203,73,289,2026-01-03,volleyball,Open gym or tournament,116,7,812,Court,1,
7204,73,289,2026-01-04,rest,Full rest day,0,0,0,Gym,1,
7205,73,289,2026-01-05,strength,Lower-body strength,64,9,576,Gym,1,
7206,73,289,2026-01-06,plyometric,Jump power and elasticity,39,8,312,Court,1,
7207,73,289,2026-01-07,volleyball,Skill practice and gameplay,90,9,810,Track,1,
7208,73,289,2026-01-08,recovery,Mobility and low-intensity recovery,40,3,120,Home,1,
7209,73,289,2026-01-09,strength,Upper-body strength,46,9,414,Track,1,
7210,73,289,2026-01-10,volleyball,Open gym or tournament,135,7,945,Track,1,
7211,73,289,2026-01-11,rest,Full rest day,0,0,0,Court,1,
7212,73,289,2026-01-12,strength,Lower-body strength,78,7,546,Court,1,
7213,73,289,2026-01-13,rest,Full rest day,0,0,0,Home,1,
7214,73,289,2026-01-14,volleyball,Skill practice and gameplay,107,6,642,Track,1,
7215,73,289,2026-01-15,recovery,Mobility and low-intensity recovery,15,4,60,Track,1,
7216,73,289,2026-01-16,strength,Upper-body strength,68,7,476,Track,1,
7217,73,289,2026-01-17,volleyball,Open gym or tournament,136,7,952,Track,1,
7218,73,289,2026-01-18,rest,Full rest day,0,0,0,Gym,1,
7219,73,289,2026-01-19,strength,Lower-body strength,74,6,444,Court,1,
7220,73,289,2026-01-20,plyometric,Jump power and elasticity,39,7,273,Gym,1,
7221,73,289,2026-01-21,volleyball,Skill practice and gameplay,57,8,456,Court,1,
7222,73,289,2026-01-22,recovery,Mobility and low-intensity recovery,32,1,32,Gym,1,
7223,73,289,2026-01-23,strength,Upper-body strength,45,7,315,Home,1,
7224,73,289,2026-01-24,rest,Full rest day,0,0,0,Track,1,
7225,73,289,2026-01-25,rest,Full rest day,0,0,0,Court,1,
7226,73,290,2026-01-26,strength,Lower-body strength,78,8,624,Court,1,
7227,73,290,2026-01-27,plyometric,Jump power and elasticity,51,6,306,Court,1,
7228,73,290,2026-01-28,volleyball,Skill practice and gameplay,96,6,576,Gym,1,
7229,73,290,2026-01-29,recovery,Mobility and low-intensity recovery,32,4,128,Track,1,
7230,73,290,2026-01-30,strength,Upper-body strength,49,6,294,Court,1,
7231,73,290,2026-01-31,volleyball,Open gym or tournament,99,8,792,Home,1,
7232,73,290,2026-02-01,rest,Full rest day,0,0,0,Home,1,
7233,73,290,2026-02-02,strength,Lower-body strength,48,7,336,Track,1,
7234,73,290,2026-02-03,plyometric,Jump power and elasticity,65,8,520,Track,1,
7235,73,290,2026-02-04,volleyball,Skill practice and gameplay,103,7,721,Track,1,
7236,73,290,2026-02-05,recovery,Mobility and low-intensity recovery,13,4,52,Home,1,
7237,73,290,2026-02-06,strength,Upper-body strength,46,8,368,Track,1,
7238,73,290,2026-02-07,volleyball,Open gym or tournament,51,7,357,Court,1,
7239,73,290,2026-02-08,rest,Full rest day,0,0,0,Gym,1,
7240,73,290,2026-02-09,strength,Lower-body strength,66,9,594,Home,1,
7241,73,290,2026-02-10,plyometric,Jump power and elasticity,35,6,210,Gym,1,
7242,73,290,2026-02-11,volleyball,Skill practice and gameplay,129,6,774,Home,1,
7243,73,290,2026-02-12,recovery,Mobility and low-intensity recovery,40,1,40,Court,1,
7244,73,290,2026-02-13,strength,Upper-body strength,59,8,472,Gym,1,
7245,73,290,2026-02-14,rest,Full rest day,0,0,0,Court,1,
7246,73,290,2026-02-15,rest,Full rest day,0,0,0,Court,1,
7247,73,290,2026-02-16,strength,Lower-body strength,52,7,364,Home,1,
7248,73,290,2026-02-17,plyometric,Jump power and elasticity,45,6,270,Court,1,
7249,73,290,2026-02-18,volleyball,Skill practice and gameplay,103,5,515,Court,1,
7250,73,290,2026-02-19,recovery,Mobility and low-intensity recovery,33,2,66,Home,1,
7251,73,291,2026-02-20,strength,Upper-body strength,70,7,490,Track,1,
7252,73,291,2026-02-21,volleyball,Open gym or tournament,83,8,664,Home,1,
7253,73,291,2026-02-22,rest,Full rest day,0,0,0,Court,1,
7254,73,291,2026-02-23,strength,Lower-body strength,43,7,301,Home,1,
7255,73,291,2026-02-24,plyometric,Jump power and elasticity,37,6,222,Court,1,
7256,73,291,2026-02-25,volleyball,Skill practice and gameplay,67,7,469,Gym,1,
7257,73,291,2026-02-26,recovery,Mobility and low-intensity recovery,40,3,120,Track,1,
7258,73,291,2026-02-27,rest,Full rest day,0,0,0,Gym,1,
7259,73,291,2026-02-28,volleyball,Open gym or tournament,106,8,848,Gym,1,
7260,73,291,2026-03-01,rest,Full rest day,0,0,0,Track,1,
7261,73,291,2026-03-02,strength,Lower-body strength,71,7,497,Gym,1,
7262,73,291,2026-03-03,plyometric,Jump power and elasticity,25,7,175,Gym,1,
7263,73,291,2026-03-04,volleyball,Skill practice and gameplay,78,8,624,Court,1,
7264,73,291,2026-03-05,recovery,Mobility and low-intensity recovery,42,2,84,Track,1,
7265,73,291,2026-03-06,strength,Upper-body strength,85,6,510,Home,1,
7266,73,291,2026-03-07,volleyball,Open gym or tournament,68,4,272,Court,1,
7267,73,291,2026-03-08,rest,Full rest day,0,0,0,Track,1,
7268,73,291,2026-03-09,rest,Full rest day,0,0,0,Gym,1,
7269,73,291,2026-03-10,plyometric,Jump power and elasticity,45,7,315,Gym,1,
7270,73,291,2026-03-11,volleyball,Skill practice and gameplay,142,6,852,Court,1,
7271,73,291,2026-03-12,recovery,Mobility and low-intensity recovery,37,2,74,Court,1,
7272,73,291,2026-03-13,strength,Upper-body strength,66,7,462,Track,1,
7273,73,291,2026-03-14,volleyball,Open gym or tournament,82,7,574,Court,1,
7274,73,291,2026-03-15,rest,Full rest day,0,0,0,Court,1,
7275,73,291,2026-03-16,strength,Lower-body strength,72,6,432,Track,1,
7276,73,292,2026-03-17,plyometric,Jump power and elasticity,30,9,270,Court,1,
7277,73,292,2026-03-18,volleyball,Skill practice and gameplay,87,8,696,Track,1,
7278,73,292,2026-03-19,recovery,Mobility and low-intensity recovery,42,3,126,Court,1,
7279,73,292,2026-03-20,strength,Upper-body strength,69,7,483,Court,1,
7280,73,292,2026-03-21,volleyball,Open gym or tournament,73,6,438,Court,1,
7281,73,292,2026-03-22,rest,Full rest day,0,0,0,Gym,1,
7282,73,292,2026-03-23,strength,Lower-body strength,64,6,384,Court,1,
7283,73,292,2026-03-24,plyometric,Jump power and elasticity,63,7,441,Track,1,
7284,73,292,2026-03-25,volleyball,Skill practice and gameplay,64,7,448,Gym,1,
7285,73,292,2026-03-26,recovery,Mobility and low-intensity recovery,31,3,93,Gym,1,
7286,73,292,2026-03-27,strength,Upper-body strength,51,8,408,Court,1,
7287,73,292,2026-03-28,rest,Full rest day,0,0,0,Home,1,
7288,73,292,2026-03-29,rest,Full rest day,0,0,0,Gym,1,
7289,73,292,2026-03-30,strength,Lower-body strength,47,7,329,Track,1,
7290,73,292,2026-03-31,plyometric,Jump power and elasticity,46,7,322,Court,1,
7291,73,292,2026-04-01,volleyball,Skill practice and gameplay,91,8,728,Track,1,
7292,73,292,2026-04-02,recovery,Mobility and low-intensity recovery,40,4,160,Home,1,
7293,73,292,2026-04-03,strength,Upper-body strength,53,6,318,Court,1,
7294,73,292,2026-04-04,volleyball,Open gym or tournament,161,6,966,Track,1,
7295,73,292,2026-04-05,rest,Full rest day,0,0,0,Track,1,
7296,73,292,2026-04-06,strength,Lower-body strength,72,7,504,Court,1,
7297,73,292,2026-04-07,plyometric,Jump power and elasticity,23,6,138,Home,1,
7298,73,292,2026-04-08,volleyball,Skill practice and gameplay,97,6,582,Gym,1,
7299,73,292,2026-04-09,recovery,Mobility and low-intensity recovery,44,3,132,Gym,1,
7300,73,292,2026-04-10,strength,Upper-body strength,80,7,560,Court,1,
7301,74,293,2026-01-01,recovery,Mobility and low-intensity recovery,35,3,105,Court,1,
7302,74,293,2026-01-02,strength,Upper-body strength,84,6,504,Court,1,
7303,74,293,2026-01-03,volleyball,Open gym or tournament,92,7,644,Court,1,
7304,74,293,2026-01-04,rest,Full rest day,0,0,0,Home,1,
7305,74,293,2026-01-05,strength,Lower-body strength,70,6,420,Track,1,
7306,74,293,2026-01-06,plyometric,Jump power and elasticity,51,7,357,Track,1,
7307,74,293,2026-01-07,volleyball,Skill practice and gameplay,121,8,968,Home,1,
7308,74,293,2026-01-08,rest,Full rest day,0,0,0,Court,1,
7309,74,293,2026-01-09,strength,Upper-body strength,75,6,450,Gym,1,
7310,74,293,2026-01-10,volleyball,Open gym or tournament,105,6,630,Court,1,
7311,74,293,2026-01-11,rest,Full rest day,0,0,0,Track,1,
7312,74,293,2026-01-12,strength,Lower-body strength,78,7,546,Court,1,
7313,74,293,2026-01-13,rest,Full rest day,0,0,0,Track,1,
7314,74,293,2026-01-14,volleyball,Skill practice and gameplay,133,7,931,Court,1,
7315,74,293,2026-01-15,recovery,Mobility and low-intensity recovery,37,4,148,Gym,1,
7316,74,293,2026-01-16,strength,Upper-body strength,52,7,364,Track,1,
7317,74,293,2026-01-17,volleyball,Open gym or tournament,150,6,900,Court,1,
7318,74,293,2026-01-18,rest,Full rest day,0,0,0,Home,1,
7319,74,293,2026-01-19,strength,Lower-body strength,76,6,456,Court,1,
7320,74,293,2026-01-20,plyometric,Jump power and elasticity,49,8,392,Gym,1,
7321,74,293,2026-01-21,volleyball,Skill practice and gameplay,62,7,434,Home,1,
7322,74,293,2026-01-22,recovery,Mobility and low-intensity recovery,39,2,78,Gym,1,
7323,74,293,2026-01-23,strength,Upper-body strength,64,7,448,Court,1,
7324,74,293,2026-01-24,volleyball,Open gym or tournament,39,7,273,Home,1,
7325,74,293,2026-01-25,rest,Full rest day,0,0,0,Track,1,
7326,74,294,2026-01-26,strength,Lower-body strength,86,8,688,Home,1,
7327,74,294,2026-01-27,plyometric,Jump power and elasticity,37,8,296,Home,1,
7328,74,294,2026-01-28,volleyball,Skill practice and gameplay,66,5,330,Court,1,
7329,74,294,2026-01-29,recovery,Mobility and low-intensity recovery,35,2,70,Track,1,
7330,74,294,2026-01-30,strength,Upper-body strength,49,7,343,Track,1,
7331,74,294,2026-01-31,volleyball,Open gym or tournament,79,8,632,Home,1,
7332,74,294,2026-02-01,rest,Full rest day,0,0,0,Home,1,
7333,74,294,2026-02-02,strength,Lower-body strength,73,7,511,Home,1,
7334,74,294,2026-02-03,plyometric,Jump power and elasticity,34,5,170,Track,1,
7335,74,294,2026-02-04,volleyball,Skill practice and gameplay,104,6,624,Home,1,
7336,74,294,2026-02-05,recovery,Mobility and low-intensity recovery,31,1,31,Gym,1,
7337,74,294,2026-02-06,strength,Upper-body strength,57,9,513,Court,1,
7338,74,294,2026-02-07,volleyball,Open gym or tournament,145,6,870,Court,1,
7339,74,294,2026-02-08,rest,Full rest day,0,0,0,Court,1,
7340,74,294,2026-02-09,strength,Lower-body strength,85,7,595,Home,1,
7341,74,294,2026-02-10,plyometric,Jump power and elasticity,34,7,238,Court,1,
7342,74,294,2026-02-11,volleyball,Skill practice and gameplay,107,5,535,Home,1,
7343,74,294,2026-02-12,recovery,Mobility and low-intensity recovery,37,3,111,Court,1,
7344,74,294,2026-02-13,strength,Upper-body strength,47,9,423,Track,1,
7345,74,294,2026-02-14,volleyball,Open gym or tournament,107,6,642,Home,1,
7346,74,294,2026-02-15,rest,Full rest day,0,0,0,Home,1,
7347,74,294,2026-02-16,rest,Full rest day,0,0,0,Court,1,
7348,74,294,2026-02-17,rest,Full rest day,0,0,0,Track,1,
7349,74,294,2026-02-18,volleyball,Skill practice and gameplay,151,6,906,Track,1,
7350,74,294,2026-02-19,recovery,Mobility and low-intensity recovery,21,3,63,Gym,1,
7351,74,295,2026-02-20,strength,Upper-body strength,64,8,512,Court,1,
7352,74,295,2026-02-21,volleyball,Open gym or tournament,109,9,981,Gym,1,
7353,74,295,2026-02-22,rest,Full rest day,0,0,0,Track,1,
7354,74,295,2026-02-23,strength,Lower-body strength,42,6,252,Home,1,
7355,74,295,2026-02-24,plyometric,Jump power and elasticity,46,5,230,Track,1,
7356,74,295,2026-02-25,volleyball,Skill practice and gameplay,123,7,861,Court,1,
7357,74,295,2026-02-26,recovery,Mobility and low-intensity recovery,22,4,88,Gym,1,
7358,74,295,2026-02-27,strength,Upper-body strength,44,8,352,Home,1,
7359,74,295,2026-02-28,volleyball,Open gym or tournament,131,7,917,Track,1,
7360,74,295,2026-03-01,rest,Full rest day,0,0,0,Home,1,
7361,74,295,2026-03-02,strength,Lower-body strength,65,6,390,Home,1,
7362,74,295,2026-03-03,plyometric,Jump power and elasticity,49,7,343,Home,1,
7363,74,295,2026-03-04,volleyball,Skill practice and gameplay,108,8,864,Home,1,
7364,74,295,2026-03-05,recovery,Mobility and low-intensity recovery,43,2,86,Home,1,
7365,74,295,2026-03-06,rest,Full rest day,0,0,0,Track,1,
7366,74,295,2026-03-07,volleyball,Open gym or tournament,76,8,608,Home,1,
7367,74,295,2026-03-08,rest,Full rest day,0,0,0,Track,1,
7368,74,295,2026-03-09,strength,Lower-body strength,46,7,322,Track,1,
7369,74,295,2026-03-10,plyometric,Jump power and elasticity,39,8,312,Home,1,
7370,74,295,2026-03-11,volleyball,Skill practice and gameplay,104,7,728,Gym,1,
7371,74,295,2026-03-12,recovery,Mobility and low-intensity recovery,38,2,76,Court,1,
7372,74,295,2026-03-13,strength,Upper-body strength,60,6,360,Home,1,
7373,74,295,2026-03-14,volleyball,Open gym or tournament,77,9,693,Court,1,
7374,74,295,2026-03-15,rest,Full rest day,0,0,0,Track,1,
7375,74,295,2026-03-16,strength,Lower-body strength,75,8,600,Gym,1,
7376,74,296,2026-03-17,plyometric,Jump power and elasticity,61,8,488,Track,1,
7377,74,296,2026-03-18,volleyball,Skill practice and gameplay,116,7,812,Gym,1,
7378,74,296,2026-03-19,recovery,Mobility and low-intensity recovery,29,3,87,Track,1,
7379,74,296,2026-03-20,strength,Upper-body strength,79,7,553,Gym,1,
7380,74,296,2026-03-21,volleyball,Open gym or tournament,100,7,700,Track,1,
7381,74,296,2026-03-22,rest,Full rest day,0,0,0,Court,1,
7382,74,296,2026-03-23,strength,Lower-body strength,56,6,336,Gym,1,
7383,74,296,2026-03-24,plyometric,Jump power and elasticity,24,7,168,Gym,1,
7384,74,296,2026-03-25,volleyball,Skill practice and gameplay,91,8,728,Gym,1,
7385,74,296,2026-03-26,recovery,Mobility and low-intensity recovery,36,3,108,Track,1,
7386,74,296,2026-03-27,strength,Upper-body strength,48,9,432,Gym,1,
7387,74,296,2026-03-28,volleyball,Open gym or tournament,16,6,96,Court,1,
7388,74,296,2026-03-29,rest,Full rest day,0,0,0,Track,1,
7389,74,296,2026-03-30,strength,Lower-body strength,56,9,504,Court,1,
7390,74,296,2026-03-31,plyometric,Jump power and elasticity,35,8,280,Track,1,
7391,74,296,2026-04-01,volleyball,Skill practice and gameplay,128,7,896,Track,1,
7392,74,296,2026-04-02,recovery,Mobility and low-intensity recovery,26,2,52,Track,1,
7393,74,296,2026-04-03,strength,Upper-body strength,45,9,405,Track,1,
7394,74,296,2026-04-04,volleyball,Open gym or tournament,130,6,780,Court,1,
7395,74,296,2026-04-05,rest,Full rest day,0,0,0,Court,1,
7396,74,296,2026-04-06,strength,Lower-body strength,71,7,497,Track,1,
7397,74,296,2026-04-07,plyometric,Jump power and elasticity,42,7,294,Gym,1,
7398,74,296,2026-04-08,volleyball,Skill practice and gameplay,109,9,981,Track,1,
7399,74,296,2026-04-09,recovery,Mobility and low-intensity recovery,46,2,92,Track,1,
7400,74,296,2026-04-10,strength,Upper-body strength,78,7,546,Track,1,
7401,75,297,2026-01-01,recovery,Mobility and low-intensity recovery,36,2,72,Home,1,
7402,75,297,2026-01-02,strength,Upper-body strength,56,6,336,Home,1,
7403,75,297,2026-01-03,volleyball,Open gym or tournament,59,6,354,Gym,1,
7404,75,297,2026-01-04,rest,Full rest day,0,0,0,Home,1,
7405,75,297,2026-01-05,strength,Lower-body strength,75,7,525,Court,1,
7406,75,297,2026-01-06,plyometric,Jump power and elasticity,41,7,287,Home,1,
7407,75,297,2026-01-07,volleyball,Skill practice and gameplay,77,5,385,Court,1,
7408,75,297,2026-01-08,recovery,Mobility and low-intensity recovery,21,2,42,Court,1,
7409,75,297,2026-01-09,strength,Upper-body strength,75,6,450,Court,1,
7410,75,297,2026-01-10,volleyball,Open gym or tournament,99,6,594,Home,1,
7411,75,297,2026-01-11,rest,Full rest day,0,0,0,Court,1,
7412,75,297,2026-01-12,strength,Lower-body strength,47,7,329,Home,1,
7413,75,297,2026-01-13,plyometric,Jump power and elasticity,20,7,140,Home,1,
7414,75,297,2026-01-14,volleyball,Skill practice and gameplay,93,7,651,Track,1,
7415,75,297,2026-01-15,recovery,Mobility and low-intensity recovery,34,4,136,Gym,1,
7416,75,297,2026-01-16,strength,Upper-body strength,69,5,345,Track,1,
7417,75,297,2026-01-17,volleyball,Open gym or tournament,143,4,572,Court,1,
7418,75,297,2026-01-18,rest,Full rest day,0,0,0,Home,1,
7419,75,297,2026-01-19,strength,Lower-body strength,58,8,464,Home,1,
7420,75,297,2026-01-20,plyometric,Jump power and elasticity,36,7,252,Court,1,
7421,75,297,2026-01-21,volleyball,Skill practice and gameplay,70,5,350,Home,1,
7422,75,297,2026-01-22,recovery,Mobility and low-intensity recovery,34,4,136,Home,1,
7423,75,297,2026-01-23,strength,Upper-body strength,73,7,511,Gym,1,
7424,75,297,2026-01-24,volleyball,Open gym or tournament,115,8,920,Track,1,
7425,75,297,2026-01-25,rest,Full rest day,0,0,0,Court,1,
7426,75,298,2026-01-26,strength,Lower-body strength,87,7,609,Court,1,
7427,75,298,2026-01-27,plyometric,Jump power and elasticity,35,6,210,Track,1,
7428,75,298,2026-01-28,rest,Full rest day,0,0,0,Gym,1,
7429,75,298,2026-01-29,recovery,Mobility and low-intensity recovery,35,3,105,Home,1,
7430,75,298,2026-01-30,strength,Upper-body strength,60,7,420,Track,1,
7431,75,298,2026-01-31,volleyball,Open gym or tournament,112,7,784,Track,1,
7432,75,298,2026-02-01,rest,Full rest day,0,0,0,Court,1,
7433,75,298,2026-02-02,strength,Lower-body strength,62,7,434,Home,1,
7434,75,298,2026-02-03,plyometric,Jump power and elasticity,31,7,217,Home,1,
7435,75,298,2026-02-04,volleyball,Skill practice and gameplay,95,8,760,Home,1,
7436,75,298,2026-02-05,recovery,Mobility and low-intensity recovery,42,3,126,Track,1,
7437,75,298,2026-02-06,strength,Upper-body strength,57,5,285,Track,1,
7438,75,298,2026-02-07,volleyball,Open gym or tournament,83,8,664,Gym,1,
7439,75,298,2026-02-08,rest,Full rest day,0,0,0,Gym,1,
7440,75,298,2026-02-09,strength,Lower-body strength,51,5,255,Court,1,
7441,75,298,2026-02-10,plyometric,Jump power and elasticity,45,6,270,Court,1,
7442,75,298,2026-02-11,volleyball,Skill practice and gameplay,134,9,1206,Track,1,
7443,75,298,2026-02-12,recovery,Mobility and low-intensity recovery,47,4,188,Home,1,
7444,75,298,2026-02-13,strength,Upper-body strength,63,6,378,Home,1,
7445,75,298,2026-02-14,volleyball,Open gym or tournament,90,6,540,Court,1,
7446,75,298,2026-02-15,rest,Full rest day,0,0,0,Home,1,
7447,75,298,2026-02-16,strength,Lower-body strength,49,7,343,Gym,1,
7448,75,298,2026-02-17,plyometric,Jump power and elasticity,52,8,416,Home,1,
7449,75,298,2026-02-18,volleyball,Skill practice and gameplay,60,6,360,Court,1,
7450,75,298,2026-02-19,recovery,Mobility and low-intensity recovery,38,3,114,Home,1,
7451,75,299,2026-02-20,strength,Upper-body strength,63,6,378,Gym,1,
7452,75,299,2026-02-21,volleyball,Open gym or tournament,118,7,826,Track,1,
7453,75,299,2026-02-22,rest,Full rest day,0,0,0,Home,1,
7454,75,299,2026-02-23,strength,Lower-body strength,49,8,392,Track,1,
7455,75,299,2026-02-24,plyometric,Jump power and elasticity,26,7,182,Gym,1,
7456,75,299,2026-02-25,volleyball,Skill practice and gameplay,76,8,608,Court,1,
7457,75,299,2026-02-26,recovery,Mobility and low-intensity recovery,42,1,42,Gym,1,
7458,75,299,2026-02-27,strength,Upper-body strength,55,8,440,Court,1,
7459,75,299,2026-02-28,volleyball,Open gym or tournament,125,7,875,Gym,1,
7460,75,299,2026-03-01,rest,Full rest day,0,0,0,Home,1,
7461,75,299,2026-03-02,strength,Lower-body strength,37,6,222,Gym,1,
7462,75,299,2026-03-03,plyometric,Jump power and elasticity,59,7,413,Court,1,
7463,75,299,2026-03-04,volleyball,Skill practice and gameplay,105,6,630,Court,1,
7464,75,299,2026-03-05,recovery,Mobility and low-intensity recovery,26,2,52,Gym,1,
7465,75,299,2026-03-06,strength,Upper-body strength,62,8,496,Home,1,
7466,75,299,2026-03-07,volleyball,Open gym or tournament,82,7,574,Track,1,
7467,75,299,2026-03-08,rest,Full rest day,0,0,0,Court,1,
7468,75,299,2026-03-09,strength,Lower-body strength,84,6,504,Court,1,
7469,75,299,2026-03-10,plyometric,Jump power and elasticity,43,6,258,Track,1,
7470,75,299,2026-03-11,volleyball,Skill practice and gameplay,68,6,408,Gym,1,
7471,75,299,2026-03-12,recovery,Mobility and low-intensity recovery,26,5,130,Home,1,
7472,75,299,2026-03-13,strength,Upper-body strength,35,7,245,Gym,1,
7473,75,299,2026-03-14,volleyball,Open gym or tournament,49,7,343,Track,1,
7474,75,299,2026-03-15,rest,Full rest day,0,0,0,Gym,1,
7475,75,299,2026-03-16,rest,Full rest day,0,0,0,Court,1,
7476,75,300,2026-03-17,rest,Full rest day,0,0,0,Track,1,
7477,75,300,2026-03-18,volleyball,Skill practice and gameplay,142,7,994,Home,1,
7478,75,300,2026-03-19,recovery,Mobility and low-intensity recovery,39,2,78,Home,1,
7479,75,300,2026-03-20,strength,Upper-body strength,69,7,483,Court,1,
7480,75,300,2026-03-21,volleyball,Open gym or tournament,91,9,819,Gym,1,
7481,75,300,2026-03-22,rest,Full rest day,0,0,0,Court,1,
7482,75,300,2026-03-23,strength,Lower-body strength,51,6,306,Home,1,
7483,75,300,2026-03-24,plyometric,Jump power and elasticity,29,6,174,Home,1,
7484,75,300,2026-03-25,volleyball,Skill practice and gameplay,111,7,777,Gym,1,
7485,75,300,2026-03-26,recovery,Mobility and low-intensity recovery,46,2,92,Home,1,
7486,75,300,2026-03-27,strength,Upper-body strength,66,8,528,Court,1,
7487,75,300,2026-03-28,volleyball,Open gym or tournament,88,6,528,Court,1,
7488,75,300,2026-03-29,rest,Full rest day,0,0,0,Court,1,
7489,75,300,2026-03-30,strength,Lower-body strength,74,5,370,Track,1,
7490,75,300,2026-03-31,plyometric,Jump power and elasticity,56,7,392,Home,1,
7491,75,300,2026-04-01,volleyball,Skill practice and gameplay,80,7,560,Home,1,
7492,75,300,2026-04-02,recovery,Mobility and low-intensity recovery,31,3,93,Court,1,
7493,75,300,2026-04-03,strength,Upper-body strength,81,6,486,Track,1,
7494,75,300,2026-04-04,rest,Full rest day,0,0,0,Court,1,
7495,75,300,2026-04-05,rest,Full rest day,0,0,0,Home,1,
7496,75,300,2026-04-06,strength,Lower-body strength,53,9,477,Track,1,
7497,75,300,2026-04-07,rest,Full rest day,0,0,0,Court,1,
7498,75,300,2026-04-08,volleyball,Skill practice and gameplay,92,8,736,Gym,1,
7499,75,300,2026-04-09,recovery,Mobility and low-intensity recovery,44,3,132,Court,1,
7500,75,300,2026-04-10,strength,Upper-body strength,76,9,684,Home,1,
7501,76,301,2026-01-01,recovery,Mobility and low-intensity recovery,23,2,46,Gym,1,
7502,76,301,2026-01-02,strength,Upper-body strength,66,5,330,Home,1,
7503,76,301,2026-01-03,volleyball,Open gym or tournament,84,7,588,Court,1,
7504,76,301,2026-01-04,rest,Full rest day,0,0,0,Track,1,
7505,76,301,2026-01-05,strength,Lower-body strength,71,6,426,Home,1,
7506,76,301,2026-01-06,plyometric,Jump power and elasticity,48,6,288,Home,1,
7507,76,301,2026-01-07,volleyball,Skill practice and gameplay,82,4,328,Home,1,
7508,76,301,2026-01-08,recovery,Mobility and low-intensity recovery,20,3,60,Gym,1,
7509,76,301,2026-01-09,strength,Upper-body strength,47,7,329,Gym,1,
7510,76,301,2026-01-10,volleyball,Open gym or tournament,106,6,636,Track,1,
7511,76,301,2026-01-11,rest,Full rest day,0,0,0,Home,1,
7512,76,301,2026-01-12,strength,Lower-body strength,61,7,427,Track,1,
7513,76,301,2026-01-13,plyometric,Jump power and elasticity,60,9,540,Track,1,
7514,76,301,2026-01-14,volleyball,Skill practice and gameplay,127,5,635,Home,1,
7515,76,301,2026-01-15,recovery,Mobility and low-intensity recovery,46,4,184,Court,1,
7516,76,301,2026-01-16,rest,Full rest day,0,0,0,Home,1,
7517,76,301,2026-01-17,volleyball,Open gym or tournament,176,6,1056,Court,1,
7518,76,301,2026-01-18,rest,Full rest day,0,0,0,Court,1,
7519,76,301,2026-01-19,rest,Full rest day,0,0,0,Home,1,
7520,76,301,2026-01-20,plyometric,Jump power and elasticity,48,8,384,Home,1,
7521,76,301,2026-01-21,volleyball,Skill practice and gameplay,95,7,665,Home,1,
7522,76,301,2026-01-22,recovery,Mobility and low-intensity recovery,33,2,66,Court,1,
7523,76,301,2026-01-23,strength,Upper-body strength,60,6,360,Gym,1,
7524,76,301,2026-01-24,volleyball,Open gym or tournament,35,7,245,Home,1,
7525,76,301,2026-01-25,rest,Full rest day,0,0,0,Gym,1,
7526,76,302,2026-01-26,strength,Lower-body strength,58,7,406,Court,1,
7527,76,302,2026-01-27,plyometric,Jump power and elasticity,38,7,266,Court,1,
7528,76,302,2026-01-28,volleyball,Skill practice and gameplay,105,7,735,Track,1,
7529,76,302,2026-01-29,recovery,Mobility and low-intensity recovery,51,4,204,Track,1,
7530,76,302,2026-01-30,strength,Upper-body strength,84,7,588,Gym,1,
7531,76,302,2026-01-31,volleyball,Open gym or tournament,92,9,828,Court,1,
7532,76,302,2026-02-01,rest,Full rest day,0,0,0,Home,1,
7533,76,302,2026-02-02,strength,Lower-body strength,72,8,576,Home,1,
7534,76,302,2026-02-03,plyometric,Jump power and elasticity,53,8,424,Gym,1,
7535,76,302,2026-02-04,volleyball,Skill practice and gameplay,89,5,445,Track,1,
7536,76,302,2026-02-05,recovery,Mobility and low-intensity recovery,25,3,75,Gym,1,
7537,76,302,2026-02-06,strength,Upper-body strength,65,9,585,Gym,1,
7538,76,302,2026-02-07,volleyball,Open gym or tournament,112,7,784,Track,1,
7539,76,302,2026-02-08,rest,Full rest day,0,0,0,Home,1,
7540,76,302,2026-02-09,strength,Lower-body strength,48,8,384,Home,1,
7541,76,302,2026-02-10,plyometric,Jump power and elasticity,50,7,350,Court,1,
7542,76,302,2026-02-11,volleyball,Skill practice and gameplay,127,5,635,Track,1,
7543,76,302,2026-02-12,recovery,Mobility and low-intensity recovery,20,3,60,Court,1,
7544,76,302,2026-02-13,strength,Upper-body strength,64,7,448,Gym,1,
7545,76,302,2026-02-14,volleyball,Open gym or tournament,88,7,616,Home,1,
7546,76,302,2026-02-15,rest,Full rest day,0,0,0,Gym,1,
7547,76,302,2026-02-16,strength,Lower-body strength,44,6,264,Gym,1,
7548,76,302,2026-02-17,plyometric,Jump power and elasticity,54,6,324,Home,1,
7549,76,302,2026-02-18,volleyball,Skill practice and gameplay,75,8,600,Home,1,
7550,76,302,2026-02-19,recovery,Mobility and low-intensity recovery,38,3,114,Track,1,
7551,76,303,2026-02-20,strength,Upper-body strength,88,9,792,Home,1,
7552,76,303,2026-02-21,volleyball,Open gym or tournament,120,6,720,Court,1,
7553,76,303,2026-02-22,rest,Full rest day,0,0,0,Home,1,
7554,76,303,2026-02-23,strength,Lower-body strength,60,5,300,Gym,1,
7555,76,303,2026-02-24,rest,Full rest day,0,0,0,Gym,1,
7556,76,303,2026-02-25,volleyball,Skill practice and gameplay,120,8,960,Track,1,
7557,76,303,2026-02-26,recovery,Mobility and low-intensity recovery,38,4,152,Gym,1,
7558,76,303,2026-02-27,strength,Upper-body strength,71,9,639,Court,1,
7559,76,303,2026-02-28,rest,Full rest day,0,0,0,Track,1,
7560,76,303,2026-03-01,rest,Full rest day,0,0,0,Home,1,
7561,76,303,2026-03-02,strength,Lower-body strength,49,6,294,Home,1,
7562,76,303,2026-03-03,plyometric,Jump power and elasticity,30,7,210,Home,1,
7563,76,303,2026-03-04,volleyball,Skill practice and gameplay,160,5,800,Gym,1,
7564,76,303,2026-03-05,recovery,Mobility and low-intensity recovery,24,4,96,Gym,1,
7565,76,303,2026-03-06,strength,Upper-body strength,80,6,480,Court,1,
7566,76,303,2026-03-07,volleyball,Open gym or tournament,104,7,728,Home,1,
7567,76,303,2026-03-08,rest,Full rest day,0,0,0,Court,1,
7568,76,303,2026-03-09,strength,Lower-body strength,81,7,567,Home,1,
7569,76,303,2026-03-10,plyometric,Jump power and elasticity,24,7,168,Track,1,
7570,76,303,2026-03-11,rest,Full rest day,0,0,0,Court,1,
7571,76,303,2026-03-12,recovery,Mobility and low-intensity recovery,33,3,99,Court,1,
7572,76,303,2026-03-13,strength,Upper-body strength,89,7,623,Gym,1,
7573,76,303,2026-03-14,volleyball,Open gym or tournament,117,7,819,Gym,1,
7574,76,303,2026-03-15,rest,Full rest day,0,0,0,Court,1,
7575,76,303,2026-03-16,strength,Lower-body strength,56,5,280,Track,1,
7576,76,304,2026-03-17,plyometric,Jump power and elasticity,54,8,432,Gym,1,
7577,76,304,2026-03-18,volleyball,Skill practice and gameplay,134,6,804,Home,1,
7578,76,304,2026-03-19,recovery,Mobility and low-intensity recovery,32,4,128,Court,1,
7579,76,304,2026-03-20,strength,Upper-body strength,68,7,476,Gym,1,
7580,76,304,2026-03-21,volleyball,Open gym or tournament,109,7,763,Gym,1,
7581,76,304,2026-03-22,rest,Full rest day,0,0,0,Track,1,
7582,76,304,2026-03-23,strength,Lower-body strength,84,7,588,Court,1,
7583,76,304,2026-03-24,plyometric,Jump power and elasticity,49,7,343,Home,1,
7584,76,304,2026-03-25,volleyball,Skill practice and gameplay,109,7,763,Track,1,
7585,76,304,2026-03-26,rest,Full rest day,0,0,0,Court,1,
7586,76,304,2026-03-27,rest,Full rest day,0,0,0,Court,1,
7587,76,304,2026-03-28,volleyball,Open gym or tournament,71,9,639,Gym,1,
7588,76,304,2026-03-29,rest,Full rest day,0,0,0,Court,1,
7589,76,304,2026-03-30,strength,Lower-body strength,41,7,287,Home,1,
7590,76,304,2026-03-31,plyometric,Jump power and elasticity,44,7,308,Gym,1,
7591,76,304,2026-04-01,rest,Full rest day,0,0,0,Gym,1,
7592,76,304,2026-04-02,recovery,Mobility and low-intensity recovery,45,4,180,Home,1,
7593,76,304,2026-04-03,strength,Upper-body strength,69,6,414,Track,1,
7594,76,304,2026-04-04,volleyball,Open gym or tournament,135,7,945,Home,1,
7595,76,304,2026-04-05,rest,Full rest day,0,0,0,Gym,1,
7596,76,304,2026-04-06,strength,Lower-body strength,74,8,592,Gym,1,
7597,76,304,2026-04-07,plyometric,Jump power and elasticity,46,9,414,Gym,1,
7598,76,304,2026-04-08,volleyball,Skill practice and gameplay,115,7,805,Home,1,
7599,76,304,2026-04-09,recovery,Mobility and low-intensity recovery,46,4,184,Court,1,
7600,76,304,2026-04-10,strength,Upper-body strength,66,6,396,Court,1,
7601,77,305,2026-01-01,recovery,Mobility and low-intensity recovery,23,3,69,Track,1,
7602,77,305,2026-01-02,strength,Upper-body strength,79,7,553,Court,1,
7603,77,305,2026-01-03,volleyball,Open gym or tournament,113,7,791,Court,1,
7604,77,305,2026-01-04,rest,Full rest day,0,0,0,Gym,1,
7605,77,305,2026-01-05,strength,Lower-body strength,56,8,448,Gym,1,
7606,77,305,2026-01-06,plyometric,Jump power and elasticity,47,6,282,Home,1,
7607,77,305,2026-01-07,volleyball,Skill practice and gameplay,74,6,444,Gym,1,
7608,77,305,2026-01-08,recovery,Mobility and low-intensity recovery,23,3,69,Gym,1,
7609,77,305,2026-01-09,strength,Upper-body strength,78,7,546,Track,1,
7610,77,305,2026-01-10,volleyball,Open gym or tournament,96,7,672,Court,1,
7611,77,305,2026-01-11,rest,Full rest day,0,0,0,Gym,1,
7612,77,305,2026-01-12,strength,Lower-body strength,72,6,432,Court,1,
7613,77,305,2026-01-13,plyometric,Jump power and elasticity,51,6,306,Gym,1,
7614,77,305,2026-01-14,volleyball,Skill practice and gameplay,100,6,600,Court,1,
7615,77,305,2026-01-15,recovery,Mobility and low-intensity recovery,37,3,111,Court,1,
7616,77,305,2026-01-16,strength,Upper-body strength,64,8,512,Gym,1,
7617,77,305,2026-01-17,volleyball,Open gym or tournament,122,9,1098,Home,1,
7618,77,305,2026-01-18,rest,Full rest day,0,0,0,Gym,1,
7619,77,305,2026-01-19,strength,Lower-body strength,55,7,385,Track,1,
7620,77,305,2026-01-20,plyometric,Jump power and elasticity,55,5,275,Track,1,
7621,77,305,2026-01-21,volleyball,Skill practice and gameplay,149,7,1043,Court,1,
7622,77,305,2026-01-22,recovery,Mobility and low-intensity recovery,31,3,93,Court,1,
7623,77,305,2026-01-23,strength,Upper-body strength,84,8,672,Home,1,
7624,77,305,2026-01-24,volleyball,Open gym or tournament,135,6,810,Home,1,
7625,77,305,2026-01-25,rest,Full rest day,0,0,0,Gym,1,
7626,77,306,2026-01-26,strength,Lower-body strength,58,8,464,Court,1,
7627,77,306,2026-01-27,plyometric,Jump power and elasticity,57,6,342,Court,1,
7628,77,306,2026-01-28,volleyball,Skill practice and gameplay,135,8,1080,Gym,1,
7629,77,306,2026-01-29,recovery,Mobility and low-intensity recovery,46,4,184,Track,1,
7630,77,306,2026-01-30,strength,Upper-body strength,80,7,560,Track,1,
7631,77,306,2026-01-31,volleyball,Open gym or tournament,98,7,686,Court,1,
7632,77,306,2026-02-01,rest,Full rest day,0,0,0,Gym,1,
7633,77,306,2026-02-02,strength,Lower-body strength,68,6,408,Home,1,
7634,77,306,2026-02-03,plyometric,Jump power and elasticity,39,6,234,Track,1,
7635,77,306,2026-02-04,volleyball,Skill practice and gameplay,109,7,763,Gym,1,
7636,77,306,2026-02-05,recovery,Mobility and low-intensity recovery,33,4,132,Home,1,
7637,77,306,2026-02-06,strength,Upper-body strength,51,8,408,Court,1,
7638,77,306,2026-02-07,volleyball,Open gym or tournament,92,7,644,Home,1,
7639,77,306,2026-02-08,rest,Full rest day,0,0,0,Court,1,
7640,77,306,2026-02-09,strength,Lower-body strength,61,7,427,Gym,1,
7641,77,306,2026-02-10,plyometric,Jump power and elasticity,32,8,256,Track,1,
7642,77,306,2026-02-11,volleyball,Skill practice and gameplay,117,7,819,Track,1,
7643,77,306,2026-02-12,recovery,Mobility and low-intensity recovery,36,3,108,Gym,1,
7644,77,306,2026-02-13,rest,Full rest day,0,0,0,Gym,1,
7645,77,306,2026-02-14,volleyball,Open gym or tournament,68,6,408,Court,1,
7646,77,306,2026-02-15,rest,Full rest day,0,0,0,Home,1,
7647,77,306,2026-02-16,strength,Lower-body strength,68,8,544,Track,1,
7648,77,306,2026-02-17,plyometric,Jump power and elasticity,60,7,420,Home,1,
7649,77,306,2026-02-18,volleyball,Skill practice and gameplay,101,4,404,Gym,1,
7650,77,306,2026-02-19,recovery,Mobility and low-intensity recovery,48,2,96,Court,1,
7651,77,307,2026-02-20,rest,Full rest day,0,0,0,Track,1,
7652,77,307,2026-02-21,volleyball,Open gym or tournament,68,9,612,Gym,1,
7653,77,307,2026-02-22,rest,Full rest day,0,0,0,Track,1,
7654,77,307,2026-02-23,strength,Lower-body strength,59,7,413,Home,1,
7655,77,307,2026-02-24,plyometric,Jump power and elasticity,57,6,342,Court,1,
7656,77,307,2026-02-25,volleyball,Skill practice and gameplay,128,8,1024,Track,1,
7657,77,307,2026-02-26,recovery,Mobility and low-intensity recovery,42,4,168,Court,1,
7658,77,307,2026-02-27,rest,Full rest day,0,0,0,Track,1,
7659,77,307,2026-02-28,volleyball,Open gym or tournament,144,7,1008,Home,1,
7660,77,307,2026-03-01,rest,Full rest day,0,0,0,Gym,1,
7661,77,307,2026-03-02,strength,Lower-body strength,61,8,488,Track,1,
7662,77,307,2026-03-03,plyometric,Jump power and elasticity,42,7,294,Gym,1,
7663,77,307,2026-03-04,volleyball,Skill practice and gameplay,92,8,736,Home,1,
7664,77,307,2026-03-05,recovery,Mobility and low-intensity recovery,38,3,114,Home,1,
7665,77,307,2026-03-06,strength,Upper-body strength,67,7,469,Court,1,
7666,77,307,2026-03-07,volleyball,Open gym or tournament,154,8,1232,Gym,1,
7667,77,307,2026-03-08,rest,Full rest day,0,0,0,Court,1,
7668,77,307,2026-03-09,strength,Lower-body strength,78,7,546,Gym,1,
7669,77,307,2026-03-10,plyometric,Jump power and elasticity,34,8,272,Gym,1,
7670,77,307,2026-03-11,rest,Full rest day,0,0,0,Track,1,
7671,77,307,2026-03-12,recovery,Mobility and low-intensity recovery,36,2,72,Court,1,
7672,77,307,2026-03-13,strength,Upper-body strength,55,8,440,Home,1,
7673,77,307,2026-03-14,volleyball,Open gym or tournament,58,8,464,Court,1,
7674,77,307,2026-03-15,rest,Full rest day,0,0,0,Gym,1,
7675,77,307,2026-03-16,strength,Lower-body strength,68,7,476,Gym,1,
7676,77,308,2026-03-17,plyometric,Jump power and elasticity,28,8,224,Court,1,
7677,77,308,2026-03-18,volleyball,Skill practice and gameplay,134,5,670,Track,1,
7678,77,308,2026-03-19,recovery,Mobility and low-intensity recovery,27,2,54,Home,1,
7679,77,308,2026-03-20,strength,Upper-body strength,65,9,585,Track,1,
7680,77,308,2026-03-21,rest,Full rest day,0,0,0,Court,1,
7681,77,308,2026-03-22,rest,Full rest day,0,0,0,Court,1,
7682,77,308,2026-03-23,strength,Lower-body strength,63,8,504,Home,1,
7683,77,308,2026-03-24,plyometric,Jump power and elasticity,41,7,287,Court,1,
7684,77,308,2026-03-25,volleyball,Skill practice and gameplay,155,8,1240,Gym,1,
7685,77,308,2026-03-26,recovery,Mobility and low-intensity recovery,43,3,129,Court,1,
7686,77,308,2026-03-27,strength,Upper-body strength,54,6,324,Home,1,
7687,77,308,2026-03-28,volleyball,Open gym or tournament,39,4,156,Track,1,
7688,77,308,2026-03-29,rest,Full rest day,0,0,0,Court,1,
7689,77,308,2026-03-30,strength,Lower-body strength,40,6,240,Track,1,
7690,77,308,2026-03-31,plyometric,Jump power and elasticity,48,8,384,Track,1,
7691,77,308,2026-04-01,volleyball,Skill practice and gameplay,143,6,858,Gym,1,
7692,77,308,2026-04-02,recovery,Mobility and low-intensity recovery,31,2,62,Home,1,
7693,77,308,2026-04-03,strength,Upper-body strength,60,6,360,Track,1,
7694,77,308,2026-04-04,volleyball,Open gym or tournament,95,10,950,Gym,1,
7695,77,308,2026-04-05,rest,Full rest day,0,0,0,Court,1,
7696,77,308,2026-04-06,strength,Lower-body strength,70,6,420,Track,1,
7697,77,308,2026-04-07,plyometric,Jump power and elasticity,50,8,400,Track,1,
7698,77,308,2026-04-08,volleyball,Skill practice and gameplay,109,9,981,Court,1,
7699,77,308,2026-04-09,rest,Full rest day,0,0,0,Court,1,
7700,77,308,2026-04-10,rest,Full rest day,0,0,0,Gym,1,
7701,78,309,2026-01-01,recovery,Mobility and low-intensity recovery,35,1,35,Court,1,
7702,78,309,2026-01-02,strength,Upper-body strength,64,8,512,Court,1,
7703,78,309,2026-01-03,volleyball,Open gym or tournament,108,7,756,Home,1,
7704,78,309,2026-01-04,rest,Full rest day,0,0,0,Track,1,
7705,78,309,2026-01-05,strength,Lower-body strength,70,9,630,Court,1,
7706,78,309,2026-01-06,plyometric,Jump power and elasticity,53,7,371,Home,1,
7707,78,309,2026-01-07,volleyball,Skill practice and gameplay,89,7,623,Gym,1,
7708,78,309,2026-01-08,recovery,Mobility and low-intensity recovery,29,3,87,Gym,1,
7709,78,309,2026-01-09,strength,Upper-body strength,57,6,342,Home,1,
7710,78,309,2026-01-10,volleyball,Open gym or tournament,120,6,720,Gym,1,
7711,78,309,2026-01-11,rest,Full rest day,0,0,0,Court,1,
7712,78,309,2026-01-12,strength,Lower-body strength,52,8,416,Gym,1,
7713,78,309,2026-01-13,plyometric,Jump power and elasticity,55,6,330,Court,1,
7714,78,309,2026-01-14,volleyball,Skill practice and gameplay,111,8,888,Court,1,
7715,78,309,2026-01-15,rest,Full rest day,0,0,0,Court,1,
7716,78,309,2026-01-16,strength,Upper-body strength,74,6,444,Gym,1,
7717,78,309,2026-01-17,rest,Full rest day,0,0,0,Court,1,
7718,78,309,2026-01-18,rest,Full rest day,0,0,0,Court,1,
7719,78,309,2026-01-19,strength,Lower-body strength,59,5,295,Court,1,
7720,78,309,2026-01-20,plyometric,Jump power and elasticity,52,8,416,Gym,1,
7721,78,309,2026-01-21,volleyball,Skill practice and gameplay,92,7,644,Home,1,
7722,78,309,2026-01-22,recovery,Mobility and low-intensity recovery,28,4,112,Home,1,
7723,78,309,2026-01-23,strength,Upper-body strength,86,6,516,Track,1,
7724,78,309,2026-01-24,volleyball,Open gym or tournament,16,7,112,Court,1,
7725,78,309,2026-01-25,rest,Full rest day,0,0,0,Court,1,
7726,78,310,2026-01-26,strength,Lower-body strength,43,8,344,Court,1,
7727,78,310,2026-01-27,plyometric,Jump power and elasticity,69,6,414,Home,1,
7728,78,310,2026-01-28,volleyball,Skill practice and gameplay,81,10,810,Court,1,
7729,78,310,2026-01-29,recovery,Mobility and low-intensity recovery,52,3,156,Court,1,
7730,78,310,2026-01-30,strength,Upper-body strength,61,8,488,Track,1,
7731,78,310,2026-01-31,volleyball,Open gym or tournament,141,7,987,Track,1,
7732,78,310,2026-02-01,rest,Full rest day,0,0,0,Home,1,
7733,78,310,2026-02-02,strength,Lower-body strength,51,5,255,Court,1,
7734,78,310,2026-02-03,plyometric,Jump power and elasticity,48,5,240,Track,1,
7735,78,310,2026-02-04,volleyball,Skill practice and gameplay,145,6,870,Home,1,
7736,78,310,2026-02-05,recovery,Mobility and low-intensity recovery,28,3,84,Gym,1,
7737,78,310,2026-02-06,strength,Upper-body strength,81,6,486,Track,1,
7738,78,310,2026-02-07,volleyball,Open gym or tournament,66,7,462,Home,1,
7739,78,310,2026-02-08,rest,Full rest day,0,0,0,Home,1,
7740,78,310,2026-02-09,strength,Lower-body strength,64,8,512,Court,1,
7741,78,310,2026-02-10,rest,Full rest day,0,0,0,Home,1,
7742,78,310,2026-02-11,volleyball,Skill practice and gameplay,121,7,847,Home,1,
7743,78,310,2026-02-12,recovery,Mobility and low-intensity recovery,45,1,45,Home,1,
7744,78,310,2026-02-13,strength,Upper-body strength,68,6,408,Home,1,
7745,78,310,2026-02-14,volleyball,Open gym or tournament,136,9,1224,Court,1,
7746,78,310,2026-02-15,rest,Full rest day,0,0,0,Home,1,
7747,78,310,2026-02-16,rest,Full rest day,0,0,0,Gym,1,
7748,78,310,2026-02-17,rest,Full rest day,0,0,0,Home,1,
7749,78,310,2026-02-18,volleyball,Skill practice and gameplay,92,6,552,Home,1,
7750,78,310,2026-02-19,recovery,Mobility and low-intensity recovery,25,3,75,Gym,1,
7751,78,311,2026-02-20,strength,Upper-body strength,61,5,305,Track,1,
7752,78,311,2026-02-21,volleyball,Open gym or tournament,147,6,882,Court,1,
7753,78,311,2026-02-22,rest,Full rest day,0,0,0,Court,1,
7754,78,311,2026-02-23,strength,Lower-body strength,53,7,371,Track,1,
7755,78,311,2026-02-24,plyometric,Jump power and elasticity,44,7,308,Home,1,
7756,78,311,2026-02-25,volleyball,Skill practice and gameplay,113,6,678,Home,1,
7757,78,311,2026-02-26,recovery,Mobility and low-intensity recovery,43,4,172,Track,1,
7758,78,311,2026-02-27,strength,Upper-body strength,86,6,516,Home,1,
7759,78,311,2026-02-28,volleyball,Open gym or tournament,99,7,693,Track,1,
7760,78,311,2026-03-01,rest,Full rest day,0,0,0,Home,1,
7761,78,311,2026-03-02,strength,Lower-body strength,58,8,464,Home,1,
7762,78,311,2026-03-03,plyometric,Jump power and elasticity,38,9,342,Gym,1,
7763,78,311,2026-03-04,volleyball,Skill practice and gameplay,73,8,584,Track,1,
7764,78,311,2026-03-05,recovery,Mobility and low-intensity recovery,26,3,78,Court,1,
7765,78,311,2026-03-06,strength,Upper-body strength,44,6,264,Home,1,
7766,78,311,2026-03-07,volleyball,Open gym or tournament,107,8,856,Court,1,
7767,78,311,2026-03-08,rest,Full rest day,0,0,0,Court,1,
7768,78,311,2026-03-09,strength,Lower-body strength,73,9,657,Court,1,
7769,78,311,2026-03-10,plyometric,Jump power and elasticity,33,7,231,Gym,1,
7770,78,311,2026-03-11,volleyball,Skill practice and gameplay,73,7,511,Gym,1,
7771,78,311,2026-03-12,recovery,Mobility and low-intensity recovery,44,3,132,Track,1,
7772,78,311,2026-03-13,strength,Upper-body strength,63,7,441,Home,1,
7773,78,311,2026-03-14,volleyball,Open gym or tournament,102,7,714,Home,1,
7774,78,311,2026-03-15,rest,Full rest day,0,0,0,Home,1,
7775,78,311,2026-03-16,strength,Lower-body strength,46,6,276,Home,1,
7776,78,312,2026-03-17,plyometric,Jump power and elasticity,30,7,210,Track,1,
7777,78,312,2026-03-18,volleyball,Skill practice and gameplay,99,7,693,Home,1,
7778,78,312,2026-03-19,recovery,Mobility and low-intensity recovery,35,5,175,Home,1,
7779,78,312,2026-03-20,strength,Upper-body strength,67,9,603,Track,1,
7780,78,312,2026-03-21,volleyball,Open gym or tournament,107,7,749,Gym,1,
7781,78,312,2026-03-22,rest,Full rest day,0,0,0,Home,1,
7782,78,312,2026-03-23,strength,Lower-body strength,48,5,240,Gym,1,
7783,78,312,2026-03-24,plyometric,Jump power and elasticity,42,6,252,Gym,1,
7784,78,312,2026-03-25,volleyball,Skill practice and gameplay,108,7,756,Home,1,
7785,78,312,2026-03-26,recovery,Mobility and low-intensity recovery,43,3,129,Court,1,
7786,78,312,2026-03-27,strength,Upper-body strength,70,6,420,Court,1,
7787,78,312,2026-03-28,volleyball,Open gym or tournament,133,7,931,Home,1,
7788,78,312,2026-03-29,rest,Full rest day,0,0,0,Track,1,
7789,78,312,2026-03-30,strength,Lower-body strength,75,8,600,Track,1,
7790,78,312,2026-03-31,plyometric,Jump power and elasticity,51,6,306,Home,1,
7791,78,312,2026-04-01,volleyball,Skill practice and gameplay,93,4,372,Track,1,
7792,78,312,2026-04-02,recovery,Mobility and low-intensity recovery,38,4,152,Gym,1,
7793,78,312,2026-04-03,strength,Upper-body strength,62,8,496,Home,1,
7794,78,312,2026-04-04,volleyball,Open gym or tournament,68,7,476,Home,1,
7795,78,312,2026-04-05,rest,Full rest day,0,0,0,Court,1,
7796,78,312,2026-04-06,strength,Lower-body strength,84,7,588,Court,1,
7797,78,312,2026-04-07,plyometric,Jump power and elasticity,37,7,259,Home,1,
7798,78,312,2026-04-08,volleyball,Skill practice and gameplay,71,6,426,Gym,1,
7799,78,312,2026-04-09,recovery,Mobility and low-intensity recovery,32,3,96,Track,1,
7800,78,312,2026-04-10,strength,Upper-body strength,83,6,498,Gym,1,
7801,79,313,2026-01-01,recovery,Mobility and low-intensity recovery,33,2,66,Court,1,
7802,79,313,2026-01-02,strength,Upper-body strength,67,7,469,Track,1,
7803,79,313,2026-01-03,volleyball,Open gym or tournament,93,6,558,Home,1,
7804,79,313,2026-01-04,rest,Full rest day,0,0,0,Court,1,
7805,79,313,2026-01-05,strength,Lower-body strength,49,5,245,Track,1,
7806,79,313,2026-01-06,plyometric,Jump power and elasticity,35,8,280,Court,1,
7807,79,313,2026-01-07,volleyball,Skill practice and gameplay,137,7,959,Court,1,
7808,79,313,2026-01-08,recovery,Mobility and low-intensity recovery,38,5,190,Gym,1,
7809,79,313,2026-01-09,strength,Upper-body strength,69,7,483,Gym,1,
7810,79,313,2026-01-10,volleyball,Open gym or tournament,76,7,532,Gym,1,
7811,79,313,2026-01-11,rest,Full rest day,0,0,0,Home,1,
7812,79,313,2026-01-12,strength,Lower-body strength,74,6,444,Home,1,
7813,79,313,2026-01-13,plyometric,Jump power and elasticity,36,9,324,Gym,1,
7814,79,313,2026-01-14,volleyball,Skill practice and gameplay,58,7,406,Court,1,
7815,79,313,2026-01-15,recovery,Mobility and low-intensity recovery,30,2,60,Home,1,
7816,79,313,2026-01-16,strength,Upper-body strength,49,7,343,Court,1,
7817,79,313,2026-01-17,volleyball,Open gym or tournament,100,7,700,Home,1,
7818,79,313,2026-01-18,rest,Full rest day,0,0,0,Track,1,
7819,79,313,2026-01-19,strength,Lower-body strength,66,6,396,Track,1,
7820,79,313,2026-01-20,plyometric,Jump power and elasticity,47,7,329,Home,1,
7821,79,313,2026-01-21,volleyball,Skill practice and gameplay,104,6,624,Track,1,
7822,79,313,2026-01-22,recovery,Mobility and low-intensity recovery,31,2,62,Home,1,
7823,79,313,2026-01-23,strength,Upper-body strength,73,8,584,Gym,1,
7824,79,313,2026-01-24,volleyball,Open gym or tournament,69,8,552,Gym,1,
7825,79,313,2026-01-25,rest,Full rest day,0,0,0,Track,1,
7826,79,314,2026-01-26,strength,Lower-body strength,84,8,672,Court,1,
7827,79,314,2026-01-27,plyometric,Jump power and elasticity,23,7,161,Track,1,
7828,79,314,2026-01-28,volleyball,Skill practice and gameplay,100,5,500,Court,1,
7829,79,314,2026-01-29,recovery,Mobility and low-intensity recovery,37,3,111,Home,1,
7830,79,314,2026-01-30,strength,Upper-body strength,77,7,539,Track,1,
7831,79,314,2026-01-31,volleyball,Open gym or tournament,90,7,630,Gym,1,
7832,79,314,2026-02-01,rest,Full rest day,0,0,0,Court,1,
7833,79,314,2026-02-02,rest,Full rest day,0,0,0,Home,1,
7834,79,314,2026-02-03,plyometric,Jump power and elasticity,42,7,294,Gym,1,
7835,79,314,2026-02-04,volleyball,Skill practice and gameplay,94,7,658,Gym,1,
7836,79,314,2026-02-05,recovery,Mobility and low-intensity recovery,30,2,60,Gym,1,
7837,79,314,2026-02-06,strength,Upper-body strength,58,8,464,Home,1,
7838,79,314,2026-02-07,volleyball,Open gym or tournament,166,6,996,Home,1,
7839,79,314,2026-02-08,rest,Full rest day,0,0,0,Track,1,
7840,79,314,2026-02-09,strength,Lower-body strength,74,8,592,Home,1,
7841,79,314,2026-02-10,plyometric,Jump power and elasticity,49,6,294,Court,1,
7842,79,314,2026-02-11,volleyball,Skill practice and gameplay,79,8,632,Court,1,
7843,79,314,2026-02-12,recovery,Mobility and low-intensity recovery,28,2,56,Track,1,
7844,79,314,2026-02-13,strength,Upper-body strength,71,8,568,Court,1,
7845,79,314,2026-02-14,volleyball,Open gym or tournament,76,8,608,Court,1,
7846,79,314,2026-02-15,rest,Full rest day,0,0,0,Court,1,
7847,79,314,2026-02-16,strength,Lower-body strength,74,6,444,Home,1,
7848,79,314,2026-02-17,plyometric,Jump power and elasticity,33,6,198,Court,1,
7849,79,314,2026-02-18,volleyball,Skill practice and gameplay,118,6,708,Gym,1,
7850,79,314,2026-02-19,recovery,Mobility and low-intensity recovery,38,4,152,Home,1,
7851,79,315,2026-02-20,strength,Upper-body strength,72,6,432,Court,1,
7852,79,315,2026-02-21,volleyball,Open gym or tournament,98,10,980,Court,1,
7853,79,315,2026-02-22,rest,Full rest day,0,0,0,Court,1,
7854,79,315,2026-02-23,strength,Lower-body strength,81,6,486,Gym,1,
7855,79,315,2026-02-24,plyometric,Jump power and elasticity,42,7,294,Court,1,
7856,79,315,2026-02-25,volleyball,Skill practice and gameplay,78,6,468,Court,1,
7857,79,315,2026-02-26,recovery,Mobility and low-intensity recovery,24,5,120,Track,1,
7858,79,315,2026-02-27,rest,Full rest day,0,0,0,Home,1,
7859,79,315,2026-02-28,volleyball,Open gym or tournament,60,5,300,Home,1,
7860,79,315,2026-03-01,rest,Full rest day,0,0,0,Gym,1,
7861,79,315,2026-03-02,strength,Lower-body strength,57,8,456,Court,1,
7862,79,315,2026-03-03,plyometric,Jump power and elasticity,42,8,336,Gym,1,
7863,79,315,2026-03-04,volleyball,Skill practice and gameplay,119,5,595,Track,1,
7864,79,315,2026-03-05,recovery,Mobility and low-intensity recovery,40,3,120,Gym,1,
7865,79,315,2026-03-06,strength,Upper-body strength,65,6,390,Home,1,
7866,79,315,2026-03-07,volleyball,Open gym or tournament,91,8,728,Gym,1,
7867,79,315,2026-03-08,rest,Full rest day,0,0,0,Track,1,
7868,79,315,2026-03-09,strength,Lower-body strength,89,8,712,Gym,1,
7869,79,315,2026-03-10,plyometric,Jump power and elasticity,47,8,376,Track,1,
7870,79,315,2026-03-11,volleyball,Skill practice and gameplay,81,8,648,Gym,1,
7871,79,315,2026-03-12,recovery,Mobility and low-intensity recovery,25,2,50,Court,1,
7872,79,315,2026-03-13,strength,Upper-body strength,56,8,448,Home,1,
7873,79,315,2026-03-14,volleyball,Open gym or tournament,77,5,385,Home,1,
7874,79,315,2026-03-15,rest,Full rest day,0,0,0,Gym,1,
7875,79,315,2026-03-16,strength,Lower-body strength,59,5,295,Gym,1,
7876,79,316,2026-03-17,plyometric,Jump power and elasticity,48,7,336,Gym,1,
7877,79,316,2026-03-18,volleyball,Skill practice and gameplay,50,9,450,Track,1,
7878,79,316,2026-03-19,recovery,Mobility and low-intensity recovery,34,3,102,Gym,1,
7879,79,316,2026-03-20,strength,Upper-body strength,86,9,774,Gym,1,
7880,79,316,2026-03-21,volleyball,Open gym or tournament,94,6,564,Gym,1,
7881,79,316,2026-03-22,rest,Full rest day,0,0,0,Court,1,
7882,79,316,2026-03-23,strength,Lower-body strength,76,6,456,Gym,1,
7883,79,316,2026-03-24,plyometric,Jump power and elasticity,52,5,260,Home,1,
7884,79,316,2026-03-25,volleyball,Skill practice and gameplay,78,9,702,Track,1,
7885,79,316,2026-03-26,recovery,Mobility and low-intensity recovery,33,2,66,Home,1,
7886,79,316,2026-03-27,strength,Upper-body strength,83,6,498,Home,1,
7887,79,316,2026-03-28,volleyball,Open gym or tournament,94,8,752,Track,1,
7888,79,316,2026-03-29,rest,Full rest day,0,0,0,Home,1,
7889,79,316,2026-03-30,strength,Lower-body strength,62,6,372,Track,1,
7890,79,316,2026-03-31,plyometric,Jump power and elasticity,58,8,464,Track,1,
7891,79,316,2026-04-01,volleyball,Skill practice and gameplay,95,6,570,Track,1,
7892,79,316,2026-04-02,recovery,Mobility and low-intensity recovery,35,2,70,Track,1,
7893,79,316,2026-04-03,strength,Upper-body strength,55,8,440,Court,1,
7894,79,316,2026-04-04,volleyball,Open gym or tournament,57,8,456,Track,1,
7895,79,316,2026-04-05,rest,Full rest day,0,0,0,Home,1,
7896,79,316,2026-04-06,strength,Lower-body strength,70,7,490,Home,1,
7897,79,316,2026-04-07,plyometric,Jump power and elasticity,39,6,234,Gym,1,
7898,79,316,2026-04-08,volleyball,Skill practice and gameplay,107,7,749,Track,1,
7899,79,316,2026-04-09,recovery,Mobility and low-intensity recovery,40,2,80,Track,1,
7900,79,316,2026-04-10,strength,Upper-body strength,90,7,630,Gym,1,
7901,80,317,2026-01-01,recovery,Mobility and low-intensity recovery,27,2,54,Gym,1,
7902,80,317,2026-01-02,strength,Upper-body strength,55,8,440,Home,1,
7903,80,317,2026-01-03,volleyball,Open gym or tournament,109,7,763,Home,1,
7904,80,317,2026-01-04,rest,Full rest day,0,0,0,Court,1,
7905,80,317,2026-01-05,strength,Lower-body strength,88,7,616,Gym,1,
7906,80,317,2026-01-06,plyometric,Jump power and elasticity,36,8,288,Gym,1,
7907,80,317,2026-01-07,volleyball,Skill practice and gameplay,137,8,1096,Track,1,
7908,80,317,2026-01-08,recovery,Mobility and low-intensity recovery,46,3,138,Court,1,
7909,80,317,2026-01-09,rest,Full rest day,0,0,0,Track,1,
7910,80,317,2026-01-10,volleyball,Open gym or tournament,100,9,900,Home,1,
7911,80,317,2026-01-11,rest,Full rest day,0,0,0,Home,1,
7912,80,317,2026-01-12,strength,Lower-body strength,70,7,490,Home,1,
7913,80,317,2026-01-13,plyometric,Jump power and elasticity,31,6,186,Court,1,
7914,80,317,2026-01-14,volleyball,Skill practice and gameplay,106,8,848,Gym,1,
7915,80,317,2026-01-15,recovery,Mobility and low-intensity recovery,45,3,135,Track,1,
7916,80,317,2026-01-16,strength,Upper-body strength,97,7,679,Gym,1,
7917,80,317,2026-01-17,volleyball,Open gym or tournament,102,6,612,Track,1,
7918,80,317,2026-01-18,rest,Full rest day,0,0,0,Gym,1,
7919,80,317,2026-01-19,rest,Full rest day,0,0,0,Track,1,
7920,80,317,2026-01-20,plyometric,Jump power and elasticity,39,8,312,Home,1,
7921,80,317,2026-01-21,rest,Full rest day,0,0,0,Court,1,
7922,80,317,2026-01-22,recovery,Mobility and low-intensity recovery,31,3,93,Home,1,
7923,80,317,2026-01-23,rest,Full rest day,0,0,0,Home,1,
7924,80,317,2026-01-24,rest,Full rest day,0,0,0,Gym,1,
7925,80,317,2026-01-25,rest,Full rest day,0,0,0,Track,1,
7926,80,318,2026-01-26,strength,Lower-body strength,73,6,438,Home,1,
7927,80,318,2026-01-27,plyometric,Jump power and elasticity,35,7,245,Home,1,
7928,80,318,2026-01-28,volleyball,Skill practice and gameplay,85,6,510,Gym,1,
7929,80,318,2026-01-29,recovery,Mobility and low-intensity recovery,22,2,44,Home,1,
7930,80,318,2026-01-30,strength,Upper-body strength,72,8,576,Track,1,
7931,80,318,2026-01-31,volleyball,Open gym or tournament,82,7,574,Court,1,
7932,80,318,2026-02-01,rest,Full rest day,0,0,0,Court,1,
7933,80,318,2026-02-02,strength,Lower-body strength,83,6,498,Gym,1,
7934,80,318,2026-02-03,plyometric,Jump power and elasticity,41,8,328,Court,1,
7935,80,318,2026-02-04,volleyball,Skill practice and gameplay,147,7,1029,Home,1,
7936,80,318,2026-02-05,recovery,Mobility and low-intensity recovery,28,4,112,Gym,1,
7937,80,318,2026-02-06,strength,Upper-body strength,42,7,294,Track,1,
7938,80,318,2026-02-07,volleyball,Open gym or tournament,136,6,816,Home,1,
7939,80,318,2026-02-08,rest,Full rest day,0,0,0,Court,1,
7940,80,318,2026-02-09,strength,Lower-body strength,67,8,536,Home,1,
7941,80,318,2026-02-10,plyometric,Jump power and elasticity,33,6,198,Gym,1,
7942,80,318,2026-02-11,volleyball,Skill practice and gameplay,130,6,780,Home,1,
7943,80,318,2026-02-12,recovery,Mobility and low-intensity recovery,40,2,80,Court,1,
7944,80,318,2026-02-13,strength,Upper-body strength,65,9,585,Court,1,
7945,80,318,2026-02-14,rest,Full rest day,0,0,0,Court,1,
7946,80,318,2026-02-15,rest,Full rest day,0,0,0,Court,1,
7947,80,318,2026-02-16,strength,Lower-body strength,57,6,342,Gym,1,
7948,80,318,2026-02-17,plyometric,Jump power and elasticity,44,5,220,Gym,1,
7949,80,318,2026-02-18,volleyball,Skill practice and gameplay,104,8,832,Home,1,
7950,80,318,2026-02-19,recovery,Mobility and low-intensity recovery,36,3,108,Gym,1,
7951,80,319,2026-02-20,rest,Full rest day,0,0,0,Court,1,
7952,80,319,2026-02-21,volleyball,Open gym or tournament,84,8,672,Track,1,
7953,80,319,2026-02-22,rest,Full rest day,0,0,0,Home,1,
7954,80,319,2026-02-23,strength,Lower-body strength,74,6,444,Track,1,
7955,80,319,2026-02-24,plyometric,Jump power and elasticity,61,6,366,Court,1,
7956,80,319,2026-02-25,volleyball,Skill practice and gameplay,115,5,575,Track,1,
7957,80,319,2026-02-26,recovery,Mobility and low-intensity recovery,33,3,99,Home,1,
7958,80,319,2026-02-27,strength,Upper-body strength,76,6,456,Gym,1,
7959,80,319,2026-02-28,volleyball,Open gym or tournament,135,7,945,Court,1,
7960,80,319,2026-03-01,rest,Full rest day,0,0,0,Home,1,
7961,80,319,2026-03-02,strength,Lower-body strength,70,7,490,Gym,1,
7962,80,319,2026-03-03,plyometric,Jump power and elasticity,55,7,385,Track,1,
7963,80,319,2026-03-04,volleyball,Skill practice and gameplay,63,7,441,Court,1,
7964,80,319,2026-03-05,recovery,Mobility and low-intensity recovery,35,2,70,Gym,1,
7965,80,319,2026-03-06,strength,Upper-body strength,85,8,680,Track,1,
7966,80,319,2026-03-07,volleyball,Open gym or tournament,85,6,510,Home,1,
7967,80,319,2026-03-08,rest,Full rest day,0,0,0,Home,1,
7968,80,319,2026-03-09,rest,Full rest day,0,0,0,Home,1,
7969,80,319,2026-03-10,plyometric,Jump power and elasticity,37,7,259,Court,1,
7970,80,319,2026-03-11,volleyball,Skill practice and gameplay,86,8,688,Court,1,
7971,80,319,2026-03-12,recovery,Mobility and low-intensity recovery,44,1,44,Track,1,
7972,80,319,2026-03-13,strength,Upper-body strength,69,8,552,Gym,1,
7973,80,319,2026-03-14,rest,Full rest day,0,0,0,Track,1,
7974,80,319,2026-03-15,rest,Full rest day,0,0,0,Gym,1,
7975,80,319,2026-03-16,strength,Lower-body strength,51,7,357,Gym,1,
7976,80,320,2026-03-17,plyometric,Jump power and elasticity,37,6,222,Gym,1,
7977,80,320,2026-03-18,volleyball,Skill practice and gameplay,114,6,684,Track,1,
7978,80,320,2026-03-19,recovery,Mobility and low-intensity recovery,38,2,76,Court,1,
7979,80,320,2026-03-20,strength,Upper-body strength,64,6,384,Gym,1,
7980,80,320,2026-03-21,volleyball,Open gym or tournament,87,9,783,Track,1,
7981,80,320,2026-03-22,rest,Full rest day,0,0,0,Court,1,
7982,80,320,2026-03-23,strength,Lower-body strength,76,7,532,Track,1,
7983,80,320,2026-03-24,plyometric,Jump power and elasticity,48,6,288,Home,1,
7984,80,320,2026-03-25,volleyball,Skill practice and gameplay,114,8,912,Gym,1,
7985,80,320,2026-03-26,recovery,Mobility and low-intensity recovery,40,3,120,Track,1,
7986,80,320,2026-03-27,strength,Upper-body strength,80,7,560,Gym,1,
7987,80,320,2026-03-28,volleyball,Open gym or tournament,145,7,1015,Court,1,
7988,80,320,2026-03-29,rest,Full rest day,0,0,0,Home,1,
7989,80,320,2026-03-30,strength,Lower-body strength,55,7,385,Home,1,
7990,80,320,2026-03-31,plyometric,Jump power and elasticity,51,7,357,Track,1,
7991,80,320,2026-04-01,volleyball,Skill practice and gameplay,89,5,445,Track,1,
7992,80,320,2026-04-02,recovery,Mobility and low-intensity recovery,40,3,120,Court,1,
7993,80,320,2026-04-03,strength,Upper-body strength,55,8,440,Court,1,
7994,80,320,2026-04-04,volleyball,Open gym or tournament,92,7,644,Gym,1,
7995,80,320,2026-04-05,rest,Full rest day,0,0,0,Home,1,
7996,80,320,2026-04-06,strength,Lower-body strength,64,8,512,Gym,1,
7997,80,320,2026-04-07,plyometric,Jump power and elasticity,57,7,399,Home,1,
7998,80,320,2026-04-08,volleyball,Skill practice and gameplay,96,7,672,Track,1,
7999,80,320,2026-04-09,recovery,Mobility and low-intensity recovery,43,3,129,Court,1,
8000,80,320,2026-04-10,strength,Upper-body strength,70,7,490,Track,1,
8001,81,321,2026-01-01,recovery,Mobility and low-intensity recovery,28,4,112,Court,1,
8002,81,321,2026-01-02,strength,Upper-body strength,56,5,280,Home,1,
8003,81,321,2026-01-03,volleyball,Open gym or tournament,54,9,486,Home,1,
8004,81,321,2026-01-04,rest,Full rest day,0,0,0,Court,1,
8005,81,321,2026-01-05,strength,Lower-body strength,62,6,372,Track,1,
8006,81,321,2026-01-06,plyometric,Jump power and elasticity,54,7,378,Court,1,
8007,81,321,2026-01-07,volleyball,Skill practice and gameplay,65,7,455,Gym,1,
8008,81,321,2026-01-08,recovery,Mobility and low-intensity recovery,45,3,135,Track,1,
8009,81,321,2026-01-09,strength,Upper-body strength,72,7,504,Track,1,
8010,81,321,2026-01-10,volleyball,Open gym or tournament,93,9,837,Gym,1,
8011,81,321,2026-01-11,rest,Full rest day,0,0,0,Track,1,
8012,81,321,2026-01-12,strength,Lower-body strength,80,6,480,Home,1,
8013,81,321,2026-01-13,plyometric,Jump power and elasticity,44,6,264,Court,1,
8014,81,321,2026-01-14,volleyball,Skill practice and gameplay,78,8,624,Home,1,
8015,81,321,2026-01-15,recovery,Mobility and low-intensity recovery,34,4,136,Track,1,
8016,81,321,2026-01-16,strength,Upper-body strength,72,7,504,Home,1,
8017,81,321,2026-01-17,volleyball,Open gym or tournament,104,6,624,Gym,1,
8018,81,321,2026-01-18,rest,Full rest day,0,0,0,Track,1,
8019,81,321,2026-01-19,strength,Lower-body strength,56,5,280,Court,1,
8020,81,321,2026-01-20,plyometric,Jump power and elasticity,48,9,432,Court,1,
8021,81,321,2026-01-21,volleyball,Skill practice and gameplay,128,6,768,Court,1,
8022,81,321,2026-01-22,recovery,Mobility and low-intensity recovery,34,4,136,Gym,1,
8023,81,321,2026-01-23,strength,Upper-body strength,70,6,420,Court,1,
8024,81,321,2026-01-24,volleyball,Open gym or tournament,114,7,798,Home,1,
8025,81,321,2026-01-25,rest,Full rest day,0,0,0,Home,1,
8026,81,322,2026-01-26,strength,Lower-body strength,46,7,322,Track,1,
8027,81,322,2026-01-27,plyometric,Jump power and elasticity,55,9,495,Court,1,
8028,81,322,2026-01-28,volleyball,Skill practice and gameplay,90,6,540,Gym,1,
8029,81,322,2026-01-29,recovery,Mobility and low-intensity recovery,29,2,58,Home,1,
8030,81,322,2026-01-30,strength,Upper-body strength,45,6,270,Track,1,
8031,81,322,2026-01-31,volleyball,Open gym or tournament,88,6,528,Home,1,
8032,81,322,2026-02-01,rest,Full rest day,0,0,0,Home,1,
8033,81,322,2026-02-02,strength,Lower-body strength,71,6,426,Track,1,
8034,81,322,2026-02-03,plyometric,Jump power and elasticity,59,8,472,Home,1,
8035,81,322,2026-02-04,volleyball,Skill practice and gameplay,90,8,720,Home,1,
8036,81,322,2026-02-05,recovery,Mobility and low-intensity recovery,41,2,82,Gym,1,
8037,81,322,2026-02-06,strength,Upper-body strength,62,6,372,Track,1,
8038,81,322,2026-02-07,volleyball,Open gym or tournament,99,7,693,Track,1,
8039,81,322,2026-02-08,rest,Full rest day,0,0,0,Court,1,
8040,81,322,2026-02-09,strength,Lower-body strength,57,6,342,Home,1,
8041,81,322,2026-02-10,plyometric,Jump power and elasticity,43,7,301,Gym,1,
8042,81,322,2026-02-11,volleyball,Skill practice and gameplay,108,8,864,Court,1,
8043,81,322,2026-02-12,recovery,Mobility and low-intensity recovery,34,3,102,Track,1,
8044,81,322,2026-02-13,strength,Upper-body strength,68,6,408,Gym,1,
8045,81,322,2026-02-14,volleyball,Open gym or tournament,99,8,792,Track,1,
8046,81,322,2026-02-15,rest,Full rest day,0,0,0,Home,1,
8047,81,322,2026-02-16,strength,Lower-body strength,74,7,518,Court,1,
8048,81,322,2026-02-17,plyometric,Jump power and elasticity,54,7,378,Court,1,
8049,81,322,2026-02-18,volleyball,Skill practice and gameplay,120,6,720,Home,1,
8050,81,322,2026-02-19,recovery,Mobility and low-intensity recovery,37,2,74,Home,1,
8051,81,323,2026-02-20,strength,Upper-body strength,70,7,490,Track,1,
8052,81,323,2026-02-21,volleyball,Open gym or tournament,106,6,636,Court,1,
8053,81,323,2026-02-22,rest,Full rest day,0,0,0,Court,1,
8054,81,323,2026-02-23,strength,Lower-body strength,72,9,648,Court,1,
8055,81,323,2026-02-24,plyometric,Jump power and elasticity,54,7,378,Court,1,
8056,81,323,2026-02-25,volleyball,Skill practice and gameplay,63,8,504,Gym,1,
8057,81,323,2026-02-26,recovery,Mobility and low-intensity recovery,41,1,41,Track,1,
8058,81,323,2026-02-27,strength,Upper-body strength,73,7,511,Gym,1,
8059,81,323,2026-02-28,volleyball,Open gym or tournament,76,5,380,Court,1,
8060,81,323,2026-03-01,rest,Full rest day,0,0,0,Home,1,
8061,81,323,2026-03-02,strength,Lower-body strength,45,6,270,Home,1,
8062,81,323,2026-03-03,plyometric,Jump power and elasticity,41,7,287,Court,1,
8063,81,323,2026-03-04,volleyball,Skill practice and gameplay,100,8,800,Gym,1,
8064,81,323,2026-03-05,recovery,Mobility and low-intensity recovery,37,3,111,Gym,1,
8065,81,323,2026-03-06,strength,Upper-body strength,51,8,408,Track,1,
8066,81,323,2026-03-07,volleyball,Open gym or tournament,85,8,680,Home,1,
8067,81,323,2026-03-08,rest,Full rest day,0,0,0,Court,1,
8068,81,323,2026-03-09,strength,Lower-body strength,76,8,608,Gym,1,
8069,81,323,2026-03-10,plyometric,Jump power and elasticity,46,7,322,Gym,1,
8070,81,323,2026-03-11,volleyball,Skill practice and gameplay,119,6,714,Track,1,
8071,81,323,2026-03-12,rest,Full rest day,0,0,0,Home,1,
8072,81,323,2026-03-13,strength,Upper-body strength,57,5,285,Court,1,
8073,81,323,2026-03-14,volleyball,Open gym or tournament,93,7,651,Home,1,
8074,81,323,2026-03-15,rest,Full rest day,0,0,0,Court,1,
8075,81,323,2026-03-16,strength,Lower-body strength,42,7,294,Gym,1,
8076,81,324,2026-03-17,plyometric,Jump power and elasticity,37,7,259,Gym,1,
8077,81,324,2026-03-18,volleyball,Skill practice and gameplay,101,8,808,Court,1,
8078,81,324,2026-03-19,recovery,Mobility and low-intensity recovery,39,2,78,Home,1,
8079,81,324,2026-03-20,strength,Upper-body strength,56,7,392,Home,1,
8080,81,324,2026-03-21,volleyball,Open gym or tournament,95,9,855,Track,1,
8081,81,324,2026-03-22,rest,Full rest day,0,0,0,Court,1,
8082,81,324,2026-03-23,strength,Lower-body strength,72,7,504,Home,1,
8083,81,324,2026-03-24,plyometric,Jump power and elasticity,42,7,294,Gym,1,
8084,81,324,2026-03-25,volleyball,Skill practice and gameplay,95,7,665,Home,1,
8085,81,324,2026-03-26,recovery,Mobility and low-intensity recovery,51,1,51,Home,1,
8086,81,324,2026-03-27,strength,Upper-body strength,72,6,432,Track,1,
8087,81,324,2026-03-28,volleyball,Open gym or tournament,107,6,642,Home,1,
8088,81,324,2026-03-29,rest,Full rest day,0,0,0,Track,1,
8089,81,324,2026-03-30,strength,Lower-body strength,65,6,390,Gym,1,
8090,81,324,2026-03-31,plyometric,Jump power and elasticity,24,7,168,Gym,1,
8091,81,324,2026-04-01,volleyball,Skill practice and gameplay,92,8,736,Gym,1,
8092,81,324,2026-04-02,recovery,Mobility and low-intensity recovery,30,5,150,Gym,1,
8093,81,324,2026-04-03,strength,Upper-body strength,63,7,441,Gym,1,
8094,81,324,2026-04-04,volleyball,Open gym or tournament,106,6,636,Home,1,
8095,81,324,2026-04-05,rest,Full rest day,0,0,0,Court,1,
8096,81,324,2026-04-06,strength,Lower-body strength,86,7,602,Gym,1,
8097,81,324,2026-04-07,plyometric,Jump power and elasticity,54,7,378,Home,1,
8098,81,324,2026-04-08,volleyball,Skill practice and gameplay,57,5,285,Track,1,
8099,81,324,2026-04-09,recovery,Mobility and low-intensity recovery,37,3,111,Gym,1,
8100,81,324,2026-04-10,strength,Upper-body strength,63,7,441,Court,1,
8101,82,325,2026-01-01,recovery,Mobility and low-intensity recovery,34,2,68,Home,1,
8102,82,325,2026-01-02,strength,Upper-body strength,76,5,380,Home,1,
8103,82,325,2026-01-03,volleyball,Open gym or tournament,118,8,944,Home,1,
8104,82,325,2026-01-04,rest,Full rest day,0,0,0,Track,1,
8105,82,325,2026-01-05,strength,Lower-body strength,69,5,345,Court,1,
8106,82,325,2026-01-06,rest,Full rest day,0,0,0,Gym,1,
8107,82,325,2026-01-07,volleyball,Skill practice and gameplay,88,5,440,Track,1,
8108,82,325,2026-01-08,recovery,Mobility and low-intensity recovery,32,5,160,Gym,1,
8109,82,325,2026-01-09,strength,Upper-body strength,69,7,483,Court,1,
8110,82,325,2026-01-10,volleyball,Open gym or tournament,112,7,784,Home,1,
8111,82,325,2026-01-11,rest,Full rest day,0,0,0,Gym,1,
8112,82,325,2026-01-12,strength,Lower-body strength,69,8,552,Home,1,
8113,82,325,2026-01-13,plyometric,Jump power and elasticity,60,6,360,Home,1,
8114,82,325,2026-01-14,volleyball,Skill practice and gameplay,122,9,1098,Gym,1,
8115,82,325,2026-01-15,recovery,Mobility and low-intensity recovery,37,3,111,Gym,1,
8116,82,325,2026-01-16,strength,Upper-body strength,62,7,434,Court,1,
8117,82,325,2026-01-17,rest,Full rest day,0,0,0,Gym,1,
8118,82,325,2026-01-18,rest,Full rest day,0,0,0,Court,1,
8119,82,325,2026-01-19,rest,Full rest day,0,0,0,Court,1,
8120,82,325,2026-01-20,plyometric,Jump power and elasticity,40,8,320,Gym,1,
8121,82,325,2026-01-21,volleyball,Skill practice and gameplay,95,7,665,Home,1,
8122,82,325,2026-01-22,recovery,Mobility and low-intensity recovery,35,3,105,Track,1,
8123,82,325,2026-01-23,strength,Upper-body strength,62,6,372,Gym,1,
8124,82,325,2026-01-24,volleyball,Open gym or tournament,110,7,770,Gym,1,
8125,82,325,2026-01-25,rest,Full rest day,0,0,0,Court,1,
8126,82,326,2026-01-26,strength,Lower-body strength,53,8,424,Court,1,
8127,82,326,2026-01-27,rest,Full rest day,0,0,0,Court,1,
8128,82,326,2026-01-28,volleyball,Skill practice and gameplay,127,7,889,Gym,1,
8129,82,326,2026-01-29,recovery,Mobility and low-intensity recovery,21,2,42,Track,1,
8130,82,326,2026-01-30,strength,Upper-body strength,77,8,616,Gym,1,
8131,82,326,2026-01-31,volleyball,Open gym or tournament,64,8,512,Gym,1,
8132,82,326,2026-02-01,rest,Full rest day,0,0,0,Gym,1,
8133,82,326,2026-02-02,strength,Lower-body strength,71,6,426,Track,1,
8134,82,326,2026-02-03,plyometric,Jump power and elasticity,64,7,448,Track,1,
8135,82,326,2026-02-04,volleyball,Skill practice and gameplay,116,8,928,Court,1,
8136,82,326,2026-02-05,recovery,Mobility and low-intensity recovery,41,2,82,Home,1,
8137,82,326,2026-02-06,strength,Upper-body strength,56,8,448,Gym,1,
8138,82,326,2026-02-07,volleyball,Open gym or tournament,112,9,1008,Court,1,
8139,82,326,2026-02-08,rest,Full rest day,0,0,0,Track,1,
8140,82,326,2026-02-09,strength,Lower-body strength,56,8,448,Gym,1,
8141,82,326,2026-02-10,plyometric,Jump power and elasticity,47,8,376,Track,1,
8142,82,326,2026-02-11,volleyball,Skill practice and gameplay,91,7,637,Home,1,
8143,82,326,2026-02-12,recovery,Mobility and low-intensity recovery,44,4,176,Court,1,
8144,82,326,2026-02-13,strength,Upper-body strength,75,8,600,Home,1,
8145,82,326,2026-02-14,volleyball,Open gym or tournament,103,6,618,Track,1,
8146,82,326,2026-02-15,rest,Full rest day,0,0,0,Track,1,
8147,82,326,2026-02-16,strength,Lower-body strength,82,6,492,Court,1,
8148,82,326,2026-02-17,plyometric,Jump power and elasticity,46,8,368,Gym,1,
8149,82,326,2026-02-18,volleyball,Skill practice and gameplay,104,5,520,Gym,1,
8150,82,326,2026-02-19,recovery,Mobility and low-intensity recovery,50,4,200,Court,1,
8151,82,327,2026-02-20,strength,Upper-body strength,61,7,427,Gym,1,
8152,82,327,2026-02-21,volleyball,Open gym or tournament,101,5,505,Court,1,
8153,82,327,2026-02-22,rest,Full rest day,0,0,0,Court,1,
8154,82,327,2026-02-23,strength,Lower-body strength,39,7,273,Track,1,
8155,82,327,2026-02-24,plyometric,Jump power and elasticity,42,6,252,Court,1,
8156,82,327,2026-02-25,volleyball,Skill practice and gameplay,114,6,684,Court,1,
8157,82,327,2026-02-26,recovery,Mobility and low-intensity recovery,22,3,66,Court,1,
8158,82,327,2026-02-27,strength,Upper-body strength,78,8,624,Track,1,
8159,82,327,2026-02-28,volleyball,Open gym or tournament,77,7,539,Track,1,
8160,82,327,2026-03-01,rest,Full rest day,0,0,0,Court,1,
8161,82,327,2026-03-02,strength,Lower-body strength,56,8,448,Home,1,
8162,82,327,2026-03-03,plyometric,Jump power and elasticity,36,6,216,Gym,1,
8163,82,327,2026-03-04,volleyball,Skill practice and gameplay,124,8,992,Track,1,
8164,82,327,2026-03-05,recovery,Mobility and low-intensity recovery,29,4,116,Track,1,
8165,82,327,2026-03-06,strength,Upper-body strength,49,6,294,Home,1,
8166,82,327,2026-03-07,volleyball,Open gym or tournament,123,8,984,Court,1,
8167,82,327,2026-03-08,rest,Full rest day,0,0,0,Home,1,
8168,82,327,2026-03-09,strength,Lower-body strength,47,7,329,Home,1,
8169,82,327,2026-03-10,plyometric,Jump power and elasticity,27,8,216,Gym,1,
8170,82,327,2026-03-11,volleyball,Skill practice and gameplay,91,6,546,Track,1,
8171,82,327,2026-03-12,recovery,Mobility and low-intensity recovery,30,2,60,Home,1,
8172,82,327,2026-03-13,strength,Upper-body strength,55,9,495,Court,1,
8173,82,327,2026-03-14,volleyball,Open gym or tournament,73,6,438,Court,1,
8174,82,327,2026-03-15,rest,Full rest day,0,0,0,Gym,1,
8175,82,327,2026-03-16,strength,Lower-body strength,64,7,448,Track,1,
8176,82,328,2026-03-17,plyometric,Jump power and elasticity,28,8,224,Court,1,
8177,82,328,2026-03-18,volleyball,Skill practice and gameplay,84,9,756,Track,1,
8178,82,328,2026-03-19,recovery,Mobility and low-intensity recovery,40,3,120,Court,1,
8179,82,328,2026-03-20,strength,Upper-body strength,58,7,406,Home,1,
8180,82,328,2026-03-21,volleyball,Open gym or tournament,106,7,742,Court,1,
8181,82,328,2026-03-22,rest,Full rest day,0,0,0,Track,1,
8182,82,328,2026-03-23,strength,Lower-body strength,79,7,553,Home,1,
8183,82,328,2026-03-24,plyometric,Jump power and elasticity,42,5,210,Home,1,
8184,82,328,2026-03-25,volleyball,Skill practice and gameplay,112,8,896,Gym,1,
8185,82,328,2026-03-26,recovery,Mobility and low-intensity recovery,36,4,144,Court,1,
8186,82,328,2026-03-27,strength,Upper-body strength,76,8,608,Gym,1,
8187,82,328,2026-03-28,volleyball,Open gym or tournament,80,8,640,Track,1,
8188,82,328,2026-03-29,rest,Full rest day,0,0,0,Gym,1,
8189,82,328,2026-03-30,strength,Lower-body strength,67,7,469,Gym,1,
8190,82,328,2026-03-31,plyometric,Jump power and elasticity,23,7,161,Home,1,
8191,82,328,2026-04-01,volleyball,Skill practice and gameplay,105,8,840,Gym,1,
8192,82,328,2026-04-02,recovery,Mobility and low-intensity recovery,30,1,30,Track,1,
8193,82,328,2026-04-03,strength,Upper-body strength,69,7,483,Gym,1,
8194,82,328,2026-04-04,volleyball,Open gym or tournament,101,8,808,Track,1,
8195,82,328,2026-04-05,rest,Full rest day,0,0,0,Track,1,
8196,82,328,2026-04-06,strength,Lower-body strength,75,7,525,Track,1,
8197,82,328,2026-04-07,plyometric,Jump power and elasticity,34,6,204,Court,1,
8198,82,328,2026-04-08,volleyball,Skill practice and gameplay,124,8,992,Court,1,
8199,82,328,2026-04-09,recovery,Mobility and low-intensity recovery,33,3,99,Track,1,
8200,82,328,2026-04-10,strength,Upper-body strength,58,7,406,Gym,1,
8201,83,329,2026-01-01,recovery,Mobility and low-intensity recovery,24,3,72,Gym,1,
8202,83,329,2026-01-02,strength,Upper-body strength,60,6,360,Home,1,
8203,83,329,2026-01-03,volleyball,Open gym or tournament,104,8,832,Court,1,
8204,83,329,2026-01-04,rest,Full rest day,0,0,0,Home,1,
8205,83,329,2026-01-05,strength,Lower-body strength,65,6,390,Gym,1,
8206,83,329,2026-01-06,plyometric,Jump power and elasticity,51,7,357,Gym,1,
8207,83,329,2026-01-07,volleyball,Skill practice and gameplay,94,8,752,Court,1,
8208,83,329,2026-01-08,recovery,Mobility and low-intensity recovery,34,2,68,Track,1,
8209,83,329,2026-01-09,rest,Full rest day,0,0,0,Home,1,
8210,83,329,2026-01-10,volleyball,Open gym or tournament,139,6,834,Gym,1,
8211,83,329,2026-01-11,rest,Full rest day,0,0,0,Track,1,
8212,83,329,2026-01-12,strength,Lower-body strength,83,7,581,Track,1,
8213,83,329,2026-01-13,plyometric,Jump power and elasticity,57,6,342,Track,1,
8214,83,329,2026-01-14,volleyball,Skill practice and gameplay,138,7,966,Gym,1,
8215,83,329,2026-01-15,recovery,Mobility and low-intensity recovery,52,4,208,Gym,1,
8216,83,329,2026-01-16,strength,Upper-body strength,67,9,603,Court,1,
8217,83,329,2026-01-17,volleyball,Open gym or tournament,138,8,1104,Track,1,
8218,83,329,2026-01-18,rest,Full rest day,0,0,0,Home,1,
8219,83,329,2026-01-19,strength,Lower-body strength,61,6,366,Court,1,
8220,83,329,2026-01-20,plyometric,Jump power and elasticity,40,6,240,Track,1,
8221,83,329,2026-01-21,volleyball,Skill practice and gameplay,125,7,875,Home,1,
8222,83,329,2026-01-22,recovery,Mobility and low-intensity recovery,35,3,105,Home,1,
8223,83,329,2026-01-23,strength,Upper-body strength,76,6,456,Court,1,
8224,83,329,2026-01-24,volleyball,Open gym or tournament,131,6,786,Track,1,
8225,83,329,2026-01-25,rest,Full rest day,0,0,0,Gym,1,
8226,83,330,2026-01-26,strength,Lower-body strength,25,7,175,Court,1,
8227,83,330,2026-01-27,plyometric,Jump power and elasticity,41,8,328,Court,1,
8228,83,330,2026-01-28,volleyball,Skill practice and gameplay,106,7,742,Court,1,
8229,83,330,2026-01-29,recovery,Mobility and low-intensity recovery,25,3,75,Home,1,
8230,83,330,2026-01-30,strength,Upper-body strength,55,6,330,Track,1,
8231,83,330,2026-01-31,volleyball,Open gym or tournament,124,6,744,Gym,1,
8232,83,330,2026-02-01,rest,Full rest day,0,0,0,Track,1,
8233,83,330,2026-02-02,strength,Lower-body strength,75,7,525,Court,1,
8234,83,330,2026-02-03,plyometric,Jump power and elasticity,52,6,312,Home,1,
8235,83,330,2026-02-04,rest,Full rest day,0,0,0,Home,1,
8236,83,330,2026-02-05,recovery,Mobility and low-intensity recovery,52,3,156,Court,1,
8237,83,330,2026-02-06,strength,Upper-body strength,74,8,592,Home,1,
8238,83,330,2026-02-07,rest,Full rest day,0,0,0,Track,1,
8239,83,330,2026-02-08,rest,Full rest day,0,0,0,Home,1,
8240,83,330,2026-02-09,strength,Lower-body strength,59,6,354,Track,1,
8241,83,330,2026-02-10,plyometric,Jump power and elasticity,46,6,276,Track,1,
8242,83,330,2026-02-11,volleyball,Skill practice and gameplay,150,6,900,Home,1,
8243,83,330,2026-02-12,recovery,Mobility and low-intensity recovery,31,3,93,Court,1,
8244,83,330,2026-02-13,strength,Upper-body strength,70,7,490,Track,1,
8245,83,330,2026-02-14,rest,Full rest day,0,0,0,Gym,1,
8246,83,330,2026-02-15,rest,Full rest day,0,0,0,Track,1,
8247,83,330,2026-02-16,strength,Lower-body strength,67,7,469,Home,1,
8248,83,330,2026-02-17,plyometric,Jump power and elasticity,45,8,360,Track,1,
8249,83,330,2026-02-18,rest,Full rest day,0,0,0,Gym,1,
8250,83,330,2026-02-19,recovery,Mobility and low-intensity recovery,36,5,180,Gym,1,
8251,83,331,2026-02-20,rest,Full rest day,0,0,0,Gym,1,
8252,83,331,2026-02-21,volleyball,Open gym or tournament,105,7,735,Court,1,
8253,83,331,2026-02-22,rest,Full rest day,0,0,0,Gym,1,
8254,83,331,2026-02-23,strength,Lower-body strength,52,6,312,Court,1,
8255,83,331,2026-02-24,rest,Full rest day,0,0,0,Gym,1,
8256,83,331,2026-02-25,volleyball,Skill practice and gameplay,68,8,544,Gym,1,
8257,83,331,2026-02-26,recovery,Mobility and low-intensity recovery,37,3,111,Track,1,
8258,83,331,2026-02-27,strength,Upper-body strength,54,6,324,Home,1,
8259,83,331,2026-02-28,volleyball,Open gym or tournament,87,8,696,Gym,1,
8260,83,331,2026-03-01,rest,Full rest day,0,0,0,Home,1,
8261,83,331,2026-03-02,strength,Lower-body strength,65,7,455,Court,1,
8262,83,331,2026-03-03,plyometric,Jump power and elasticity,37,7,259,Home,1,
8263,83,331,2026-03-04,volleyball,Skill practice and gameplay,117,5,585,Home,1,
8264,83,331,2026-03-05,recovery,Mobility and low-intensity recovery,28,5,140,Gym,1,
8265,83,331,2026-03-06,strength,Upper-body strength,81,7,567,Home,1,
8266,83,331,2026-03-07,volleyball,Open gym or tournament,135,6,810,Gym,1,
8267,83,331,2026-03-08,rest,Full rest day,0,0,0,Court,1,
8268,83,331,2026-03-09,strength,Lower-body strength,48,8,384,Gym,1,
8269,83,331,2026-03-10,plyometric,Jump power and elasticity,57,7,399,Home,1,
8270,83,331,2026-03-11,volleyball,Skill practice and gameplay,116,7,812,Track,1,
8271,83,331,2026-03-12,recovery,Mobility and low-intensity recovery,23,4,92,Court,1,
8272,83,331,2026-03-13,strength,Upper-body strength,65,6,390,Gym,1,
8273,83,331,2026-03-14,volleyball,Open gym or tournament,95,8,760,Home,1,
8274,83,331,2026-03-15,rest,Full rest day,0,0,0,Court,1,
8275,83,331,2026-03-16,strength,Lower-body strength,68,6,408,Court,1,
8276,83,332,2026-03-17,plyometric,Jump power and elasticity,62,8,496,Court,1,
8277,83,332,2026-03-18,volleyball,Skill practice and gameplay,148,5,740,Gym,1,
8278,83,332,2026-03-19,recovery,Mobility and low-intensity recovery,61,4,244,Track,1,
8279,83,332,2026-03-20,strength,Upper-body strength,49,7,343,Court,1,
8280,83,332,2026-03-21,volleyball,Open gym or tournament,83,6,498,Track,1,
8281,83,332,2026-03-22,rest,Full rest day,0,0,0,Gym,1,
8282,83,332,2026-03-23,rest,Full rest day,0,0,0,Home,1,
8283,83,332,2026-03-24,rest,Full rest day,0,0,0,Home,1,
8284,83,332,2026-03-25,rest,Full rest day,0,0,0,Home,1,
8285,83,332,2026-03-26,recovery,Mobility and low-intensity recovery,39,2,78,Court,1,
8286,83,332,2026-03-27,strength,Upper-body strength,54,7,378,Track,1,
8287,83,332,2026-03-28,volleyball,Open gym or tournament,87,9,783,Gym,1,
8288,83,332,2026-03-29,rest,Full rest day,0,0,0,Track,1,
8289,83,332,2026-03-30,strength,Lower-body strength,59,8,472,Court,1,
8290,83,332,2026-03-31,rest,Full rest day,0,0,0,Gym,1,
8291,83,332,2026-04-01,volleyball,Skill practice and gameplay,80,5,400,Track,1,
8292,83,332,2026-04-02,recovery,Mobility and low-intensity recovery,30,4,120,Track,1,
8293,83,332,2026-04-03,strength,Upper-body strength,63,6,378,Home,1,
8294,83,332,2026-04-04,volleyball,Open gym or tournament,106,9,954,Track,1,
8295,83,332,2026-04-05,rest,Full rest day,0,0,0,Track,1,
8296,83,332,2026-04-06,strength,Lower-body strength,73,7,511,Court,1,
8297,83,332,2026-04-07,plyometric,Jump power and elasticity,32,8,256,Gym,1,
8298,83,332,2026-04-08,volleyball,Skill practice and gameplay,118,6,708,Home,1,
8299,83,332,2026-04-09,recovery,Mobility and low-intensity recovery,44,4,176,Court,1,
8300,83,332,2026-04-10,strength,Upper-body strength,58,7,406,Track,1,
8301,84,333,2026-01-01,recovery,Mobility and low-intensity recovery,36,5,180,Gym,1,
8302,84,333,2026-01-02,strength,Upper-body strength,60,6,360,Home,1,
8303,84,333,2026-01-03,rest,Full rest day,0,0,0,Home,1,
8304,84,333,2026-01-04,rest,Full rest day,0,0,0,Gym,1,
8305,84,333,2026-01-05,strength,Lower-body strength,78,7,546,Track,1,
8306,84,333,2026-01-06,plyometric,Jump power and elasticity,53,7,371,Gym,1,
8307,84,333,2026-01-07,volleyball,Skill practice and gameplay,112,8,896,Home,1,
8308,84,333,2026-01-08,recovery,Mobility and low-intensity recovery,31,1,31,Track,1,
8309,84,333,2026-01-09,strength,Upper-body strength,58,6,348,Track,1,
8310,84,333,2026-01-10,volleyball,Open gym or tournament,142,6,852,Track,1,
8311,84,333,2026-01-11,rest,Full rest day,0,0,0,Gym,1,
8312,84,333,2026-01-12,strength,Lower-body strength,72,6,432,Gym,1,
8313,84,333,2026-01-13,plyometric,Jump power and elasticity,52,6,312,Track,1,
8314,84,333,2026-01-14,volleyball,Skill practice and gameplay,126,6,756,Court,1,
8315,84,333,2026-01-15,recovery,Mobility and low-intensity recovery,32,3,96,Home,1,
8316,84,333,2026-01-16,strength,Upper-body strength,52,8,416,Track,1,
8317,84,333,2026-01-17,volleyball,Open gym or tournament,116,7,812,Gym,1,
8318,84,333,2026-01-18,rest,Full rest day,0,0,0,Gym,1,
8319,84,333,2026-01-19,strength,Lower-body strength,62,8,496,Home,1,
8320,84,333,2026-01-20,plyometric,Jump power and elasticity,31,9,279,Home,1,
8321,84,333,2026-01-21,volleyball,Skill practice and gameplay,135,8,1080,Court,1,
8322,84,333,2026-01-22,recovery,Mobility and low-intensity recovery,34,3,102,Gym,1,
8323,84,333,2026-01-23,rest,Full rest day,0,0,0,Court,1,
8324,84,333,2026-01-24,volleyball,Open gym or tournament,115,9,1035,Home,1,
8325,84,333,2026-01-25,rest,Full rest day,0,0,0,Gym,1,
8326,84,334,2026-01-26,strength,Lower-body strength,63,7,441,Home,1,
8327,84,334,2026-01-27,plyometric,Jump power and elasticity,53,6,318,Gym,1,
8328,84,334,2026-01-28,volleyball,Skill practice and gameplay,102,6,612,Court,1,
8329,84,334,2026-01-29,recovery,Mobility and low-intensity recovery,31,3,93,Track,1,
8330,84,334,2026-01-30,strength,Upper-body strength,70,5,350,Court,1,
8331,84,334,2026-01-31,volleyball,Open gym or tournament,144,7,1008,Home,1,
8332,84,334,2026-02-01,rest,Full rest day,0,0,0,Home,1,
8333,84,334,2026-02-02,strength,Lower-body strength,68,7,476,Track,1,
8334,84,334,2026-02-03,plyometric,Jump power and elasticity,45,7,315,Track,1,
8335,84,334,2026-02-04,volleyball,Skill practice and gameplay,89,6,534,Track,1,
8336,84,334,2026-02-05,rest,Full rest day,0,0,0,Home,1,
8337,84,334,2026-02-06,strength,Upper-body strength,72,7,504,Court,1,
8338,84,334,2026-02-07,volleyball,Open gym or tournament,86,8,688,Track,1,
8339,84,334,2026-02-08,rest,Full rest day,0,0,0,Gym,1,
8340,84,334,2026-02-09,strength,Lower-body strength,84,8,672,Home,1,
8341,84,334,2026-02-10,plyometric,Jump power and elasticity,54,8,432,Home,1,
8342,84,334,2026-02-11,volleyball,Skill practice and gameplay,41,9,369,Court,1,
8343,84,334,2026-02-12,recovery,Mobility and low-intensity recovery,44,4,176,Court,1,
8344,84,334,2026-02-13,strength,Upper-body strength,82,6,492,Track,1,
8345,84,334,2026-02-14,volleyball,Open gym or tournament,109,6,654,Home,1,
8346,84,334,2026-02-15,rest,Full rest day,0,0,0,Gym,1,
8347,84,334,2026-02-16,strength,Lower-body strength,54,7,378,Track,1,
8348,84,334,2026-02-17,plyometric,Jump power and elasticity,49,9,441,Court,1,
8349,84,334,2026-02-18,volleyball,Skill practice and gameplay,72,8,576,Gym,1,
8350,84,334,2026-02-19,recovery,Mobility and low-intensity recovery,33,4,132,Court,1,
8351,84,335,2026-02-20,strength,Upper-body strength,42,7,294,Track,1,
8352,84,335,2026-02-21,volleyball,Open gym or tournament,109,8,872,Gym,1,
8353,84,335,2026-02-22,rest,Full rest day,0,0,0,Court,1,
8354,84,335,2026-02-23,strength,Lower-body strength,65,7,455,Home,1,
8355,84,335,2026-02-24,plyometric,Jump power and elasticity,63,6,378,Home,1,
8356,84,335,2026-02-25,volleyball,Skill practice and gameplay,142,7,994,Track,1,
8357,84,335,2026-02-26,recovery,Mobility and low-intensity recovery,26,3,78,Gym,1,
8358,84,335,2026-02-27,strength,Upper-body strength,65,8,520,Court,1,
8359,84,335,2026-02-28,volleyball,Open gym or tournament,119,6,714,Court,1,
8360,84,335,2026-03-01,rest,Full rest day,0,0,0,Home,1,
8361,84,335,2026-03-02,strength,Lower-body strength,68,9,612,Track,1,
8362,84,335,2026-03-03,plyometric,Jump power and elasticity,58,9,522,Gym,1,
8363,84,335,2026-03-04,rest,Full rest day,0,0,0,Home,1,
8364,84,335,2026-03-05,recovery,Mobility and low-intensity recovery,21,4,84,Home,1,
8365,84,335,2026-03-06,strength,Upper-body strength,68,7,476,Home,1,
8366,84,335,2026-03-07,volleyball,Open gym or tournament,106,6,636,Court,1,
8367,84,335,2026-03-08,rest,Full rest day,0,0,0,Track,1,
8368,84,335,2026-03-09,strength,Lower-body strength,62,7,434,Home,1,
8369,84,335,2026-03-10,rest,Full rest day,0,0,0,Home,1,
8370,84,335,2026-03-11,volleyball,Skill practice and gameplay,105,7,735,Court,1,
8371,84,335,2026-03-12,recovery,Mobility and low-intensity recovery,29,3,87,Gym,1,
8372,84,335,2026-03-13,strength,Upper-body strength,52,9,468,Gym,1,
8373,84,335,2026-03-14,volleyball,Open gym or tournament,97,7,679,Gym,1,
8374,84,335,2026-03-15,rest,Full rest day,0,0,0,Court,1,
8375,84,335,2026-03-16,strength,Lower-body strength,54,7,378,Court,1,
8376,84,336,2026-03-17,plyometric,Jump power and elasticity,50,7,350,Track,1,
8377,84,336,2026-03-18,volleyball,Skill practice and gameplay,110,8,880,Gym,1,
8378,84,336,2026-03-19,recovery,Mobility and low-intensity recovery,31,3,93,Court,1,
8379,84,336,2026-03-20,strength,Upper-body strength,65,5,325,Gym,1,
8380,84,336,2026-03-21,volleyball,Open gym or tournament,55,8,440,Track,1,
8381,84,336,2026-03-22,rest,Full rest day,0,0,0,Home,1,
8382,84,336,2026-03-23,strength,Lower-body strength,62,7,434,Gym,1,
8383,84,336,2026-03-24,plyometric,Jump power and elasticity,49,7,343,Home,1,
8384,84,336,2026-03-25,volleyball,Skill practice and gameplay,64,8,512,Home,1,
8385,84,336,2026-03-26,rest,Full rest day,0,0,0,Track,1,
8386,84,336,2026-03-27,strength,Upper-body strength,80,8,640,Track,1,
8387,84,336,2026-03-28,volleyball,Open gym or tournament,46,7,322,Home,1,
8388,84,336,2026-03-29,rest,Full rest day,0,0,0,Gym,1,
8389,84,336,2026-03-30,strength,Lower-body strength,61,8,488,Home,1,
8390,84,336,2026-03-31,plyometric,Jump power and elasticity,36,6,216,Court,1,
8391,84,336,2026-04-01,volleyball,Skill practice and gameplay,110,7,770,Court,1,
8392,84,336,2026-04-02,recovery,Mobility and low-intensity recovery,34,4,136,Court,1,
8393,84,336,2026-04-03,strength,Upper-body strength,88,6,528,Court,1,
8394,84,336,2026-04-04,volleyball,Open gym or tournament,80,7,560,Track,1,
8395,84,336,2026-04-05,rest,Full rest day,0,0,0,Gym,1,
8396,84,336,2026-04-06,strength,Lower-body strength,43,8,344,Track,1,
8397,84,336,2026-04-07,plyometric,Jump power and elasticity,37,8,296,Court,1,
8398,84,336,2026-04-08,rest,Full rest day,0,0,0,Home,1,
8399,84,336,2026-04-09,recovery,Mobility and low-intensity recovery,41,3,123,Court,1,
8400,84,336,2026-04-10,strength,Upper-body strength,74,7,518,Home,1,
8401,85,337,2026-01-01,recovery,Mobility and low-intensity recovery,42,1,42,Gym,1,
8402,85,337,2026-01-02,strength,Upper-body strength,60,7,420,Court,1,
8403,85,337,2026-01-03,volleyball,Open gym or tournament,111,7,777,Court,1,
8404,85,337,2026-01-04,rest,Full rest day,0,0,0,Court,1,
8405,85,337,2026-01-05,strength,Lower-body strength,54,7,378,Court,1,
8406,85,337,2026-01-06,plyometric,Jump power and elasticity,57,9,513,Gym,1,
8407,85,337,2026-01-07,volleyball,Skill practice and gameplay,92,7,644,Court,1,
8408,85,337,2026-01-08,recovery,Mobility and low-intensity recovery,29,4,116,Home,1,
8409,85,337,2026-01-09,strength,Upper-body strength,55,7,385,Gym,1,
8410,85,337,2026-01-10,rest,Full rest day,0,0,0,Track,1,
8411,85,337,2026-01-11,rest,Full rest day,0,0,0,Court,1,
8412,85,337,2026-01-12,strength,Lower-body strength,77,7,539,Court,1,
8413,85,337,2026-01-13,plyometric,Jump power and elasticity,63,9,567,Home,1,
8414,85,337,2026-01-14,volleyball,Skill practice and gameplay,105,8,840,Gym,1,
8415,85,337,2026-01-15,recovery,Mobility and low-intensity recovery,29,5,145,Court,1,
8416,85,337,2026-01-16,strength,Upper-body strength,66,7,462,Gym,1,
8417,85,337,2026-01-17,volleyball,Open gym or tournament,85,6,510,Gym,1,
8418,85,337,2026-01-18,rest,Full rest day,0,0,0,Home,1,
8419,85,337,2026-01-19,strength,Lower-body strength,58,5,290,Home,1,
8420,85,337,2026-01-20,plyometric,Jump power and elasticity,38,8,304,Track,1,
8421,85,337,2026-01-21,rest,Full rest day,0,0,0,Court,1,
8422,85,337,2026-01-22,rest,Full rest day,0,0,0,Court,1,
8423,85,337,2026-01-23,strength,Upper-body strength,79,8,632,Track,1,
8424,85,337,2026-01-24,volleyball,Open gym or tournament,120,6,720,Home,1,
8425,85,337,2026-01-25,rest,Full rest day,0,0,0,Home,1,
8426,85,338,2026-01-26,strength,Lower-body strength,59,8,472,Gym,1,
8427,85,338,2026-01-27,plyometric,Jump power and elasticity,49,9,441,Home,1,
8428,85,338,2026-01-28,volleyball,Skill practice and gameplay,122,5,610,Gym,1,
8429,85,338,2026-01-29,recovery,Mobility and low-intensity recovery,40,2,80,Track,1,
8430,85,338,2026-01-30,strength,Upper-body strength,63,9,567,Gym,1,
8431,85,338,2026-01-31,volleyball,Open gym or tournament,85,6,510,Track,1,
8432,85,338,2026-02-01,rest,Full rest day,0,0,0,Track,1,
8433,85,338,2026-02-02,strength,Lower-body strength,63,8,504,Track,1,
8434,85,338,2026-02-03,plyometric,Jump power and elasticity,39,6,234,Track,1,
8435,85,338,2026-02-04,volleyball,Skill practice and gameplay,99,7,693,Home,1,
8436,85,338,2026-02-05,recovery,Mobility and low-intensity recovery,26,1,26,Court,1,
8437,85,338,2026-02-06,strength,Upper-body strength,73,7,511,Track,1,
8438,85,338,2026-02-07,volleyball,Open gym or tournament,152,7,1064,Gym,1,
8439,85,338,2026-02-08,rest,Full rest day,0,0,0,Court,1,
8440,85,338,2026-02-09,strength,Lower-body strength,69,9,621,Gym,1,
8441,85,338,2026-02-10,plyometric,Jump power and elasticity,45,6,270,Gym,1,
8442,85,338,2026-02-11,volleyball,Skill practice and gameplay,108,4,432,Gym,1,
8443,85,338,2026-02-12,recovery,Mobility and low-intensity recovery,38,4,152,Track,1,
8444,85,338,2026-02-13,strength,Upper-body strength,52,7,364,Court,1,
8445,85,338,2026-02-14,volleyball,Open gym or tournament,51,7,357,Track,1,
8446,85,338,2026-02-15,rest,Full rest day,0,0,0,Home,1,
8447,85,338,2026-02-16,rest,Full rest day,0,0,0,Track,1,
8448,85,338,2026-02-17,plyometric,Jump power and elasticity,37,6,222,Gym,1,
8449,85,338,2026-02-18,volleyball,Skill practice and gameplay,95,6,570,Home,1,
8450,85,338,2026-02-19,recovery,Mobility and low-intensity recovery,40,2,80,Court,1,
8451,85,339,2026-02-20,strength,Upper-body strength,57,7,399,Track,1,
8452,85,339,2026-02-21,volleyball,Open gym or tournament,74,7,518,Home,1,
8453,85,339,2026-02-22,rest,Full rest day,0,0,0,Track,1,
8454,85,339,2026-02-23,strength,Lower-body strength,64,7,448,Track,1,
8455,85,339,2026-02-24,plyometric,Jump power and elasticity,60,7,420,Track,1,
8456,85,339,2026-02-25,volleyball,Skill practice and gameplay,56,7,392,Gym,1,
8457,85,339,2026-02-26,recovery,Mobility and low-intensity recovery,30,2,60,Gym,1,
8458,85,339,2026-02-27,strength,Upper-body strength,77,9,693,Gym,1,
8459,85,339,2026-02-28,volleyball,Open gym or tournament,64,6,384,Court,1,
8460,85,339,2026-03-01,rest,Full rest day,0,0,0,Track,1,
8461,85,339,2026-03-02,rest,Full rest day,0,0,0,Track,1,
8462,85,339,2026-03-03,plyometric,Jump power and elasticity,54,9,486,Track,1,
8463,85,339,2026-03-04,volleyball,Skill practice and gameplay,73,8,584,Track,1,
8464,85,339,2026-03-05,recovery,Mobility and low-intensity recovery,39,5,195,Court,1,
8465,85,339,2026-03-06,strength,Upper-body strength,62,7,434,Track,1,
8466,85,339,2026-03-07,volleyball,Open gym or tournament,116,8,928,Court,1,
8467,85,339,2026-03-08,rest,Full rest day,0,0,0,Home,1,
8468,85,339,2026-03-09,rest,Full rest day,0,0,0,Gym,1,
8469,85,339,2026-03-10,plyometric,Jump power and elasticity,57,6,342,Gym,1,
8470,85,339,2026-03-11,volleyball,Skill practice and gameplay,98,7,686,Court,1,
8471,85,339,2026-03-12,recovery,Mobility and low-intensity recovery,42,4,168,Gym,1,
8472,85,339,2026-03-13,strength,Upper-body strength,73,7,511,Gym,1,
8473,85,339,2026-03-14,volleyball,Open gym or tournament,136,7,952,Court,1,
8474,85,339,2026-03-15,rest,Full rest day,0,0,0,Court,1,
8475,85,339,2026-03-16,strength,Lower-body strength,78,7,546,Home,1,
8476,85,340,2026-03-17,plyometric,Jump power and elasticity,42,6,252,Gym,1,
8477,85,340,2026-03-18,volleyball,Skill practice and gameplay,56,6,336,Gym,1,
8478,85,340,2026-03-19,recovery,Mobility and low-intensity recovery,36,3,108,Track,1,
8479,85,340,2026-03-20,strength,Upper-body strength,78,8,624,Track,1,
8480,85,340,2026-03-21,volleyball,Open gym or tournament,112,7,784,Home,1,
8481,85,340,2026-03-22,rest,Full rest day,0,0,0,Court,1,
8482,85,340,2026-03-23,strength,Lower-body strength,81,7,567,Court,1,
8483,85,340,2026-03-24,plyometric,Jump power and elasticity,48,8,384,Gym,1,
8484,85,340,2026-03-25,volleyball,Skill practice and gameplay,70,9,630,Court,1,
8485,85,340,2026-03-26,recovery,Mobility and low-intensity recovery,44,2,88,Court,1,
8486,85,340,2026-03-27,strength,Upper-body strength,58,7,406,Home,1,
8487,85,340,2026-03-28,volleyball,Open gym or tournament,79,8,632,Track,1,
8488,85,340,2026-03-29,rest,Full rest day,0,0,0,Track,1,
8489,85,340,2026-03-30,strength,Lower-body strength,57,6,342,Track,1,
8490,85,340,2026-03-31,plyometric,Jump power and elasticity,48,8,384,Home,1,
8491,85,340,2026-04-01,volleyball,Skill practice and gameplay,93,6,558,Gym,1,
8492,85,340,2026-04-02,recovery,Mobility and low-intensity recovery,37,3,111,Home,1,
8493,85,340,2026-04-03,strength,Upper-body strength,81,7,567,Gym,1,
8494,85,340,2026-04-04,volleyball,Open gym or tournament,90,7,630,Home,1,
8495,85,340,2026-04-05,rest,Full rest day,0,0,0,Home,1,
8496,85,340,2026-04-06,strength,Lower-body strength,69,6,414,Gym,1,
8497,85,340,2026-04-07,plyometric,Jump power and elasticity,31,6,186,Court,1,
8498,85,340,2026-04-08,volleyball,Skill practice and gameplay,140,6,840,Track,1,
8499,85,340,2026-04-09,recovery,Mobility and low-intensity recovery,38,3,114,Court,1,
8500,85,340,2026-04-10,strength,Upper-body strength,70,6,420,Track,1,
8501,86,341,2026-01-01,recovery,Mobility and low-intensity recovery,51,1,51,Gym,1,
8502,86,341,2026-01-02,strength,Upper-body strength,76,6,456,Gym,1,
8503,86,341,2026-01-03,volleyball,Open gym or tournament,67,5,335,Court,1,
8504,86,341,2026-01-04,rest,Full rest day,0,0,0,Home,1,
8505,86,341,2026-01-05,strength,Lower-body strength,52,7,364,Home,1,
8506,86,341,2026-01-06,plyometric,Jump power and elasticity,38,6,228,Gym,1,
8507,86,341,2026-01-07,volleyball,Skill practice and gameplay,75,6,450,Court,1,
8508,86,341,2026-01-08,recovery,Mobility and low-intensity recovery,34,5,170,Home,1,
8509,86,341,2026-01-09,strength,Upper-body strength,55,8,440,Home,1,
8510,86,341,2026-01-10,volleyball,Open gym or tournament,114,9,1026,Home,1,
8511,86,341,2026-01-11,rest,Full rest day,0,0,0,Home,1,
8512,86,341,2026-01-12,strength,Lower-body strength,81,7,567,Track,1,
8513,86,341,2026-01-13,plyometric,Jump power and elasticity,61,8,488,Court,1,
8514,86,341,2026-01-14,rest,Full rest day,0,0,0,Court,1,
8515,86,341,2026-01-15,recovery,Mobility and low-intensity recovery,23,4,92,Gym,1,
8516,86,341,2026-01-16,strength,Upper-body strength,70,9,630,Court,1,
8517,86,341,2026-01-17,rest,Full rest day,0,0,0,Court,1,
8518,86,341,2026-01-18,rest,Full rest day,0,0,0,Gym,1,
8519,86,341,2026-01-19,strength,Lower-body strength,84,6,504,Home,1,
8520,86,341,2026-01-20,plyometric,Jump power and elasticity,25,5,125,Track,1,
8521,86,341,2026-01-21,volleyball,Skill practice and gameplay,109,6,654,Track,1,
8522,86,341,2026-01-22,recovery,Mobility and low-intensity recovery,38,3,114,Court,1,
8523,86,341,2026-01-23,strength,Upper-body strength,64,7,448,Track,1,
8524,86,341,2026-01-24,rest,Full rest day,0,0,0,Track,1,
8525,86,341,2026-01-25,rest,Full rest day,0,0,0,Gym,1,
8526,86,342,2026-01-26,strength,Lower-body strength,55,7,385,Court,1,
8527,86,342,2026-01-27,plyometric,Jump power and elasticity,47,6,282,Court,1,
8528,86,342,2026-01-28,volleyball,Skill practice and gameplay,43,7,301,Gym,1,
8529,86,342,2026-01-29,recovery,Mobility and low-intensity recovery,45,3,135,Court,1,
8530,86,342,2026-01-30,strength,Upper-body strength,57,6,342,Track,1,
8531,86,342,2026-01-31,volleyball,Open gym or tournament,110,6,660,Gym,1,
8532,86,342,2026-02-01,rest,Full rest day,0,0,0,Court,1,
8533,86,342,2026-02-02,strength,Lower-body strength,72,6,432,Track,1,
8534,86,342,2026-02-03,plyometric,Jump power and elasticity,41,8,328,Court,1,
8535,86,342,2026-02-04,volleyball,Skill practice and gameplay,48,8,384,Track,1,
8536,86,342,2026-02-05,rest,Full rest day,0,0,0,Gym,1,
8537,86,342,2026-02-06,strength,Upper-body strength,45,6,270,Court,1,
8538,86,342,2026-02-07,volleyball,Open gym or tournament,98,9,882,Court,1,
8539,86,342,2026-02-08,rest,Full rest day,0,0,0,Gym,1,
8540,86,342,2026-02-09,strength,Lower-body strength,52,8,416,Gym,1,
8541,86,342,2026-02-10,plyometric,Jump power and elasticity,39,9,351,Track,1,
8542,86,342,2026-02-11,volleyball,Skill practice and gameplay,130,9,1170,Track,1,
8543,86,342,2026-02-12,recovery,Mobility and low-intensity recovery,33,3,99,Track,1,
8544,86,342,2026-02-13,strength,Upper-body strength,72,6,432,Gym,1,
8545,86,342,2026-02-14,volleyball,Open gym or tournament,117,8,936,Track,1,
8546,86,342,2026-02-15,rest,Full rest day,0,0,0,Court,1,
8547,86,342,2026-02-16,strength,Lower-body strength,76,7,532,Home,1,
8548,86,342,2026-02-17,plyometric,Jump power and elasticity,42,7,294,Track,1,
8549,86,342,2026-02-18,volleyball,Skill practice and gameplay,88,5,440,Track,1,
8550,86,342,2026-02-19,rest,Full rest day,0,0,0,Gym,1,
8551,86,343,2026-02-20,strength,Upper-body strength,94,8,752,Gym,1,
8552,86,343,2026-02-21,volleyball,Open gym or tournament,107,7,749,Track,1,
8553,86,343,2026-02-22,rest,Full rest day,0,0,0,Court,1,
8554,86,343,2026-02-23,strength,Lower-body strength,56,5,280,Track,1,
8555,86,343,2026-02-24,plyometric,Jump power and elasticity,33,6,198,Court,1,
8556,86,343,2026-02-25,volleyball,Skill practice and gameplay,91,7,637,Track,1,
8557,86,343,2026-02-26,recovery,Mobility and low-intensity recovery,35,4,140,Gym,1,
8558,86,343,2026-02-27,rest,Full rest day,0,0,0,Gym,1,
8559,86,343,2026-02-28,volleyball,Open gym or tournament,70,6,420,Home,1,
8560,86,343,2026-03-01,rest,Full rest day,0,0,0,Track,1,
8561,86,343,2026-03-02,rest,Full rest day,0,0,0,Court,1,
8562,86,343,2026-03-03,plyometric,Jump power and elasticity,51,7,357,Home,1,
8563,86,343,2026-03-04,volleyball,Skill practice and gameplay,97,7,679,Court,1,
8564,86,343,2026-03-05,recovery,Mobility and low-intensity recovery,44,3,132,Track,1,
8565,86,343,2026-03-06,strength,Upper-body strength,67,8,536,Track,1,
8566,86,343,2026-03-07,volleyball,Open gym or tournament,86,6,516,Court,1,
8567,86,343,2026-03-08,rest,Full rest day,0,0,0,Home,1,
8568,86,343,2026-03-09,strength,Lower-body strength,67,8,536,Court,1,
8569,86,343,2026-03-10,plyometric,Jump power and elasticity,42,7,294,Home,1,
8570,86,343,2026-03-11,volleyball,Skill practice and gameplay,45,8,360,Court,1,
8571,86,343,2026-03-12,recovery,Mobility and low-intensity recovery,51,3,153,Home,1,
8572,86,343,2026-03-13,strength,Upper-body strength,61,5,305,Track,1,
8573,86,343,2026-03-14,volleyball,Open gym or tournament,73,7,511,Court,1,
8574,86,343,2026-03-15,rest,Full rest day,0,0,0,Home,1,
8575,86,343,2026-03-16,strength,Lower-body strength,72,7,504,Gym,1,
8576,86,344,2026-03-17,plyometric,Jump power and elasticity,39,5,195,Home,1,
8577,86,344,2026-03-18,volleyball,Skill practice and gameplay,122,7,854,Court,1,
8578,86,344,2026-03-19,recovery,Mobility and low-intensity recovery,45,3,135,Home,1,
8579,86,344,2026-03-20,strength,Upper-body strength,74,5,370,Court,1,
8580,86,344,2026-03-21,volleyball,Open gym or tournament,101,7,707,Court,1,
8581,86,344,2026-03-22,rest,Full rest day,0,0,0,Court,1,
8582,86,344,2026-03-23,strength,Lower-body strength,71,9,639,Home,1,
8583,86,344,2026-03-24,plyometric,Jump power and elasticity,45,7,315,Court,1,
8584,86,344,2026-03-25,volleyball,Skill practice and gameplay,75,6,450,Track,1,
8585,86,344,2026-03-26,recovery,Mobility and low-intensity recovery,29,2,58,Gym,1,
8586,86,344,2026-03-27,strength,Upper-body strength,52,7,364,Track,1,
8587,86,344,2026-03-28,volleyball,Open gym or tournament,124,7,868,Court,1,
8588,86,344,2026-03-29,rest,Full rest day,0,0,0,Court,1,
8589,86,344,2026-03-30,strength,Lower-body strength,81,6,486,Home,1,
8590,86,344,2026-03-31,plyometric,Jump power and elasticity,48,6,288,Court,1,
8591,86,344,2026-04-01,volleyball,Skill practice and gameplay,129,6,774,Gym,1,
8592,86,344,2026-04-02,recovery,Mobility and low-intensity recovery,38,2,76,Court,1,
8593,86,344,2026-04-03,rest,Full rest day,0,0,0,Gym,1,
8594,86,344,2026-04-04,volleyball,Open gym or tournament,66,4,264,Home,1,
8595,86,344,2026-04-05,rest,Full rest day,0,0,0,Court,1,
8596,86,344,2026-04-06,strength,Lower-body strength,81,7,567,Home,1,
8597,86,344,2026-04-07,plyometric,Jump power and elasticity,65,5,325,Home,1,
8598,86,344,2026-04-08,rest,Full rest day,0,0,0,Gym,1,
8599,86,344,2026-04-09,recovery,Mobility and low-intensity recovery,30,5,150,Court,1,
8600,86,344,2026-04-10,strength,Upper-body strength,82,7,574,Gym,1,
8601,87,345,2026-01-01,rest,Full rest day,0,0,0,Gym,1,
8602,87,345,2026-01-02,strength,Upper-body strength,65,9,585,Home,1,
8603,87,345,2026-01-03,volleyball,Open gym or tournament,63,6,378,Home,1,
8604,87,345,2026-01-04,rest,Full rest day,0,0,0,Gym,1,
8605,87,345,2026-01-05,strength,Lower-body strength,66,6,396,Gym,1,
8606,87,345,2026-01-06,plyometric,Jump power and elasticity,66,7,462,Gym,1,
8607,87,345,2026-01-07,volleyball,Skill practice and gameplay,96,6,576,Gym,1,
8608,87,345,2026-01-08,recovery,Mobility and low-intensity recovery,48,3,144,Court,1,
8609,87,345,2026-01-09,strength,Upper-body strength,49,7,343,Court,1,
8610,87,345,2026-01-10,volleyball,Open gym or tournament,111,7,777,Gym,1,
8611,87,345,2026-01-11,rest,Full rest day,0,0,0,Track,1,
8612,87,345,2026-01-12,strength,Lower-body strength,61,7,427,Court,1,
8613,87,345,2026-01-13,plyometric,Jump power and elasticity,68,8,544,Gym,1,
8614,87,345,2026-01-14,volleyball,Skill practice and gameplay,129,5,645,Gym,1,
8615,87,345,2026-01-15,recovery,Mobility and low-intensity recovery,32,4,128,Gym,1,
8616,87,345,2026-01-16,rest,Full rest day,0,0,0,Track,1,
8617,87,345,2026-01-17,volleyball,Open gym or tournament,120,8,960,Gym,1,
8618,87,345,2026-01-18,rest,Full rest day,0,0,0,Court,1,
8619,87,345,2026-01-19,strength,Lower-body strength,58,9,522,Court,1,
8620,87,345,2026-01-20,plyometric,Jump power and elasticity,54,8,432,Home,1,
8621,87,345,2026-01-21,volleyball,Skill practice and gameplay,124,7,868,Home,1,
8622,87,345,2026-01-22,recovery,Mobility and low-intensity recovery,38,4,152,Court,1,
8623,87,345,2026-01-23,strength,Upper-body strength,68,8,544,Track,1,
8624,87,345,2026-01-24,volleyball,Open gym or tournament,105,8,840,Track,1,
8625,87,345,2026-01-25,rest,Full rest day,0,0,0,Home,1,
8626,87,346,2026-01-26,strength,Lower-body strength,68,7,476,Court,1,
8627,87,346,2026-01-27,plyometric,Jump power and elasticity,58,8,464,Court,1,
8628,87,346,2026-01-28,volleyball,Skill practice and gameplay,56,8,448,Gym,1,
8629,87,346,2026-01-29,recovery,Mobility and low-intensity recovery,27,2,54,Track,1,
8630,87,346,2026-01-30,strength,Upper-body strength,58,8,464,Gym,1,
8631,87,346,2026-01-31,volleyball,Open gym or tournament,48,7,336,Gym,1,
8632,87,346,2026-02-01,rest,Full rest day,0,0,0,Gym,1,
8633,87,346,2026-02-02,strength,Lower-body strength,61,8,488,Gym,1,
8634,87,346,2026-02-03,plyometric,Jump power and elasticity,19,5,95,Track,1,
8635,87,346,2026-02-04,volleyball,Skill practice and gameplay,36,9,324,Gym,1,
8636,87,346,2026-02-05,recovery,Mobility and low-intensity recovery,29,4,116,Home,1,
8637,87,346,2026-02-06,strength,Upper-body strength,84,7,588,Court,1,
8638,87,346,2026-02-07,volleyball,Open gym or tournament,79,7,553,Gym,1,
8639,87,346,2026-02-08,rest,Full rest day,0,0,0,Court,1,
8640,87,346,2026-02-09,rest,Full rest day,0,0,0,Gym,1,
8641,87,346,2026-02-10,plyometric,Jump power and elasticity,49,6,294,Court,1,
8642,87,346,2026-02-11,volleyball,Skill practice and gameplay,156,7,1092,Home,1,
8643,87,346,2026-02-12,recovery,Mobility and low-intensity recovery,34,2,68,Home,1,
8644,87,346,2026-02-13,strength,Upper-body strength,79,6,474,Court,1,
8645,87,346,2026-02-14,rest,Full rest day,0,0,0,Track,1,
8646,87,346,2026-02-15,rest,Full rest day,0,0,0,Track,1,
8647,87,346,2026-02-16,strength,Lower-body strength,69,8,552,Court,1,
8648,87,346,2026-02-17,plyometric,Jump power and elasticity,63,7,441,Home,1,
8649,87,346,2026-02-18,volleyball,Skill practice and gameplay,93,9,837,Gym,1,
8650,87,346,2026-02-19,recovery,Mobility and low-intensity recovery,40,5,200,Home,1,
8651,87,347,2026-02-20,strength,Upper-body strength,84,5,420,Court,1,
8652,87,347,2026-02-21,volleyball,Open gym or tournament,108,8,864,Gym,1,
8653,87,347,2026-02-22,rest,Full rest day,0,0,0,Court,1,
8654,87,347,2026-02-23,strength,Lower-body strength,58,5,290,Gym,1,
8655,87,347,2026-02-24,plyometric,Jump power and elasticity,40,7,280,Track,1,
8656,87,347,2026-02-25,volleyball,Skill practice and gameplay,104,6,624,Track,1,
8657,87,347,2026-02-26,recovery,Mobility and low-intensity recovery,48,3,144,Gym,1,
8658,87,347,2026-02-27,strength,Upper-body strength,48,7,336,Track,1,
8659,87,347,2026-02-28,volleyball,Open gym or tournament,81,7,567,Gym,1,
8660,87,347,2026-03-01,rest,Full rest day,0,0,0,Track,1,
8661,87,347,2026-03-02,strength,Lower-body strength,60,7,420,Gym,1,
8662,87,347,2026-03-03,plyometric,Jump power and elasticity,50,7,350,Gym,1,
8663,87,347,2026-03-04,volleyball,Skill practice and gameplay,87,7,609,Court,1,
8664,87,347,2026-03-05,rest,Full rest day,0,0,0,Court,1,
8665,87,347,2026-03-06,rest,Full rest day,0,0,0,Home,1,
8666,87,347,2026-03-07,volleyball,Open gym or tournament,138,8,1104,Track,1,
8667,87,347,2026-03-08,rest,Full rest day,0,0,0,Court,1,
8668,87,347,2026-03-09,strength,Lower-body strength,77,7,539,Home,1,
8669,87,347,2026-03-10,plyometric,Jump power and elasticity,47,6,282,Court,1,
8670,87,347,2026-03-11,volleyball,Skill practice and gameplay,111,7,777,Track,1,
8671,87,347,2026-03-12,recovery,Mobility and low-intensity recovery,41,3,123,Track,1,
8672,87,347,2026-03-13,strength,Upper-body strength,89,5,445,Track,1,
8673,87,347,2026-03-14,volleyball,Open gym or tournament,115,5,575,Gym,1,
8674,87,347,2026-03-15,rest,Full rest day,0,0,0,Track,1,
8675,87,347,2026-03-16,strength,Lower-body strength,67,6,402,Home,1,
8676,87,348,2026-03-17,plyometric,Jump power and elasticity,51,7,357,Track,1,
8677,87,348,2026-03-18,volleyball,Skill practice and gameplay,139,6,834,Track,1,
8678,87,348,2026-03-19,rest,Full rest day,0,0,0,Gym,1,
8679,87,348,2026-03-20,strength,Upper-body strength,54,6,324,Gym,1,
8680,87,348,2026-03-21,volleyball,Open gym or tournament,90,8,720,Court,1,
8681,87,348,2026-03-22,rest,Full rest day,0,0,0,Court,1,
8682,87,348,2026-03-23,strength,Lower-body strength,53,6,318,Track,1,
8683,87,348,2026-03-24,plyometric,Jump power and elasticity,56,7,392,Court,1,
8684,87,348,2026-03-25,volleyball,Skill practice and gameplay,113,6,678,Home,1,
8685,87,348,2026-03-26,recovery,Mobility and low-intensity recovery,34,1,34,Home,1,
8686,87,348,2026-03-27,strength,Upper-body strength,66,7,462,Home,1,
8687,87,348,2026-03-28,volleyball,Open gym or tournament,111,7,777,Gym,1,
8688,87,348,2026-03-29,rest,Full rest day,0,0,0,Gym,1,
8689,87,348,2026-03-30,strength,Lower-body strength,55,6,330,Home,1,
8690,87,348,2026-03-31,plyometric,Jump power and elasticity,49,8,392,Track,1,
8691,87,348,2026-04-01,volleyball,Skill practice and gameplay,115,5,575,Court,1,
8692,87,348,2026-04-02,recovery,Mobility and low-intensity recovery,37,3,111,Gym,1,
8693,87,348,2026-04-03,strength,Upper-body strength,62,8,496,Track,1,
8694,87,348,2026-04-04,volleyball,Open gym or tournament,66,7,462,Court,1,
8695,87,348,2026-04-05,rest,Full rest day,0,0,0,Court,1,
8696,87,348,2026-04-06,strength,Lower-body strength,45,7,315,Home,1,
8697,87,348,2026-04-07,plyometric,Jump power and elasticity,38,6,228,Track,1,
8698,87,348,2026-04-08,volleyball,Skill practice and gameplay,62,8,496,Track,1,
8699,87,348,2026-04-09,recovery,Mobility and low-intensity recovery,37,4,148,Home,1,
8700,87,348,2026-04-10,strength,Upper-body strength,67,8,536,Home,1,
8701,88,349,2026-01-01,recovery,Mobility and low-intensity recovery,22,3,66,Home,1,
8702,88,349,2026-01-02,strength,Upper-body strength,59,9,531,Home,1,
8703,88,349,2026-01-03,volleyball,Open gym or tournament,80,7,560,Track,1,
8704,88,349,2026-01-04,rest,Full rest day,0,0,0,Court,1,
8705,88,349,2026-01-05,strength,Lower-body strength,68,7,476,Court,1,
8706,88,349,2026-01-06,plyometric,Jump power and elasticity,69,7,483,Home,1,
8707,88,349,2026-01-07,volleyball,Skill practice and gameplay,110,7,770,Home,1,
8708,88,349,2026-01-08,recovery,Mobility and low-intensity recovery,39,4,156,Home,1,
8709,88,349,2026-01-09,strength,Upper-body strength,50,7,350,Home,1,
8710,88,349,2026-01-10,rest,Full rest day,0,0,0,Court,1,
8711,88,349,2026-01-11,rest,Full rest day,0,0,0,Home,1,
8712,88,349,2026-01-12,strength,Lower-body strength,59,7,413,Gym,1,
8713,88,349,2026-01-13,plyometric,Jump power and elasticity,34,6,204,Home,1,
8714,88,349,2026-01-14,volleyball,Skill practice and gameplay,87,6,522,Court,1,
8715,88,349,2026-01-15,recovery,Mobility and low-intensity recovery,27,2,54,Gym,1,
8716,88,349,2026-01-16,strength,Upper-body strength,50,7,350,Court,1,
8717,88,349,2026-01-17,volleyball,Open gym or tournament,98,7,686,Track,1,
8718,88,349,2026-01-18,rest,Full rest day,0,0,0,Gym,1,
8719,88,349,2026-01-19,strength,Lower-body strength,72,5,360,Court,1,
8720,88,349,2026-01-20,plyometric,Jump power and elasticity,33,8,264,Gym,1,
8721,88,349,2026-01-21,volleyball,Skill practice and gameplay,100,8,800,Track,1,
8722,88,349,2026-01-22,recovery,Mobility and low-intensity recovery,37,3,111,Home,1,
8723,88,349,2026-01-23,strength,Upper-body strength,73,5,365,Court,1,
8724,88,349,2026-01-24,volleyball,Open gym or tournament,117,5,585,Gym,1,
8725,88,349,2026-01-25,rest,Full rest day,0,0,0,Gym,1,
8726,88,350,2026-01-26,strength,Lower-body strength,60,6,360,Track,1,
8727,88,350,2026-01-27,plyometric,Jump power and elasticity,57,6,342,Track,1,
8728,88,350,2026-01-28,volleyball,Skill practice and gameplay,136,8,1088,Court,1,
8729,88,350,2026-01-29,recovery,Mobility and low-intensity recovery,37,2,74,Track,1,
8730,88,350,2026-01-30,strength,Upper-body strength,75,8,600,Home,1,
8731,88,350,2026-01-31,volleyball,Open gym or tournament,135,6,810,Court,1,
8732,88,350,2026-02-01,rest,Full rest day,0,0,0,Home,1,
8733,88,350,2026-02-02,strength,Lower-body strength,70,7,490,Court,1,
8734,88,350,2026-02-03,rest,Full rest day,0,0,0,Court,1,
8735,88,350,2026-02-04,volleyball,Skill practice and gameplay,95,7,665,Court,1,
8736,88,350,2026-02-05,recovery,Mobility and low-intensity recovery,21,4,84,Gym,1,
8737,88,350,2026-02-06,strength,Upper-body strength,66,8,528,Court,1,
8738,88,350,2026-02-07,volleyball,Open gym or tournament,154,9,1386,Gym,1,
8739,88,350,2026-02-08,rest,Full rest day,0,0,0,Court,1,
8740,88,350,2026-02-09,strength,Lower-body strength,56,7,392,Home,1,
8741,88,350,2026-02-10,plyometric,Jump power and elasticity,40,8,320,Gym,1,
8742,88,350,2026-02-11,volleyball,Skill practice and gameplay,47,8,376,Home,1,
8743,88,350,2026-02-12,recovery,Mobility and low-intensity recovery,43,4,172,Track,1,
8744,88,350,2026-02-13,strength,Upper-body strength,72,9,648,Gym,1,
8745,88,350,2026-02-14,volleyball,Open gym or tournament,62,8,496,Gym,1,
8746,88,350,2026-02-15,rest,Full rest day,0,0,0,Gym,1,
8747,88,350,2026-02-16,strength,Lower-body strength,76,7,532,Home,1,
8748,88,350,2026-02-17,plyometric,Jump power and elasticity,66,8,528,Court,1,
8749,88,350,2026-02-18,volleyball,Skill practice and gameplay,135,7,945,Gym,1,
8750,88,350,2026-02-19,recovery,Mobility and low-intensity recovery,33,3,99,Court,1,
8751,88,351,2026-02-20,strength,Upper-body strength,67,8,536,Track,1,
8752,88,351,2026-02-21,volleyball,Open gym or tournament,105,8,840,Court,1,
8753,88,351,2026-02-22,rest,Full rest day,0,0,0,Gym,1,
8754,88,351,2026-02-23,strength,Lower-body strength,71,9,639,Court,1,
8755,88,351,2026-02-24,rest,Full rest day,0,0,0,Gym,1,
8756,88,351,2026-02-25,volleyball,Skill practice and gameplay,107,9,963,Gym,1,
8757,88,351,2026-02-26,rest,Full rest day,0,0,0,Home,1,
8758,88,351,2026-02-27,strength,Upper-body strength,56,7,392,Court,1,
8759,88,351,2026-02-28,volleyball,Open gym or tournament,116,7,812,Court,1,
8760,88,351,2026-03-01,rest,Full rest day,0,0,0,Home,1,
8761,88,351,2026-03-02,strength,Lower-body strength,60,8,480,Court,1,
8762,88,351,2026-03-03,plyometric,Jump power and elasticity,39,6,234,Track,1,
8763,88,351,2026-03-04,volleyball,Skill practice and gameplay,117,8,936,Home,1,
8764,88,351,2026-03-05,rest,Full rest day,0,0,0,Home,1,
8765,88,351,2026-03-06,strength,Upper-body strength,93,9,837,Track,1,
8766,88,351,2026-03-07,volleyball,Open gym or tournament,129,6,774,Home,1,
8767,88,351,2026-03-08,rest,Full rest day,0,0,0,Gym,1,
8768,88,351,2026-03-09,strength,Lower-body strength,49,8,392,Track,1,
8769,88,351,2026-03-10,plyometric,Jump power and elasticity,68,7,476,Gym,1,
8770,88,351,2026-03-11,volleyball,Skill practice and gameplay,100,6,600,Court,1,
8771,88,351,2026-03-12,recovery,Mobility and low-intensity recovery,28,4,112,Gym,1,
8772,88,351,2026-03-13,strength,Upper-body strength,62,9,558,Gym,1,
8773,88,351,2026-03-14,volleyball,Open gym or tournament,92,7,644,Court,1,
8774,88,351,2026-03-15,rest,Full rest day,0,0,0,Court,1,
8775,88,351,2026-03-16,strength,Lower-body strength,59,8,472,Gym,1,
8776,88,352,2026-03-17,plyometric,Jump power and elasticity,39,6,234,Home,1,
8777,88,352,2026-03-18,volleyball,Skill practice and gameplay,125,5,625,Home,1,
8778,88,352,2026-03-19,recovery,Mobility and low-intensity recovery,20,1,20,Home,1,
8779,88,352,2026-03-20,strength,Upper-body strength,56,6,336,Track,1,
8780,88,352,2026-03-21,volleyball,Open gym or tournament,106,6,636,Track,1,
8781,88,352,2026-03-22,rest,Full rest day,0,0,0,Court,1,
8782,88,352,2026-03-23,strength,Lower-body strength,53,7,371,Home,1,
8783,88,352,2026-03-24,rest,Full rest day,0,0,0,Court,1,
8784,88,352,2026-03-25,volleyball,Skill practice and gameplay,121,5,605,Track,1,
8785,88,352,2026-03-26,recovery,Mobility and low-intensity recovery,40,3,120,Gym,1,
8786,88,352,2026-03-27,strength,Upper-body strength,59,7,413,Home,1,
8787,88,352,2026-03-28,volleyball,Open gym or tournament,87,8,696,Court,1,
8788,88,352,2026-03-29,rest,Full rest day,0,0,0,Court,1,
8789,88,352,2026-03-30,strength,Lower-body strength,68,9,612,Home,1,
8790,88,352,2026-03-31,rest,Full rest day,0,0,0,Gym,1,
8791,88,352,2026-04-01,volleyball,Skill practice and gameplay,113,8,904,Court,1,
8792,88,352,2026-04-02,recovery,Mobility and low-intensity recovery,27,4,108,Home,1,
8793,88,352,2026-04-03,strength,Upper-body strength,85,7,595,Court,1,
8794,88,352,2026-04-04,volleyball,Open gym or tournament,57,6,342,Gym,1,
8795,88,352,2026-04-05,rest,Full rest day,0,0,0,Home,1,
8796,88,352,2026-04-06,strength,Lower-body strength,82,7,574,Home,1,
8797,88,352,2026-04-07,plyometric,Jump power and elasticity,52,7,364,Track,1,
8798,88,352,2026-04-08,volleyball,Skill practice and gameplay,123,8,984,Home,1,
8799,88,352,2026-04-09,recovery,Mobility and low-intensity recovery,45,2,90,Home,1,
8800,88,352,2026-04-10,strength,Upper-body strength,59,7,413,Court,1,
8801,89,353,2026-01-01,recovery,Mobility and low-intensity recovery,22,4,88,Gym,1,
8802,89,353,2026-01-02,strength,Upper-body strength,54,9,486,Track,1,
8803,89,353,2026-01-03,volleyball,Open gym or tournament,72,7,504,Home,1,
8804,89,353,2026-01-04,rest,Full rest day,0,0,0,Court,1,
8805,89,353,2026-01-05,strength,Lower-body strength,55,7,385,Track,1,
8806,89,353,2026-01-06,plyometric,Jump power and elasticity,37,6,222,Gym,1,
8807,89,353,2026-01-07,volleyball,Skill practice and gameplay,99,7,693,Gym,1,
8808,89,353,2026-01-08,recovery,Mobility and low-intensity recovery,42,5,210,Gym,1,
8809,89,353,2026-01-09,strength,Upper-body strength,65,7,455,Track,1,
8810,89,353,2026-01-10,volleyball,Open gym or tournament,95,6,570,Track,1,
8811,89,353,2026-01-11,rest,Full rest day,0,0,0,Gym,1,
8812,89,353,2026-01-12,strength,Lower-body strength,60,6,360,Court,1,
8813,89,353,2026-01-13,plyometric,Jump power and elasticity,54,6,324,Track,1,
8814,89,353,2026-01-14,volleyball,Skill practice and gameplay,103,5,515,Court,1,
8815,89,353,2026-01-15,recovery,Mobility and low-intensity recovery,31,4,124,Gym,1,
8816,89,353,2026-01-16,strength,Upper-body strength,67,7,469,Gym,1,
8817,89,353,2026-01-17,rest,Full rest day,0,0,0,Court,1,
8818,89,353,2026-01-18,rest,Full rest day,0,0,0,Gym,1,
8819,89,353,2026-01-19,strength,Lower-body strength,59,7,413,Track,1,
8820,89,353,2026-01-20,rest,Full rest day,0,0,0,Court,1,
8821,89,353,2026-01-21,volleyball,Skill practice and gameplay,117,6,702,Court,1,
8822,89,353,2026-01-22,recovery,Mobility and low-intensity recovery,31,3,93,Gym,1,
8823,89,353,2026-01-23,strength,Upper-body strength,78,6,468,Court,1,
8824,89,353,2026-01-24,volleyball,Open gym or tournament,115,7,805,Track,1,
8825,89,353,2026-01-25,rest,Full rest day,0,0,0,Gym,1,
8826,89,354,2026-01-26,rest,Full rest day,0,0,0,Gym,1,
8827,89,354,2026-01-27,plyometric,Jump power and elasticity,54,7,378,Home,1,
8828,89,354,2026-01-28,volleyball,Skill practice and gameplay,110,7,770,Gym,1,
8829,89,354,2026-01-29,recovery,Mobility and low-intensity recovery,27,4,108,Gym,1,
8830,89,354,2026-01-30,rest,Full rest day,0,0,0,Track,1,
8831,89,354,2026-01-31,volleyball,Open gym or tournament,81,6,486,Gym,1,
8832,89,354,2026-02-01,rest,Full rest day,0,0,0,Track,1,
8833,89,354,2026-02-02,rest,Full rest day,0,0,0,Gym,1,
8834,89,354,2026-02-03,plyometric,Jump power and elasticity,48,6,288,Track,1,
8835,89,354,2026-02-04,volleyball,Skill practice and gameplay,72,8,576,Track,1,
8836,89,354,2026-02-05,recovery,Mobility and low-intensity recovery,22,3,66,Home,1,
8837,89,354,2026-02-06,strength,Upper-body strength,71,5,355,Court,1,
8838,89,354,2026-02-07,volleyball,Open gym or tournament,126,6,756,Track,1,
8839,89,354,2026-02-08,rest,Full rest day,0,0,0,Home,1,
8840,89,354,2026-02-09,strength,Lower-body strength,70,5,350,Track,1,
8841,89,354,2026-02-10,rest,Full rest day,0,0,0,Court,1,
8842,89,354,2026-02-11,volleyball,Skill practice and gameplay,103,8,824,Gym,1,
8843,89,354,2026-02-12,recovery,Mobility and low-intensity recovery,20,5,100,Track,1,
8844,89,354,2026-02-13,strength,Upper-body strength,51,7,357,Home,1,
8845,89,354,2026-02-14,volleyball,Open gym or tournament,122,8,976,Gym,1,
8846,89,354,2026-02-15,rest,Full rest day,0,0,0,Court,1,
8847,89,354,2026-02-16,strength,Lower-body strength,42,7,294,Gym,1,
8848,89,354,2026-02-17,plyometric,Jump power and elasticity,42,6,252,Home,1,
8849,89,354,2026-02-18,volleyball,Skill practice and gameplay,101,6,606,Home,1,
8850,89,354,2026-02-19,recovery,Mobility and low-intensity recovery,37,3,111,Gym,1,
8851,89,355,2026-02-20,strength,Upper-body strength,47,8,376,Track,1,
8852,89,355,2026-02-21,volleyball,Open gym or tournament,123,6,738,Court,1,
8853,89,355,2026-02-22,rest,Full rest day,0,0,0,Court,1,
8854,89,355,2026-02-23,strength,Lower-body strength,62,8,496,Home,1,
8855,89,355,2026-02-24,plyometric,Jump power and elasticity,44,7,308,Gym,1,
8856,89,355,2026-02-25,volleyball,Skill practice and gameplay,90,8,720,Gym,1,
8857,89,355,2026-02-26,recovery,Mobility and low-intensity recovery,28,3,84,Court,1,
8858,89,355,2026-02-27,rest,Full rest day,0,0,0,Court,1,
8859,89,355,2026-02-28,volleyball,Open gym or tournament,120,6,720,Court,1,
8860,89,355,2026-03-01,rest,Full rest day,0,0,0,Court,1,
8861,89,355,2026-03-02,rest,Full rest day,0,0,0,Track,1,
8862,89,355,2026-03-03,plyometric,Jump power and elasticity,51,8,408,Home,1,
8863,89,355,2026-03-04,volleyball,Skill practice and gameplay,65,9,585,Court,1,
8864,89,355,2026-03-05,recovery,Mobility and low-intensity recovery,25,4,100,Track,1,
8865,89,355,2026-03-06,strength,Upper-body strength,83,9,747,Track,1,
8866,89,355,2026-03-07,rest,Full rest day,0,0,0,Track,1,
8867,89,355,2026-03-08,rest,Full rest day,0,0,0,Home,1,
8868,89,355,2026-03-09,strength,Lower-body strength,69,5,345,Gym,1,
8869,89,355,2026-03-10,plyometric,Jump power and elasticity,52,8,416,Home,1,
8870,89,355,2026-03-11,volleyball,Skill practice and gameplay,42,8,336,Court,1,
8871,89,355,2026-03-12,recovery,Mobility and low-intensity recovery,37,3,111,Court,1,
8872,89,355,2026-03-13,strength,Upper-body strength,80,7,560,Gym,1,
8873,89,355,2026-03-14,volleyball,Open gym or tournament,117,6,702,Court,1,
8874,89,355,2026-03-15,rest,Full rest day,0,0,0,Home,1,
8875,89,355,2026-03-16,strength,Lower-body strength,52,6,312,Gym,1,
8876,89,356,2026-03-17,rest,Full rest day,0,0,0,Gym,1,
8877,89,356,2026-03-18,volleyball,Skill practice and gameplay,104,8,832,Court,1,
8878,89,356,2026-03-19,recovery,Mobility and low-intensity recovery,29,4,116,Track,1,
8879,89,356,2026-03-20,strength,Upper-body strength,63,6,378,Gym,1,
8880,89,356,2026-03-21,volleyball,Open gym or tournament,156,7,1092,Home,1,
8881,89,356,2026-03-22,rest,Full rest day,0,0,0,Gym,1,
8882,89,356,2026-03-23,strength,Lower-body strength,70,9,630,Home,1,
8883,89,356,2026-03-24,plyometric,Jump power and elasticity,50,7,350,Track,1,
8884,89,356,2026-03-25,volleyball,Skill practice and gameplay,91,8,728,Court,1,
8885,89,356,2026-03-26,recovery,Mobility and low-intensity recovery,47,4,188,Track,1,
8886,89,356,2026-03-27,strength,Upper-body strength,62,5,310,Court,1,
8887,89,356,2026-03-28,volleyball,Open gym or tournament,123,6,738,Gym,1,
8888,89,356,2026-03-29,rest,Full rest day,0,0,0,Track,1,
8889,89,356,2026-03-30,rest,Full rest day,0,0,0,Track,1,
8890,89,356,2026-03-31,rest,Full rest day,0,0,0,Track,1,
8891,89,356,2026-04-01,volleyball,Skill practice and gameplay,98,5,490,Gym,1,
8892,89,356,2026-04-02,recovery,Mobility and low-intensity recovery,24,4,96,Gym,1,
8893,89,356,2026-04-03,strength,Upper-body strength,100,6,600,Court,1,
8894,89,356,2026-04-04,rest,Full rest day,0,0,0,Home,1,
8895,89,356,2026-04-05,rest,Full rest day,0,0,0,Track,1,
8896,89,356,2026-04-06,strength,Lower-body strength,52,8,416,Home,1,
8897,89,356,2026-04-07,plyometric,Jump power and elasticity,51,6,306,Track,1,
8898,89,356,2026-04-08,volleyball,Skill practice and gameplay,86,5,430,Home,1,
8899,89,356,2026-04-09,recovery,Mobility and low-intensity recovery,24,3,72,Court,1,
8900,89,356,2026-04-10,strength,Upper-body strength,61,7,427,Gym,1,
8901,90,357,2026-01-01,recovery,Mobility and low-intensity recovery,23,3,69,Home,1,
8902,90,357,2026-01-02,strength,Upper-body strength,54,8,432,Gym,1,
8903,90,357,2026-01-03,volleyball,Open gym or tournament,104,6,624,Track,1,
8904,90,357,2026-01-04,rest,Full rest day,0,0,0,Track,1,
8905,90,357,2026-01-05,strength,Lower-body strength,76,8,608,Home,1,
8906,90,357,2026-01-06,plyometric,Jump power and elasticity,51,9,459,Home,1,
8907,90,357,2026-01-07,rest,Full rest day,0,0,0,Court,1,
8908,90,357,2026-01-08,recovery,Mobility and low-intensity recovery,40,3,120,Home,1,
8909,90,357,2026-01-09,strength,Upper-body strength,67,8,536,Track,1,
8910,90,357,2026-01-10,volleyball,Open gym or tournament,104,7,728,Track,1,
8911,90,357,2026-01-11,rest,Full rest day,0,0,0,Track,1,
8912,90,357,2026-01-12,strength,Lower-body strength,52,7,364,Gym,1,
8913,90,357,2026-01-13,plyometric,Jump power and elasticity,33,7,231,Home,1,
8914,90,357,2026-01-14,volleyball,Skill practice and gameplay,76,8,608,Home,1,
8915,90,357,2026-01-15,recovery,Mobility and low-intensity recovery,31,2,62,Track,1,
8916,90,357,2026-01-16,strength,Upper-body strength,48,7,336,Gym,1,
8917,90,357,2026-01-17,volleyball,Open gym or tournament,84,6,504,Gym,1,
8918,90,357,2026-01-18,rest,Full rest day,0,0,0,Court,1,
8919,90,357,2026-01-19,strength,Lower-body strength,47,7,329,Gym,1,
8920,90,357,2026-01-20,plyometric,Jump power and elasticity,44,7,308,Court,1,
8921,90,357,2026-01-21,volleyball,Skill practice and gameplay,108,7,756,Gym,1,
8922,90,357,2026-01-22,recovery,Mobility and low-intensity recovery,42,3,126,Track,1,
8923,90,357,2026-01-23,strength,Upper-body strength,42,7,294,Home,1,
8924,90,357,2026-01-24,volleyball,Open gym or tournament,113,7,791,Court,1,
8925,90,357,2026-01-25,rest,Full rest day,0,0,0,Home,1,
8926,90,358,2026-01-26,strength,Lower-body strength,61,7,427,Gym,1,
8927,90,358,2026-01-27,plyometric,Jump power and elasticity,52,8,416,Court,1,
8928,90,358,2026-01-28,volleyball,Skill practice and gameplay,105,7,735,Home,1,
8929,90,358,2026-01-29,recovery,Mobility and low-intensity recovery,40,2,80,Home,1,
8930,90,358,2026-01-30,strength,Upper-body strength,47,7,329,Gym,1,
8931,90,358,2026-01-31,rest,Full rest day,0,0,0,Track,1,
8932,90,358,2026-02-01,rest,Full rest day,0,0,0,Home,1,
8933,90,358,2026-02-02,strength,Lower-body strength,66,6,396,Home,1,
8934,90,358,2026-02-03,plyometric,Jump power and elasticity,38,8,304,Home,1,
8935,90,358,2026-02-04,volleyball,Skill practice and gameplay,78,7,546,Gym,1,
8936,90,358,2026-02-05,recovery,Mobility and low-intensity recovery,35,3,105,Gym,1,
8937,90,358,2026-02-06,strength,Upper-body strength,88,8,704,Court,1,
8938,90,358,2026-02-07,volleyball,Open gym or tournament,94,6,564,Gym,1,
8939,90,358,2026-02-08,rest,Full rest day,0,0,0,Home,1,
8940,90,358,2026-02-09,strength,Lower-body strength,68,8,544,Home,1,
8941,90,358,2026-02-10,plyometric,Jump power and elasticity,20,6,120,Court,1,
8942,90,358,2026-02-11,volleyball,Skill practice and gameplay,138,9,1242,Home,1,
8943,90,358,2026-02-12,recovery,Mobility and low-intensity recovery,22,2,44,Track,1,
8944,90,358,2026-02-13,strength,Upper-body strength,42,7,294,Gym,1,
8945,90,358,2026-02-14,volleyball,Open gym or tournament,81,7,567,Track,1,
8946,90,358,2026-02-15,rest,Full rest day,0,0,0,Track,1,
8947,90,358,2026-02-16,strength,Lower-body strength,45,9,405,Home,1,
8948,90,358,2026-02-17,plyometric,Jump power and elasticity,35,8,280,Court,1,
8949,90,358,2026-02-18,volleyball,Skill practice and gameplay,47,8,376,Home,1,
8950,90,358,2026-02-19,recovery,Mobility and low-intensity recovery,35,5,175,Gym,1,
8951,90,359,2026-02-20,rest,Full rest day,0,0,0,Track,1,
8952,90,359,2026-02-21,volleyball,Open gym or tournament,122,8,976,Home,1,
8953,90,359,2026-02-22,rest,Full rest day,0,0,0,Gym,1,
8954,90,359,2026-02-23,strength,Lower-body strength,42,7,294,Court,1,
8955,90,359,2026-02-24,plyometric,Jump power and elasticity,14,5,70,Home,1,
8956,90,359,2026-02-25,volleyball,Skill practice and gameplay,145,6,870,Court,1,
8957,90,359,2026-02-26,recovery,Mobility and low-intensity recovery,29,2,58,Court,1,
8958,90,359,2026-02-27,strength,Upper-body strength,36,8,288,Track,1,
8959,90,359,2026-02-28,volleyball,Open gym or tournament,92,5,460,Gym,1,
8960,90,359,2026-03-01,rest,Full rest day,0,0,0,Home,1,
8961,90,359,2026-03-02,strength,Lower-body strength,70,6,420,Gym,1,
8962,90,359,2026-03-03,plyometric,Jump power and elasticity,50,7,350,Track,1,
8963,90,359,2026-03-04,volleyball,Skill practice and gameplay,112,6,672,Home,1,
8964,90,359,2026-03-05,recovery,Mobility and low-intensity recovery,48,3,144,Home,1,
8965,90,359,2026-03-06,strength,Upper-body strength,73,8,584,Court,1,
8966,90,359,2026-03-07,volleyball,Open gym or tournament,125,6,750,Gym,1,
8967,90,359,2026-03-08,rest,Full rest day,0,0,0,Court,1,
8968,90,359,2026-03-09,strength,Lower-body strength,77,6,462,Gym,1,
8969,90,359,2026-03-10,plyometric,Jump power and elasticity,33,6,198,Home,1,
8970,90,359,2026-03-11,volleyball,Skill practice and gameplay,117,7,819,Track,1,
8971,90,359,2026-03-12,recovery,Mobility and low-intensity recovery,42,3,126,Track,1,
8972,90,359,2026-03-13,strength,Upper-body strength,63,8,504,Court,1,
8973,90,359,2026-03-14,volleyball,Open gym or tournament,109,9,981,Gym,1,
8974,90,359,2026-03-15,rest,Full rest day,0,0,0,Court,1,
8975,90,359,2026-03-16,strength,Lower-body strength,70,7,490,Gym,1,
8976,90,360,2026-03-17,rest,Full rest day,0,0,0,Track,1,
8977,90,360,2026-03-18,rest,Full rest day,0,0,0,Home,1,
8978,90,360,2026-03-19,recovery,Mobility and low-intensity recovery,46,4,184,Gym,1,
8979,90,360,2026-03-20,strength,Upper-body strength,80,7,560,Track,1,
8980,90,360,2026-03-21,volleyball,Open gym or tournament,53,7,371,Home,1,
8981,90,360,2026-03-22,rest,Full rest day,0,0,0,Home,1,
8982,90,360,2026-03-23,strength,Lower-body strength,53,7,371,Court,1,
8983,90,360,2026-03-24,plyometric,Jump power and elasticity,41,7,287,Track,1,
8984,90,360,2026-03-25,volleyball,Skill practice and gameplay,77,6,462,Court,1,
8985,90,360,2026-03-26,rest,Full rest day,0,0,0,Gym,1,
8986,90,360,2026-03-27,strength,Upper-body strength,82,6,492,Gym,1,
8987,90,360,2026-03-28,volleyball,Open gym or tournament,114,6,684,Home,1,
8988,90,360,2026-03-29,rest,Full rest day,0,0,0,Track,1,
8989,90,360,2026-03-30,strength,Lower-body strength,87,8,696,Track,1,
8990,90,360,2026-03-31,plyometric,Jump power and elasticity,58,7,406,Court,1,
8991,90,360,2026-04-01,volleyball,Skill practice and gameplay,139,6,834,Court,1,
8992,90,360,2026-04-02,recovery,Mobility and low-intensity recovery,46,3,138,Track,1,
8993,90,360,2026-04-03,strength,Upper-body strength,59,8,472,Home,1,
8994,90,360,2026-04-04,volleyball,Open gym or tournament,99,7,693,Home,1,
8995,90,360,2026-04-05,rest,Full rest day,0,0,0,Home,1,
8996,90,360,2026-04-06,strength,Lower-body strength,87,6,522,Court,1,
8997,90,360,2026-04-07,plyometric,Jump power and elasticity,35,6,210,Home,1,
8998,90,360,2026-04-08,volleyball,Skill practice and gameplay,84,8,672,Track,1,
8999,90,360,2026-04-09,recovery,Mobility and low-intensity recovery,46,3,138,Home,1,
9000,90,360,2026-04-10,strength,Upper-body strength,64,7,448,Gym,1,
9001,91,361,2026-01-01,recovery,Mobility and low-intensity recovery,25,3,75,Court,1,
9002,91,361,2026-01-02,strength,Upper-body strength,75,5,375,Gym,1,
9003,91,361,2026-01-03,volleyball,Open gym or tournament,112,6,672,Court,1,
9004,91,361,2026-01-04,rest,Full rest day,0,0,0,Track,1,
9005,91,361,2026-01-05,strength,Lower-body strength,77,6,462,Track,1,
9006,91,361,2026-01-06,plyometric,Jump power and elasticity,41,8,328,Gym,1,
9007,91,361,2026-01-07,volleyball,Skill practice and gameplay,101,7,707,Court,1,
9008,91,361,2026-01-08,recovery,Mobility and low-intensity recovery,48,3,144,Home,1,
9009,91,361,2026-01-09,strength,Upper-body strength,77,7,539,Court,1,
9010,91,361,2026-01-10,volleyball,Open gym or tournament,118,9,1062,Home,1,
9011,91,361,2026-01-11,rest,Full rest day,0,0,0,Track,1,
9012,91,361,2026-01-12,strength,Lower-body strength,55,6,330,Gym,1,
9013,91,361,2026-01-13,plyometric,Jump power and elasticity,31,7,217,Home,1,
9014,91,361,2026-01-14,volleyball,Skill practice and gameplay,109,7,763,Track,1,
9015,91,361,2026-01-15,rest,Full rest day,0,0,0,Gym,1,
9016,91,361,2026-01-16,strength,Upper-body strength,81,8,648,Home,1,
9017,91,361,2026-01-17,volleyball,Open gym or tournament,107,7,749,Court,1,
9018,91,361,2026-01-18,rest,Full rest day,0,0,0,Home,1,
9019,91,361,2026-01-19,strength,Lower-body strength,59,6,354,Gym,1,
9020,91,361,2026-01-20,plyometric,Jump power and elasticity,35,7,245,Gym,1,
9021,91,361,2026-01-21,volleyball,Skill practice and gameplay,65,6,390,Court,1,
9022,91,361,2026-01-22,recovery,Mobility and low-intensity recovery,32,1,32,Court,1,
9023,91,361,2026-01-23,strength,Upper-body strength,66,7,462,Home,1,
9024,91,361,2026-01-24,rest,Full rest day,0,0,0,Court,1,
9025,91,361,2026-01-25,rest,Full rest day,0,0,0,Home,1,
9026,91,362,2026-01-26,strength,Lower-body strength,52,6,312,Court,1,
9027,91,362,2026-01-27,plyometric,Jump power and elasticity,53,7,371,Track,1,
9028,91,362,2026-01-28,volleyball,Skill practice and gameplay,104,7,728,Court,1,
9029,91,362,2026-01-29,recovery,Mobility and low-intensity recovery,26,2,52,Court,1,
9030,91,362,2026-01-30,strength,Upper-body strength,64,6,384,Gym,1,
9031,91,362,2026-01-31,volleyball,Open gym or tournament,71,7,497,Track,1,
9032,91,362,2026-02-01,rest,Full rest day,0,0,0,Track,1,
9033,91,362,2026-02-02,strength,Lower-body strength,68,5,340,Gym,1,
9034,91,362,2026-02-03,plyometric,Jump power and elasticity,33,6,198,Track,1,
9035,91,362,2026-02-04,volleyball,Skill practice and gameplay,118,6,708,Track,1,
9036,91,362,2026-02-05,recovery,Mobility and low-intensity recovery,40,2,80,Gym,1,
9037,91,362,2026-02-06,strength,Upper-body strength,52,8,416,Home,1,
9038,91,362,2026-02-07,volleyball,Open gym or tournament,94,6,564,Home,1,
9039,91,362,2026-02-08,rest,Full rest day,0,0,0,Home,1,
9040,91,362,2026-02-09,strength,Lower-body strength,67,7,469,Home,1,
9041,91,362,2026-02-10,plyometric,Jump power and elasticity,50,6,300,Track,1,
9042,91,362,2026-02-11,volleyball,Skill practice and gameplay,87,6,522,Track,1,
9043,91,362,2026-02-12,recovery,Mobility and low-intensity recovery,32,1,32,Home,1,
9044,91,362,2026-02-13,strength,Upper-body strength,75,8,600,Track,1,
9045,91,362,2026-02-14,volleyball,Open gym or tournament,117,6,702,Gym,1,
9046,91,362,2026-02-15,rest,Full rest day,0,0,0,Court,1,
9047,91,362,2026-02-16,strength,Lower-body strength,71,6,426,Home,1,
9048,91,362,2026-02-17,plyometric,Jump power and elasticity,42,6,252,Home,1,
9049,91,362,2026-02-18,volleyball,Skill practice and gameplay,124,8,992,Track,1,
9050,91,362,2026-02-19,recovery,Mobility and low-intensity recovery,34,3,102,Court,1,
9051,91,363,2026-02-20,strength,Upper-body strength,64,7,448,Court,1,
9052,91,363,2026-02-21,volleyball,Open gym or tournament,150,7,1050,Home,1,
9053,91,363,2026-02-22,rest,Full rest day,0,0,0,Home,1,
9054,91,363,2026-02-23,strength,Lower-body strength,69,6,414,Track,1,
9055,91,363,2026-02-24,plyometric,Jump power and elasticity,42,7,294,Home,1,
9056,91,363,2026-02-25,volleyball,Skill practice and gameplay,111,7,777,Track,1,
9057,91,363,2026-02-26,rest,Full rest day,0,0,0,Gym,1,
9058,91,363,2026-02-27,strength,Upper-body strength,64,8,512,Gym,1,
9059,91,363,2026-02-28,volleyball,Open gym or tournament,73,6,438,Gym,1,
9060,91,363,2026-03-01,rest,Full rest day,0,0,0,Gym,1,
9061,91,363,2026-03-02,strength,Lower-body strength,74,8,592,Gym,1,
9062,91,363,2026-03-03,plyometric,Jump power and elasticity,44,8,352,Home,1,
9063,91,363,2026-03-04,volleyball,Skill practice and gameplay,93,7,651,Gym,1,
9064,91,363,2026-03-05,recovery,Mobility and low-intensity recovery,40,1,40,Home,1,
9065,91,363,2026-03-06,strength,Upper-body strength,65,9,585,Gym,1,
9066,91,363,2026-03-07,volleyball,Open gym or tournament,113,8,904,Home,1,
9067,91,363,2026-03-08,rest,Full rest day,0,0,0,Gym,1,
9068,91,363,2026-03-09,strength,Lower-body strength,57,7,399,Track,1,
9069,91,363,2026-03-10,plyometric,Jump power and elasticity,53,8,424,Home,1,
9070,91,363,2026-03-11,volleyball,Skill practice and gameplay,66,5,330,Court,1,
9071,91,363,2026-03-12,recovery,Mobility and low-intensity recovery,32,3,96,Court,1,
9072,91,363,2026-03-13,strength,Upper-body strength,70,6,420,Home,1,
9073,91,363,2026-03-14,volleyball,Open gym or tournament,136,8,1088,Home,1,
9074,91,363,2026-03-15,rest,Full rest day,0,0,0,Gym,1,
9075,91,363,2026-03-16,strength,Lower-body strength,57,6,342,Court,1,
9076,91,364,2026-03-17,plyometric,Jump power and elasticity,33,6,198,Home,1,
9077,91,364,2026-03-18,volleyball,Skill practice and gameplay,112,7,784,Gym,1,
9078,91,364,2026-03-19,recovery,Mobility and low-intensity recovery,24,3,72,Track,1,
9079,91,364,2026-03-20,strength,Upper-body strength,70,8,560,Home,1,
9080,91,364,2026-03-21,volleyball,Open gym or tournament,94,7,658,Home,1,
9081,91,364,2026-03-22,rest,Full rest day,0,0,0,Home,1,
9082,91,364,2026-03-23,strength,Lower-body strength,40,5,200,Gym,1,
9083,91,364,2026-03-24,plyometric,Jump power and elasticity,36,7,252,Track,1,
9084,91,364,2026-03-25,volleyball,Skill practice and gameplay,131,8,1048,Court,1,
9085,91,364,2026-03-26,recovery,Mobility and low-intensity recovery,40,4,160,Track,1,
9086,91,364,2026-03-27,strength,Upper-body strength,55,6,330,Track,1,
9087,91,364,2026-03-28,volleyball,Open gym or tournament,95,8,760,Track,1,
9088,91,364,2026-03-29,rest,Full rest day,0,0,0,Track,1,
9089,91,364,2026-03-30,strength,Lower-body strength,74,7,518,Home,1,
9090,91,364,2026-03-31,plyometric,Jump power and elasticity,53,6,318,Court,1,
9091,91,364,2026-04-01,volleyball,Skill practice and gameplay,115,8,920,Gym,1,
9092,91,364,2026-04-02,recovery,Mobility and low-intensity recovery,36,1,36,Home,1,
9093,91,364,2026-04-03,strength,Upper-body strength,63,9,567,Gym,1,
9094,91,364,2026-04-04,volleyball,Open gym or tournament,89,6,534,Gym,1,
9095,91,364,2026-04-05,rest,Full rest day,0,0,0,Gym,1,
9096,91,364,2026-04-06,strength,Lower-body strength,50,8,400,Court,1,
9097,91,364,2026-04-07,plyometric,Jump power and elasticity,46,6,276,Track,1,
9098,91,364,2026-04-08,volleyball,Skill practice and gameplay,102,8,816,Track,1,
9099,91,364,2026-04-09,recovery,Mobility and low-intensity recovery,33,1,33,Track,1,
9100,91,364,2026-04-10,strength,Upper-body strength,59,9,531,Court,1,
9101,92,365,2026-01-01,recovery,Mobility and low-intensity recovery,30,2,60,Home,1,
9102,92,365,2026-01-02,strength,Upper-body strength,64,7,448,Court,1,
9103,92,365,2026-01-03,volleyball,Open gym or tournament,102,5,510,Home,1,
9104,92,365,2026-01-04,rest,Full rest day,0,0,0,Court,1,
9105,92,365,2026-01-05,rest,Full rest day,0,0,0,Home,1,
9106,92,365,2026-01-06,plyometric,Jump power and elasticity,42,8,336,Gym,1,
9107,92,365,2026-01-07,volleyball,Skill practice and gameplay,116,7,812,Home,1,
9108,92,365,2026-01-08,recovery,Mobility and low-intensity recovery,33,3,99,Court,1,
9109,92,365,2026-01-09,strength,Upper-body strength,74,6,444,Home,1,
9110,92,365,2026-01-10,volleyball,Open gym or tournament,107,6,642,Court,1,
9111,92,365,2026-01-11,rest,Full rest day,0,0,0,Home,1,
9112,92,365,2026-01-12,strength,Lower-body strength,75,7,525,Track,1,
9113,92,365,2026-01-13,plyometric,Jump power and elasticity,41,7,287,Court,1,
9114,92,365,2026-01-14,volleyball,Skill practice and gameplay,102,5,510,Home,1,
9115,92,365,2026-01-15,recovery,Mobility and low-intensity recovery,36,3,108,Court,1,
9116,92,365,2026-01-16,strength,Upper-body strength,49,5,245,Gym,1,
9117,92,365,2026-01-17,volleyball,Open gym or tournament,91,7,637,Court,1,
9118,92,365,2026-01-18,rest,Full rest day,0,0,0,Gym,1,
9119,92,365,2026-01-19,strength,Lower-body strength,58,7,406,Home,1,
9120,92,365,2026-01-20,plyometric,Jump power and elasticity,40,7,280,Track,1,
9121,92,365,2026-01-21,volleyball,Skill practice and gameplay,48,7,336,Court,1,
9122,92,365,2026-01-22,recovery,Mobility and low-intensity recovery,26,2,52,Track,1,
9123,92,365,2026-01-23,strength,Upper-body strength,61,6,366,Court,1,
9124,92,365,2026-01-24,volleyball,Open gym or tournament,131,7,917,Gym,1,
9125,92,365,2026-01-25,rest,Full rest day,0,0,0,Gym,1,
9126,92,366,2026-01-26,strength,Lower-body strength,41,8,328,Gym,1,
9127,92,366,2026-01-27,plyometric,Jump power and elasticity,43,7,301,Home,1,
9128,92,366,2026-01-28,volleyball,Skill practice and gameplay,116,9,1044,Gym,1,
9129,92,366,2026-01-29,recovery,Mobility and low-intensity recovery,27,3,81,Court,1,
9130,92,366,2026-01-30,strength,Upper-body strength,60,6,360,Gym,1,
9131,92,366,2026-01-31,volleyball,Open gym or tournament,108,6,648,Gym,1,
9132,92,366,2026-02-01,rest,Full rest day,0,0,0,Home,1,
9133,92,366,2026-02-02,strength,Lower-body strength,54,6,324,Gym,1,
9134,92,366,2026-02-03,plyometric,Jump power and elasticity,38,7,266,Court,1,
9135,92,366,2026-02-04,volleyball,Skill practice and gameplay,143,7,1001,Home,1,
9136,92,366,2026-02-05,recovery,Mobility and low-intensity recovery,35,2,70,Track,1,
9137,92,366,2026-02-06,strength,Upper-body strength,66,7,462,Court,1,
9138,92,366,2026-02-07,volleyball,Open gym or tournament,114,7,798,Court,1,
9139,92,366,2026-02-08,rest,Full rest day,0,0,0,Court,1,
9140,92,366,2026-02-09,strength,Lower-body strength,60,7,420,Track,1,
9141,92,366,2026-02-10,rest,Full rest day,0,0,0,Court,1,
9142,92,366,2026-02-11,volleyball,Skill practice and gameplay,75,5,375,Court,1,
9143,92,366,2026-02-12,recovery,Mobility and low-intensity recovery,36,2,72,Home,1,
9144,92,366,2026-02-13,strength,Upper-body strength,51,8,408,Track,1,
9145,92,366,2026-02-14,volleyball,Open gym or tournament,125,4,500,Gym,1,
9146,92,366,2026-02-15,rest,Full rest day,0,0,0,Track,1,
9147,92,366,2026-02-16,rest,Full rest day,0,0,0,Gym,1,
9148,92,366,2026-02-17,plyometric,Jump power and elasticity,62,7,434,Court,1,
9149,92,366,2026-02-18,volleyball,Skill practice and gameplay,118,6,708,Gym,1,
9150,92,366,2026-02-19,recovery,Mobility and low-intensity recovery,39,3,117,Gym,1,
9151,92,367,2026-02-20,strength,Upper-body strength,61,6,366,Gym,1,
9152,92,367,2026-02-21,volleyball,Open gym or tournament,78,7,546,Home,1,
9153,92,367,2026-02-22,rest,Full rest day,0,0,0,Gym,1,
9154,92,367,2026-02-23,strength,Lower-body strength,58,7,406,Gym,1,
9155,92,367,2026-02-24,plyometric,Jump power and elasticity,38,7,266,Court,1,
9156,92,367,2026-02-25,volleyball,Skill practice and gameplay,95,7,665,Track,1,
9157,92,367,2026-02-26,recovery,Mobility and low-intensity recovery,34,2,68,Track,1,
9158,92,367,2026-02-27,rest,Full rest day,0,0,0,Court,1,
9159,92,367,2026-02-28,volleyball,Open gym or tournament,109,7,763,Gym,1,
9160,92,367,2026-03-01,rest,Full rest day,0,0,0,Gym,1,
9161,92,367,2026-03-02,strength,Lower-body strength,59,6,354,Home,1,
9162,92,367,2026-03-03,plyometric,Jump power and elasticity,45,7,315,Track,1,
9163,92,367,2026-03-04,volleyball,Skill practice and gameplay,87,8,696,Court,1,
9164,92,367,2026-03-05,recovery,Mobility and low-intensity recovery,29,3,87,Home,1,
9165,92,367,2026-03-06,strength,Upper-body strength,81,5,405,Gym,1,
9166,92,367,2026-03-07,volleyball,Open gym or tournament,80,8,640,Home,1,
9167,92,367,2026-03-08,rest,Full rest day,0,0,0,Gym,1,
9168,92,367,2026-03-09,strength,Lower-body strength,68,8,544,Home,1,
9169,92,367,2026-03-10,plyometric,Jump power and elasticity,43,6,258,Gym,1,
9170,92,367,2026-03-11,volleyball,Skill practice and gameplay,62,7,434,Home,1,
9171,92,367,2026-03-12,recovery,Mobility and low-intensity recovery,27,5,135,Gym,1,
9172,92,367,2026-03-13,strength,Upper-body strength,69,8,552,Court,1,
9173,92,367,2026-03-14,volleyball,Open gym or tournament,112,6,672,Home,1,
9174,92,367,2026-03-15,rest,Full rest day,0,0,0,Home,1,
9175,92,367,2026-03-16,strength,Lower-body strength,63,7,441,Track,1,
9176,92,368,2026-03-17,plyometric,Jump power and elasticity,61,7,427,Home,1,
9177,92,368,2026-03-18,volleyball,Skill practice and gameplay,134,7,938,Court,1,
9178,92,368,2026-03-19,recovery,Mobility and low-intensity recovery,34,3,102,Court,1,
9179,92,368,2026-03-20,rest,Full rest day,0,0,0,Track,1,
9180,92,368,2026-03-21,volleyball,Open gym or tournament,173,6,1038,Gym,1,
9181,92,368,2026-03-22,rest,Full rest day,0,0,0,Court,1,
9182,92,368,2026-03-23,strength,Lower-body strength,66,8,528,Gym,1,
9183,92,368,2026-03-24,plyometric,Jump power and elasticity,53,7,371,Gym,1,
9184,92,368,2026-03-25,volleyball,Skill practice and gameplay,79,4,316,Track,1,
9185,92,368,2026-03-26,recovery,Mobility and low-intensity recovery,20,2,40,Track,1,
9186,92,368,2026-03-27,rest,Full rest day,0,0,0,Home,1,
9187,92,368,2026-03-28,volleyball,Open gym or tournament,75,8,600,Gym,1,
9188,92,368,2026-03-29,rest,Full rest day,0,0,0,Court,1,
9189,92,368,2026-03-30,strength,Lower-body strength,49,6,294,Track,1,
9190,92,368,2026-03-31,plyometric,Jump power and elasticity,47,7,329,Gym,1,
9191,92,368,2026-04-01,rest,Full rest day,0,0,0,Court,1,
9192,92,368,2026-04-02,recovery,Mobility and low-intensity recovery,38,5,190,Gym,1,
9193,92,368,2026-04-03,strength,Upper-body strength,75,6,450,Gym,1,
9194,92,368,2026-04-04,volleyball,Open gym or tournament,101,8,808,Court,1,
9195,92,368,2026-04-05,rest,Full rest day,0,0,0,Court,1,
9196,92,368,2026-04-06,strength,Lower-body strength,88,9,792,Track,1,
9197,92,368,2026-04-07,plyometric,Jump power and elasticity,53,8,424,Gym,1,
9198,92,368,2026-04-08,volleyball,Skill practice and gameplay,90,6,540,Court,1,
9199,92,368,2026-04-09,recovery,Mobility and low-intensity recovery,33,1,33,Gym,1,
9200,92,368,2026-04-10,strength,Upper-body strength,70,8,560,Track,1,
9201,93,369,2026-01-01,recovery,Mobility and low-intensity recovery,35,3,105,Court,1,
9202,93,369,2026-01-02,strength,Upper-body strength,86,7,602,Court,1,
9203,93,369,2026-01-03,volleyball,Open gym or tournament,82,6,492,Gym,1,
9204,93,369,2026-01-04,rest,Full rest day,0,0,0,Court,1,
9205,93,369,2026-01-05,strength,Lower-body strength,70,8,560,Track,1,
9206,93,369,2026-01-06,plyometric,Jump power and elasticity,57,6,342,Track,1,
9207,93,369,2026-01-07,volleyball,Skill practice and gameplay,92,5,460,Home,1,
9208,93,369,2026-01-08,recovery,Mobility and low-intensity recovery,43,3,129,Court,1,
9209,93,369,2026-01-09,strength,Upper-body strength,46,6,276,Gym,1,
9210,93,369,2026-01-10,volleyball,Open gym or tournament,69,5,345,Track,1,
9211,93,369,2026-01-11,rest,Full rest day,0,0,0,Track,1,
9212,93,369,2026-01-12,strength,Lower-body strength,48,6,288,Home,1,
9213,93,369,2026-01-13,plyometric,Jump power and elasticity,50,8,400,Home,1,
9214,93,369,2026-01-14,volleyball,Skill practice and gameplay,126,6,756,Home,1,
9215,93,369,2026-01-15,rest,Full rest day,0,0,0,Home,1,
9216,93,369,2026-01-16,rest,Full rest day,0,0,0,Court,1,
9217,93,369,2026-01-17,volleyball,Open gym or tournament,87,9,783,Track,1,
9218,93,369,2026-01-18,rest,Full rest day,0,0,0,Court,1,
9219,93,369,2026-01-19,strength,Lower-body strength,57,7,399,Court,1,
9220,93,369,2026-01-20,plyometric,Jump power and elasticity,41,6,246,Track,1,
9221,93,369,2026-01-21,volleyball,Skill practice and gameplay,125,7,875,Home,1,
9222,93,369,2026-01-22,recovery,Mobility and low-intensity recovery,35,2,70,Gym,1,
9223,93,369,2026-01-23,strength,Upper-body strength,60,5,300,Track,1,
9224,93,369,2026-01-24,volleyball,Open gym or tournament,121,8,968,Court,1,
9225,93,369,2026-01-25,rest,Full rest day,0,0,0,Court,1,
9226,93,370,2026-01-26,strength,Lower-body strength,64,6,384,Home,1,
9227,93,370,2026-01-27,plyometric,Jump power and elasticity,48,7,336,Home,1,
9228,93,370,2026-01-28,volleyball,Skill practice and gameplay,131,7,917,Home,1,
9229,93,370,2026-01-29,recovery,Mobility and low-intensity recovery,56,3,168,Home,1,
9230,93,370,2026-01-30,strength,Upper-body strength,61,6,366,Track,1,
9231,93,370,2026-01-31,volleyball,Open gym or tournament,103,6,618,Track,1,
9232,93,370,2026-02-01,rest,Full rest day,0,0,0,Gym,1,
9233,93,370,2026-02-02,rest,Full rest day,0,0,0,Home,1,
9234,93,370,2026-02-03,plyometric,Jump power and elasticity,41,7,287,Home,1,
9235,93,370,2026-02-04,volleyball,Skill practice and gameplay,102,8,816,Court,1,
9236,93,370,2026-02-05,rest,Full rest day,0,0,0,Track,1,
9237,93,370,2026-02-06,strength,Upper-body strength,40,6,240,Track,1,
9238,93,370,2026-02-07,volleyball,Open gym or tournament,129,6,774,Gym,1,
9239,93,370,2026-02-08,rest,Full rest day,0,0,0,Home,1,
9240,93,370,2026-02-09,strength,Lower-body strength,67,7,469,Court,1,
9241,93,370,2026-02-10,rest,Full rest day,0,0,0,Gym,1,
9242,93,370,2026-02-11,volleyball,Skill practice and gameplay,115,9,1035,Track,1,
9243,93,370,2026-02-12,recovery,Mobility and low-intensity recovery,27,3,81,Home,1,
9244,93,370,2026-02-13,strength,Upper-body strength,85,8,680,Track,1,
9245,93,370,2026-02-14,volleyball,Open gym or tournament,110,5,550,Track,1,
9246,93,370,2026-02-15,rest,Full rest day,0,0,0,Home,1,
9247,93,370,2026-02-16,strength,Lower-body strength,62,6,372,Gym,1,
9248,93,370,2026-02-17,plyometric,Jump power and elasticity,41,7,287,Gym,1,
9249,93,370,2026-02-18,volleyball,Skill practice and gameplay,86,6,516,Court,1,
9250,93,370,2026-02-19,recovery,Mobility and low-intensity recovery,41,1,41,Track,1,
9251,93,371,2026-02-20,strength,Upper-body strength,49,7,343,Home,1,
9252,93,371,2026-02-21,volleyball,Open gym or tournament,106,8,848,Court,1,
9253,93,371,2026-02-22,rest,Full rest day,0,0,0,Track,1,
9254,93,371,2026-02-23,strength,Lower-body strength,80,8,640,Court,1,
9255,93,371,2026-02-24,plyometric,Jump power and elasticity,63,7,441,Gym,1,
9256,93,371,2026-02-25,volleyball,Skill practice and gameplay,95,6,570,Court,1,
9257,93,371,2026-02-26,recovery,Mobility and low-intensity recovery,30,2,60,Track,1,
9258,93,371,2026-02-27,strength,Upper-body strength,62,9,558,Track,1,
9259,93,371,2026-02-28,volleyball,Open gym or tournament,79,9,711,Court,1,
9260,93,371,2026-03-01,rest,Full rest day,0,0,0,Track,1,
9261,93,371,2026-03-02,strength,Lower-body strength,84,7,588,Gym,1,
9262,93,371,2026-03-03,plyometric,Jump power and elasticity,42,9,378,Gym,1,
9263,93,371,2026-03-04,volleyball,Skill practice and gameplay,57,5,285,Track,1,
9264,93,371,2026-03-05,recovery,Mobility and low-intensity recovery,32,2,64,Gym,1,
9265,93,371,2026-03-06,strength,Upper-body strength,77,6,462,Track,1,
9266,93,371,2026-03-07,volleyball,Open gym or tournament,94,8,752,Court,1,
9267,93,371,2026-03-08,rest,Full rest day,0,0,0,Home,1,
9268,93,371,2026-03-09,strength,Lower-body strength,52,7,364,Track,1,
9269,93,371,2026-03-10,plyometric,Jump power and elasticity,33,9,297,Court,1,
9270,93,371,2026-03-11,rest,Full rest day,0,0,0,Gym,1,
9271,93,371,2026-03-12,recovery,Mobility and low-intensity recovery,28,4,112,Home,1,
9272,93,371,2026-03-13,strength,Upper-body strength,60,8,480,Track,1,
9273,93,371,2026-03-14,volleyball,Open gym or tournament,37,5,185,Court,1,
9274,93,371,2026-03-15,rest,Full rest day,0,0,0,Court,1,
9275,93,371,2026-03-16,strength,Lower-body strength,70,8,560,Gym,1,
9276,93,372,2026-03-17,plyometric,Jump power and elasticity,58,6,348,Track,1,
9277,93,372,2026-03-18,volleyball,Skill practice and gameplay,96,7,672,Gym,1,
9278,93,372,2026-03-19,recovery,Mobility and low-intensity recovery,37,3,111,Home,1,
9279,93,372,2026-03-20,strength,Upper-body strength,77,8,616,Home,1,
9280,93,372,2026-03-21,volleyball,Open gym or tournament,75,7,525,Track,1,
9281,93,372,2026-03-22,rest,Full rest day,0,0,0,Track,1,
9282,93,372,2026-03-23,strength,Lower-body strength,28,7,196,Court,1,
9283,93,372,2026-03-24,plyometric,Jump power and elasticity,36,8,288,Court,1,
9284,93,372,2026-03-25,volleyball,Skill practice and gameplay,54,7,378,Gym,1,
9285,93,372,2026-03-26,recovery,Mobility and low-intensity recovery,31,4,124,Home,1,
9286,93,372,2026-03-27,strength,Upper-body strength,52,6,312,Home,1,
9287,93,372,2026-03-28,volleyball,Open gym or tournament,103,7,721,Gym,1,
9288,93,372,2026-03-29,rest,Full rest day,0,0,0,Track,1,
9289,93,372,2026-03-30,strength,Lower-body strength,55,8,440,Home,1,
9290,93,372,2026-03-31,plyometric,Jump power and elasticity,57,8,456,Gym,1,
9291,93,372,2026-04-01,volleyball,Skill practice and gameplay,120,9,1080,Gym,1,
9292,93,372,2026-04-02,recovery,Mobility and low-intensity recovery,37,4,148,Home,1,
9293,93,372,2026-04-03,strength,Upper-body strength,58,9,522,Court,1,
9294,93,372,2026-04-04,volleyball,Open gym or tournament,93,6,558,Track,1,
9295,93,372,2026-04-05,rest,Full rest day,0,0,0,Home,1,
9296,93,372,2026-04-06,strength,Lower-body strength,65,6,390,Court,1,
9297,93,372,2026-04-07,plyometric,Jump power and elasticity,56,7,392,Gym,1,
9298,93,372,2026-04-08,volleyball,Skill practice and gameplay,93,6,558,Track,1,
9299,93,372,2026-04-09,recovery,Mobility and low-intensity recovery,31,3,93,Gym,1,
9300,93,372,2026-04-10,strength,Upper-body strength,85,6,510,Gym,1,
9301,94,373,2026-01-01,recovery,Mobility and low-intensity recovery,40,5,200,Home,1,
9302,94,373,2026-01-02,strength,Upper-body strength,71,9,639,Track,1,
9303,94,373,2026-01-03,volleyball,Open gym or tournament,123,7,861,Court,1,
9304,94,373,2026-01-04,rest,Full rest day,0,0,0,Home,1,
9305,94,373,2026-01-05,strength,Lower-body strength,56,7,392,Gym,1,
9306,94,373,2026-01-06,plyometric,Jump power and elasticity,35,8,280,Gym,1,
9307,94,373,2026-01-07,volleyball,Skill practice and gameplay,80,8,640,Track,1,
9308,94,373,2026-01-08,recovery,Mobility and low-intensity recovery,36,1,36,Gym,1,
9309,94,373,2026-01-09,strength,Upper-body strength,57,8,456,Gym,1,
9310,94,373,2026-01-10,volleyball,Open gym or tournament,94,6,564,Home,1,
9311,94,373,2026-01-11,rest,Full rest day,0,0,0,Gym,1,
9312,94,373,2026-01-12,strength,Lower-body strength,44,5,220,Home,1,
9313,94,373,2026-01-13,plyometric,Jump power and elasticity,39,8,312,Track,1,
9314,94,373,2026-01-14,volleyball,Skill practice and gameplay,106,6,636,Track,1,
9315,94,373,2026-01-15,recovery,Mobility and low-intensity recovery,29,1,29,Track,1,
9316,94,373,2026-01-16,strength,Upper-body strength,57,8,456,Track,1,
9317,94,373,2026-01-17,volleyball,Open gym or tournament,75,7,525,Home,1,
9318,94,373,2026-01-18,rest,Full rest day,0,0,0,Gym,1,
9319,94,373,2026-01-19,strength,Lower-body strength,68,7,476,Track,1,
9320,94,373,2026-01-20,plyometric,Jump power and elasticity,50,8,400,Home,1,
9321,94,373,2026-01-21,volleyball,Skill practice and gameplay,69,8,552,Gym,1,
9322,94,373,2026-01-22,recovery,Mobility and low-intensity recovery,38,2,76,Home,1,
9323,94,373,2026-01-23,strength,Upper-body strength,87,8,696,Track,1,
9324,94,373,2026-01-24,volleyball,Open gym or tournament,95,7,665,Home,1,
9325,94,373,2026-01-25,rest,Full rest day,0,0,0,Home,1,
9326,94,374,2026-01-26,strength,Lower-body strength,66,7,462,Gym,1,
9327,94,374,2026-01-27,rest,Full rest day,0,0,0,Track,1,
9328,94,374,2026-01-28,volleyball,Skill practice and gameplay,84,8,672,Gym,1,
9329,94,374,2026-01-29,recovery,Mobility and low-intensity recovery,34,3,102,Gym,1,
9330,94,374,2026-01-30,strength,Upper-body strength,93,7,651,Court,1,
9331,94,374,2026-01-31,volleyball,Open gym or tournament,92,5,460,Gym,1,
9332,94,374,2026-02-01,rest,Full rest day,0,0,0,Gym,1,
9333,94,374,2026-02-02,strength,Lower-body strength,67,6,402,Court,1,
9334,94,374,2026-02-03,plyometric,Jump power and elasticity,49,8,392,Gym,1,
9335,94,374,2026-02-04,volleyball,Skill practice and gameplay,119,7,833,Track,1,
9336,94,374,2026-02-05,recovery,Mobility and low-intensity recovery,34,2,68,Home,1,
9337,94,374,2026-02-06,strength,Upper-body strength,57,6,342,Court,1,
9338,94,374,2026-02-07,volleyball,Open gym or tournament,107,5,535,Court,1,
9339,94,374,2026-02-08,rest,Full rest day,0,0,0,Gym,1,
9340,94,374,2026-02-09,strength,Lower-body strength,63,8,504,Court,1,
9341,94,374,2026-02-10,plyometric,Jump power and elasticity,43,8,344,Track,1,
9342,94,374,2026-02-11,volleyball,Skill practice and gameplay,69,8,552,Gym,1,
9343,94,374,2026-02-12,recovery,Mobility and low-intensity recovery,36,3,108,Gym,1,
9344,94,374,2026-02-13,strength,Upper-body strength,59,7,413,Track,1,
9345,94,374,2026-02-14,volleyball,Open gym or tournament,77,7,539,Gym,1,
9346,94,374,2026-02-15,rest,Full rest day,0,0,0,Gym,1,
9347,94,374,2026-02-16,strength,Lower-body strength,51,8,408,Gym,1,
9348,94,374,2026-02-17,plyometric,Jump power and elasticity,31,8,248,Track,1,
9349,94,374,2026-02-18,volleyball,Skill practice and gameplay,108,8,864,Gym,1,
9350,94,374,2026-02-19,recovery,Mobility and low-intensity recovery,46,3,138,Track,1,
9351,94,375,2026-02-20,strength,Upper-body strength,73,7,511,Track,1,
9352,94,375,2026-02-21,volleyball,Open gym or tournament,39,8,312,Home,1,
9353,94,375,2026-02-22,rest,Full rest day,0,0,0,Track,1,
9354,94,375,2026-02-23,strength,Lower-body strength,51,6,306,Court,1,
9355,94,375,2026-02-24,plyometric,Jump power and elasticity,38,8,304,Court,1,
9356,94,375,2026-02-25,volleyball,Skill practice and gameplay,139,7,973,Home,1,
9357,94,375,2026-02-26,recovery,Mobility and low-intensity recovery,42,2,84,Gym,1,
9358,94,375,2026-02-27,strength,Upper-body strength,84,7,588,Court,1,
9359,94,375,2026-02-28,volleyball,Open gym or tournament,71,7,497,Track,1,
9360,94,375,2026-03-01,rest,Full rest day,0,0,0,Court,1,
9361,94,375,2026-03-02,strength,Lower-body strength,64,6,384,Home,1,
9362,94,375,2026-03-03,plyometric,Jump power and elasticity,51,7,357,Home,1,
9363,94,375,2026-03-04,volleyball,Skill practice and gameplay,109,6,654,Gym,1,
9364,94,375,2026-03-05,recovery,Mobility and low-intensity recovery,50,3,150,Court,1,
9365,94,375,2026-03-06,strength,Upper-body strength,74,7,518,Home,1,
9366,94,375,2026-03-07,volleyball,Open gym or tournament,147,8,1176,Home,1,
9367,94,375,2026-03-08,rest,Full rest day,0,0,0,Track,1,
9368,94,375,2026-03-09,strength,Lower-body strength,59,7,413,Track,1,
9369,94,375,2026-03-10,plyometric,Jump power and elasticity,54,6,324,Home,1,
9370,94,375,2026-03-11,volleyball,Skill practice and gameplay,107,6,642,Court,1,
9371,94,375,2026-03-12,recovery,Mobility and low-intensity recovery,24,1,24,Gym,1,
9372,94,375,2026-03-13,strength,Upper-body strength,94,8,752,Track,1,
9373,94,375,2026-03-14,volleyball,Open gym or tournament,112,5,560,Track,1,
9374,94,375,2026-03-15,rest,Full rest day,0,0,0,Gym,1,
9375,94,375,2026-03-16,strength,Lower-body strength,62,9,558,Track,1,
9376,94,376,2026-03-17,plyometric,Jump power and elasticity,36,9,324,Court,1,
9377,94,376,2026-03-18,volleyball,Skill practice and gameplay,116,7,812,Court,1,
9378,94,376,2026-03-19,recovery,Mobility and low-intensity recovery,39,3,117,Gym,1,
9379,94,376,2026-03-20,strength,Upper-body strength,46,6,276,Gym,1,
9380,94,376,2026-03-21,volleyball,Open gym or tournament,92,9,828,Home,1,
9381,94,376,2026-03-22,rest,Full rest day,0,0,0,Gym,1,
9382,94,376,2026-03-23,strength,Lower-body strength,50,7,350,Court,1,
9383,94,376,2026-03-24,plyometric,Jump power and elasticity,25,6,150,Gym,1,
9384,94,376,2026-03-25,volleyball,Skill practice and gameplay,94,8,752,Court,1,
9385,94,376,2026-03-26,recovery,Mobility and low-intensity recovery,39,2,78,Home,1,
9386,94,376,2026-03-27,strength,Upper-body strength,80,7,560,Home,1,
9387,94,376,2026-03-28,volleyball,Open gym or tournament,122,9,1098,Court,1,
9388,94,376,2026-03-29,rest,Full rest day,0,0,0,Home,1,
9389,94,376,2026-03-30,rest,Full rest day,0,0,0,Gym,1,
9390,94,376,2026-03-31,plyometric,Jump power and elasticity,55,8,440,Track,1,
9391,94,376,2026-04-01,volleyball,Skill practice and gameplay,55,6,330,Court,1,
9392,94,376,2026-04-02,recovery,Mobility and low-intensity recovery,44,4,176,Track,1,
9393,94,376,2026-04-03,strength,Upper-body strength,53,6,318,Track,1,
9394,94,376,2026-04-04,rest,Full rest day,0,0,0,Home,1,
9395,94,376,2026-04-05,rest,Full rest day,0,0,0,Court,1,
9396,94,376,2026-04-06,rest,Full rest day,0,0,0,Gym,1,
9397,94,376,2026-04-07,plyometric,Jump power and elasticity,32,7,224,Court,1,
9398,94,376,2026-04-08,volleyball,Skill practice and gameplay,106,8,848,Court,1,
9399,94,376,2026-04-09,recovery,Mobility and low-intensity recovery,27,4,108,Track,1,
9400,94,376,2026-04-10,strength,Upper-body strength,74,6,444,Home,1,
9401,95,377,2026-01-01,recovery,Mobility and low-intensity recovery,38,4,152,Home,1,
9402,95,377,2026-01-02,strength,Upper-body strength,76,9,684,Court,1,
9403,95,377,2026-01-03,volleyball,Open gym or tournament,46,8,368,Home,1,
9404,95,377,2026-01-04,rest,Full rest day,0,0,0,Court,1,
9405,95,377,2026-01-05,strength,Lower-body strength,77,8,616,Gym,1,
9406,95,377,2026-01-06,plyometric,Jump power and elasticity,55,7,385,Track,1,
9407,95,377,2026-01-07,rest,Full rest day,0,0,0,Home,1,
9408,95,377,2026-01-08,recovery,Mobility and low-intensity recovery,29,3,87,Court,1,
9409,95,377,2026-01-09,strength,Upper-body strength,69,6,414,Track,1,
9410,95,377,2026-01-10,rest,Full rest day,0,0,0,Gym,1,
9411,95,377,2026-01-11,rest,Full rest day,0,0,0,Court,1,
9412,95,377,2026-01-12,strength,Lower-body strength,61,7,427,Home,1,
9413,95,377,2026-01-13,plyometric,Jump power and elasticity,47,9,423,Gym,1,
9414,95,377,2026-01-14,volleyball,Skill practice and gameplay,91,8,728,Gym,1,
9415,95,377,2026-01-15,recovery,Mobility and low-intensity recovery,27,4,108,Court,1,
9416,95,377,2026-01-16,strength,Upper-body strength,41,7,287,Gym,1,
9417,95,377,2026-01-17,volleyball,Open gym or tournament,95,5,475,Home,1,
9418,95,377,2026-01-18,rest,Full rest day,0,0,0,Court,1,
9419,95,377,2026-01-19,strength,Lower-body strength,54,5,270,Track,1,
9420,95,377,2026-01-20,rest,Full rest day,0,0,0,Gym,1,
9421,95,377,2026-01-21,volleyball,Skill practice and gameplay,92,8,736,Home,1,
9422,95,377,2026-01-22,recovery,Mobility and low-intensity recovery,26,3,78,Home,1,
9423,95,377,2026-01-23,strength,Upper-body strength,77,6,462,Track,1,
9424,95,377,2026-01-24,volleyball,Open gym or tournament,81,6,486,Track,1,
9425,95,377,2026-01-25,rest,Full rest day,0,0,0,Gym,1,
9426,95,378,2026-01-26,strength,Lower-body strength,87,6,522,Gym,1,
9427,95,378,2026-01-27,plyometric,Jump power and elasticity,40,6,240,Track,1,
9428,95,378,2026-01-28,volleyball,Skill practice and gameplay,84,6,504,Home,1,
9429,95,378,2026-01-29,recovery,Mobility and low-intensity recovery,23,4,92,Court,1,
9430,95,378,2026-01-30,strength,Upper-body strength,47,8,376,Court,1,
9431,95,378,2026-01-31,volleyball,Open gym or tournament,108,7,756,Home,1,
9432,95,378,2026-02-01,rest,Full rest day,0,0,0,Home,1,
9433,95,378,2026-02-02,strength,Lower-body strength,58,7,406,Track,1,
9434,95,378,2026-02-03,plyometric,Jump power and elasticity,54,7,378,Gym,1,
9435,95,378,2026-02-04,volleyball,Skill practice and gameplay,54,7,378,Home,1,
9436,95,378,2026-02-05,rest,Full rest day,0,0,0,Track,1,
9437,95,378,2026-02-06,strength,Upper-body strength,55,6,330,Track,1,
9438,95,378,2026-02-07,volleyball,Open gym or tournament,21,8,168,Gym,1,
9439,95,378,2026-02-08,rest,Full rest day,0,0,0,Gym,1,
9440,95,378,2026-02-09,rest,Full rest day,0,0,0,Home,1,
9441,95,378,2026-02-10,plyometric,Jump power and elasticity,50,7,350,Home,1,
9442,95,378,2026-02-11,volleyball,Skill practice and gameplay,99,7,693,Court,1,
9443,95,378,2026-02-12,recovery,Mobility and low-intensity recovery,41,2,82,Track,1,
9444,95,378,2026-02-13,strength,Upper-body strength,55,8,440,Court,1,
9445,95,378,2026-02-14,volleyball,Open gym or tournament,104,6,624,Home,1,
9446,95,378,2026-02-15,rest,Full rest day,0,0,0,Court,1,
9447,95,378,2026-02-16,strength,Lower-body strength,61,7,427,Track,1,
9448,95,378,2026-02-17,plyometric,Jump power and elasticity,55,7,385,Home,1,
9449,95,378,2026-02-18,volleyball,Skill practice and gameplay,87,6,522,Home,1,
9450,95,378,2026-02-19,recovery,Mobility and low-intensity recovery,38,2,76,Gym,1,
9451,95,379,2026-02-20,strength,Upper-body strength,82,7,574,Gym,1,
9452,95,379,2026-02-21,volleyball,Open gym or tournament,122,9,1098,Court,1,
9453,95,379,2026-02-22,rest,Full rest day,0,0,0,Gym,1,
9454,95,379,2026-02-23,strength,Lower-body strength,39,9,351,Court,1,
9455,95,379,2026-02-24,plyometric,Jump power and elasticity,53,6,318,Gym,1,
9456,95,379,2026-02-25,volleyball,Skill practice and gameplay,93,6,558,Gym,1,
9457,95,379,2026-02-26,recovery,Mobility and low-intensity recovery,28,4,112,Gym,1,
9458,95,379,2026-02-27,rest,Full rest day,0,0,0,Track,1,
9459,95,379,2026-02-28,volleyball,Open gym or tournament,102,4,408,Court,1,
9460,95,379,2026-03-01,rest,Full rest day,0,0,0,Gym,1,
9461,95,379,2026-03-02,strength,Lower-body strength,50,7,350,Gym,1,
9462,95,379,2026-03-03,plyometric,Jump power and elasticity,37,7,259,Track,1,
9463,95,379,2026-03-04,volleyball,Skill practice and gameplay,37,8,296,Court,1,
9464,95,379,2026-03-05,recovery,Mobility and low-intensity recovery,33,3,99,Home,1,
9465,95,379,2026-03-06,strength,Upper-body strength,42,7,294,Home,1,
9466,95,379,2026-03-07,volleyball,Open gym or tournament,117,7,819,Home,1,
9467,95,379,2026-03-08,rest,Full rest day,0,0,0,Gym,1,
9468,95,379,2026-03-09,strength,Lower-body strength,67,8,536,Court,1,
9469,95,379,2026-03-10,plyometric,Jump power and elasticity,46,8,368,Track,1,
9470,95,379,2026-03-11,volleyball,Skill practice and gameplay,106,7,742,Home,1,
9471,95,379,2026-03-12,recovery,Mobility and low-intensity recovery,39,3,117,Court,1,
9472,95,379,2026-03-13,rest,Full rest day,0,0,0,Court,1,
9473,95,379,2026-03-14,volleyball,Open gym or tournament,70,8,560,Court,1,
9474,95,379,2026-03-15,rest,Full rest day,0,0,0,Track,1,
9475,95,379,2026-03-16,strength,Lower-body strength,76,7,532,Track,1,
9476,95,380,2026-03-17,rest,Full rest day,0,0,0,Track,1,
9477,95,380,2026-03-18,volleyball,Skill practice and gameplay,123,6,738,Gym,1,
9478,95,380,2026-03-19,recovery,Mobility and low-intensity recovery,31,3,93,Gym,1,
9479,95,380,2026-03-20,strength,Upper-body strength,78,8,624,Court,1,
9480,95,380,2026-03-21,volleyball,Open gym or tournament,127,7,889,Home,1,
9481,95,380,2026-03-22,rest,Full rest day,0,0,0,Track,1,
9482,95,380,2026-03-23,rest,Full rest day,0,0,0,Court,1,
9483,95,380,2026-03-24,plyometric,Jump power and elasticity,41,5,205,Court,1,
9484,95,380,2026-03-25,volleyball,Skill practice and gameplay,77,7,539,Track,1,
9485,95,380,2026-03-26,recovery,Mobility and low-intensity recovery,35,2,70,Gym,1,
9486,95,380,2026-03-27,strength,Upper-body strength,67,6,402,Court,1,
9487,95,380,2026-03-28,rest,Full rest day,0,0,0,Court,1,
9488,95,380,2026-03-29,rest,Full rest day,0,0,0,Track,1,
9489,95,380,2026-03-30,strength,Lower-body strength,57,6,342,Home,1,
9490,95,380,2026-03-31,plyometric,Jump power and elasticity,51,6,306,Court,1,
9491,95,380,2026-04-01,volleyball,Skill practice and gameplay,73,8,584,Gym,1,
9492,95,380,2026-04-02,recovery,Mobility and low-intensity recovery,47,2,94,Home,1,
9493,95,380,2026-04-03,strength,Upper-body strength,67,8,536,Home,1,
9494,95,380,2026-04-04,volleyball,Open gym or tournament,113,7,791,Track,1,
9495,95,380,2026-04-05,rest,Full rest day,0,0,0,Gym,1,
9496,95,380,2026-04-06,strength,Lower-body strength,62,6,372,Court,1,
9497,95,380,2026-04-07,plyometric,Jump power and elasticity,47,8,376,Track,1,
9498,95,380,2026-04-08,rest,Full rest day,0,0,0,Gym,1,
9499,95,380,2026-04-09,recovery,Mobility and low-intensity recovery,32,4,128,Court,1,
9500,95,380,2026-04-10,strength,Upper-body strength,77,7,539,Gym,1,
9501,96,381,2026-01-01,recovery,Mobility and low-intensity recovery,41,3,123,Track,1,
9502,96,381,2026-01-02,strength,Upper-body strength,71,5,355,Home,1,
9503,96,381,2026-01-03,volleyball,Open gym or tournament,146,6,876,Gym,1,
9504,96,381,2026-01-04,rest,Full rest day,0,0,0,Home,1,
9505,96,381,2026-01-05,strength,Lower-body strength,66,7,462,Court,1,
9506,96,381,2026-01-06,plyometric,Jump power and elasticity,34,8,272,Home,1,
9507,96,381,2026-01-07,volleyball,Skill practice and gameplay,123,6,738,Gym,1,
9508,96,381,2026-01-08,recovery,Mobility and low-intensity recovery,21,4,84,Gym,1,
9509,96,381,2026-01-09,rest,Full rest day,0,0,0,Gym,1,
9510,96,381,2026-01-10,volleyball,Open gym or tournament,101,9,909,Track,1,
9511,96,381,2026-01-11,rest,Full rest day,0,0,0,Court,1,
9512,96,381,2026-01-12,strength,Lower-body strength,54,6,324,Court,1,
9513,96,381,2026-01-13,plyometric,Jump power and elasticity,30,9,270,Court,1,
9514,96,381,2026-01-14,rest,Full rest day,0,0,0,Gym,1,
9515,96,381,2026-01-15,recovery,Mobility and low-intensity recovery,33,2,66,Gym,1,
9516,96,381,2026-01-16,strength,Upper-body strength,74,8,592,Track,1,
9517,96,381,2026-01-17,volleyball,Open gym or tournament,105,6,630,Track,1,
9518,96,381,2026-01-18,rest,Full rest day,0,0,0,Home,1,
9519,96,381,2026-01-19,strength,Lower-body strength,60,6,360,Home,1,
9520,96,381,2026-01-20,plyometric,Jump power and elasticity,49,7,343,Track,1,
9521,96,381,2026-01-21,volleyball,Skill practice and gameplay,91,6,546,Track,1,
9522,96,381,2026-01-22,recovery,Mobility and low-intensity recovery,47,3,141,Home,1,
9523,96,381,2026-01-23,strength,Upper-body strength,70,8,560,Track,1,
9524,96,381,2026-01-24,volleyball,Open gym or tournament,102,8,816,Track,1,
9525,96,381,2026-01-25,rest,Full rest day,0,0,0,Home,1,
9526,96,382,2026-01-26,strength,Lower-body strength,73,7,511,Gym,1,
9527,96,382,2026-01-27,plyometric,Jump power and elasticity,29,6,174,Track,1,
9528,96,382,2026-01-28,volleyball,Skill practice and gameplay,104,7,728,Track,1,
9529,96,382,2026-01-29,recovery,Mobility and low-intensity recovery,22,2,44,Track,1,
9530,96,382,2026-01-30,strength,Upper-body strength,62,7,434,Home,1,
9531,96,382,2026-01-31,volleyball,Open gym or tournament,65,9,585,Gym,1,
9532,96,382,2026-02-01,rest,Full rest day,0,0,0,Track,1,
9533,96,382,2026-02-02,rest,Full rest day,0,0,0,Gym,1,
9534,96,382,2026-02-03,plyometric,Jump power and elasticity,53,7,371,Court,1,
9535,96,382,2026-02-04,volleyball,Skill practice and gameplay,96,9,864,Home,1,
9536,96,382,2026-02-05,recovery,Mobility and low-intensity recovery,25,3,75,Court,1,
9537,96,382,2026-02-06,strength,Upper-body strength,68,7,476,Court,1,
9538,96,382,2026-02-07,volleyball,Open gym or tournament,62,7,434,Track,1,
9539,96,382,2026-02-08,rest,Full rest day,0,0,0,Home,1,
9540,96,382,2026-02-09,strength,Lower-body strength,76,8,608,Gym,1,
9541,96,382,2026-02-10,plyometric,Jump power and elasticity,32,7,224,Court,1,
9542,96,382,2026-02-11,volleyball,Skill practice and gameplay,80,8,640,Home,1,
9543,96,382,2026-02-12,recovery,Mobility and low-intensity recovery,26,1,26,Track,1,
9544,96,382,2026-02-13,strength,Upper-body strength,69,7,483,Court,1,
9545,96,382,2026-02-14,volleyball,Open gym or tournament,104,6,624,Gym,1,
9546,96,382,2026-02-15,rest,Full rest day,0,0,0,Court,1,
9547,96,382,2026-02-16,strength,Lower-body strength,53,8,424,Home,1,
9548,96,382,2026-02-17,plyometric,Jump power and elasticity,39,7,273,Gym,1,
9549,96,382,2026-02-18,volleyball,Skill practice and gameplay,138,8,1104,Track,1,
9550,96,382,2026-02-19,recovery,Mobility and low-intensity recovery,45,3,135,Home,1,
9551,96,383,2026-02-20,strength,Upper-body strength,81,8,648,Court,1,
9552,96,383,2026-02-21,rest,Full rest day,0,0,0,Track,1,
9553,96,383,2026-02-22,rest,Full rest day,0,0,0,Track,1,
9554,96,383,2026-02-23,strength,Lower-body strength,64,7,448,Track,1,
9555,96,383,2026-02-24,plyometric,Jump power and elasticity,57,6,342,Home,1,
9556,96,383,2026-02-25,volleyball,Skill practice and gameplay,116,9,1044,Home,1,
9557,96,383,2026-02-26,recovery,Mobility and low-intensity recovery,41,3,123,Track,1,
9558,96,383,2026-02-27,rest,Full rest day,0,0,0,Track,1,
9559,96,383,2026-02-28,volleyball,Open gym or tournament,85,6,510,Court,1,
9560,96,383,2026-03-01,rest,Full rest day,0,0,0,Gym,1,
9561,96,383,2026-03-02,strength,Lower-body strength,58,9,522,Track,1,
9562,96,383,2026-03-03,plyometric,Jump power and elasticity,34,9,306,Gym,1,
9563,96,383,2026-03-04,volleyball,Skill practice and gameplay,108,6,648,Home,1,
9564,96,383,2026-03-05,recovery,Mobility and low-intensity recovery,52,3,156,Home,1,
9565,96,383,2026-03-06,strength,Upper-body strength,58,5,290,Track,1,
9566,96,383,2026-03-07,volleyball,Open gym or tournament,65,9,585,Track,1,
9567,96,383,2026-03-08,rest,Full rest day,0,0,0,Gym,1,
9568,96,383,2026-03-09,strength,Lower-body strength,55,8,440,Gym,1,
9569,96,383,2026-03-10,plyometric,Jump power and elasticity,48,6,288,Home,1,
9570,96,383,2026-03-11,volleyball,Skill practice and gameplay,112,8,896,Court,1,
9571,96,383,2026-03-12,recovery,Mobility and low-intensity recovery,29,4,116,Home,1,
9572,96,383,2026-03-13,strength,Upper-body strength,55,7,385,Court,1,
9573,96,383,2026-03-14,volleyball,Open gym or tournament,96,7,672,Track,1,
9574,96,383,2026-03-15,rest,Full rest day,0,0,0,Court,1,
9575,96,383,2026-03-16,strength,Lower-body strength,72,8,576,Track,1,
9576,96,384,2026-03-17,rest,Full rest day,0,0,0,Home,1,
9577,96,384,2026-03-18,rest,Full rest day,0,0,0,Track,1,
9578,96,384,2026-03-19,recovery,Mobility and low-intensity recovery,38,3,114,Gym,1,
9579,96,384,2026-03-20,strength,Upper-body strength,60,8,480,Track,1,
9580,96,384,2026-03-21,volleyball,Open gym or tournament,99,5,495,Gym,1,
9581,96,384,2026-03-22,rest,Full rest day,0,0,0,Home,1,
9582,96,384,2026-03-23,strength,Lower-body strength,69,6,414,Gym,1,
9583,96,384,2026-03-24,plyometric,Jump power and elasticity,52,7,364,Court,1,
9584,96,384,2026-03-25,volleyball,Skill practice and gameplay,145,9,1305,Track,1,
9585,96,384,2026-03-26,recovery,Mobility and low-intensity recovery,25,3,75,Gym,1,
9586,96,384,2026-03-27,strength,Upper-body strength,78,6,468,Gym,1,
9587,96,384,2026-03-28,volleyball,Open gym or tournament,107,8,856,Home,1,
9588,96,384,2026-03-29,rest,Full rest day,0,0,0,Track,1,
9589,96,384,2026-03-30,strength,Lower-body strength,62,7,434,Gym,1,
9590,96,384,2026-03-31,plyometric,Jump power and elasticity,35,6,210,Home,1,
9591,96,384,2026-04-01,volleyball,Skill practice and gameplay,44,9,396,Track,1,
9592,96,384,2026-04-02,recovery,Mobility and low-intensity recovery,46,3,138,Gym,1,
9593,96,384,2026-04-03,strength,Upper-body strength,31,8,248,Gym,1,
9594,96,384,2026-04-04,volleyball,Open gym or tournament,120,9,1080,Track,1,
9595,96,384,2026-04-05,rest,Full rest day,0,0,0,Court,1,
9596,96,384,2026-04-06,strength,Lower-body strength,80,6,480,Track,1,
9597,96,384,2026-04-07,rest,Full rest day,0,0,0,Track,1,
9598,96,384,2026-04-08,volleyball,Skill practice and gameplay,88,8,704,Court,1,
9599,96,384,2026-04-09,recovery,Mobility and low-intensity recovery,22,3,66,Gym,1,
9600,96,384,2026-04-10,strength,Upper-body strength,59,6,354,Track,1,
9601,97,385,2026-01-01,recovery,Mobility and low-intensity recovery,58,2,116,Court,1,
9602,97,385,2026-01-02,strength,Upper-body strength,73,6,438,Court,1,
9603,97,385,2026-01-03,volleyball,Open gym or tournament,79,7,553,Home,1,
9604,97,385,2026-01-04,rest,Full rest day,0,0,0,Gym,1,
9605,97,385,2026-01-05,strength,Lower-body strength,83,8,664,Track,1,
9606,97,385,2026-01-06,rest,Full rest day,0,0,0,Court,1,
9607,97,385,2026-01-07,volleyball,Skill practice and gameplay,112,7,784,Gym,1,
9608,97,385,2026-01-08,recovery,Mobility and low-intensity recovery,39,3,117,Home,1,
9609,97,385,2026-01-09,strength,Upper-body strength,63,7,441,Track,1,
9610,97,385,2026-01-10,volleyball,Open gym or tournament,129,7,903,Court,1,
9611,97,385,2026-01-11,rest,Full rest day,0,0,0,Home,1,
9612,97,385,2026-01-12,strength,Lower-body strength,57,7,399,Home,1,
9613,97,385,2026-01-13,rest,Full rest day,0,0,0,Home,1,
9614,97,385,2026-01-14,volleyball,Skill practice and gameplay,99,8,792,Gym,1,
9615,97,385,2026-01-15,recovery,Mobility and low-intensity recovery,31,4,124,Track,1,
9616,97,385,2026-01-16,strength,Upper-body strength,73,6,438,Track,1,
9617,97,385,2026-01-17,volleyball,Open gym or tournament,82,9,738,Track,1,
9618,97,385,2026-01-18,rest,Full rest day,0,0,0,Court,1,
9619,97,385,2026-01-19,strength,Lower-body strength,61,6,366,Home,1,
9620,97,385,2026-01-20,plyometric,Jump power and elasticity,46,9,414,Track,1,
9621,97,385,2026-01-21,rest,Full rest day,0,0,0,Court,1,
9622,97,385,2026-01-22,recovery,Mobility and low-intensity recovery,29,3,87,Court,1,
9623,97,385,2026-01-23,strength,Upper-body strength,86,6,516,Track,1,
9624,97,385,2026-01-24,volleyball,Open gym or tournament,147,7,1029,Court,1,
9625,97,385,2026-01-25,rest,Full rest day,0,0,0,Home,1,
9626,97,386,2026-01-26,strength,Lower-body strength,68,6,408,Court,1,
9627,97,386,2026-01-27,plyometric,Jump power and elasticity,52,8,416,Track,1,
9628,97,386,2026-01-28,volleyball,Skill practice and gameplay,118,7,826,Track,1,
9629,97,386,2026-01-29,rest,Full rest day,0,0,0,Gym,1,
9630,97,386,2026-01-30,strength,Upper-body strength,69,5,345,Track,1,
9631,97,386,2026-01-31,volleyball,Open gym or tournament,61,6,366,Home,1,
9632,97,386,2026-02-01,rest,Full rest day,0,0,0,Court,1,
9633,97,386,2026-02-02,strength,Lower-body strength,52,8,416,Home,1,
9634,97,386,2026-02-03,rest,Full rest day,0,0,0,Home,1,
9635,97,386,2026-02-04,volleyball,Skill practice and gameplay,127,7,889,Gym,1,
9636,97,386,2026-02-05,recovery,Mobility and low-intensity recovery,32,3,96,Court,1,
9637,97,386,2026-02-06,strength,Upper-body strength,68,7,476,Home,1,
9638,97,386,2026-02-07,volleyball,Open gym or tournament,106,7,742,Track,1,
9639,97,386,2026-02-08,rest,Full rest day,0,0,0,Track,1,
9640,97,386,2026-02-09,strength,Lower-body strength,64,6,384,Home,1,
9641,97,386,2026-02-10,plyometric,Jump power and elasticity,51,6,306,Track,1,
9642,97,386,2026-02-11,volleyball,Skill practice and gameplay,117,8,936,Home,1,
9643,97,386,2026-02-12,recovery,Mobility and low-intensity recovery,26,2,52,Home,1,
9644,97,386,2026-02-13,strength,Upper-body strength,74,7,518,Home,1,
9645,97,386,2026-02-14,volleyball,Open gym or tournament,88,4,352,Home,1,
9646,97,386,2026-02-15,rest,Full rest day,0,0,0,Home,1,
9647,97,386,2026-02-16,strength,Lower-body strength,60,9,540,Gym,1,
9648,97,386,2026-02-17,plyometric,Jump power and elasticity,51,8,408,Gym,1,
9649,97,386,2026-02-18,volleyball,Skill practice and gameplay,70,6,420,Home,1,
9650,97,386,2026-02-19,recovery,Mobility and low-intensity recovery,34,2,68,Gym,1,
9651,97,387,2026-02-20,strength,Upper-body strength,43,8,344,Court,1,
9652,97,387,2026-02-21,volleyball,Open gym or tournament,88,8,704,Track,1,
9653,97,387,2026-02-22,rest,Full rest day,0,0,0,Court,1,
9654,97,387,2026-02-23,strength,Lower-body strength,72,8,576,Track,1,
9655,97,387,2026-02-24,plyometric,Jump power and elasticity,43,6,258,Court,1,
9656,97,387,2026-02-25,volleyball,Skill practice and gameplay,51,7,357,Track,1,
9657,97,387,2026-02-26,recovery,Mobility and low-intensity recovery,42,3,126,Gym,1,
9658,97,387,2026-02-27,strength,Upper-body strength,71,7,497,Home,1,
9659,97,387,2026-02-28,volleyball,Open gym or tournament,78,8,624,Court,1,
9660,97,387,2026-03-01,rest,Full rest day,0,0,0,Home,1,
9661,97,387,2026-03-02,strength,Lower-body strength,47,7,329,Gym,1,
9662,97,387,2026-03-03,rest,Full rest day,0,0,0,Home,1,
9663,97,387,2026-03-04,rest,Full rest day,0,0,0,Home,1,
9664,97,387,2026-03-05,recovery,Mobility and low-intensity recovery,35,3,105,Gym,1,
9665,97,387,2026-03-06,strength,Upper-body strength,23,8,184,Gym,1,
9666,97,387,2026-03-07,volleyball,Open gym or tournament,125,5,625,Gym,1,
9667,97,387,2026-03-08,rest,Full rest day,0,0,0,Track,1,
9668,97,387,2026-03-09,strength,Lower-body strength,76,7,532,Gym,1,
9669,97,387,2026-03-10,plyometric,Jump power and elasticity,42,6,252,Track,1,
9670,97,387,2026-03-11,volleyball,Skill practice and gameplay,84,5,420,Gym,1,
9671,97,387,2026-03-12,recovery,Mobility and low-intensity recovery,32,3,96,Track,1,
9672,97,387,2026-03-13,strength,Upper-body strength,70,6,420,Home,1,
9673,97,387,2026-03-14,volleyball,Open gym or tournament,58,7,406,Track,1,
9674,97,387,2026-03-15,rest,Full rest day,0,0,0,Gym,1,
9675,97,387,2026-03-16,strength,Lower-body strength,47,7,329,Gym,1,
9676,97,388,2026-03-17,plyometric,Jump power and elasticity,45,8,360,Gym,1,
9677,97,388,2026-03-18,volleyball,Skill practice and gameplay,85,8,680,Court,1,
9678,97,388,2026-03-19,recovery,Mobility and low-intensity recovery,36,1,36,Court,1,
9679,97,388,2026-03-20,strength,Upper-body strength,81,7,567,Home,1,
9680,97,388,2026-03-21,volleyball,Open gym or tournament,102,6,612,Court,1,
9681,97,388,2026-03-22,rest,Full rest day,0,0,0,Court,1,
9682,97,388,2026-03-23,strength,Lower-body strength,65,8,520,Court,1,
9683,97,388,2026-03-24,plyometric,Jump power and elasticity,23,7,161,Track,1,
9684,97,388,2026-03-25,volleyball,Skill practice and gameplay,78,8,624,Track,1,
9685,97,388,2026-03-26,recovery,Mobility and low-intensity recovery,31,3,93,Gym,1,
9686,97,388,2026-03-27,rest,Full rest day,0,0,0,Home,1,
9687,97,388,2026-03-28,volleyball,Open gym or tournament,129,7,903,Court,1,
9688,97,388,2026-03-29,rest,Full rest day,0,0,0,Gym,1,
9689,97,388,2026-03-30,strength,Lower-body strength,58,8,464,Gym,1,
9690,97,388,2026-03-31,plyometric,Jump power and elasticity,35,7,245,Gym,1,
9691,97,388,2026-04-01,volleyball,Skill practice and gameplay,61,8,488,Court,1,
9692,97,388,2026-04-02,recovery,Mobility and low-intensity recovery,50,3,150,Gym,1,
9693,97,388,2026-04-03,strength,Upper-body strength,51,7,357,Gym,1,
9694,97,388,2026-04-04,volleyball,Open gym or tournament,107,5,535,Court,1,
9695,97,388,2026-04-05,rest,Full rest day,0,0,0,Court,1,
9696,97,388,2026-04-06,strength,Lower-body strength,62,5,310,Gym,1,
9697,97,388,2026-04-07,plyometric,Jump power and elasticity,45,6,270,Home,1,
9698,97,388,2026-04-08,volleyball,Skill practice and gameplay,113,8,904,Gym,1,
9699,97,388,2026-04-09,recovery,Mobility and low-intensity recovery,23,2,46,Home,1,
9700,97,388,2026-04-10,strength,Upper-body strength,61,7,427,Home,1,
9701,98,389,2026-01-01,recovery,Mobility and low-intensity recovery,20,3,60,Gym,1,
9702,98,389,2026-01-02,strength,Upper-body strength,49,7,343,Gym,1,
9703,98,389,2026-01-03,volleyball,Open gym or tournament,71,7,497,Track,1,
9704,98,389,2026-01-04,rest,Full rest day,0,0,0,Home,1,
9705,98,389,2026-01-05,strength,Lower-body strength,57,7,399,Home,1,
9706,98,389,2026-01-06,plyometric,Jump power and elasticity,43,9,387,Court,1,
9707,98,389,2026-01-07,volleyball,Skill practice and gameplay,83,7,581,Court,1,
9708,98,389,2026-01-08,recovery,Mobility and low-intensity recovery,31,1,31,Track,1,
9709,98,389,2026-01-09,strength,Upper-body strength,74,7,518,Home,1,
9710,98,389,2026-01-10,volleyball,Open gym or tournament,83,7,581,Gym,1,
9711,98,389,2026-01-11,rest,Full rest day,0,0,0,Home,1,
9712,98,389,2026-01-12,rest,Full rest day,0,0,0,Court,1,
9713,98,389,2026-01-13,plyometric,Jump power and elasticity,56,7,392,Gym,1,
9714,98,389,2026-01-14,volleyball,Skill practice and gameplay,136,5,680,Court,1,
9715,98,389,2026-01-15,recovery,Mobility and low-intensity recovery,41,4,164,Court,1,
9716,98,389,2026-01-16,strength,Upper-body strength,51,6,306,Court,1,
9717,98,389,2026-01-17,volleyball,Open gym or tournament,125,8,1000,Court,1,
9718,98,389,2026-01-18,rest,Full rest day,0,0,0,Court,1,
9719,98,389,2026-01-19,strength,Lower-body strength,56,6,336,Home,1,
9720,98,389,2026-01-20,plyometric,Jump power and elasticity,46,7,322,Home,1,
9721,98,389,2026-01-21,volleyball,Skill practice and gameplay,92,6,552,Track,1,
9722,98,389,2026-01-22,recovery,Mobility and low-intensity recovery,34,3,102,Track,1,
9723,98,389,2026-01-23,strength,Upper-body strength,103,5,515,Gym,1,
9724,98,389,2026-01-24,volleyball,Open gym or tournament,121,8,968,Home,1,
9725,98,389,2026-01-25,rest,Full rest day,0,0,0,Track,1,
9726,98,390,2026-01-26,rest,Full rest day,0,0,0,Track,1,
9727,98,390,2026-01-27,plyometric,Jump power and elasticity,53,6,318,Home,1,
9728,98,390,2026-01-28,volleyball,Skill practice and gameplay,60,9,540,Home,1,
9729,98,390,2026-01-29,recovery,Mobility and low-intensity recovery,40,3,120,Gym,1,
9730,98,390,2026-01-30,strength,Upper-body strength,83,7,581,Home,1,
9731,98,390,2026-01-31,volleyball,Open gym or tournament,82,7,574,Home,1,
9732,98,390,2026-02-01,rest,Full rest day,0,0,0,Home,1,
9733,98,390,2026-02-02,strength,Lower-body strength,78,8,624,Court,1,
9734,98,390,2026-02-03,plyometric,Jump power and elasticity,35,5,175,Gym,1,
9735,98,390,2026-02-04,volleyball,Skill practice and gameplay,85,5,425,Track,1,
9736,98,390,2026-02-05,recovery,Mobility and low-intensity recovery,43,3,129,Home,1,
9737,98,390,2026-02-06,rest,Full rest day,0,0,0,Gym,1,
9738,98,390,2026-02-07,volleyball,Open gym or tournament,40,6,240,Home,1,
9739,98,390,2026-02-08,rest,Full rest day,0,0,0,Gym,1,
9740,98,390,2026-02-09,strength,Lower-body strength,75,7,525,Track,1,
9741,98,390,2026-02-10,plyometric,Jump power and elasticity,40,9,360,Gym,1,
9742,98,390,2026-02-11,rest,Full rest day,0,0,0,Home,1,
9743,98,390,2026-02-12,recovery,Mobility and low-intensity recovery,33,3,99,Gym,1,
9744,98,390,2026-02-13,strength,Upper-body strength,62,7,434,Track,1,
9745,98,390,2026-02-14,volleyball,Open gym or tournament,86,7,602,Court,1,
9746,98,390,2026-02-15,rest,Full rest day,0,0,0,Home,1,
9747,98,390,2026-02-16,strength,Lower-body strength,81,9,729,Home,1,
9748,98,390,2026-02-17,plyometric,Jump power and elasticity,44,6,264,Track,1,
9749,98,390,2026-02-18,volleyball,Skill practice and gameplay,79,9,711,Gym,1,
9750,98,390,2026-02-19,recovery,Mobility and low-intensity recovery,51,2,102,Court,1,
9751,98,391,2026-02-20,strength,Upper-body strength,70,6,420,Track,1,
9752,98,391,2026-02-21,volleyball,Open gym or tournament,108,5,540,Court,1,
9753,98,391,2026-02-22,rest,Full rest day,0,0,0,Track,1,
9754,98,391,2026-02-23,strength,Lower-body strength,61,9,549,Home,1,
9755,98,391,2026-02-24,plyometric,Jump power and elasticity,29,7,203,Gym,1,
9756,98,391,2026-02-25,volleyball,Skill practice and gameplay,105,8,840,Court,1,
9757,98,391,2026-02-26,recovery,Mobility and low-intensity recovery,43,4,172,Court,1,
9758,98,391,2026-02-27,strength,Upper-body strength,80,7,560,Track,1,
9759,98,391,2026-02-28,volleyball,Open gym or tournament,114,6,684,Track,1,
9760,98,391,2026-03-01,rest,Full rest day,0,0,0,Home,1,
9761,98,391,2026-03-02,strength,Lower-body strength,42,7,294,Court,1,
9762,98,391,2026-03-03,rest,Full rest day,0,0,0,Track,1,
9763,98,391,2026-03-04,volleyball,Skill practice and gameplay,140,6,840,Track,1,
9764,98,391,2026-03-05,recovery,Mobility and low-intensity recovery,20,4,80,Home,1,
9765,98,391,2026-03-06,rest,Full rest day,0,0,0,Gym,1,
9766,98,391,2026-03-07,volleyball,Open gym or tournament,124,7,868,Home,1,
9767,98,391,2026-03-08,rest,Full rest day,0,0,0,Home,1,
9768,98,391,2026-03-09,strength,Lower-body strength,29,7,203,Home,1,
9769,98,391,2026-03-10,plyometric,Jump power and elasticity,43,7,301,Court,1,
9770,98,391,2026-03-11,volleyball,Skill practice and gameplay,79,9,711,Track,1,
9771,98,391,2026-03-12,recovery,Mobility and low-intensity recovery,29,4,116,Court,1,
9772,98,391,2026-03-13,strength,Upper-body strength,59,5,295,Track,1,
9773,98,391,2026-03-14,volleyball,Open gym or tournament,102,7,714,Track,1,
9774,98,391,2026-03-15,rest,Full rest day,0,0,0,Home,1,
9775,98,391,2026-03-16,strength,Lower-body strength,61,6,366,Gym,1,
9776,98,392,2026-03-17,plyometric,Jump power and elasticity,39,7,273,Gym,1,
9777,98,392,2026-03-18,volleyball,Skill practice and gameplay,98,7,686,Gym,1,
9778,98,392,2026-03-19,recovery,Mobility and low-intensity recovery,43,4,172,Court,1,
9779,98,392,2026-03-20,rest,Full rest day,0,0,0,Court,1,
9780,98,392,2026-03-21,volleyball,Open gym or tournament,88,5,440,Gym,1,
9781,98,392,2026-03-22,rest,Full rest day,0,0,0,Gym,1,
9782,98,392,2026-03-23,strength,Lower-body strength,68,7,476,Home,1,
9783,98,392,2026-03-24,plyometric,Jump power and elasticity,51,6,306,Home,1,
9784,98,392,2026-03-25,volleyball,Skill practice and gameplay,133,8,1064,Track,1,
9785,98,392,2026-03-26,rest,Full rest day,0,0,0,Court,1,
9786,98,392,2026-03-27,strength,Upper-body strength,82,6,492,Court,1,
9787,98,392,2026-03-28,volleyball,Open gym or tournament,77,8,616,Gym,1,
9788,98,392,2026-03-29,rest,Full rest day,0,0,0,Court,1,
9789,98,392,2026-03-30,rest,Full rest day,0,0,0,Home,1,
9790,98,392,2026-03-31,plyometric,Jump power and elasticity,49,8,392,Home,1,
9791,98,392,2026-04-01,volleyball,Skill practice and gameplay,101,9,909,Gym,1,
9792,98,392,2026-04-02,recovery,Mobility and low-intensity recovery,31,4,124,Gym,1,
9793,98,392,2026-04-03,strength,Upper-body strength,62,7,434,Track,1,
9794,98,392,2026-04-04,volleyball,Open gym or tournament,150,8,1200,Gym,1,
9795,98,392,2026-04-05,rest,Full rest day,0,0,0,Gym,1,
9796,98,392,2026-04-06,strength,Lower-body strength,75,6,450,Gym,1,
9797,98,392,2026-04-07,plyometric,Jump power and elasticity,62,7,434,Home,1,
9798,98,392,2026-04-08,volleyball,Skill practice and gameplay,130,9,1170,Track,1,
9799,98,392,2026-04-09,recovery,Mobility and low-intensity recovery,36,5,180,Gym,1,
9800,98,392,2026-04-10,strength,Upper-body strength,67,7,469,Court,1,
9801,99,393,2026-01-01,recovery,Mobility and low-intensity recovery,31,4,124,Track,1,
9802,99,393,2026-01-02,strength,Upper-body strength,58,8,464,Gym,1,
9803,99,393,2026-01-03,volleyball,Open gym or tournament,65,8,520,Home,1,
9804,99,393,2026-01-04,rest,Full rest day,0,0,0,Home,1,
9805,99,393,2026-01-05,rest,Full rest day,0,0,0,Court,1,
9806,99,393,2026-01-06,plyometric,Jump power and elasticity,47,6,282,Court,1,
9807,99,393,2026-01-07,volleyball,Skill practice and gameplay,99,8,792,Court,1,
9808,99,393,2026-01-08,recovery,Mobility and low-intensity recovery,26,2,52,Track,1,
9809,99,393,2026-01-09,strength,Upper-body strength,86,7,602,Home,1,
9810,99,393,2026-01-10,volleyball,Open gym or tournament,97,7,679,Home,1,
9811,99,393,2026-01-11,rest,Full rest day,0,0,0,Track,1,
9812,99,393,2026-01-12,strength,Lower-body strength,59,7,413,Court,1,
9813,99,393,2026-01-13,plyometric,Jump power and elasticity,34,8,272,Court,1,
9814,99,393,2026-01-14,volleyball,Skill practice and gameplay,92,7,644,Court,1,
9815,99,393,2026-01-15,recovery,Mobility and low-intensity recovery,35,3,105,Home,1,
9816,99,393,2026-01-16,strength,Upper-body strength,96,7,672,Court,1,
9817,99,393,2026-01-17,volleyball,Open gym or tournament,104,8,832,Gym,1,
9818,99,393,2026-01-18,rest,Full rest day,0,0,0,Gym,1,
9819,99,393,2026-01-19,strength,Lower-body strength,58,6,348,Gym,1,
9820,99,393,2026-01-20,plyometric,Jump power and elasticity,27,7,189,Court,1,
9821,99,393,2026-01-21,volleyball,Skill practice and gameplay,112,6,672,Gym,1,
9822,99,393,2026-01-22,recovery,Mobility and low-intensity recovery,47,2,94,Court,1,
9823,99,393,2026-01-23,rest,Full rest day,0,0,0,Gym,1,
9824,99,393,2026-01-24,volleyball,Open gym or tournament,96,6,576,Track,1,
9825,99,393,2026-01-25,rest,Full rest day,0,0,0,Home,1,
9826,99,394,2026-01-26,strength,Lower-body strength,70,7,490,Gym,1,
9827,99,394,2026-01-27,plyometric,Jump power and elasticity,58,7,406,Track,1,
9828,99,394,2026-01-28,volleyball,Skill practice and gameplay,112,6,672,Court,1,
9829,99,394,2026-01-29,recovery,Mobility and low-intensity recovery,40,3,120,Home,1,
9830,99,394,2026-01-30,strength,Upper-body strength,62,6,372,Court,1,
9831,99,394,2026-01-31,rest,Full rest day,0,0,0,Court,1,
9832,99,394,2026-02-01,rest,Full rest day,0,0,0,Home,1,
9833,99,394,2026-02-02,strength,Lower-body strength,57,6,342,Track,1,
9834,99,394,2026-02-03,plyometric,Jump power and elasticity,40,7,280,Track,1,
9835,99,394,2026-02-04,volleyball,Skill practice and gameplay,80,4,320,Court,1,
9836,99,394,2026-02-05,recovery,Mobility and low-intensity recovery,31,5,155,Gym,1,
9837,99,394,2026-02-06,strength,Upper-body strength,67,7,469,Home,1,
9838,99,394,2026-02-07,volleyball,Open gym or tournament,81,6,486,Home,1,
9839,99,394,2026-02-08,rest,Full rest day,0,0,0,Home,1,
9840,99,394,2026-02-09,strength,Lower-body strength,60,6,360,Gym,1,
9841,99,394,2026-02-10,plyometric,Jump power and elasticity,47,7,329,Gym,1,
9842,99,394,2026-02-11,volleyball,Skill practice and gameplay,149,9,1341,Court,1,
9843,99,394,2026-02-12,recovery,Mobility and low-intensity recovery,31,3,93,Track,1,
9844,99,394,2026-02-13,rest,Full rest day,0,0,0,Gym,1,
9845,99,394,2026-02-14,rest,Full rest day,0,0,0,Gym,1,
9846,99,394,2026-02-15,rest,Full rest day,0,0,0,Home,1,
9847,99,394,2026-02-16,strength,Lower-body strength,63,7,441,Court,1,
9848,99,394,2026-02-17,plyometric,Jump power and elasticity,52,5,260,Gym,1,
9849,99,394,2026-02-18,volleyball,Skill practice and gameplay,100,7,700,Track,1,
9850,99,394,2026-02-19,recovery,Mobility and low-intensity recovery,33,5,165,Gym,1,
9851,99,395,2026-02-20,strength,Upper-body strength,65,6,390,Court,1,
9852,99,395,2026-02-21,volleyball,Open gym or tournament,76,6,456,Track,1,
9853,99,395,2026-02-22,rest,Full rest day,0,0,0,Track,1,
9854,99,395,2026-02-23,strength,Lower-body strength,69,6,414,Home,1,
9855,99,395,2026-02-24,plyometric,Jump power and elasticity,43,7,301,Track,1,
9856,99,395,2026-02-25,volleyball,Skill practice and gameplay,117,6,702,Gym,1,
9857,99,395,2026-02-26,recovery,Mobility and low-intensity recovery,47,4,188,Court,1,
9858,99,395,2026-02-27,strength,Upper-body strength,75,7,525,Track,1,
9859,99,395,2026-02-28,volleyball,Open gym or tournament,93,7,651,Gym,1,
9860,99,395,2026-03-01,rest,Full rest day,0,0,0,Court,1,
9861,99,395,2026-03-02,strength,Lower-body strength,68,6,408,Track,1,
9862,99,395,2026-03-03,plyometric,Jump power and elasticity,34,8,272,Home,1,
9863,99,395,2026-03-04,volleyball,Skill practice and gameplay,128,7,896,Gym,1,
9864,99,395,2026-03-05,recovery,Mobility and low-intensity recovery,31,2,62,Gym,1,
9865,99,395,2026-03-06,strength,Upper-body strength,43,7,301,Home,1,
9866,99,395,2026-03-07,rest,Full rest day,0,0,0,Track,1,
9867,99,395,2026-03-08,rest,Full rest day,0,0,0,Gym,1,
9868,99,395,2026-03-09,strength,Lower-body strength,66,6,396,Gym,1,
9869,99,395,2026-03-10,plyometric,Jump power and elasticity,53,6,318,Track,1,
9870,99,395,2026-03-11,volleyball,Skill practice and gameplay,84,8,672,Home,1,
9871,99,395,2026-03-12,recovery,Mobility and low-intensity recovery,37,2,74,Track,1,
9872,99,395,2026-03-13,strength,Upper-body strength,66,5,330,Court,1,
9873,99,395,2026-03-14,volleyball,Open gym or tournament,109,6,654,Track,1,
9874,99,395,2026-03-15,rest,Full rest day,0,0,0,Gym,1,
9875,99,395,2026-03-16,strength,Lower-body strength,55,8,440,Court,1,
9876,99,396,2026-03-17,plyometric,Jump power and elasticity,64,6,384,Court,1,
9877,99,396,2026-03-18,volleyball,Skill practice and gameplay,92,7,644,Track,1,
9878,99,396,2026-03-19,recovery,Mobility and low-intensity recovery,27,2,54,Gym,1,
9879,99,396,2026-03-20,strength,Upper-body strength,64,7,448,Court,1,
9880,99,396,2026-03-21,volleyball,Open gym or tournament,138,6,828,Home,1,
9881,99,396,2026-03-22,rest,Full rest day,0,0,0,Gym,1,
9882,99,396,2026-03-23,strength,Lower-body strength,81,6,486,Gym,1,
9883,99,396,2026-03-24,plyometric,Jump power and elasticity,49,8,392,Track,1,
9884,99,396,2026-03-25,volleyball,Skill practice and gameplay,78,8,624,Gym,1,
9885,99,396,2026-03-26,rest,Full rest day,0,0,0,Home,1,
9886,99,396,2026-03-27,rest,Full rest day,0,0,0,Gym,1,
9887,99,396,2026-03-28,rest,Full rest day,0,0,0,Home,1,
9888,99,396,2026-03-29,rest,Full rest day,0,0,0,Court,1,
9889,99,396,2026-03-30,strength,Lower-body strength,65,8,520,Track,1,
9890,99,396,2026-03-31,plyometric,Jump power and elasticity,49,7,343,Gym,1,
9891,99,396,2026-04-01,volleyball,Skill practice and gameplay,94,5,470,Gym,1,
9892,99,396,2026-04-02,recovery,Mobility and low-intensity recovery,31,2,62,Gym,1,
9893,99,396,2026-04-03,strength,Upper-body strength,71,5,355,Home,1,
9894,99,396,2026-04-04,volleyball,Open gym or tournament,76,7,532,Court,1,
9895,99,396,2026-04-05,rest,Full rest day,0,0,0,Track,1,
9896,99,396,2026-04-06,strength,Lower-body strength,61,6,366,Home,1,
9897,99,396,2026-04-07,plyometric,Jump power and elasticity,44,7,308,Home,1,
9898,99,396,2026-04-08,rest,Full rest day,0,0,0,Track,1,
9899,99,396,2026-04-09,recovery,Mobility and low-intensity recovery,46,4,184,Court,1,
9900,99,396,2026-04-10,strength,Upper-body strength,79,7,553,Gym,1,
9901,100,397,2026-01-01,recovery,Mobility and low-intensity recovery,36,3,108,Gym,1,
9902,100,397,2026-01-02,strength,Upper-body strength,43,9,387,Gym,1,
9903,100,397,2026-01-03,volleyball,Open gym or tournament,126,7,882,Court,1,
9904,100,397,2026-01-04,rest,Full rest day,0,0,0,Home,1,
9905,100,397,2026-01-05,strength,Lower-body strength,64,6,384,Gym,1,
9906,100,397,2026-01-06,plyometric,Jump power and elasticity,43,5,215,Home,1,
9907,100,397,2026-01-07,volleyball,Skill practice and gameplay,116,7,812,Gym,1,
9908,100,397,2026-01-08,recovery,Mobility and low-intensity recovery,26,3,78,Home,1,
9909,100,397,2026-01-09,strength,Upper-body strength,71,7,497,Home,1,
9910,100,397,2026-01-10,volleyball,Open gym or tournament,91,4,364,Court,1,
9911,100,397,2026-01-11,rest,Full rest day,0,0,0,Home,1,
9912,100,397,2026-01-12,strength,Lower-body strength,80,6,480,Home,1,
9913,100,397,2026-01-13,plyometric,Jump power and elasticity,37,7,259,Court,1,
9914,100,397,2026-01-14,volleyball,Skill practice and gameplay,136,7,952,Gym,1,
9915,100,397,2026-01-15,rest,Full rest day,0,0,0,Home,1,
9916,100,397,2026-01-16,strength,Upper-body strength,67,8,536,Gym,1,
9917,100,397,2026-01-17,volleyball,Open gym or tournament,87,8,696,Track,1,
9918,100,397,2026-01-18,rest,Full rest day,0,0,0,Track,1,
9919,100,397,2026-01-19,strength,Lower-body strength,66,8,528,Court,1,
9920,100,397,2026-01-20,plyometric,Jump power and elasticity,56,5,280,Track,1,
9921,100,397,2026-01-21,volleyball,Skill practice and gameplay,67,6,402,Home,1,
9922,100,397,2026-01-22,rest,Full rest day,0,0,0,Gym,1,
9923,100,397,2026-01-23,strength,Upper-body strength,69,7,483,Court,1,
9924,100,397,2026-01-24,volleyball,Open gym or tournament,89,6,534,Court,1,
9925,100,397,2026-01-25,rest,Full rest day,0,0,0,Gym,1,
9926,100,398,2026-01-26,strength,Lower-body strength,55,7,385,Gym,1,
9927,100,398,2026-01-27,plyometric,Jump power and elasticity,53,7,371,Court,1,
9928,100,398,2026-01-28,volleyball,Skill practice and gameplay,93,9,837,Home,1,
9929,100,398,2026-01-29,recovery,Mobility and low-intensity recovery,43,4,172,Gym,1,
9930,100,398,2026-01-30,strength,Upper-body strength,66,8,528,Gym,1,
9931,100,398,2026-01-31,volleyball,Open gym or tournament,102,7,714,Court,1,
9932,100,398,2026-02-01,rest,Full rest day,0,0,0,Gym,1,
9933,100,398,2026-02-02,strength,Lower-body strength,72,7,504,Gym,1,
9934,100,398,2026-02-03,plyometric,Jump power and elasticity,30,5,150,Gym,1,
9935,100,398,2026-02-04,volleyball,Skill practice and gameplay,114,6,684,Court,1,
9936,100,398,2026-02-05,recovery,Mobility and low-intensity recovery,38,4,152,Home,1,
9937,100,398,2026-02-06,rest,Full rest day,0,0,0,Court,1,
9938,100,398,2026-02-07,volleyball,Open gym or tournament,88,5,440,Track,1,
9939,100,398,2026-02-08,rest,Full rest day,0,0,0,Gym,1,
9940,100,398,2026-02-09,strength,Lower-body strength,64,7,448,Track,1,
9941,100,398,2026-02-10,plyometric,Jump power and elasticity,50,8,400,Track,1,
9942,100,398,2026-02-11,volleyball,Skill practice and gameplay,97,8,776,Court,1,
9943,100,398,2026-02-12,recovery,Mobility and low-intensity recovery,30,3,90,Track,1,
9944,100,398,2026-02-13,strength,Upper-body strength,63,6,378,Court,1,
9945,100,398,2026-02-14,volleyball,Open gym or tournament,77,6,462,Home,1,
9946,100,398,2026-02-15,rest,Full rest day,0,0,0,Home,1,
9947,100,398,2026-02-16,rest,Full rest day,0,0,0,Gym,1,
9948,100,398,2026-02-17,plyometric,Jump power and elasticity,38,9,342,Gym,1,
9949,100,398,2026-02-18,volleyball,Skill practice and gameplay,121,6,726,Gym,1,
9950,100,398,2026-02-19,recovery,Mobility and low-intensity recovery,36,4,144,Track,1,
9951,100,399,2026-02-20,strength,Upper-body strength,85,7,595,Court,1,
9952,100,399,2026-02-21,volleyball,Open gym or tournament,92,9,828,Home,1,
9953,100,399,2026-02-22,rest,Full rest day,0,0,0,Track,1,
9954,100,399,2026-02-23,rest,Full rest day,0,0,0,Court,1,
9955,100,399,2026-02-24,plyometric,Jump power and elasticity,60,7,420,Home,1,
9956,100,399,2026-02-25,volleyball,Skill practice and gameplay,57,8,456,Track,1,
9957,100,399,2026-02-26,recovery,Mobility and low-intensity recovery,34,2,68,Track,1,
9958,100,399,2026-02-27,strength,Upper-body strength,78,8,624,Track,1,
9959,100,399,2026-02-28,volleyball,Open gym or tournament,118,7,826,Court,1,
9960,100,399,2026-03-01,rest,Full rest day,0,0,0,Track,1,
9961,100,399,2026-03-02,strength,Lower-body strength,78,8,624,Track,1,
9962,100,399,2026-03-03,plyometric,Jump power and elasticity,46,7,322,Gym,1,
9963,100,399,2026-03-04,volleyball,Skill practice and gameplay,127,6,762,Gym,1,
9964,100,399,2026-03-05,recovery,Mobility and low-intensity recovery,33,5,165,Track,1,
9965,100,399,2026-03-06,strength,Upper-body strength,86,8,688,Home,1,
9966,100,399,2026-03-07,volleyball,Open gym or tournament,104,7,728,Home,1,
9967,100,399,2026-03-08,rest,Full rest day,0,0,0,Track,1,
9968,100,399,2026-03-09,strength,Lower-body strength,57,8,456,Gym,1,
9969,100,399,2026-03-10,plyometric,Jump power and elasticity,32,8,256,Court,1,
9970,100,399,2026-03-11,volleyball,Skill practice and gameplay,76,8,608,Court,1,
9971,100,399,2026-03-12,recovery,Mobility and low-intensity recovery,40,5,200,Court,1,
9972,100,399,2026-03-13,strength,Upper-body strength,79,7,553,Track,1,
9973,100,399,2026-03-14,volleyball,Open gym or tournament,129,6,774,Court,1,
9974,100,399,2026-03-15,rest,Full rest day,0,0,0,Gym,1,
9975,100,399,2026-03-16,strength,Lower-body strength,67,7,469,Track,1,
9976,100,400,2026-03-17,plyometric,Jump power and elasticity,45,5,225,Court,1,
9977,100,400,2026-03-18,volleyball,Skill practice and gameplay,129,7,903,Gym,1,
9978,100,400,2026-03-19,recovery,Mobility and low-intensity recovery,23,3,69,Court,1,
9979,100,400,2026-03-20,strength,Upper-body strength,56,7,392,Home,1,
9980,100,400,2026-03-21,volleyball,Open gym or tournament,77,6,462,Home,1,
9981,100,400,2026-03-22,rest,Full rest day,0,0,0,Gym,1,
9982,100,400,2026-03-23,strength,Lower-body strength,52,7,364,Gym,1,
9983,100,400,2026-03-24,plyometric,Jump power and elasticity,64,8,512,Home,1,
9984,100,400,2026-03-25,rest,Full rest day,0,0,0,Gym,1,
9985,100,400,2026-03-26,recovery,Mobility and low-intensity recovery,35,1,35,Track,1,
9986,100,400,2026-03-27,rest,Full rest day,0,0,0,Track,1,
9987,100,400,2026-03-28,volleyball,Open gym or tournament,89,8,712,Home,1,
9988,100,400,2026-03-29,rest,Full rest day,0,0,0,Track,1,
9989,100,400,2026-03-30,strength,Lower-body strength,78,6,468,Gym,1,
9990,100,400,2026-03-31,plyometric,Jump power and elasticity,58,6,348,Gym,1,
9991,100,400,2026-04-01,volleyball,Skill practice and gameplay,102,5,510,Track,1,
9992,100,400,2026-04-02,recovery,Mobility and low-intensity recovery,42,2,84,Home,1,
9993,100,400,2026-04-03,strength,Upper-body strength,69,7,483,Home,1,
9994,100,400,2026-04-04,volleyball,Open gym or tournament,172,6,1032,Gym,1,
9995,100,400,2026-04-05,rest,Full rest day,0,0,0,Home,1,
9996,100,400,2026-04-06,rest,Full rest day,0,0,0,Home,1,
9997,100,400,2026-04-07,rest,Full rest day,0,0,0,Home,1,
9998,100,400,2026-04-08,volleyball,Skill practice and gameplay,119,6,714,Gym,1,
9999,100,400,2026-04-09,recovery,Mobility and low-intensity recovery,31,5,155,Court,1,
10000,100,400,2026-04-10,strength,Upper-body strength,63,7,441,Court,1,
